id,bank_deposit_id,bank_transaction_id,amount,deposit_date,txn_date,txn_type,ref_no,payee,memo,qb_posting,account,class,reconciliation_status,ambiguous
"bdqr_bdep_eff1d1b3e5d38da5e5c1d15a","bdep_eff1d1b3e5d38da5e5c1d15a","bnk_3039565d5ff54d32d3c3cb96","1404","2019-11-27","2019-11-26","Deposit","","Loan - Wild Rose","System-recorded deposit for QuickBooks Payments","","1501 Undeposited Funds","","Reconciled","false"
"bdqr_bdep_728cf5b1373839bcb6689e81","bdep_728cf5b1373839bcb6689e81","bnk_95df79977e9ca41bb88ee9a4","1877.78","2019-03-08","2019-03-07","Deposit","","","System-recorded deposit for QuickBooks Payments","","","","Reconciled","false"
"bdqr_bdep_8bca6f24157c6c254ee37ec9","bdep_8bca6f24157c6c254ee37ec9","bnk_8e549fd436e3114e667ca578","7431.66","2026-03-11","2026-03-11","Journal","JE CSP # Jan 35","","BILL 03/11/26 AR Payments","","","","Reconciled","false"
"bdqr_bdep_2579931319396e2085be3203","bdep_2579931319396e2085be3203","bnk_af7ed065a275c3661edd8c7e","625","2022-02-11","2022-02-11","Payment","","Loan - Cosmos","","","1503 Pledges/Services Receivable","","Reconciled","false"
"bdqr_bdep_4dfa662ce4e1c565c675259b","bdep_4dfa662ce4e1c565c675259b","bnk_fa20a6bf877c6a4b9cb14339","8825","2026-06-08","2026-06-08","Transfer","","","Transfer from CSP to Operating - CSP reimbursement","","TWF CSP Rep grant (1340) - 2","","Reconciled","false"
"bdqr_bdep_a24c3b7a8c5dd3071e20f4b2","bdep_a24c3b7a8c5dd3071e20f4b2","bnk_264ce0a3b564741bb65166d2","2212.5","2019-02-08","2019-02-07","Deposit","","","System-recorded deposit for QuickBooks Payments","","","","Reconciled","false"
"bdqr_bdep_45ffbcea1b7340e828e06d67","bdep_45ffbcea1b7340e828e06d67","bnk_e490facd9d5a7d3aa6a4cd96","112125.06","2026-03-13","2026-03-13","Transfer","","","Transfer from CSP account","","TWF CSP Rep grant (1340) - 2","","Reconciled","false"
"bdqr_bdep_67e8947e1e1872642eb305bd","bdep_67e8947e1e1872642eb305bd","bnk_79c00203ca54594080580a9a","34341.6","2021-12-10","2021-12-10","Payment","","DC Wildflower Public Charter School","","","1500 Accounts Receivable (A/R)","","Reconciled","false"
"bdqr_bdep_cf1dae37b214d95eb02f2d45","bdep_cf1dae37b214d95eb02f2d45","bnk_13666a44ce01da5117b34879","35000","2019-01-24","2019-01-24","Payment","","The Mind Trust","","","1503 Pledges/Services Receivable","","Reconciled","false"
"bdqr_bdep_8c21a9bff950e29ca65960e9","bdep_8c21a9bff950e29ca65960e9","bnk_bdbc92d4033a53724f070e0e","49875.08","2025-04-14","2025-04-14","Journal","tfr from CSP to ckg","","","","","","Reconciled","false"
"bdqr_bdep_e2c3d09a9ba6526f0fb46013","bdep_e2c3d09a9ba6526f0fb46013","bnk_aba0947f4fd382ae0620a260","1000000","2019-11-18","2019-11-18","Payment","","OMIDYAR NETWORK FUND INC","","","1503 Pledges/Services Receivable","","Reconciled","false"
"bdqr_bdep_00a3516c2aa721957e9e3d3b","bdep_00a3516c2aa721957e9e3d3b","bnk_5d251043da25b8820c676f29","4990.56","2026-03-04","2026-03-03","Payment","P26030202 - 2785716","Wildflower New York Charter School","Inv TWF MarchInvoice028","","1503 Pledges/Services Receivable","","Reconciled","false"
"bdqr_bdep_c82bb6b3f88320f163518b4e","bdep_c82bb6b3f88320f163518b4e","bnk_8c9b5c8c5b5a50c1ebe5a33e","137.5","2018-06-14","2018-06-13","Deposit","","Loan - Dandelion","System-recorded deposit for QuickBooks Payments","","1501 Undeposited Funds","","Reconciled","false"
"bdqr_bdep_12110a5d26715f187f013bad","bdep_12110a5d26715f187f013bad","bnk_c4c537ebbb16b7e9de6a04cc","1557.48","2025-11-20","2025-11-20","Journal","BILL 11/20/25 AR Pmt","","BILL 11/20/25 AR Payments","","","","Reconciled","false"
"bdqr_bdep_ad142220f94fc074440cebda","bdep_ad142220f94fc074440cebda","bnk_d509b4dadba2cc5571557a4f","4527.67","2026-06-25","2026-06-25","Journal","JE CSP IDC Apr28 OpEx","","BILL 06/25/26 AR Payments","","","","Reconciled","false"
"bdqr_bdep_1ebae8e9e4e7da7a6c1aa6d4","bdep_1ebae8e9e4e7da7a6c1aa6d4","bnk_2aaea7f6324377cf37d23c45","137.5","2017-11-06","2017-11-03","Deposit","","Loan - Dandelion","System-recorded deposit for QuickBooks Payments","","1501 Undeposited Funds","","Reconciled","false"
"bdqr_bdep_1f568f592dd1943ee410239d","bdep_1f568f592dd1943ee410239d","bnk_9b54eb1a5aa42805fd69e9cd","1695","2018-08-20","2018-08-17","Deposit","","Loan - Wild Rose","System-recorded deposit for QuickBooks Payments","","1501 Undeposited Funds","","Reconciled","false"
"bdqr_bdep_9f257e7bfdcdce9ae5d044e4","bdep_9f257e7bfdcdce9ae5d044e4","bnk_62ff77a741fa9963b1e0b0a8","137.5","2018-06-21","2018-06-20","Deposit","","Loan - Dandelion","System-recorded deposit for QuickBooks Payments","","1501 Undeposited Funds","","Reconciled","false"
"bdqr_bdep_30514983ba5bed4ad12d26dd","bdep_30514983ba5bed4ad12d26dd","bnk_30260ab49b8e68e029f1b880","35000","2023-01-04","2023-01-04","Payment","","Indira Foundation/Avi and Sandra Nash","","","1503 Pledges/Services Receivable","","Reconciled","false"
"bdqr_bdep_e89468e6656bae1c8f8f506b","bdep_e89468e6656bae1c8f8f506b","bnk_53a28eaf14f6154f1d81b1e9","2000","2018-06-06","2018-06-05","Deposit","","Loan - Snowdrop","System-recorded deposit for QuickBooks Payments","","1501 Undeposited Funds","","Reconciled","false"
"bdqr_bdep_caea5d2d61893e910ae0084d","bdep_caea5d2d61893e910ae0084d","bnk_bc04a5800c86ae3832eabb2e","545.45","2025-08-01","2025-08-01","Journal","BILL.com 08/01/25 AR","","BILL 08/01/25 AR Payments","","","","Reconciled","false"
"bdqr_bdep_d71636646dcd2efbd25258ae","bdep_d71636646dcd2efbd25258ae","bnk_36982124a6ce57a36963802b","653.68","2024-09-17","2024-09-16","Payment","P24091101 - 4201336","Sundrops Montessori School","Inv 79252461-138","","1503 Pledges/Services Receivable","","Reconciled","false"
"bdqr_bdep_d89c2e8e6d46456feb214b8d","bdep_d89c2e8e6d46456feb214b8d","bnk_0288576d8bb41aa7bec6b97d","104288.61","2026-04-23","2026-04-23","Transfer","","","Transfer from CSP to TWF Operating","","TWF CSP Rep grant (1340) - 2","","Reconciled","false"
"bdqr_bdep_2ad96e92e00bfa69614b094d","bdep_2ad96e92e00bfa69614b094d","bnk_cd9dfcd18341dc432d20dc57","187.5","2018-04-25","2018-04-24","Deposit","","Loan - Tiger Lily","System-recorded deposit for QuickBooks Payments","","1501 Undeposited Funds","","Reconciled","false"
"bdqr_bdep_533a9656d037541d3e713144","bdep_533a9656d037541d3e713144","bnk_644264a11ecb25d49f2a99b9","7000000","2023-06-27","2023-06-27","Payment","","The Chicago Community Foundation","","","1503 Pledges/Services Receivable","","Reconciled","false"
"bdqr_bdep_3990e6f2d1887c8e607e59fb","bdep_3990e6f2d1887c8e607e59fb","bnk_3614a9272a0118dd9168cc13","8295","2023-06-23","2023-06-23","Payment","","Dandelion Parent Education Incorporated","","","1503 Pledges/Services Receivable","","Reconciled","false"
"bdqr_bdep_23794c57db997bd6924ce76e","bdep_23794c57db997bd6924ce76e","bnk_fccd45211bcef1185d384f80","623.8","2025-06-09","2025-06-09","Journal","Divvy Reim 4.7.32","","BILL 06/09/25 AR Payments","","","","Reconciled","false"
"bdqr_bdep_0f9ae8544883b575b2336827","bdep_0f9ae8544883b575b2336827","bnk_3fb611cbfc6ad6652b96d9ad","41348.61","2026-02-06","2026-02-06","Journal","4","","BILL 02/06/26 AR Payments","","","","Reconciled","false"
"bdqr_bdep_8e02bf33baa671743d312e61","bdep_8e02bf33baa671743d312e61","bnk_0093d1bf404895a24546e7ad","2500","2019-10-30","2019-10-30","Payment","","Loan - Aster","","","1503 Pledges/Services Receivable","","Reconciled","false"
"bdqr_bdep_025bf1a10e8c08095939d574","bdep_025bf1a10e8c08095939d574","bnk_dae2746fcf475b1b75aa1f7a","212.5","2018-12-10","2018-12-08","Deposit","","Loan - Tiger Lily","System-recorded deposit for QuickBooks Payments","","1501 Undeposited Funds","","Reconciled","false"
"bdqr_bdep_9d0ea2677e09c8adb4642661","bdep_9d0ea2677e09c8adb4642661","bnk_a62970418f0a58b5a2683625","475","2020-01-17","2020-01-16","Deposit","","Loan - Sweet Pea Montessori","System-recorded deposit for QuickBooks Payments","","","","Reconciled","false"
"bdqr_bdep_6e2afe101a9eff08a7b1468d","bdep_6e2afe101a9eff08a7b1468d","bnk_49f4601dfee2c8c4600c434b","1921.22","2026-05-08","2026-05-08","Journal","JE CSP Alloc Mar 2036","","BILL 05/08/26 AR Payments","","","","Reconciled","false"
"bdqr_bdep_4580fca5866f7b3ce43e1769","bdep_4580fca5866f7b3ce43e1769","bnk_b589c23e89204014a40bd49a","1604.17","2017-09-01","2017-08-31","Deposit","","Loan - Wildflower","System-recorded deposit for QuickBooks Payments","","1501 Undeposited Funds","","Reconciled","false"
"bdqr_bdep_b42a77829f97d96c9d977a95","bdep_b42a77829f97d96c9d977a95","bnk_fe6867d5a7a4bf18fbb87574","2000","2017-12-06","2017-12-05","Deposit","","Loan - Snowdrop","System-recorded deposit for QuickBooks Payments","","1501 Undeposited Funds","","Reconciled","false"
"bdqr_bdep_9f50ecafd2783f10f97d8d77","bdep_9f50ecafd2783f10f97d8d77","bnk_b8d4d6de56af6d402d9a03fd","2000","2018-12-05","2018-12-04","Deposit","","Loan - Snowdrop","System-recorded deposit for QuickBooks Payments","","1501 Undeposited Funds","","Reconciled","false"
"bdqr_bdep_2cfc64c03033c3d8fe73ba4c","bdep_2cfc64c03033c3d8fe73ba4c","bnk_ba7a44c95a52b92246aee5d0","800","2023-04-28","2023-04-28","Payment","","Urban Village Montessori","","","1503 Pledges/Services Receivable","","Reconciled","false"
"bdqr_bdep_339e3aaab8e7f692d4961494","bdep_339e3aaab8e7f692d4961494","bnk_7ef5fa8a16fb701e95e4c29b","1282.33","2024-09-26","2024-09-25","Payment","P24091902 - 1276587","Urban Village Montessori","Inv 79252461-214","","1503 Pledges/Services Receivable","","Reconciled","false"
"bdqr_bdep_c075ea7866009220e3983ca9","bdep_c075ea7866009220e3983ca9","bnk_2716f99da81592104096b377","525","2018-10-09","2018-10-06","Deposit","","Loan - Capucine","System-recorded deposit for QuickBooks Payments","","1501 Undeposited Funds","","Reconciled","false"
"bdqr_bdep_dc0932c53d7ffae4d31a6c4b","bdep_dc0932c53d7ffae4d31a6c4b","bnk_347d8883816a32c543fbc9ba","210713.94","2026-04-09","2026-04-09","Transfer","","","Transfer from CSP to TWF Operating","","TWF CSP Rep grant (1340) - 2","","Reconciled","false"
"bdqr_bdep_07f45cec64e8f1b7eaba32bc","bdep_07f45cec64e8f1b7eaba32bc","bnk_1ad3735eae5261a3806645d6","1500","2018-04-09","2018-04-09","Payment","","Loan - Violeta","","","1503 Pledges/Services Receivable","","Reconciled","false"
"bdqr_bdep_fa0c11397882bb7f2060afaf","bdep_fa0c11397882bb7f2060afaf","bnk_f719f77ffca2af37a2bc4d46","50858.97","2026-05-05","2026-05-05","Transfer","","","To record transfer from CSP grant receipt","","TWF CSP Rep grant (1340) - 2","","Reconciled","false"
"bdqr_bdep_529693d6835ee4bb2271dea6","bdep_529693d6835ee4bb2271dea6","bnk_fdf79a4e6fc25ee1dd416e47","150","2023-03-23","2023-03-23","Payment","","Adam Gerhardsteain & Meredith Hicks","","","1503 Pledges/Services Receivable","","Reconciled","false"
"bdqr_bdep_1b5274430c61a01d868f7e63","bdep_1b5274430c61a01d868f7e63","bnk_27e6987c8d53c01211e87e18","237.5","2018-05-07","2018-05-05","Deposit","","Loan - Tiger Lily","System-recorded deposit for QuickBooks Payments","","1501 Undeposited Funds","","Reconciled","false"
"bdqr_bdep_ca7169ff6177a7fa23c5e48f","bdep_ca7169ff6177a7fa23c5e48f","bnk_0ff82d84e91552a86c549a80","545.45","2025-07-02","2025-07-02","Journal","Bill.com AR 7.2.25","","BILL 07/02/25 AR Payments","","","","Reconciled","false"
"bdqr_bdep_d04fe8348a493f672ace6fb6","bdep_d04fe8348a493f672ace6fb6","bnk_d3572e281e65be3bfc04c304","1100","2019-10-03","2019-10-02","Deposit","","Loan - Tiger Lily","System-recorded deposit for QuickBooks Payments","","1501 Undeposited Funds","","Reconciled","false"
"bdqr_bdep_99cb2a7fa88bd4f6bf672813","bdep_99cb2a7fa88bd4f6bf672813","bnk_b423e2bb3eb2b27c152a081b","42159.15","2025-11-07","2025-11-07","Journal","BILL 11/07/25 AR Pmt","","BILL 11/07/25 AR Payments","","","","Reconciled","false"
"bdqr_bdep_263e75d6d7088399c581786b","bdep_263e75d6d7088399c581786b","bnk_f704168f883bd806adb5397f","811.08","2024-09-30","2024-09-27","Payment","P24092402 - 2240677","Snowdrop Montessori School Inc","Inv 79252461-200","","1503 Pledges/Services Receivable","","Reconciled","false"
"bdqr_bdep_0e49e3c6f0b8e0e429c7500e","bdep_0e49e3c6f0b8e0e429c7500e","bnk_969ddfddd6aea516dfc517b7","545.45","2026-01-07","2026-01-07","Payment","P25123102 - 7195802","Desert Peach Montessori","Inv 79252461-166","","1503 Pledges/Services Receivable","","Reconciled","false"
"bdqr_bdep_0f673ed9c2173e6b99ef91a4","bdep_0f673ed9c2173e6b99ef91a4","bnk_ce46544a297bad8fdf93f467","499","2018-01-22","2018-01-20","Deposit","","Loan - Wild Rose","System-recorded deposit for QuickBooks Payments","","1501 Undeposited Funds","","Reconciled","false"
"bdqr_bdep_ffd30ead251c58f5ccb2e406","bdep_ffd30ead251c58f5ccb2e406","bnk_9093e7ee6c34e701402d20db","1604.17","2019-03-26","2019-03-25","Deposit","","Loan - Wildflower","System-recorded deposit for QuickBooks Payments","","1501 Undeposited Funds","","Reconciled","false"
"bdqr_bdep_2d82e6c511b95a444bc95153","bdep_2d82e6c511b95a444bc95153","bnk_0f45b9432ce4a086328a3f54","10000","2023-12-28","2023-12-28","Payment","","The 20 22 ACT Society","","","1503 Pledges/Services Receivable","","Reconciled","false"
"bdqr_bdep_b20525e86ffd54b3a5f656be","bdep_b20525e86ffd54b3a5f656be","bnk_142f1386846f4563845e021f","1195","2018-07-30","2018-07-27","Deposit","","Loan - Wild Rose","System-recorded deposit for QuickBooks Payments","","1501 Undeposited Funds","","Reconciled","false"
"bdqr_bdep_f32576d99cd085550c515472","bdep_f32576d99cd085550c515472","bnk_2b82703cacfedcf44f77503a","454.55","2025-01-08","2025-01-08","Payment","","Lilac Montessori","","","1503 Pledges/Services Receivable","","Reconciled","false"
"bdqr_bdep_67f8c5b35bff63fee5ea69be","bdep_67f8c5b35bff63fee5ea69be","bnk_07d1dce8d90bd37fe61af04e","100000","2023-06-05","2023-06-05","Payment","","Blue Cross & Blue Shield Foundation of MN","","","1503 Pledges/Services Receivable","","Reconciled","false"
"bdqr_bdep_7d03d4fd3a60195fe2f096b4","bdep_7d03d4fd3a60195fe2f096b4","bnk_094235cc45391d2588a418f5","3986.67","2018-11-26","2018-11-23","Deposit","","","System-recorded deposit for QuickBooks Payments","","","","Reconciled","false"
"bdqr_bdep_dc18168dc89a43693dc2944c","bdep_dc18168dc89a43693dc2944c","bnk_8298ae114870681a7268ee86","30000","2022-12-15","2022-12-15","Payment","","Fundación Banco Popular","","","1503 Pledges/Services Receivable","","Reconciled","false"
"bdqr_bdep_3897da95e3d4432aded0df0a","bdep_3897da95e3d4432aded0df0a","bnk_2af5ffd1baba223c73983ade","20600","2018-09-10","2018-09-07","Deposit","","Loan - Marigold","System-recorded deposit for QuickBooks Payments","","1501 Undeposited Funds","","Reconciled","false"
"bdqr_bdep_add85d3e6050e050fe07ddfe","bdep_add85d3e6050e050fe07ddfe","bnk_a7724bcb26f50c2c667d9bcf","100549.31","2025-06-17","2025-06-17","Transfer","","","tfr from CSP to general checking account","","TWF CSP Rep grant (1340) - 2","","Reconciled","false"
"bdqr_bdep_7a8b9e216337395256631193","bdep_7a8b9e216337395256631193","bnk_90266515ebbfb256d67b437d","2075","2019-11-25","2019-11-22","Deposit","","","System-recorded deposit for QuickBooks Payments","","","","Reconciled","false"
"bdqr_bdep_cec9a4257aaddf9128f4d852","bdep_cec9a4257aaddf9128f4d852","bnk_cb7c1cd3e7ad582c40afc76b","3424.17","2018-12-27","2018-12-26","Deposit","","","System-recorded deposit for QuickBooks Payments","","","","Reconciled","false"
"bdqr_bdep_ef091002e78e0e0e7e1a5045","bdep_ef091002e78e0e0e7e1a5045","bnk_d1d2936c883248957921adae","499","2017-09-22","2017-09-21","Deposit","","Loan - Wild Rose","System-recorded deposit for QuickBooks Payments","","1501 Undeposited Funds","","Reconciled","false"
"bdqr_bdep_49c8c39a0c8284219ba384cf","bdep_49c8c39a0c8284219ba384cf","bnk_400d125d0185a530df7c6a8d","5000","2022-12-22","2022-12-22","Payment","","Sampath Krishnan","","","1503 Pledges/Services Receivable","","Reconciled","false"
"bdqr_bdep_47706a193f302d89ecec9c4f","bdep_47706a193f302d89ecec9c4f","bnk_3759cec73348ec684d2777bc","2500","2020-01-31","2020-01-31","Payment","","Loan - Aster","","","1503 Pledges/Services Receivable","","Reconciled","false"
"bdqr_bdep_fff85e1cd1509cdc67297f21","bdep_fff85e1cd1509cdc67297f21","bnk_5b3e4ebb2a5b8d1d6363f38d","3349.17","2019-02-25","2019-02-22","Deposit","","","System-recorded deposit for QuickBooks Payments","","","","Reconciled","false"
"bdqr_bdep_a7b28e4f785085ce0da73eb4","bdep_a7b28e4f785085ce0da73eb4","bnk_cc6d0b3dc4c38b2532def421","5000","2023-11-01","2023-11-01","Payment","","Spring Point Partners","","","1503 Pledges/Services Receivable","","Reconciled","false"
"bdqr_bdep_e80b3875d198bfc18f369951","bdep_e80b3875d198bfc18f369951","bnk_924d8cd4fcd4a125c9238891","35000","2024-01-11","2024-01-11","Payment","","Temple Hoyne Buell Foundation","","","1503 Pledges/Services Receivable","","Reconciled","false"
"bdqr_bdep_e3eac4d222cb6716bfe0477e","bdep_e3eac4d222cb6716bfe0477e","bnk_9543d72860e07f7e60b7cf25","250","2019-03-05","2019-03-04","Deposit","","Loan - Capucine","System-recorded deposit for QuickBooks Payments","","1501 Undeposited Funds","","Reconciled","false"
"bdqr_bdep_14bd4ffd59ffed426d776c7b","bdep_14bd4ffd59ffed426d776c7b","bnk_aec85832eefb20dde43a3435","162.5","2017-12-07","2017-12-06","Deposit","","Loan - Tiger Lily","System-recorded deposit for QuickBooks Payments","","1501 Undeposited Funds","","Reconciled","false"
"bdqr_bdep_f5edee3b51cdba0b482bea08","bdep_f5edee3b51cdba0b482bea08","bnk_1cd912323ddb6289689f1944","150","2018-11-28","2018-11-27","Deposit","","Loan - Cosmos","System-recorded deposit for QuickBooks Payments","","1501 Undeposited Funds","","Reconciled","false"
"bdqr_bdep_c683d116ad4046fc26f2c224","bdep_c683d116ad4046fc26f2c224","bnk_c3d275b9d4f66675c9563172","40000","2023-06-20","2023-06-20","Payment","","Wend Ventures","","","1503 Pledges/Services Receivable","","Reconciled","false"
"bdqr_bdep_123b815bd591049ec84336bc","bdep_123b815bd591049ec84336bc","bnk_415ee0209287047f0b91aa9e","79189.06","2026-01-23","2026-01-23","Transfer","","","Transfer from CSP","","TWF CSP Rep grant (1340) - 2","","Reconciled","false"
"bdqr_bdep_5005099f4381cb745f6c5871","bdep_5005099f4381cb745f6c5871","bnk_ffbade46e3bb3f40c05f8f8a","212.5","2019-05-08","2019-05-07","Deposit","","Loan - Tiger Lily","System-recorded deposit for QuickBooks Payments","","1501 Undeposited Funds","","Reconciled","false"
"bdqr_bdep_665c2ee1985a093acedc5c13","bdep_665c2ee1985a093acedc5c13","bnk_d1ccb1170973795d594841ad","250","2019-04-26","2019-04-25","Deposit","","Loan - Capucine","System-recorded deposit for QuickBooks Payments","","1501 Undeposited Funds","","Reconciled","false"
"bdqr_bdep_e0f7b55d1ad85b652bb538f3","bdep_e0f7b55d1ad85b652bb538f3","bnk_10bfd109d3b59729c4e9747b","2000","2019-10-09","2019-10-08","Deposit","","Loan - Snowdrop","System-recorded deposit for QuickBooks Payments","","1501 Undeposited Funds","","Reconciled","false"
"bdqr_bdep_11a129339e09818f7135c3ca","bdep_11a129339e09818f7135c3ca","bnk_7e1ee013d89342042659add8","162.5","2019-05-17","2019-05-16","Deposit","","Wisteria Montessori, Inc","System-recorded deposit for QuickBooks Payments","","1501 Undeposited Funds","","Reconciled","false"
"bdqr_bdep_656ee3ffc296012538129185","bdep_656ee3ffc296012538129185","bnk_7b11f0fd97b5ce99975407b0","2522.44","2024-09-25","2024-09-24","Payment","P24091902 - 1238461","Wild Rose Montessori School Inc","Inv # 79252461-205","","1503 Pledges/Services Receivable","","Reconciled","false"
"bdqr_bdep_d1d0a9c181c99976c9d05a44","bdep_d1d0a9c181c99976c9d05a44","bnk_33f4dafe0ba467473e63478c","2500","2019-08-30","2019-08-30","Payment","","Loan - Aster","","","1503 Pledges/Services Receivable","","Reconciled","false"
"bdqr_bdep_51c6c18c8485e34bce7d96c9","bdep_51c6c18c8485e34bce7d96c9","bnk_4eb0f05971d1472f4bdf4a1d","50000","2023-03-29","2023-03-29","Payment","","Beverly Brown/Ardinger Brown Family Fund","","","1503 Pledges/Services Receivable","","Reconciled","false"
"bdqr_bdep_93ca7b5101867333ade3bad5","bdep_93ca7b5101867333ade3bad5","bnk_0cbf25673bd39a59154819c4","10000","2022-12-09","2022-12-09","Payment","","McKnight Foundation","","","1503 Pledges/Services Receivable","","Reconciled","false"
"bdqr_bdep_d8d37b7250f54cb451c45a63","bdep_d8d37b7250f54cb451c45a63","bnk_ad9058165f175726091c62ed","3750","2026-01-13","2026-01-13","Payment","P26010902 - 9466546","The Sunlight Loan Fund, LLC","Inv TWF-SL InvoiceQ2","","1503 Pledges/Services Receivable","","Reconciled","false"
"bdqr_bdep_a926dd24d1d9e0fc22d97094","bdep_a926dd24d1d9e0fc22d97094","bnk_8f45dd9d49c234b9ee926133","1604.17","2019-06-28","2019-06-27","Deposit","","Loan - Wildflower","System-recorded deposit for QuickBooks Payments","","1501 Undeposited Funds","","Reconciled","false"
"bdqr_bdep_f03c088bde189b29fa5ded72","bdep_f03c088bde189b29fa5ded72","bnk_855ccd8511779223bccb1085","10550.5","2022-12-06","2022-12-06","Payment","","DC Wildflower Public Charter School","","","1500 Accounts Receivable (A/R)","","Reconciled","false"
"bdqr_bdep_478c5947d55e4c409ac54c19","bdep_478c5947d55e4c409ac54c19","bnk_46b8dfae3b5c84f5bda43b4c","1980.44","2025-10-06","2025-10-06","Journal","Stmt Cr Reward Mar 30","","BILL 10/06/25 AR Payments","","","","Reconciled","false"
"bdqr_bdep_1147d02162a27b1bd75c7d0d","bdep_1147d02162a27b1bd75c7d0d","bnk_f80f76525a6803d7499cbcbe","25000","2021-01-08","2021-01-08","Payment","","New Schools Venture Fund","","","1503 Pledges/Services Receivable","","Reconciled","false"
"bdqr_bdep_f8a6a80aa442edc141a5506d","bdep_f8a6a80aa442edc141a5506d","bnk_fd3fd20d3d385a9abf9c1b54","237.5","2018-12-03","2018-12-01","Deposit","","Loan - Sweet Pea Montessori","System-recorded deposit for QuickBooks Payments","","1501 Undeposited Funds","","Reconciled","false"
"bdqr_bdep_a71801981b00269b9de8a4fe","bdep_a71801981b00269b9de8a4fe","bnk_8d714560f19b51ae94fe247b","1794","2018-12-04","2018-12-04","Payment","","Loan - Aster","","","1503 Pledges/Services Receivable","","Reconciled","false"
"bdqr_bdep_9461135c122f7c67155f1114","bdep_9461135c122f7c67155f1114","bnk_658e6b2dc49632d609e2b523","50000","2022-06-17","2022-06-17","Payment","","Tom-Zamudio Abundance Fund","","","1503 Pledges/Services Receivable","","Reconciled","false"
"bdqr_bdep_e67045dc8a3616d95120c9cc","bdep_e67045dc8a3616d95120c9cc","bnk_4c95f1683eede54974d1bec5","10000","2025-04-17","2025-04-17","Payment","","McKnight Foundation","","","1503 Pledges/Services Receivable","","Reconciled","false"
"bdqr_bdep_f6b47d764b34969bc495926f","bdep_f6b47d764b34969bc495926f","bnk_90faaea678bec089b17b549e","2000","2017-11-02","2017-11-01","Deposit","","Loan - Snowdrop","System-recorded deposit for QuickBooks Payments","","1501 Undeposited Funds","","Reconciled","false"
"bdqr_bdep_64f961326527a354edac0381","bdep_64f961326527a354edac0381","bnk_c9aa32def4df0c3fedde8375","50588.13","2025-06-17","2025-06-17","Transfer","","","tfr from CSP to general checking account","","TWF CSP Rep grant (1340) - 2","","Reconciled","false"
"bdqr_bdep_1824fde126459f43413ce717","bdep_1824fde126459f43413ce717","bnk_3a47dd3a03281e4cd5642b78","31702.02","2025-11-26","2025-11-26","Transfer","","","","","TWF CSP Rep grant (1340) - 2","","Reconciled","false"
"bdqr_bdep_fc87bf8cf359353c48908536","bdep_fc87bf8cf359353c48908536","bnk_85e688333f2094cd65fb263c","237.5","2019-08-16","2019-08-15","Deposit","","Loan - Sweet Pea Montessori","System-recorded deposit for QuickBooks Payments","","1501 Undeposited Funds","","Reconciled","false"
"bdqr_bdep_2aa2f975a29126a7ba9032ea","bdep_2aa2f975a29126a7ba9032ea","bnk_6f640a8c760a5c80307561d9","80000","2022-01-28","2022-01-28","Payment","","WNYCS","","","1503 Pledges/Services Receivable","","Reconciled","false"
"bdqr_bdep_e265ed82680cc3dfef6d429d","bdep_e265ed82680cc3dfef6d429d","bnk_144bbbbf57a2ca468cb81488","1665.28","2019-02-11","2019-02-08","Deposit","","Loan - Dandelion","System-recorded deposit for QuickBooks Payments","","1501 Undeposited Funds","","Reconciled","false"
"bdqr_bdep_b41a0fed4d88c932f35d06a8","bdep_b41a0fed4d88c932f35d06a8","bnk_1c581db3dd80665a3221861a","250","2021-12-01","2021-12-01","Payment","","Morgan Stanley","","","1503 Pledges/Services Receivable","","Reconciled","false"
"bdqr_bdep_7ca1ac8053567985ddd1663d","bdep_7ca1ac8053567985ddd1663d","bnk_3245603266c3ba903c58fd11","350.78","2020-03-16","2020-03-13","Deposit","","Loan - Jun Zi Lan","System-recorded deposit for QuickBooks Payments","","1501 Undeposited Funds","","Reconciled","false"
"bdqr_bdep_7f2e44023d1c46f75a35e4f7","bdep_7f2e44023d1c46f75a35e4f7","bnk_55a5350af87c78444bef6adb","1347.33","2025-12-26","2025-12-24","Payment","P25122302 - 5694876","Roxbury Roots Montessori, Inc.","Inv TWF - Nov Invoice084","","1503 Pledges/Services Receivable","","Reconciled","false"
"bdqr_bdep_e67ce7f2efe79be3a1c90513","bdep_e67ce7f2efe79be3a1c90513","bnk_99d5a494264fec11fbad5c4d","2500","2019-07-01","2019-07-01","Payment","","Loan - Aster","","","1503 Pledges/Services Receivable","","Reconciled","false"
"bdqr_bdep_75db1598fa2051406402646e","bdep_75db1598fa2051406402646e","bnk_bde33a15c8795d2eed8d47a2","250","2019-05-30","2019-05-29","Deposit","","Loan - Capucine","System-recorded deposit for QuickBooks Payments","","1501 Undeposited Funds","","Reconciled","false"
"bdqr_bdep_f11a4948addc2537bc93ce42","bdep_f11a4948addc2537bc93ce42","bnk_e99b9d6475df158dcad599c6","237.5","2019-06-13","2019-06-12","Deposit","","Loan - Sweet Pea Montessori","System-recorded deposit for QuickBooks Payments","","1501 Undeposited Funds","","Reconciled","false"
"bdqr_bdep_777cbc432fa9d43d6673c914","bdep_777cbc432fa9d43d6673c914","bnk_b68abc5058023d1ffb2d3ba7","1841.67","2018-08-17","2018-08-16","Deposit","","","System-recorded deposit for QuickBooks Payments","","","","Reconciled","false"
"bdqr_bdep_4fd2070ede5b4fb016619ff0","bdep_4fd2070ede5b4fb016619ff0","bnk_fc1901fe41ff12307d71b45e","425","2018-08-01","2018-07-31","Deposit","","Loan - Tiger Lily","System-recorded deposit for QuickBooks Payments","","","","Reconciled","false"
"bdqr_bdep_957ff8798eb06ad05080a4dd","bdep_957ff8798eb06ad05080a4dd","bnk_e585a234c02533eebb00e03f","37500","2021-11-22","2021-11-22","Payment","","Telluray Foundation","","","1503 Pledges/Services Receivable","","Reconciled","false"
"bdqr_bdep_02f636292f08a91a333008d5","bdep_02f636292f08a91a333008d5","bnk_9e946b8e130ecd5959a72e75","237.5","2019-05-01","2019-04-30","Deposit","","Loan - Sweet Pea Montessori","System-recorded deposit for QuickBooks Payments","","1501 Undeposited Funds","","Reconciled","false"
"bdqr_bdep_7c620a8172845a715bc49085","bdep_7c620a8172845a715bc49085","bnk_1dd217e3f96a12bd382a5e7b","3000","2019-04-30","2019-04-29","Deposit","","Loan - Violeta","System-recorded deposit for QuickBooks Payments","","1501 Undeposited Funds","","Reconciled","false"
"bdqr_bdep_068b28cf9273d775be2446b1","bdep_068b28cf9273d775be2446b1","bnk_15f69b479c2a795ab6f245d9","2616.66","2026-05-15","2026-05-15","Journal","JE CSP IDC Mar 2030","","BILL 05/15/26 AR Payments","","","","Reconciled","false"
"bdqr_bdep_b35b1c36715043a1f1d2539c","bdep_b35b1c36715043a1f1d2539c","bnk_c6d2b19c1b1837146da428cf","637.5","2019-06-25","2019-06-24","Deposit","","","System-recorded deposit for QuickBooks Payments","","","","Reconciled","false"
"bdqr_bdep_46de17000189a4aebf1d50c6","bdep_46de17000189a4aebf1d50c6","bnk_346dfe59c58b8d90f39ef2b8","2070","2019-08-08","2019-08-07","Deposit","","","System-recorded deposit for QuickBooks Payments","","","","Reconciled","false"
"bdqr_bdep_768c12c141f5fc528d707eff","bdep_768c12c141f5fc528d707eff","bnk_97f555d302b0e1d1238ae717","39603.58","2026-01-08","2026-01-08","Journal","Tax PPE_12_21_27","","BILL 01/08/26 AR Payments","","","","Reconciled","false"
"bdqr_bdep_07f9baa34d6a57e45e283185","bdep_07f9baa34d6a57e45e283185","bnk_e505d9c805b0b53acea05736","500000","2022-05-20","2022-05-20","Payment","","OMIDYAR NETWORK FUND INC","","","1503 Pledges/Services Receivable","","Reconciled","false"
"bdqr_bdep_cea8df20f3476b4b5ad73d6c","bdep_cea8df20f3476b4b5ad73d6c","bnk_96bb99adbb000ab737ec8ea2","7766.33","2026-01-09","2026-01-09","Journal","Tax PPE_12_21_28","","BILL 01/09/26 AR Payments","","","","Reconciled","false"
"bdqr_bdep_78f2288fecce3a5b3906d229","bdep_78f2288fecce3a5b3906d229","bnk_4b4638676637119148dc05e1","230.3","2020-03-10","2020-03-09","Deposit","","Loan - Sweet Pea Montessori","System-recorded deposit for QuickBooks Payments","","1501 Undeposited Funds","","Reconciled","false"
"bdqr_bdep_c651e50a2ad60580a4ebbad6","bdep_c651e50a2ad60580a4ebbad6","bnk_d73b289c5b8ad3289f77dc02","500","2020-07-24","2020-07-23","Deposit","","Komoto Family Foundation","System-recorded deposit for QuickBooks Payments","","1501 Undeposited Funds","","Reconciled","false"
"bdqr_bdep_fd0b218ebe44f1d95ac0f81e","bdep_fd0b218ebe44f1d95ac0f81e","bnk_e4d20b6e5f2b53ab16e194d7","137.5","2018-05-03","2018-05-02","Deposit","","Loan - Dandelion","System-recorded deposit for QuickBooks Payments","","1501 Undeposited Funds","","Reconciled","false"
"bdqr_bdep_0619775a339242ae889953b1","bdep_0619775a339242ae889953b1","bnk_c18a125a3004fe053365d1ef","51644.11","2025-12-01","2025-12-01","Transfer","","","","","TWF CSP Rep grant (1340) - 2","","Reconciled","false"
"bdqr_bdep_5dae498b69cb684aea8f4766","bdep_5dae498b69cb684aea8f4766","bnk_57a6bf309bc95bba02d6f9bb","4103.17","2018-03-23","2018-03-22","Deposit","","","System-recorded deposit for QuickBooks Payments","","","","Reconciled","false"
"bdqr_bdep_b7dcebd30d29f6a2c3a8e221","bdep_b7dcebd30d29f6a2c3a8e221","bnk_5054cd71240d11f4b3f7eb2f","1557.48","2026-03-10","2026-03-10","Journal","JE CSP # Jan 33","","BILL 03/10/26 AR Payments","","","","Reconciled","false"
"bdqr_bdep_87bc957e35185fc0b64c19f5","bdep_87bc957e35185fc0b64c19f5","bnk_bd134ba92af843ec3bf18124","1300","2019-12-23","2019-12-20","Deposit","","","System-recorded deposit for QuickBooks Payments","","","","Reconciled","false"
"bdqr_bdep_8787a5b8d820e1c9fc3d78df","bdep_8787a5b8d820e1c9fc3d78df","bnk_5cba5a2c306a9b0592d4c307","2000","2020-02-06","2020-02-05","Deposit","","Loan - Snowdrop","System-recorded deposit for QuickBooks Payments","","1501 Undeposited Funds","","Reconciled","false"
"bdqr_bdep_a4a9bace4e09ffb88180313b","bdep_a4a9bace4e09ffb88180313b","bnk_377b743c283b7c88ecb87efa","18250","2018-10-17","2018-10-17","Payment","","Lee Montessori Public Charter School","","","1503 Pledges/Services Receivable","","Reconciled","false"
"bdqr_bdep_472b59ba93c4bb996d15a5c3","bdep_472b59ba93c4bb996d15a5c3","bnk_94b8f7cd6375c5ccd811f22c","475","2018-04-26","2018-04-25","Deposit","","Loan - Sweet Pea Montessori","System-recorded deposit for QuickBooks Payments","","","","Reconciled","false"
"bdqr_bdep_599dfc610e8990375720185c","bdep_599dfc610e8990375720185c","bnk_fd5517f2d0d388257c69d8dc","1500","2017-11-20","2017-11-20","Payment","","Loan - Violeta","","","1503 Pledges/Services Receivable","","Reconciled","false"
"bdqr_bdep_e0ca8d34938ba58a286f71c2","bdep_e0ca8d34938ba58a286f71c2","bnk_3d0b61403871f4efea71acd4","237.5","2019-07-10","2019-07-09","Deposit","","Loan - Sweet Pea Montessori","System-recorded deposit for QuickBooks Payments","","1501 Undeposited Funds","","Reconciled","false"
"bdqr_bdep_feabac314d7131ba565de15e","bdep_feabac314d7131ba565de15e","bnk_a2e6dbed1a367672eb0086d3","2000","2020-06-16","2020-06-15","Deposit","","Wildflower Montessori School","System-recorded deposit for QuickBooks Payments","","1501 Undeposited Funds","","Reconciled","false"
"bdqr_bdep_3dd0ddda9f2777a640e2751a","bdep_3dd0ddda9f2777a640e2751a","bnk_4fef8aa48ffde720235b47bb","325","2019-01-07","2019-01-04","Deposit","","Wild Rose Montessori School Inc","System-recorded deposit for QuickBooks Payments","","1501 Undeposited Funds","","Reconciled","false"
"bdqr_bdep_1b5491c76b03c3b0224f2946","bdep_1b5491c76b03c3b0224f2946","bnk_d2c03a0af79b8875c19625a0","4623.66","2026-04-22","2026-04-21","Payment","P26041801 - 5850656","Minnesota Wildflower Montessori School","For Invoice# TWF - April Inv050","","1503 Pledges/Services Receivable","","Reconciled","false"
"bdqr_bdep_be4ec752ee352df9d37b23f3","bdep_be4ec752ee352df9d37b23f3","bnk_9efa4a9953fc64200f2dbb6e","2000","2018-05-07","2018-05-04","Deposit","","Loan - Snowdrop","System-recorded deposit for QuickBooks Payments","","1501 Undeposited Funds","","Reconciled","false"
"bdqr_bdep_909c86bfc51b7a5ce573bba2","bdep_909c86bfc51b7a5ce573bba2","bnk_e714b728dc3fafa723ba297c","1665.28","2019-04-05","2019-04-04","Deposit","","Loan - Dandelion","System-recorded deposit for QuickBooks Payments","","1501 Undeposited Funds","","Reconciled","false"
"bdqr_bdep_809a7d3e8fcc678a17d00c34","bdep_809a7d3e8fcc678a17d00c34","bnk_3750ee8f810737df88233633","5000","2018-11-26","2018-11-26","Payment","","Sunny Hollow Montessori","","","1503 Pledges/Services Receivable","","Reconciled","false"
"bdqr_bdep_979a2ff0d99ee48190ba91d4","bdep_979a2ff0d99ee48190ba91d4","bnk_a0213fe5c2b020ddb53d2e2b","212.5","2019-04-04","2019-04-03","Deposit","","Loan - Tiger Lily","System-recorded deposit for QuickBooks Payments","","1501 Undeposited Funds","","Reconciled","false"
"bdqr_bdep_ee9f97813c9d611f6b43dc66","bdep_ee9f97813c9d611f6b43dc66","bnk_5dadf6ff0ab14cc736d1d8e8","4988.42","2025-11-12","2025-11-12","Journal","BILL 11/12/25 AR Pmt","","BILL 11/12/25 AR Payments","","","","Reconciled","false"
"bdqr_bdep_3ab1572f56f269a0475a7e8b","bdep_3ab1572f56f269a0475a7e8b","bnk_fbf5d572f13f7493b6874e28","7000","2020-10-09","2020-10-09","Payment","","New Schools Venture Fund","","","1503 Pledges/Services Receivable","","Reconciled","false"
"bdqr_bdep_9db1617a59b5526e8fe69f89","bdep_9db1617a59b5526e8fe69f89","bnk_1e583257c4d1a9e2a5201c46","13609.66","2026-01-12","2026-01-12","Journal","Loan svc fee 12-31-27","","BILL 01/12/26 AR Payments","","","","Reconciled","false"
"bdqr_bdep_a04fecc431cf9fe4866dd3ed","bdep_a04fecc431cf9fe4866dd3ed","bnk_f66a4838c86832009b10f9b8","41939.39","2025-12-05","2025-12-05","Journal","JE #CSP Aug 2033","","BILL 12/05/25 AR Payments","","","","Reconciled","false"
"bdqr_bdep_fba9a7bc6484acc327d88121","bdep_fba9a7bc6484acc327d88121","bnk_0b0fa961074db8db51ade6d2","100000","2025-04-30","2025-04-30","Payment","","Education Leaders of Color Inc","","","1503 Pledges/Services Receivable","","Reconciled","false"
"bdqr_bdep_b0667ebb758f0ee4034cdb95","bdep_b0667ebb758f0ee4034cdb95","bnk_c54f3e6b532efcd4fae8a32c","1299.91","2025-06-12","2025-06-12","Journal","Divvy Reim 4.7.36","","BILL 06/12/25 AR Payments","","","","Reconciled","false"
"bdqr_bdep_ba32b97a0a900c6ed1eadc1e","bdep_ba32b97a0a900c6ed1eadc1e","bnk_339ea65feb74a3e296f56eae","3000","2018-11-30","2018-11-29","Deposit","","Loan - Violeta","System-recorded deposit for QuickBooks Payments","","1501 Undeposited Funds","","Reconciled","false"
"bdqr_bdep_087cc73a86af3ee8d56525cd","bdep_087cc73a86af3ee8d56525cd","bnk_193b6c7ceedd88bb0e4967b2","212.5","2019-01-11","2019-01-10","Deposit","","Loan - Tiger Lily","System-recorded deposit for QuickBooks Payments","","1501 Undeposited Funds","","Reconciled","false"
"bdqr_bdep_29c5a93f23e91720232149d6","bdep_29c5a93f23e91720232149d6","bnk_8af77abfe340f5813fdc4cfb","2000","2019-04-08","2019-04-05","Deposit","","Loan - Snowdrop","System-recorded deposit for QuickBooks Payments","","1501 Undeposited Funds","","Reconciled","false"
"bdqr_bdep_38e11af400db4d6931fb0f62","bdep_38e11af400db4d6931fb0f62","bnk_7ad0444451a4a372afb46986","15000","2020-09-11","2020-09-11","Payment","","Mortenson Family Foundation","","","1503 Pledges/Services Receivable","","Reconciled","false"
"bdqr_bdep_48ae3d23ccd087b962653646","bdep_48ae3d23ccd087b962653646","bnk_48405726b351ab09c3d19498","1665.28","2019-05-03","2019-05-02","Deposit","","Loan - Dandelion","System-recorded deposit for QuickBooks Payments","","1501 Undeposited Funds","","Reconciled","false"
"bdqr_bdep_687dca060e89c7b3dedc2575","bdep_687dca060e89c7b3dedc2575","bnk_a39b4f0c9d64bfc868175388","499","2017-12-04","2017-12-02","Deposit","","Loan - Wild Rose","System-recorded deposit for QuickBooks Payments","","1501 Undeposited Funds","","Reconciled","false"
"bdqr_bdep_48a0a51ac2685835c24abc32","bdep_48a0a51ac2685835c24abc32","bnk_bb6e091f71e9f097da688657","2500","2020-01-09","2020-01-09","Payment","","Loan - Aster","","","1503 Pledges/Services Receivable","","Reconciled","false"
"bdqr_bdep_4003f65dc311b735a042c3e2","bdep_4003f65dc311b735a042c3e2","bnk_2d5085526c929db87663e292","1794","2019-06-05","2019-06-05","Payment","","Loan - Aster","","","1503 Pledges/Services Receivable","","Reconciled","false"
"bdqr_bdep_67ec101e0f478c216783147c","bdep_67ec101e0f478c216783147c","bnk_1a1a1b861b366965c960e8f9","1820","2019-06-24","2019-06-21","Deposit","","Loan - Wild Rose","System-recorded deposit for QuickBooks Payments","","1501 Undeposited Funds","","Reconciled","false"
"bdqr_bdep_0fc2e6740a66c770585246de","bdep_0fc2e6740a66c770585246de","bnk_8b7b9ba90e7aaad284505f3b","2500","2019-08-01","2019-08-01","Payment","","Loan - Aster","","","1503 Pledges/Services Receivable","","Reconciled","false"
"bdqr_bdep_98506953e923d8688fdee260","bdep_98506953e923d8688fdee260","bnk_929417ba79bf9aed23c4fbd3","250","2019-02-15","2019-02-14","Deposit","","Loan - Capucine","System-recorded deposit for QuickBooks Payments","","1501 Undeposited Funds","","Reconciled","false"
"bdqr_bdep_d29916101f6bd80e49c3e3b8","bdep_d29916101f6bd80e49c3e3b8","bnk_839671143ff71c6f3bddc07f","2094.45","2019-08-23","2019-08-22","Deposit","","","System-recorded deposit for QuickBooks Payments","","","","Reconciled","false"
"bdqr_bdep_6ed0e818b0e3a23333ace402","bdep_6ed0e818b0e3a23333ace402","bnk_28c7af574403110730e32cd7","200000","2026-02-27","2026-02-27","Transfer","","","Transfer to operations account","","1004 BROKERAGE","","Reconciled","false"
"bdqr_bdep_6617c7a715114c2f59ffb9fa","bdep_6617c7a715114c2f59ffb9fa","bnk_9d0437b6f98a4e179d7aadb2","666.67","2026-04-07","2026-04-06","Payment","P26040102 - 0893044","Desert Peach Montessori","Inv TWF MarchInvoice034","","1503 Pledges/Services Receivable","","Reconciled","false"
"bdqr_bdep_37fc5700dce75fece85d0369","bdep_37fc5700dce75fece85d0369","bnk_b4a1715ff10b5f8504dd9a26","25000","2024-04-30","2024-04-30","Payment","","Common Future","","","1503 Pledges/Services Receivable","","Reconciled","false"
"bdqr_bdep_69a2f573c32fec9c03b29c10","bdep_69a2f573c32fec9c03b29c10","bnk_9af1133f16506b9a746c29a3","1500","2018-02-21","2018-02-21","Payment","","Loan - Violeta","","","1503 Pledges/Services Receivable","","Reconciled","false"
"bdqr_bdep_38b48fd991de562e7920d829","bdep_38b48fd991de562e7920d829","bnk_67c346fc4b0c5797eab00d40","3960.88","2025-12-03","2025-12-03","Journal","JE #CSP Aug 2032","","BILL 12/03/25 AR Payments","","","","Reconciled","false"
"bdqr_bdep_d0eef333d38bbebbc4c597d2","bdep_d0eef333d38bbebbc4c597d2","bnk_cce090eb268b188fcbca144e","15000","2022-12-30","2022-12-30","Payment","","The 20 22 ACT Society","","","1503 Pledges/Services Receivable","","Reconciled","false"
"bdqr_bdep_40ba9369e83b8560c816d154","bdep_40ba9369e83b8560c816d154","bnk_ffe9c12f7c8224afb7a55a83","937.22","2026-04-10","2026-04-10","Journal","JE Bill 4.10.26 AR","","BILL 04/10/26 AR Payments","","","","Reconciled","false"
"bdqr_bdep_699bbdb89ef05861ee2b0907","bdep_699bbdb89ef05861ee2b0907","bnk_8c58057748e82d3b3d0ea4a8","45000","2024-03-13","2024-03-13","Payment","","DEED (State of MN)","","","1503 Pledges/Services Receivable","","Reconciled","false"
"bdqr_bdep_c9b61a63f6c54b372919bb1b","bdep_c9b61a63f6c54b372919bb1b","bnk_2a4345616d52d52634a53821","6750","2021-06-09","2021-06-09","Payment","","Yu Ming Charter Schools","","","1503 Pledges/Services Receivable","","Reconciled","false"
"bdqr_bdep_514d6e81eeea55d7f316beb9","bdep_514d6e81eeea55d7f316beb9","bnk_3b4c65025ed4b7c197667291","4623.55","2026-03-13","2026-03-13","Payment","P26031101 - 8086265","Minnesota Wildflower Montessori School","March Invoice Pymt via ACH","","1503 Pledges/Services Receivable","","Reconciled","false"
"bdqr_bdep_6ccaa9f7f91a1911294a0100","bdep_6ccaa9f7f91a1911294a0100","bnk_9f235c821eb839c5ecd35522","4864.55","2025-11-17","2025-11-17","Journal","BILL 11/17/25 AR Pmt","","BILL 11/17/25 AR Payments","","","","Reconciled","false"
"bdqr_bdep_0c0766161e1eea729e3d5b62","bdep_0c0766161e1eea729e3d5b62","bnk_c64cb6776125aabc6ad204f6","240","2020-02-27","2020-02-26","Deposit","","Loan - Echinacea","System-recorded deposit for QuickBooks Payments","","1501 Undeposited Funds","","Reconciled","false"
"bdqr_bdep_f1f55dbae834c25368d16e9b","bdep_f1f55dbae834c25368d16e9b","bnk_5484ac15c71c32bbc80914aa","237.5","2019-02-13","2019-02-12","Deposit","","Loan - Sweet Pea Montessori","System-recorded deposit for QuickBooks Payments","","1501 Undeposited Funds","","Reconciled","false"
"bdqr_bdep_a33014ee5183a98a12d82dc2","bdep_a33014ee5183a98a12d82dc2","bnk_d6fadc977a7c4d63780eb0bc","237.5","2020-02-13","2020-02-12","Deposit","","Loan - Sweet Pea Montessori","System-recorded deposit for QuickBooks Payments","","1501 Undeposited Funds","","Reconciled","false"
"bdqr_bdep_16460fd6a993964887a30ae9","bdep_16460fd6a993964887a30ae9","bnk_f6d387ca3f0a9471d6d23e66","1741.67","2018-01-08","2018-01-06","Deposit","","","System-recorded deposit for QuickBooks Payments","","","","Reconciled","false"
"bdqr_bdep_33055963661b328fec6f24d0","bdep_33055963661b328fec6f24d0","bnk_0da7125a660443e39c494326","4990.56","2026-06-12","2026-06-11","Payment","P26061002 - 9801339","Wildflower New York Charter School","Inv TWF - May Invoice037","","1503 Pledges/Services Receivable","","Reconciled","false"
"bdqr_bdep_0250b6a42129c140aeff3fa7","bdep_0250b6a42129c140aeff3fa7","bnk_77363324e9e05ed86e563c18","2500","2019-11-29","2019-11-29","Payment","","Loan - Aster","","","1503 Pledges/Services Receivable","","Reconciled","false"
"bdqr_bdep_89a315f57ba0313a211fee5d","bdep_89a315f57ba0313a211fee5d","bnk_497860924c81aea4c0a08387","6780","2025-01-08","2025-01-08","Payment","","Timber Capital","","","1503 Pledges/Services Receivable","","Reconciled","false"
"bdqr_bdep_e2f7d2ccbbc7beae35042888","bdep_e2f7d2ccbbc7beae35042888","bnk_55a2c12b84481571d02b92b1","70000","2021-03-10","2021-03-10","Payment","","Nexus Community","","","1503 Pledges/Services Receivable","","Reconciled","false"
"bdqr_bdep_6f1da83480f2c919547cefc0","bdep_6f1da83480f2c919547cefc0","bnk_eb38bd7229f5688ecba8d546","500000","2025-06-25","2025-06-25","Payment","","Stand Together Trust","","","1503 Pledges/Services Receivable","","Reconciled","false"
"bdqr_bdep_b954843e6217256f84cea423","bdep_b954843e6217256f84cea423","bnk_6b69d10c325dc96b4f597e53","1604.17","2019-01-23","2019-01-22","Deposit","","Loan - Wildflower","System-recorded deposit for QuickBooks Payments","","1501 Undeposited Funds","","Reconciled","false"
"bdqr_bdep_117a92ab70504a5698351946","bdep_117a92ab70504a5698351946","bnk_8eef6bf11516484f976a9d69","103599.75","2026-01-26","2026-01-26","Transfer","","","Transfer from CSP","","TWF CSP Rep grant (1340) - 2","","Reconciled","false"
"bdqr_bdep_a9c4ce23b4a725ed5fdb9475","bdep_a9c4ce23b4a725ed5fdb9475","bnk_6c75ca2880caa079247bb1d3","1820","2018-11-01","2018-10-31","Deposit","","Loan - Wild Rose","System-recorded deposit for QuickBooks Payments","","1501 Undeposited Funds","","Reconciled","false"
"bdqr_bdep_62f4cbcc3908bf354577def9","bdep_62f4cbcc3908bf354577def9","bnk_e6850848f4b62624ced660cd","4621.9","2025-12-24","2025-12-24","Journal","JE# CSP Oct 2028","","BILL 12/24/25 Credit P25100701 - 9802447","","","","Reconciled","false"
"bdqr_bdep_334c7e1a76918376c3506842","bdep_334c7e1a76918376c3506842","bnk_9090458a03d15ed49ac59a46","120000","2018-01-19","2018-01-19","Payment","","Walton Family Foundation","","","1503 Pledges/Services Receivable","","Reconciled","false"
"bdqr_bdep_8601a1212cfad8243ecb3433","bdep_8601a1212cfad8243ecb3433","bnk_b21b253337fbe0268d0330dd","500000","2023-10-19","2023-10-19","Payment","","Imaginable Futures","","","1503 Pledges/Services Receivable","","Reconciled","false"
"bdqr_bdep_57be570b56e6aadb9b51dd4c","bdep_57be570b56e6aadb9b51dd4c","bnk_307140c32fa6085dbab89099","1604.17","2017-11-24","2017-11-22","Deposit","","Loan - Wildflower","System-recorded deposit for QuickBooks Payments","","1501 Undeposited Funds","","Reconciled","false"
"bdqr_bdep_48b7da708a63f189f95232cb","bdep_48b7da708a63f189f95232cb","bnk_962ea4c3304b96af438c0529","433.27","2023-06-21","2023-06-21","Payment","","Hyacinth Montessori","","","1503 Pledges/Services Receivable","","Reconciled","false"
"bdqr_bdep_6ce36cad804a9d5856e72d14","bdep_6ce36cad804a9d5856e72d14","bnk_5e66cd6eb9838d0ce78be640","666.67","2026-06-16","2026-06-15","Payment","P26061001 - 6522743","Orchid Montessori School","Inv TWF - DecInv123","","1503 Pledges/Services Receivable","","Reconciled","false"
"bdqr_bdep_0642e15c387f34259bdb4c2d","bdep_0642e15c387f34259bdb4c2d","bnk_7e6532ddafca55b61420a431","666.67","2026-01-09","2026-01-09","Payment","P26010502 - 8051893","Desert Peach Montessori","Inv TWF - Dec 17 Invoice","","1503 Pledges/Services Receivable","","Reconciled","false"
"bdqr_bdep_475fd1346b57e508f8ef28d7","bdep_475fd1346b57e508f8ef28d7","bnk_ece63059dbf83e25529de05b","95000","2021-07-08","2021-07-08","Payment","","Education Forward DC","","","1503 Pledges/Services Receivable","","Reconciled","false"
"bdqr_bdep_8db030cf71f4162b43d70cfe","bdep_8db030cf71f4162b43d70cfe","bnk_484cee615f66ed26d1a955d8","17750","2024-04-11","2024-04-11","Payment","","Local Initiatives Support Corporation (LISC)","","","1503 Pledges/Services Receivable","","Reconciled","false"
"bdqr_bdep_acad9dfb684c94b9184cb066","bdep_acad9dfb684c94b9184cb066","bnk_04f423feb651b4ef7ccc4861","3708.66","2025-10-22","2025-10-22","Journal","PPD Exp Sep 2026","","BILL 10/22/25 AR Payments","","","","Reconciled","false"
"bdqr_bdep_0f3632ac5e1948ed9d4e7f45","bdep_0f3632ac5e1948ed9d4e7f45","bnk_03d696e89d80fdab262c08e6","1625","2020-02-25","2020-02-24","Deposit","","","System-recorded deposit for QuickBooks Payments","","","","Reconciled","false"
"bdqr_bdep_1d93710773a86349cb0556e9","bdep_1d93710773a86349cb0556e9","bnk_bc38330cb8850f20bc75cf77","400000","2026-02-04","2026-02-04","Transfer","","","Transfer to monthly operations","","1004 BROKERAGE","","Reconciled","false"
"bdqr_bdep_447866a62e959a1985de56bf","bdep_447866a62e959a1985de56bf","bnk_4fed287fa5e9d5fbe709310f","1212.12","2026-05-07","2026-05-06","Payment","P26050102 - 9260382","Desert Peach Montessori","Multiple invoices","","1503 Pledges/Services Receivable","","Reconciled","false"
"bdqr_bdep_2950ee48554e3ccb45f1a1e2","bdep_2950ee48554e3ccb45f1a1e2","bnk_09e64dc2e1291c64cc5d0d54","2000","2019-01-09","2019-01-08","Deposit","","Loan - Snowdrop","System-recorded deposit for QuickBooks Payments","","1501 Undeposited Funds","","Reconciled","false"
"bdqr_bdep_34c86ac9d8c52c650a8be940","bdep_34c86ac9d8c52c650a8be940","bnk_74b403d754754012ef04e1ec","1450","2019-10-22","2019-10-21","Deposit","","","System-recorded deposit for QuickBooks Payments","","","","Reconciled","false"
"bdqr_bdep_1f3df60cd31a314302adf00e","bdep_1f3df60cd31a314302adf00e","bnk_51c6f47e9f37add4b639fdd7","45172.76","2025-07-31","2025-07-31","Transfer","","","Tfr from CSP to Operating Acccount","","TWF CSP Rep grant (1340) - 2","","Reconciled","false"
"bdqr_bdep_f68619486cb252e9c85a03cb","bdep_f68619486cb252e9c85a03cb","bnk_de6c38725ad77f2f7cc7f2f3","1500000","2025-07-11","2025-07-11","Payment","","Arthur Rock Foundation","","","1503 Pledges/Services Receivable","","Reconciled","false"
"bdqr_bdep_b324de40c4ec24460ce12dd5","bdep_b324de40c4ec24460ce12dd5","bnk_e0055f67937c9643f24b899d","15000","2023-04-03","2023-04-03","Payment","","MDRC","","","1503 Pledges/Services Receivable","","Reconciled","false"
"bdqr_bdep_754cd0515c69ad852399014b","bdep_754cd0515c69ad852399014b","bnk_07c2df39b5f8b37394c15ef7","1854.33","2026-03-27","2026-03-27","Journal","JE CSP Feb_2028","","BILL 03/27/26 AR Payments","","","","Reconciled","false"
"bdqr_bdep_18de2a5dfa25b5eff3ffe84b","bdep_18de2a5dfa25b5eff3ffe84b","bnk_5d22da03b5981163b3a4b096","450","2020-03-02","2020-02-28","Deposit","","","System-recorded deposit for QuickBooks Payments","","","","Reconciled","false"
"bdqr_bdep_fde18a885bbbccc66c30bc3e","bdep_fde18a885bbbccc66c30bc3e","bnk_97651ef06fd7eebedf8b2cb4","250","2020-01-28","2020-01-27","Deposit","","Loan - Capucine","System-recorded deposit for QuickBooks Payments","","1501 Undeposited Funds","","Reconciled","false"
"bdqr_bdep_9a86ee893d05a620e3fb115f","bdep_9a86ee893d05a620e3fb115f","bnk_4ec1504beb85026f48a14551","8469.3","2026-06-08","2026-06-08","Transfer","","","Transfer from CSP to Operating - CSP reimbursement","","TWF CSP Rep grant (1340) - 2","","Reconciled","false"
"bdqr_bdep_2fded38f010ede190861731d","bdep_2fded38f010ede190861731d","bnk_2e1446d7a17643a19b02b9b4","1090.9","2026-03-06","2026-03-05","Payment","P26030202 - 2908526","Desert Peach Montessori","Multiple invoices","","1503 Pledges/Services Receivable","","Reconciled","false"
"bdqr_bdep_506828560588c20233a8984d","bdep_506828560588c20233a8984d","bnk_6a26e2229462515918be087f","454.55","2024-09-24","2024-09-24","Payment","","Meadow Rue (C)","Membership fee Oct payment - came in via WMPSC Bill acct","","1503 Pledges/Services Receivable","","Reconciled","false"
"bdqr_bdep_3a53340fa9fbfd2d5ce261f9","bdep_3a53340fa9fbfd2d5ce261f9","bnk_bf390d1ef5c44d0cbe505dda","39648.42","2026-06-26","2026-06-26","Transfer","","","Transfer from CSP to Operating - CSP reimbursement","","TWF CSP Rep grant (1340) - 2","","Reconciled","false"
"bdqr_bdep_b3485eb75ed3fcefee95043a","bdep_b3485eb75ed3fcefee95043a","bnk_b0a417d1dccc85bbe7bf91db","76365.75","2025-10-21","2025-10-21","Transfer","","","","","TWF CSP Rep grant (1340) - 2","","Reconciled","false"
"bdqr_bdep_37ec1746a8e61926d5023e4c","bdep_37ec1746a8e61926d5023e4c","bnk_fe05b72434924ccf6e6393d6","2129.09","2019-07-24","2019-07-23","Deposit","","","System-recorded deposit for QuickBooks Payments","","","","Reconciled","false"
"bdqr_bdep_72baded309a6cf648709ef04","bdep_72baded309a6cf648709ef04","bnk_949a56f40cea8d5d2e86edd4","12000","2021-03-12","2021-03-12","Payment","","New Schools Venture Fund","","","1503 Pledges/Services Receivable","","Reconciled","false"
"bdqr_bdep_21e666fef38decde56f58a99","bdep_21e666fef38decde56f58a99","bnk_0caada4780ad81ceee2c5258","75","2019-02-26","2019-02-25","Deposit","","Loan - Cosmos","System-recorded deposit for QuickBooks Payments","","1501 Undeposited Funds","","Reconciled","false"
"bdqr_bdep_de4a58a56d789e47a25bec9e","bdep_de4a58a56d789e47a25bec9e","bnk_d499257c141f806b6865a92a","27000","2021-03-02","2021-03-02","Payment","","Telluray Foundation","","","1503 Pledges/Services Receivable","","Reconciled","false"
"bdqr_bdep_cfeca27ce280889c4ea82493","bdep_cfeca27ce280889c4ea82493","bnk_604d1967f3ba15723d50e2c3","4416.67","2021-01-22","2021-01-21","Deposit","","","System-recorded deposit for QuickBooks Payments","","","","Reconciled","false"
"bdqr_bdep_a6e7cfda51410e6419f18d9a","bdep_a6e7cfda51410e6419f18d9a","bnk_89e8def7d916a2697445fae8","1665.28","2018-11-08","2018-11-07","Deposit","","Loan - Dandelion","System-recorded deposit for QuickBooks Payments","","1501 Undeposited Funds","","Reconciled","false"
"bdqr_bdep_d143712fe1d91ec1b9f2348c","bdep_d143712fe1d91ec1b9f2348c","bnk_0d30af48b5552065605f1131","9000","2021-02-25","2021-02-25","Payment","","Academy of Hope Adult Public Charter School","","","1503 Pledges/Services Receivable","","Reconciled","false"
"bdqr_bdep_1ddf079b1018d49a7e5356ea","bdep_1ddf079b1018d49a7e5356ea","bnk_fac44bfc632e48cb93d53363","2200","2021-01-06","2021-01-05","Deposit","","Seward Montessori","System-recorded deposit for QuickBooks Payments","","1501 Undeposited Funds","","Reconciled","false"
"bdqr_bdep_76b8b4a24f4bf6c4a57bbe32","bdep_76b8b4a24f4bf6c4a57bbe32","bnk_23d5d7a40bed48a9a71b35ab","24255.47","2025-12-22","2025-12-22","Transfer","","","","","TWF CSP Rep grant (1340) - 2","","Reconciled","false"
"bdqr_bdep_8d51c07a4462832e3371a889","bdep_8d51c07a4462832e3371a889","bnk_b09448007effd3c3ee700aa6","5544","2024-04-09","2024-04-09","Payment","","DC Wildflower Public Charter School","","","1503 Pledges/Services Receivable","","Reconciled","false"
"bdqr_bdep_b7f6f0dcd4526ae018267444","bdep_b7f6f0dcd4526ae018267444","bnk_3256e853c3e65c119cd03544","75","2019-03-27","2019-03-26","Deposit","","Loan - Cosmos","System-recorded deposit for QuickBooks Payments","","1501 Undeposited Funds","","Reconciled","false"
"bdqr_bdep_d8010ba79a4546a835bf2750","bdep_d8010ba79a4546a835bf2750","bnk_8413a3fcf1f8bcb0b55d48b9","3280","2026-03-06","2026-03-06","Transfer","","","Transfer from CSP account","","TWF CSP Rep grant (1340) - 2","","Reconciled","false"
"bdqr_bdep_1f3c6d36caea7871fd9a6344","bdep_1f3c6d36caea7871fd9a6344","bnk_ce1d6037ae2528c95cd36d4c","60000","2023-11-10","2023-11-10","Payment","","Overdeck Family Foundation","","","1503 Pledges/Services Receivable","","Reconciled","false"
"bdqr_bdep_13b2c18459eb174d92b04e23","bdep_13b2c18459eb174d92b04e23","bnk_b1ebcd0138638a0871c5c3cf","666.67","2025-12-09","2025-12-08","Payment","P25120302 - 9717894","Desert Peach Montessori","Inv # TWF - Nov Invoice109","","1503 Pledges/Services Receivable","","Reconciled","false"
"bdqr_bdep_a164682baa0b66a5f19c9108","bdep_a164682baa0b66a5f19c9108","bnk_3888e78266b5ace4e8022c82","858.18","2024-10-22","2024-10-22","Payment","P24101801 - 2016134","Water Lily (C)","Oct 2024 School Contributions. Sent via MWMS Bill.","","1503 Pledges/Services Receivable","","Reconciled","false"
"bdqr_bdep_e9d22e2ec827808d043ca80e","bdep_e9d22e2ec827808d043ca80e","bnk_63d1a66fd8c6af6b221bf713","1745","2019-01-24","2019-01-23","Deposit","","Loan - Wild Rose","System-recorded deposit for QuickBooks Payments","","1501 Undeposited Funds","","Reconciled","false"
"bdqr_bdep_11e71082c46227b8255402a2","bdep_11e71082c46227b8255402a2","bnk_a91bd6139e145ddbb038ddb0","2000","2019-02-27","2019-02-26","Deposit","","Loan - Snowdrop","System-recorded deposit for QuickBooks Payments","","1501 Undeposited Funds","","Reconciled","false"
"bdqr_bdep_96632953c3d9dea5c77e7813","bdep_96632953c3d9dea5c77e7813","bnk_be58f64ba1b978b2ba96152c","2886.67","2018-06-22","2018-06-21","Deposit","","","System-recorded deposit for QuickBooks Payments","","","","Reconciled","false"
"bdqr_bdep_07a575f91ccb02d4db2dfab9","bdep_07a575f91ccb02d4db2dfab9","bnk_948923084337e6898dc7a54b","2000","2018-10-05","2018-10-04","Deposit","","Loan - Snowdrop","System-recorded deposit for QuickBooks Payments","","1501 Undeposited Funds","","Reconciled","false"
"bdqr_bdep_a9daab3cb7a41a759f463c98","bdep_a9daab3cb7a41a759f463c98","bnk_ceb63e5aaf4be181e56dea68","450","2020-02-07","2020-02-06","Deposit","","Loan - Echinacea","System-recorded deposit for QuickBooks Payments","","1501 Undeposited Funds","","Reconciled","false"
"bdqr_bdep_f661409a9a2be177085ce767","bdep_f661409a9a2be177085ce767","bnk_af6e228bd26a053384e4a627","3511.67","2019-05-23","2019-05-22","Deposit","","","System-recorded deposit for QuickBooks Payments","","","","Reconciled","false"
"bdqr_bdep_ed25c12ae223f1a65262f162","bdep_ed25c12ae223f1a65262f162","bnk_55e9816a9ea66c0573ffc6a1","292165.52","2026-06-08","2026-06-08","Transfer","","","Transfer from CSP to Operating - CSP reimbursement","","TWF CSP Rep grant (1340) - 2","","Reconciled","false"
"bdqr_bdep_c426a5fda17c1938d6298f10","bdep_c426a5fda17c1938d6298f10","bnk_43af473514580bf371ef9891","1740.28","2019-06-07","2019-06-06","Deposit","","","System-recorded deposit for QuickBooks Payments","","","","Reconciled","false"
"bdqr_bdep_d9755e5c17d9525dfc98670c","bdep_d9755e5c17d9525dfc98670c","bnk_4b88257646812349ef712b22","1045","2018-04-23","2018-04-21","Deposit","","Loan - Wild Rose","System-recorded deposit for QuickBooks Payments","","1501 Undeposited Funds","","Reconciled","false"
"bdqr_bdep_927c5aaa68037ff1fc1d8294","bdep_927c5aaa68037ff1fc1d8294","bnk_8aea3475319afddfdd9e0b87","4859.96","2026-02-10","2026-02-10","Journal","JE CSP # Dec 2027","","BILL 02/10/26 AR Payments","","","","Reconciled","false"
"bdqr_bdep_c5833794849b9e71e6b89dc3","bdep_c5833794849b9e71e6b89dc3","bnk_e65c41e39d052617dc8e837d","3700","2020-01-31","2020-01-31","Payment","","Boston Collegiate","","","1503 Pledges/Services Receivable","","Reconciled","false"
"bdqr_bdep_f8de2667d731574be89ab9ae","bdep_f8de2667d731574be89ab9ae","bnk_5209016369986ec9d1ad588e","187.5","2018-01-18","2018-01-17","Deposit","","Loan - Tiger Lily","System-recorded deposit for QuickBooks Payments","","1501 Undeposited Funds","","Reconciled","false"
"bdqr_bdep_4b8e395fc5b7e660dd6a49f2","bdep_4b8e395fc5b7e660dd6a49f2","bnk_8fce61e1ddeefded745ca002","65000","2023-05-09","2023-05-09","Payment","","Peter Alfond Foundation","","","1503 Pledges/Services Receivable","","Reconciled","false"
"bdqr_bdep_ed23522fe3c2edb6de2f9e43","bdep_ed23522fe3c2edb6de2f9e43","bnk_1bbc892642528825479889e5","499","2017-11-03","2017-11-02","Deposit","","Loan - Wild Rose","System-recorded deposit for QuickBooks Payments","","1501 Undeposited Funds","","Reconciled","false"
"bdqr_bdep_7027c05c13550af7d673cd62","bdep_7027c05c13550af7d673cd62","bnk_ad5691ac6e3b106f5075197f","550","2025-07-03","2025-07-05","Journal","Guarantee rev July 25","","July Guaranty Fee","","","","Reconciled","false"
"bdqr_bdep_1d85ed076b81067956988f9c","bdep_1d85ed076b81067956988f9c","bnk_bbcda80bd06330c78d5b06e6","2500","2020-03-10","2020-03-10","Payment","","Loan - Aster","","","1503 Pledges/Services Receivable","","Reconciled","false"
"bdqr_bdep_5173f0fceba71a8363fc7695","bdep_5173f0fceba71a8363fc7695","bnk_616c91bf13ae5b36eea213a9","2000","2019-08-09","2019-08-08","Deposit","","Loan - Snowdrop","System-recorded deposit for QuickBooks Payments","","1501 Undeposited Funds","","Reconciled","false"
"bdqr_bdep_0bb529bd24fe9c81939477ad","bdep_0bb529bd24fe9c81939477ad","bnk_2cad15fcbd6b74ad9b1a7e29","1604.17","2017-10-27","2017-10-26","Deposit","","Loan - Wildflower","System-recorded deposit for QuickBooks Payments","","1501 Undeposited Funds","","Reconciled","false"
"bdqr_bdep_188700e0845fb67d20507532","bdep_188700e0845fb67d20507532","bnk_3577b6f95abc5c96ca854884","1347.33","2026-01-27","2026-01-26","Payment","P26012302 - 3001706","Roxbury Roots Montessori, Inc.","Inv TWF - Dec 10 Invoice","","1503 Pledges/Services Receivable","","Reconciled","false"
"bdqr_bdep_09b2eea83f02932ce1ba9bbf","bdep_09b2eea83f02932ce1ba9bbf","bnk_ce5a34a0e70733e93f0d57d2","3960.88","2026-06-05","2026-06-05","Journal","JE CSP Alloc Apr 34","","BILL 06/05/26 AR Payments","","","","Reconciled","false"
"bdqr_bdep_46f5e223111367189d31f0f0","bdep_46f5e223111367189d31f0f0","bnk_e8255c107c786cbc2e4d1e71","35611.11","2019-09-09","2019-09-06","Deposit","","","System-recorded deposit for QuickBooks Payments","","","","Reconciled","false"
"bdqr_bdep_766b636b7bb6eb88bb22ac51","bdep_766b636b7bb6eb88bb22ac51","bnk_4b81da98102f6241c0650364","23168.51","2026-06-08","2026-06-08","Transfer","","","Transfer from CSP to Operating - CSP reimbursement","","TWF CSP Rep grant (1340) - 2","","Reconciled","false"
"bdqr_bdep_f7793948c5b78790fb51d279","bdep_f7793948c5b78790fb51d279","bnk_c7a8dd8c5c13bed2b68ce679","350000","2016-11-25","2016-11-23","Payment","","Walton Family Foundation","","","1503 Pledges/Services Receivable","","Reconciled","false"
"bdqr_bdep_81f0ef2bc29f80214802d5f8","bdep_81f0ef2bc29f80214802d5f8","bnk_cac7d67043bf5ae06eda672e","3708.66","2025-12-15","2025-12-15","Journal","Tax_PPE10_12 PD10_20","","BILL 12/15/25 AR Payments","","","","Reconciled","false"
"bdqr_bdep_ae805c62b718913eb9c3f3ec","bdep_ae805c62b718913eb9c3f3ec","bnk_f3db7929f9f93ccda819eccd","107587.12","2025-07-31","2025-07-31","Transfer","","","Tfr from CSP to Operating Account","","TWF CSP Rep grant (1340) - 2","","Reconciled","false"
"bdqr_bdep_7b697d7ae022392d7514f003","bdep_7b697d7ae022392d7514f003","bnk_ff0752b99f818e93af2c707f","80693.73","2025-07-18","2025-07-17","Payment","P25071602 - 2994288","The Sunlight Loan Fund, LLC","Inv 11-SL-June2025","","1503 Pledges/Services Receivable","","Reconciled","false"
"bdqr_bdep_3938f2af7857928afe26f3b2","bdep_3938f2af7857928afe26f3b2","bnk_26a1475b4063543fa90a46c4","4623.55","2026-05-18","2026-05-15","Payment","P26051401 - 1169192","Minnesota Wildflower Montessori School","Inv TWF - May Invoice034","","1503 Pledges/Services Receivable","","Reconciled","false"
"bdqr_bdep_cc5555fb73cc809c4fd48e6c","bdep_cc5555fb73cc809c4fd48e6c","bnk_1b254aeaed202fdef939335d","75","2018-12-13","2018-12-12","Deposit","","Ginkgo - Customer","System-recorded deposit for QuickBooks Payments","","1501 Undeposited Funds","","Reconciled","false"
"bdqr_bdep_1e28a585ef42085de13fc32b","bdep_1e28a585ef42085de13fc32b","bnk_5d57bf078fefe92e6af78b62","237.5","2019-03-11","2019-03-08","Deposit","","Loan - Sweet Pea Montessori","System-recorded deposit for QuickBooks Payments","","1501 Undeposited Funds","","Reconciled","false"
"bdqr_bdep_a45f149e328435edc876e0a8","bdep_a45f149e328435edc876e0a8","bnk_24ae6a200cbf5c855d1048e2","5000","2020-12-10","2020-12-10","Payment","","Diverse Charter Schools Coalition","","","1503 Pledges/Services Receivable","","Reconciled","false"
"bdqr_bdep_99fc547a03a0dca86b0a08a3","bdep_99fc547a03a0dca86b0a08a3","bnk_a5c94d00101cd8f02953c7dc","468.75","2018-11-19","2018-11-17","Deposit","","Wild Rose Montessori School Inc","System-recorded deposit for QuickBooks Payments","","1501 Undeposited Funds","","Reconciled","false"
"bdqr_bdep_0d3207e650978cd618d9131a","bdep_0d3207e650978cd618d9131a","bnk_6cacffdcebccb0cc800c3c49","1604.17","2018-08-23","2018-08-22","Deposit","","Loan - Wildflower","System-recorded deposit for QuickBooks Payments","","1501 Undeposited Funds","","Reconciled","false"
"bdqr_bdep_ea3d761ce7d7ebd77a6ac729","bdep_ea3d761ce7d7ebd77a6ac729","bnk_28e2ce52e644e778ccb6de12","250","2021-12-31","2021-12-31","Payment","","Morgan Stanley","","","1503 Pledges/Services Receivable","","Reconciled","false"
"bdqr_bdep_4abfe6970f5335bca9d0aa69","bdep_4abfe6970f5335bca9d0aa69","bnk_bb30c89c334766616708741b","1781.95","2019-08-02","2019-08-01","Deposit","","","System-recorded deposit for QuickBooks Payments","","","","Reconciled","false"
"bdqr_bdep_8eea860e0cfb2cf905531f24","bdep_8eea860e0cfb2cf905531f24","bnk_ad28888f994cdf58b91b9da1","6317","2024-04-01","2024-04-01","Payment","","DC Wildflower Public Charter School","","","1503 Pledges/Services Receivable","","Reconciled","false"
"bdqr_bdep_90b99962fb8b5e827055a463","bdep_90b99962fb8b5e827055a463","bnk_a4b0100c0c081235840359c4","1002.7","2024-08-22","2024-08-19","Payment","R24081601 - 9359195","Alyssum Montessori","","","1503 Pledges/Services Receivable","","Reconciled","false"
"bdqr_bdep_87ad374555e6c8bdd39eadf3","bdep_87ad374555e6c8bdd39eadf3","bnk_846cbe85e5d2b7a8afe30873","6000","2025-08-12","2025-08-12","Journal","BILL.com 08/12/25 CR","","BILL 08/12/25 Credit P25050801 - 0877632","","","","Reconciled","false"
"bdqr_bdep_8efb1ac1587efcc0d5202626","bdep_8efb1ac1587efcc0d5202626","bnk_4a132e511acca796eeec9c05","416.67","2020-09-02","2020-09-01","Deposit","","Loan - Capucine","System-recorded deposit for QuickBooks Payments","","1501 Undeposited Funds","","Reconciled","false"
"bdqr_bdep_9046319d9b8f463c35fe9dc3","bdep_9046319d9b8f463c35fe9dc3","bnk_b422e65fb2cbe10203df3066","250","2019-08-30","2019-08-29","Deposit","","Loan - Capucine","System-recorded deposit for QuickBooks Payments","","1501 Undeposited Funds","","Reconciled","false"
"bdqr_bdep_e0d3397d4b9f64fa6869154c","bdep_e0d3397d4b9f64fa6869154c","bnk_0243d4faddeb878f9364df28","437.5","2019-09-23","2019-09-20","Deposit","","","System-recorded deposit for QuickBooks Payments","","","","Reconciled","false"
"bdqr_bdep_90c0521cecb039b040b626e0","bdep_90c0521cecb039b040b626e0","bnk_eb6dfb817020ee4184251ebf","325","2018-10-09","2018-10-08","Deposit","","Violeta Montessori - Customer","System-recorded deposit for QuickBooks Payments","","1501 Undeposited Funds","","Reconciled","false"
"bdqr_bdep_c607914a7055adc309367e91","bdep_c607914a7055adc309367e91","bnk_687ac2e3521645627ec2bc19","30000","2020-07-24","2020-07-24","Payment","","DC Wildflower PCS - Service Revenue","","","1503 Pledges/Services Receivable","","Reconciled","false"
"bdqr_bdep_328c6714fe8a0b3b69f74c32","bdep_328c6714fe8a0b3b69f74c32","bnk_f689f219c7a6f0b8da14e8ea","1212.12","2026-02-06","2026-02-05","Payment","P26020302 - 5421007","Desert Peach Montessori","Multiple invoices","","1503 Pledges/Services Receivable","","Reconciled","false"
"bdqr_bdep_4c4d88d73e8a432383b449f8","bdep_4c4d88d73e8a432383b449f8","bnk_bd05457069677d5f6d988e5d","2250","2019-11-13","2019-11-12","Deposit","","","System-recorded deposit for QuickBooks Payments","","","","Reconciled","false"
"bdqr_bdep_9f4e2ed6e94ec90252f256f3","bdep_9f4e2ed6e94ec90252f256f3","bnk_7e63026fd370805adb0adec6","192414.68","2026-05-08","2026-05-06","Transfer","","","To record transfer of CSP grant receipt","","TWF CSP Rep grant (1340) - 2","","Reconciled","false"
"bdqr_bdep_f3122ab1395b6adb8f328e38","bdep_f3122ab1395b6adb8f328e38","bnk_f140d0be06f1f012d31f76ef","1854.33","2026-04-17","2026-04-17","Journal","JE Bill 4.17.26 AR","","BILL 04/17/26 AR Payments","","","","Reconciled","false"
"bdqr_bdep_5370d00364455c9d91d37114","bdep_5370d00364455c9d91d37114","bnk_64b30de4e88bbc0a1dd9f27a","3000","2019-06-27","2019-06-26","Deposit","","Loan - Violeta","System-recorded deposit for QuickBooks Payments","","1501 Undeposited Funds","","Reconciled","false"
"bdqr_bdep_4ba9171dda86f0efefce69cb","bdep_4ba9171dda86f0efefce69cb","bnk_18238e06cd257297629286f6","25000","2021-03-02","2021-03-02","Payment","","Burke Foundation","","","1503 Pledges/Services Receivable","","Reconciled","false"
"bdqr_bdep_717b787886a5fc2ceae00ff3","bdep_717b787886a5fc2ceae00ff3","bnk_674c118bc80ed829587cba87","1604.17","2018-06-18","2018-06-16","Deposit","","Loan - Wildflower","System-recorded deposit for QuickBooks Payments","","1501 Undeposited Funds","","Reconciled","false"
"bdqr_bdep_d9d5cdb7c9b67966600f5516","bdep_d9d5cdb7c9b67966600f5516","bnk_1c52e2c9d7843eb772be15eb","8964.89","2026-02-09","2026-02-09","Journal","6","","BILL 02/09/26 AR Payments","","","","Reconciled","false"
"bdqr_bdep_144c90ed90f3ade9897be0ff","bdep_144c90ed90f3ade9897be0ff","bnk_bce6a11414939c93c90760a3","1404","2019-08-29","2019-08-28","Deposit","","Loan - Wild Rose","System-recorded deposit for QuickBooks Payments","","1501 Undeposited Funds","","Reconciled","false"
"bdqr_bdep_0146265c94da82afb45d5c5d","bdep_0146265c94da82afb45d5c5d","bnk_573545a88fb520f6d03ff6c6","50000","2023-02-14","2023-02-14","Payment","","Temple Hoyne Buell Foundation","","","1503 Pledges/Services Receivable","","Reconciled","false"
"bdqr_bdep_a2b05da3183d3580070e8f85","bdep_a2b05da3183d3580070e8f85","bnk_f24105554c11f605c0c4a65f","30000","2023-12-14","2023-12-14","Payment","","Fundación Banco Popular","","","1503 Pledges/Services Receivable","","Reconciled","false"
"bdqr_bdep_8676394f25780081e1185c27","bdep_8676394f25780081e1185c27","bnk_a21d344e74dfb2af20eb9aa4","200","2020-02-26","2020-02-25","Deposit","","Loan - Fox Flower","System-recorded deposit for QuickBooks Payments","","1501 Undeposited Funds","","Reconciled","false"
"bdqr_bdep_a7192886e42f98cbdff1d4b2","bdep_a7192886e42f98cbdff1d4b2","bnk_ed0f0fee389b4adae44881ee","162.5","2017-09-28","2017-09-27","Deposit","","Loan - Tiger Lily","System-recorded deposit for QuickBooks Payments","","1501 Undeposited Funds","","Reconciled","false"
"bdqr_bdep_facdeb14cf832e251cde1f4b","bdep_facdeb14cf832e251cde1f4b","bnk_9314e8e7acaeb7b1319247a6","250","2018-12-28","2018-12-27","Deposit","","Loan - Capucine","System-recorded deposit for QuickBooks Payments","","1501 Undeposited Funds","","Reconciled","false"
"bdqr_bdep_81af792c146f6ed12b48ed36","bdep_81af792c146f6ed12b48ed36","bnk_05b5faf8a2fde81f30105f56","1212.12","2026-04-07","2026-04-06","Payment","P26040102 - 0891622","Desert Peach Montessori","Multiple invoices","","1503 Pledges/Services Receivable","","Reconciled","false"
"bdqr_bdep_9021670bed5f6f41618183b2","bdep_9021670bed5f6f41618183b2","bnk_1704f1b353a6a649e6f31b67","4523.02","2024-08-29","2024-08-29","Payment","","Wildflower New York Charter School","","","1503 Pledges/Services Receivable","","Reconciled","false"
"bdqr_bdep_18d0c40cf379dcf3cd0cbfc8","bdep_18d0c40cf379dcf3cd0cbfc8","bnk_20ae0a7a2b1b10bfb136c32b","2.74","2017-06-15","2017-06-12","Payment","","Cam Leonard","Donation","","1503 Pledges/Services Receivable","","Reconciled","false"
"bdqr_bdep_b4321c4d732928ac70a42acd","bdep_b4321c4d732928ac70a42acd","bnk_5afe5deeee985aa94e56da45","57925.52","2026-04-08","2026-04-08","Transfer","","","Transfer from CSP to TWF Operations","","TWF CSP Rep grant (1340) - 2","","Reconciled","false"
"bdqr_bdep_1c0bb8f5a7a9667c95ba88b6","bdep_1c0bb8f5a7a9667c95ba88b6","bnk_475dad6a42c359002a92b137","237.5","2018-08-20","2018-08-18","Deposit","","Loan - Sweet Pea Montessori","System-recorded deposit for QuickBooks Payments","","1501 Undeposited Funds","","Reconciled","false"
"bdqr_bdep_a56a07a978e5645bf33bfc21","bdep_a56a07a978e5645bf33bfc21","bnk_ef55a7fc8dde58fbe67a7c0a","1665.28","2019-07-22","2019-07-19","Deposit","","Loan - Dandelion","System-recorded deposit for QuickBooks Payments","","1501 Undeposited Funds","","Reconciled","false"
"bdqr_bdep_7722f3d4290eb8db0a212321","bdep_7722f3d4290eb8db0a212321","bnk_100f7daf3e37e4fdb1389845","2000","2019-05-06","2019-05-03","Deposit","","","System-recorded deposit for QuickBooks Payments","","","","Reconciled","false"
"bdqr_bdep_c26dcd46ed943bd0162443c5","bdep_c26dcd46ed943bd0162443c5","bnk_6805a87fc54799973bd63a6c","5166","2026-04-08","2026-04-08","Journal","JE Bill 4.8.26 AR Pmt","","BILL 04/08/26 AR Payments","","","","Reconciled","false"
"bdqr_bdep_dc63f8424b48e7bb75cd9089","bdep_dc63f8424b48e7bb75cd9089","bnk_9846cf0bf8a2a482fdb9e6d0","6000","2020-12-18","2020-12-17","Deposit","","Loan - Snowdrop","System-recorded deposit for QuickBooks Payments","","","","Reconciled","false"
"bdqr_bdep_e33dc5d8572352897646633e","bdep_e33dc5d8572352897646633e","bnk_0f1594650ba1f7e77970e841","722.75","2022-12-21","2022-12-21","Payment","","AMY HERTEL","","","1503 Pledges/Services Receivable","","Reconciled","false"
"bdqr_bdep_75594fff3d4899631eb5f9f4","bdep_75594fff3d4899631eb5f9f4","bnk_8f5e6d551548d48d7bf0f276","250","2024-02-09","2024-02-09","Payment","","Common Future","","","1503 Pledges/Services Receivable","","Reconciled","false"
"bdqr_bdep_8a94809350ad1e7cc7e7cfa1","bdep_8a94809350ad1e7cc7e7cfa1","bnk_5fa50e67d7d4e907a769e77e","1251.44","2026-04-13","2026-04-13","Journal","JE Bill 4.13.26 AR","","BILL 04/13/26 AR Payments","","","","Reconciled","false"
"bdqr_bdep_a3d1db169f4c2b1871b128fe","bdep_a3d1db169f4c2b1871b128fe","bnk_3935732846fbca2c34190264","105000","2022-11-10","2022-11-10","Payment","","Overdeck Family Foundation","","","1503 Pledges/Services Receivable","","Reconciled","false"
"bdqr_bdep_59640a31e9b5301ab436d3f9","bdep_59640a31e9b5301ab436d3f9","bnk_974a88f4ee001f2b0652a4a1","1606.25","2018-12-17","2018-12-14","Deposit","","Wild Rose Montessori School Inc","System-recorded deposit for QuickBooks Payments","","1501 Undeposited Funds","","Reconciled","false"
"bdqr_bdep_ddba7824e454aeb153840267","bdep_ddba7824e454aeb153840267","bnk_dca5a5df21197eae072abfa0","937.22","2025-12-10","2025-12-10","Journal","JE #CSP Sept 2026","","BILL 12/10/25 AR Payments","","","","Reconciled","false"
"bdqr_bdep_2fc8d5f65681cba9d4a72710","bdep_2fc8d5f65681cba9d4a72710","bnk_f8c6041824ace1e179ef4848","636.5","2018-02-23","2018-02-22","Deposit","","","System-recorded deposit for QuickBooks Payments","","","","Reconciled","false"
"bdqr_bdep_c264f3e843e5692388cf45cf","bdep_c264f3e843e5692388cf45cf","bnk_2da958f96e5851de47cd4250","3960.88","2026-04-21","2026-04-21","Journal","JE Bill 4.21.26 AR","","BILL 04/21/26 AR Payments","","","","Reconciled","false"
"bdqr_bdep_ac999f61c383d5af51f9b57c","bdep_ac999f61c383d5af51f9b57c","bnk_9ae97351a36284353f356840","858.18","2024-09-13","2024-09-13","Payment","","Water Lily (C)","Received via ACH from MWMS Bill","","1503 Pledges/Services Receivable","","Reconciled","false"
"bdqr_bdep_401e28e79684d7fef1bdb78c","bdep_401e28e79684d7fef1bdb78c","bnk_504e044af24fe29ae98a75f9","1665.28","2018-10-12","2018-10-11","Deposit","","Loan - Dandelion","System-recorded deposit for QuickBooks Payments","","1501 Undeposited Funds","","Reconciled","false"
"bdqr_bdep_af067bba5d54a1622ba78d34","bdep_af067bba5d54a1622ba78d34","bnk_12788fbd6cb62a0d35e808d8","75","2019-11-26","2019-11-25","Deposit","","Loan - Allium","System-recorded deposit for QuickBooks Payments","","1501 Undeposited Funds","","Reconciled","false"
"bdqr_bdep_53b4ce0c40ca07569d7cabf4","bdep_53b4ce0c40ca07569d7cabf4","bnk_9f4a3fca2aa21dd344794157","1251.44","2025-10-14","2025-10-14","Journal","Stmt Cr Reward Mar 37","","BILL 10/14/25 AR Payments","","","","Reconciled","false"
"bdqr_bdep_de3f5784cf3aeda76079797e","bdep_de3f5784cf3aeda76079797e","bnk_b2be21bcabcc5b95040d4e7b","58653.43","2026-02-24","2026-02-24","Transfer","","","Transfer of Jan CSP payroll reimbursement","","TWF CSP Rep grant (1340) - 2","","Reconciled","false"
"bdqr_bdep_1816115f45ccbf890a68db7f","bdep_1816115f45ccbf890a68db7f","bnk_fe94b4eeb4cf06549034c862","1854.33","2026-05-14","2026-05-14","Journal","JE CSP IDC Mar 2029","","BILL 05/14/26 AR Payments","","","","Reconciled","false"
"bdqr_bdep_5329368550be157c613d7828","bdep_5329368550be157c613d7828","bnk_09bbc6737601cf892e1e5c5c","1754.17","2018-10-11","2018-10-10","Deposit","","","System-recorded deposit for QuickBooks Payments","","","","Reconciled","false"
"bdqr_bdep_dc265180c43658bf36041aa6","bdep_dc265180c43658bf36041aa6","bnk_b83fa8ba33abc12ba6e838e9","700","2019-12-24","2019-12-23","Deposit","","","System-recorded deposit for QuickBooks Payments","","","","Reconciled","false"
"bdqr_bdep_2dcbed350a0e0e92f340bb4b","bdep_2dcbed350a0e0e92f340bb4b","bnk_c05e3fe588d36e9149348072","237.5","2018-09-28","2018-09-27","Deposit","","Loan - Sweet Pea Montessori","System-recorded deposit for QuickBooks Payments","","1501 Undeposited Funds","","Reconciled","false"
"bdqr_bdep_0f3e8f014cf5433950dbcbda","bdep_0f3e8f014cf5433950dbcbda","bnk_afdefaff1bec43f4bf0e1614","215000","2026-06-05","2026-06-05","Transfer","","","To record transfer from Brokerage to Operating","","1004 BROKERAGE","","Reconciled","false"
"bdqr_bdep_e2316dbd33b2a42e9efd5d89","bdep_e2316dbd33b2a42e9efd5d89","bnk_e140fb5b89ee2d00b631642c","1604.17","2018-04-30","2018-04-28","Deposit","","Loan - Wildflower","System-recorded deposit for QuickBooks Payments","","1501 Undeposited Funds","","Reconciled","false"
"bdqr_bdep_f3b53d72a9d2a81e4f27085a","bdep_f3b53d72a9d2a81e4f27085a","bnk_dbfacb03e1a843e0d6b0fdf8","8578.61","2023-12-14","2023-12-14","Payment","","Local Initiatives Support Corporation (LISC)","","","1503 Pledges/Services Receivable","","Reconciled","false"
"bdqr_bdep_77313172e057a400d93bcdbb","bdep_77313172e057a400d93bcdbb","bnk_923431af59276d3118222339","816.67","2020-11-23","2020-11-20","Deposit","","","System-recorded deposit for QuickBooks Payments","","","","Reconciled","false"
"bdqr_bdep_f6e3872e0d5bbaf8c739ced5","bdep_f6e3872e0d5bbaf8c739ced5","bnk_46f75bf9ff9493b6c5fea6f1","3750","2026-04-03","2026-04-02","Payment","P26040202 - 1146236","The Sunlight Loan Fund, LLC","Inv TWF-SL InvQ3-26","","1503 Pledges/Services Receivable","","Reconciled","false"
"bdqr_bdep_a0dea6857387ecf842687396","bdep_a0dea6857387ecf842687396","bnk_88aff29f914956bc0b7f2359","7500","2020-11-13","2020-11-13","Payment","","New Schools Venture Fund","","","1503 Pledges/Services Receivable","","Reconciled","false"
"bdqr_bdep_162d05c67ff653cd31aa1f50","bdep_162d05c67ff653cd31aa1f50","bnk_2ef0372a51bdf0f85cf5ddbd","743.78","2026-04-09","2026-04-09","Journal","JE Bill 4.9.26 AR Pmt","","BILL 04/09/26 AR Payments","","","","Reconciled","false"
"bdqr_bdep_cf45ccef8a15449d77ee861a","bdep_cf45ccef8a15449d77ee861a","bnk_4850292874f1b547f843faf6","1000000","2020-10-09","2020-10-09","Payment","","Spring Point Partners","","","1503 Pledges/Services Receivable","","Reconciled","false"
"bdqr_bdep_19cdcc64983e260027e80125","bdep_19cdcc64983e260027e80125","bnk_8d8a45c68b7de17ac52a5ca0","850","2020-01-23","2020-01-22","Deposit","","","System-recorded deposit for QuickBooks Payments","","","","Reconciled","false"
"bdqr_bdep_6ed6d2667230d19d9735bc80","bdep_6ed6d2667230d19d9735bc80","bnk_7ba948b45cc42b3429442b13","666.67","2026-03-09","2026-03-09","Journal","JE CSP # Jan 32","","BILL 03/09/26 AR Payments","","","","Reconciled","false"
"bdqr_bdep_ca613db72b87c91fb9aa6473","bdep_ca613db72b87c91fb9aa6473","bnk_23ce651f7436bcb7a64c77d6","167897.19","2026-03-02","2026-03-02","Transfer","","","January CSP reimb for Operating Expenses","","TWF CSP Rep grant (1340) - 2","","Reconciled","false"
"bdqr_bdep_7e7b79c8ebd86d04d4d5ffdf","bdep_7e7b79c8ebd86d04d4d5ffdf","bnk_d4c937cf36d8ee0f002c361f","2694.66","2026-04-02","2026-04-01","Payment","P26033102 - 0636530","Roxbury Roots Montessori, Inc.","Multiple invoices","","1503 Pledges/Services Receivable","","Reconciled","false"
"bdqr_bdep_09520f73568c566d47b63825","bdep_09520f73568c566d47b63825","bnk_4bbcf3f102d2dde33d66b26b","48739.6","2026-06-08","2026-06-08","Transfer","","","Transfer from CSP to Operating - CSP reimbursement","","TWF CSP Rep grant (1340) - 2","","Reconciled","false"
"bdqr_bdep_69fa98e7a734297d701d5c83","bdep_69fa98e7a734297d701d5c83","bnk_5344e0168d62b309858a3205","300000","2023-11-01","2023-11-01","Payment","","Imaginable Futures","","","1503 Pledges/Services Receivable","","Reconciled","false"
"bdqr_bdep_d3a3fb2dff804df14f4e5c11","bdep_d3a3fb2dff804df14f4e5c11","bnk_98075f4738d216ab4f36d4ab","50000","2016-09-30","2016-09-30","Payment","","Jacobson Foundation","","","1503 Pledges/Services Receivable","","Reconciled","false"
"bdqr_bdep_0d6eb20015adfb07502a642e","bdep_0d6eb20015adfb07502a642e","bnk_e152097ce7d6d8951712f789","45235.11","2026-06-26","2026-06-26","Transfer","","","Transfer from CSP to Operating - CSP reimbursement","","TWF CSP Rep grant (1340) - 2","","Reconciled","false"
"bdqr_bdep_1a2ba6514b60f12bbee686ca","bdep_1a2ba6514b60f12bbee686ca","bnk_15267501de858039ee649531","3075","2019-01-29","2019-01-28","Deposit","","","System-recorded deposit for QuickBooks Payments","","","","Reconciled","false"
"bdqr_bdep_6e84f3278d0748fa3b148284","bdep_6e84f3278d0748fa3b148284","bnk_b74e13bbb08574478c34f1c3","30000","2019-05-22","2019-05-22","Payment","","Citybridge Foundation","","","1503 Pledges/Services Receivable","","Reconciled","false"
"bdqr_bdep_44b436f379da23e10e61002e","bdep_44b436f379da23e10e61002e","bnk_aa257769b446b5387149f9e8","7712.5","2023-11-06","2023-11-06","Payment","","Local Initiatives Support Corporation (LISC)","","","1503 Pledges/Services Receivable","","Reconciled","false"
"bdqr_bdep_c17e850a216c14731e4036df","bdep_c17e850a216c14731e4036df","bnk_5cce56741eee6be8f4ee5327","656.25","2018-11-05","2018-11-02","Deposit","","","System-recorded deposit for QuickBooks Payments","","","","Reconciled","false"
"bdqr_bdep_032d5b446b4da6a1c3e0bebf","bdep_032d5b446b4da6a1c3e0bebf","bnk_f3efb8f0f60320d17402f783","500","2021-12-02","2021-12-02","Payment","","Matt and Katie Kramer","","","1503 Pledges/Services Receivable","","Reconciled","false"
"bdqr_bdep_f40e46979f4711254dfd13b4","bdep_f40e46979f4711254dfd13b4","bnk_01910630e9ba4dfc6ef72b15","7850","2021-01-14","2021-01-13","Deposit","","Centennial Montessori School","System-recorded deposit for QuickBooks Payments","","1501 Undeposited Funds","","Reconciled","false"
"bdqr_bdep_7d3c41124d03eaa3a254b222","bdep_7d3c41124d03eaa3a254b222","bnk_f4dd527d835c0a61ab69d16a","2990.35","2025-12-12","2025-12-12","Journal","JE #CSP Sept 2028","","BILL 12/12/25 AR Payments","","","","Reconciled","false"
"bdqr_bdep_fad32a35325f2135b3925c9a","bdep_fad32a35325f2135b3925c9a","bnk_c220cb1a8c4f678f9e282ba8","5000","2019-09-24","2019-09-23","Deposit","","Loan - Violeta","System-recorded deposit for QuickBooks Payments","","1501 Undeposited Funds","","Reconciled","false"
"bdqr_bdep_87e65392151f05d9a8d949ae","bdep_87e65392151f05d9a8d949ae","bnk_e1bf7401317a4f08a7a29224","3511","2024-04-03","2024-04-03","Payment","","DC Wildflower Public Charter School","","","1503 Pledges/Services Receivable","","Reconciled","false"
"bdqr_bdep_81da606b043dea0c7374dd4f","bdep_81da606b043dea0c7374dd4f","bnk_72668eb93dc16e8c9bbac1cf","5351.78","2026-05-18","2026-05-18","Journal","JE CSP IDC Mar 2033","","BILL 05/18/26 AR Payments","","","","Reconciled","false"
"bdqr_bdep_c5379c73fe7396061e38157d","bdep_c5379c73fe7396061e38157d","bnk_bf10cded6f554f15de30fc09","750000","2023-05-26","2023-05-26","Payment","","Arthur Rock Foundation","","","1503 Pledges/Services Receivable","","Reconciled","false"
"bdqr_bdep_dc4e13d2b4d550c327b434d4","bdep_dc4e13d2b4d550c327b434d4","bnk_02c654943204a33042b271ab","1404","2019-12-27","2019-12-26","Deposit","","Loan - Wild Rose","System-recorded deposit for QuickBooks Payments","","1501 Undeposited Funds","","Reconciled","false"
"bdqr_bdep_d5aa63708f6f7a5b61eaa277","bdep_d5aa63708f6f7a5b61eaa277","bnk_bac34065b06e465e3ea7307e","773.47","2025-04-14","2025-04-14","Payment","","MN Department of Revenue","","","1500 Accounts Receivable (A/R)","","Reconciled","false"
"bdqr_bdep_ac9751cf7c5119d4b2f7fa52","bdep_ac9751cf7c5119d4b2f7fa52","bnk_1f715f7ea4f2ec6135af987a","252826.6","2016-10-06","2016-10-06","Payment","","Arthur Rock Foundation","","","1503 Pledges/Services Receivable","","Reconciled","false"
"bdqr_bdep_bd96bf76caacc7e8ea377092","bdep_bd96bf76caacc7e8ea377092","bnk_8fe1be046bb949392f73906c","1604.17","2019-01-16","2019-01-15","Deposit","","Loan - Wildflower","System-recorded deposit for QuickBooks Payments","","1501 Undeposited Funds","","Reconciled","false"
"bdqr_bdep_92db5c9e33c1168941ad2a39","bdep_92db5c9e33c1168941ad2a39","bnk_7ac87c0a954989b8f8d23e11","1695","2018-09-27","2018-09-26","Deposit","","Loan - Wild Rose","System-recorded deposit for QuickBooks Payments","","1501 Undeposited Funds","","Reconciled","false"
"bdqr_bdep_cdcfc980f65ffe662f87db06","bdep_cdcfc980f65ffe662f87db06","bnk_44bafccdfbbe17f51c0cc1c6","1604.17","2019-04-24","2019-04-23","Deposit","","Loan - Wildflower","System-recorded deposit for QuickBooks Payments","","1501 Undeposited Funds","","Reconciled","false"
"bdqr_bdep_0781ed02a01651fb98739643","bdep_0781ed02a01651fb98739643","bnk_062c362701c5c5c06df62fb2","1677.5","2019-11-07","2019-11-06","Deposit","","Loan - Sweet Pea Montessori","System-recorded deposit for QuickBooks Payments","","1501 Undeposited Funds","","Reconciled","false"
"bdqr_bdep_16814d9dfeea3ae13f8261ef","bdep_16814d9dfeea3ae13f8261ef","bnk_bd04cd4236eefd51d097d8ca","15000","2021-03-05","2021-03-05","Payment","","New Schools Venture Fund","","","1503 Pledges/Services Receivable","","Reconciled","false"
"bdqr_bdep_c478362a2d13e2adc9e2e624","bdep_c478362a2d13e2adc9e2e624","bnk_c58496a01d3a05031c6edc80","40000","2023-05-19","2023-05-19","Payment","","Education Forward DC","","","1503 Pledges/Services Receivable","","Reconciled","false"
"bdqr_bdep_dd2ed363dc8760b7dddbbed2","bdep_dd2ed363dc8760b7dddbbed2","bnk_fdd7b92616ec3e366ec54be2","34506.38","2025-10-07","2025-10-07","Journal","","","BILL 10/07/25 AR Payments","","","","Reconciled","false"
"bdqr_bdep_efe83381095bb51be95562b0","bdep_efe83381095bb51be95562b0","bnk_87045314e256332ea8a4744e","300000","2021-08-12","2021-08-12","Payment","","Vela","","","1503 Pledges/Services Receivable","","Reconciled","false"
"bdqr_bdep_3752ba0db4d3073e6c6a3a5b","bdep_3752ba0db4d3073e6c6a3a5b","bnk_9cdef113238b8229da7463e7","150","2026-01-15","2026-01-15","Journal","1","","BILL 01/15/26 Credit P25100901 - 0417777","","","","Reconciled","false"
"bdqr_bdep_07f1244f4eee1a3bf843032e","bdep_07f1244f4eee1a3bf843032e","bnk_f66311f95985e571ab280ed2","133923.82","2025-05-21","2025-05-21","Journal","tfr from CSP to ckg","","","","","","Reconciled","false"
"bdqr_bdep_48cc43f485dd9ea5b7f2c039","bdep_48cc43f485dd9ea5b7f2c039","bnk_9e42edbd6734ec1f58308f96","1500","2018-03-01","2018-03-01","Payment","","Loan - Violeta","","","1503 Pledges/Services Receivable","","Reconciled","false"
"bdqr_bdep_96ccb912d9c9227ef9529557","bdep_96ccb912d9c9227ef9529557","bnk_50e6c00e70926bac504afd56","1045","2018-05-23","2018-05-22","Deposit","","Loan - Wild Rose","System-recorded deposit for QuickBooks Payments","","1501 Undeposited Funds","","Reconciled","false"
"bdqr_bdep_4d527b607c608244c75663e1","bdep_4d527b607c608244c75663e1","bnk_150f5f1b9716db88ed046189","931.25","2018-10-18","2018-10-17","Deposit","","Violeta Montessori - Customer","System-recorded deposit for QuickBooks Payments","","1501 Undeposited Funds","","Reconciled","false"
"bdqr_bdep_e024e02b1a7b20330a60740e","bdep_e024e02b1a7b20330a60740e","bnk_5fb17f58f36dff5cdd742a1e","75","2020-01-29","2020-01-28","Deposit","","Loan - Cosmos","System-recorded deposit for QuickBooks Payments","","1501 Undeposited Funds","","Reconciled","false"
"bdqr_bdep_2934b0ee073d263050468aff","bdep_2934b0ee073d263050468aff","bnk_ebd5f90553b3f211c07af059","200000","2024-04-26","2024-04-26","Payment","","Wend Ventures","","","1503 Pledges/Services Receivable","","Reconciled","false"
"bdqr_bdep_ff6e7065797af9704fe88421","bdep_ff6e7065797af9704fe88421","bnk_f06e63b2c045d2eaffc16003","237.5","2019-01-07","2019-01-05","Deposit","","Loan - Sweet Pea Montessori","System-recorded deposit for QuickBooks Payments","","1501 Undeposited Funds","","Reconciled","false"
"bdqr_bdep_4249f8cde78866f7dfc84588","bdep_4249f8cde78866f7dfc84588","bnk_6c938ffc599068cc1dc01bbd","10160","2024-02-05","2024-02-05","Payment","","DC Wildflower Public Charter School","","","1503 Pledges/Services Receivable","","Reconciled","false"
"bdqr_bdep_7891bb0ff14051e1befc3420","bdep_7891bb0ff14051e1befc3420","bnk_50156b46a184b36ad1b1e70c","3651.78","2025-10-27","2025-10-27","Journal","PPD Exp Sep 2028","","BILL 10/27/25 AR Payments","","","","Reconciled","false"
"bdqr_bdep_86cb7f7c46b4541bcc0fc588","bdep_86cb7f7c46b4541bcc0fc588","bnk_bad82da146da94c303fff4f1","10000","2021-10-12","2021-10-12","Payment","","Goldman Sachs Philanthropy Fund","","","1503 Pledges/Services Receivable","","Reconciled","false"
"bdqr_bdep_4f79f692adc69f700bf157c6","bdep_4f79f692adc69f700bf157c6","bnk_4eab6481e7e52ecc6459a9fa","500","2023-09-22","2023-09-22","Payment","","Philip & Tina Vasan","","","1503 Pledges/Services Receivable","","Reconciled","false"
"bdqr_bdep_9a7a7697d438b0ab932f4750","bdep_9a7a7697d438b0ab932f4750","bnk_130e3b8028a29571da9cb516","187.5","2018-03-08","2018-03-07","Deposit","","Loan - Tiger Lily","System-recorded deposit for QuickBooks Payments","","1501 Undeposited Funds","","Reconciled","false"
"bdqr_bdep_e523d32894a54593f17511c6","bdep_e523d32894a54593f17511c6","bnk_96dfb664c6637b27eb45ae6a","500","2017-10-26","2017-10-25","Deposit","","Loan - Snowdrop","System-recorded deposit for QuickBooks Payments","","1501 Undeposited Funds","","Reconciled","false"
"bdqr_bdep_8a3845eff16c7822e48ae4f9","bdep_8a3845eff16c7822e48ae4f9","bnk_1782ce205fb3c9c3ad4c2f76","33458.7","2022-04-01","2022-04-01","Payment","","DC Wildflower Public Charter School","","","1500 Accounts Receivable (A/R)","","Reconciled","false"
"bdqr_bdep_7438a95c52513c21b8a87abd","bdep_7438a95c52513c21b8a87abd","bnk_c4190de0869d94088019ef9c","20000","2016-09-02","2016-09-02","Payment","","DC Wildflower PCS - Service Revenue","","","1503 Pledges/Services Receivable","","Reconciled","false"
"bdqr_bdep_86323d13b82d1c036c5bfd3b","bdep_86323d13b82d1c036c5bfd3b","bnk_3c24c5e15e68a7c7c67d7332","500000","2021-06-25","2021-06-25","Payment","","OMIDYAR NETWORK FUND INC","","","1503 Pledges/Services Receivable","","Reconciled","false"
"bdqr_bdep_3fa44f3e6e3996ecba31bc16","bdep_3fa44f3e6e3996ecba31bc16","bnk_9067b6579c17b33a13cb50fb","1474.11","2025-10-09","2025-10-09","Journal","Stmt Cr Reward Mar 34","","BILL 10/09/25 AR Payments","","","","Reconciled","false"
"bdqr_bdep_3edc717315896750071f4f23","bdep_3edc717315896750071f4f23","bnk_060598f82cc313859b23d777","5002.78","2019-01-10","2019-01-09","Deposit","","","System-recorded deposit for QuickBooks Payments","","","","Reconciled","false"
"bdqr_bdep_ba31f6567d362fe10b5569a7","bdep_ba31f6567d362fe10b5569a7","bnk_fc03e76cf25c6a95997b5e53","69833.29","2025-05-14","2025-05-14","Journal","tfr from csp to ckg","","","","","","Reconciled","false"
"bdqr_bdep_2ab1788777eee350d394110b","bdep_2ab1788777eee350d394110b","bnk_de9d6f29bbcbc2b7986de235","137.5","2017-12-08","2017-12-07","Deposit","","Loan - Dandelion","System-recorded deposit for QuickBooks Payments","","1501 Undeposited Funds","","Reconciled","false"
"bdqr_bdep_4943a8fa49e5ae5a1c8cb74c","bdep_4943a8fa49e5ae5a1c8cb74c","bnk_19b653843739e14eb5dadbec","200000","2026-05-05","2026-05-05","Transfer","","","Transfer to Operating Account","","1004 BROKERAGE","","Reconciled","false"
"bdqr_bdep_6ab2352a21a6994c92bdc8da","bdep_6ab2352a21a6994c92bdc8da","bnk_cb88258fa982e4b19806f15a","129062.02","2025-08-08","2025-08-08","Transfer","","","Tfr from CSP to Operating Account","","TWF CSP Rep grant (1340) - 2","","Reconciled","false"
"bdqr_bdep_b4c010befdb98d3d53d4aa41","bdep_b4c010befdb98d3d53d4aa41","bnk_ff0af07fc30f90bcd3d5a56f","500000","2023-07-11","2023-07-11","Payment","","Stand Together Trust","","","1503 Pledges/Services Receivable","","Reconciled","false"
"bdqr_bdep_a4a1bb56d87df3ad4d734b2c","bdep_a4a1bb56d87df3ad4d734b2c","bnk_2adb1d21b9aeab35cc50686e","2000","2020-03-09","2020-03-06","Deposit","","Loan - Snowdrop","System-recorded deposit for QuickBooks Payments","","1501 Undeposited Funds","","Reconciled","false"
"bdqr_bdep_e173ce5ef28750af15217074","bdep_e173ce5ef28750af15217074","bnk_e253efcb6d33d4893a53df3a","11600","2023-06-22","2023-06-22","Payment","","Aster Montessori School Inc","","","1503 Pledges/Services Receivable","","Reconciled","false"
"bdqr_bdep_9a4aab5175edfd5f21779617","bdep_9a4aab5175edfd5f21779617","bnk_649c8fd14238f4b86802e1c9","1677.5","2019-10-16","2019-10-15","Deposit","","Loan - Sweet Pea Montessori","System-recorded deposit for QuickBooks Payments","","1501 Undeposited Funds","","Reconciled","false"
"bdqr_bdep_e956a549fa56abe01f789540","bdep_e956a549fa56abe01f789540","bnk_ce72055792bb4db16de0a618","25000","2021-12-01","2021-12-01","Payment","","Temple Hoyne Buell Foundation","","","1503 Pledges/Services Receivable","","Reconciled","false"
"bdqr_bdep_ee6f214845d5a3a41142c555","bdep_ee6f214845d5a3a41142c555","bnk_9ac8f8bc30f433d3263f7d32","605.48","2025-11-07","2025-11-07","Journal","Bill.com CR_11_7_25","","BILL 11/07/25 Credit P25080401 - 7634981","","","","Reconciled","false"
"bdqr_bdep_cd559229199989531de7a9ba","bdep_cd559229199989531de7a9ba","bnk_74f1b588323bd842528ea0a3","9000","2021-02-18","2021-02-18","Payment","","CHI St Joseph's Children","","","1503 Pledges/Services Receivable","","Reconciled","false"
"bdqr_bdep_9e4619144c9978ef4a4222a6","bdep_9e4619144c9978ef4a4222a6","bnk_4f2790eb3730a59f0b9f55dc","6508","2025-07-24","2025-07-24","Journal","Bill.com Credit 7/24","","BILL 07/24/25 Credit P25041801 - 7245043","","","","Reconciled","false"
"bdqr_bdep_6d4ebb7d82ae4d6a196c3beb","bdep_6d4ebb7d82ae4d6a196c3beb","bnk_c15f483158cd46ad7c4f3e07","3710","2022-12-12","2022-12-12","Payment","","DC Wildflower Public Charter School","","","1500 Accounts Receivable (A/R)","","Reconciled","false"
"bdqr_bdep_89cdf3d883629b30102bc16d","bdep_89cdf3d883629b30102bc16d","bnk_9f914ac71e07c331dd0868db","20000","2021-07-27","2021-07-27","Payment","","The Sauer Family Foundation","","","1503 Pledges/Services Receivable","","Reconciled","false"
"bdqr_bdep_b04da5c277bf357806e0168a","bdep_b04da5c277bf357806e0168a","bnk_713ce19597b1890473e99fda","2000","2018-02-05","2018-02-05","Payment","","Loan - Snowdrop","","","1503 Pledges/Services Receivable","","Reconciled","false"
"bdqr_bdep_1f12b400cfbb351518d1b815","bdep_1f12b400cfbb351518d1b815","bnk_24d42f77db8efd0f889f66d5","4990.56","2026-02-04","2026-02-03","Payment","P26020202 - 5145722","Wildflower New York Charter School","Inv TWF-SL InvoiceQ13","","1503 Pledges/Services Receivable","","Reconciled","false"
"bdqr_bdep_f495d0fd5bc14af72ac6d8c6","bdep_f495d0fd5bc14af72ac6d8c6","bnk_a79d592a318ffde3cea4f024","6520","2022-04-21","2022-04-21","Payment","","PELSB GRANT","","","1503 Pledges/Services Receivable","","Reconciled","false"
"bdqr_bdep_3f84758ac23262b42cd15fa5","bdep_3f84758ac23262b42cd15fa5","bnk_5c18d1ab039d3753ce1d775a","51781.56","2026-01-26","2026-01-26","Transfer","","","Transfer from CSP","","TWF CSP Rep grant (1340) - 2","","Reconciled","false"
"bdqr_bdep_61c3706fbae421e313606264","bdep_61c3706fbae421e313606264","bnk_5bbca057200c0d30385319d4","10835.5","2022-11-03","2022-11-03","Payment","","DC Wildflower Public Charter School","","","1500 Accounts Receivable (A/R)","","Reconciled","false"
"bdqr_bdep_58658dc20b1a5e349f15de18","bdep_58658dc20b1a5e349f15de18","bnk_430175fa045f109dacf6feee","500","2026-06-05","2026-06-05","Journal","JE CSP Alloc Apr 33","","BILL 06/05/26 Credit P26030201 - 6260587","","","","Reconciled","false"
"bdqr_bdep_c89b9dcdeee2d81f9f043cc6","bdep_c89b9dcdeee2d81f9f043cc6","bnk_60b15d77487f7c6c4e9ee403","7541.67","2020-12-21","2020-12-18","Deposit","","","System-recorded deposit for QuickBooks Payments","","","","Reconciled","false"
"bdqr_bdep_5aa58d333c2620a917c996f6","bdep_5aa58d333c2620a917c996f6","bnk_4374c903a05be35803518c64","5000","2026-01-29","2026-01-30","Deposit","","Lindsay and Matt Haldeman","Matt and Lindsay Haldeman Received via Vanguard DAF for BWF gen op support","","4100.1 Restricted Donations:Restricted Donations - Individual","General Operations BWF","Reconciled","false"
"bdqr_bdep_7b1a04cdfad83aed42d4bb62","bdep_7b1a04cdfad83aed42d4bb62","bnk_63ac3f6664f5b6669641dd0d","2675.89","2025-10-23","2025-10-23","Journal","PPD Exp Sep 2027","","BILL 10/23/25 AR Payments","","","","Reconciled","false"
"bdqr_bdep_4d3a202ae2d425cad8a9ab83","bdep_4d3a202ae2d425cad8a9ab83","bnk_8b191be96962ddaeca8b7fbd","5278.94","2025-04-29","2025-04-29","Payment","","Water Lily (C)","","","1503 Pledges/Services Receivable","","Reconciled","false"
"bdqr_bdep_837a576bd26a41892e5decc7","bdep_837a576bd26a41892e5decc7","bnk_607ce058db19fed1fa8a8b14","1500","2018-05-04","2018-05-04","Payment","","Loan - Violeta","","","1503 Pledges/Services Receivable","","Reconciled","false"
"bdqr_bdep_5cdf15ec44bc83387f711bfa","bdep_5cdf15ec44bc83387f711bfa","bnk_0a0d6e78a3acc23403d360e1","100000","2022-06-29","2022-06-29","Payment","","Blue Cross & Blue Shield Foundation of MN","","","1503 Pledges/Services Receivable","","Reconciled","false"
"bdqr_bdep_f5f90462a11f31be8d7855f5","bdep_f5f90462a11f31be8d7855f5","bnk_bc673a508416887e15d2b057","2000","2018-11-05","2018-11-03","Deposit","","Loan - Snowdrop","System-recorded deposit for QuickBooks Payments","","1501 Undeposited Funds","","Reconciled","false"
"bdqr_bdep_5240672e3141a5793c3602b2","bdep_5240672e3141a5793c3602b2","bnk_4b02bb9f6096718112d153dd","10000","2024-03-21","2024-03-21","Payment","","McKnight Foundation","","","1503 Pledges/Services Receivable","","Reconciled","false"
"bdqr_bdep_5b0d33ce1c3d246e8a84c252","bdep_5b0d33ce1c3d246e8a84c252","bnk_34afd26f0fd765dfe4410506","137.5","2018-02-14","2018-02-13","Deposit","","Loan - Dandelion","System-recorded deposit for QuickBooks Payments","","1501 Undeposited Funds","","Reconciled","false"
"bdqr_bdep_486e61b7974598a8d21073f0","bdep_486e61b7974598a8d21073f0","bnk_a478b5f83da0201ad167b67a","275","2019-09-25","2019-09-24","Deposit","","","System-recorded deposit for QuickBooks Payments","","","","Reconciled","false"
"bdqr_bdep_6f2447e5e6966b994fc6604f","bdep_6f2447e5e6966b994fc6604f","bnk_2411ffb20c4e4e7b8905c5aa","2000","2020-09-04","2020-09-03","Deposit","","Loan - Snowdrop","System-recorded deposit for QuickBooks Payments","","1501 Undeposited Funds","","Reconciled","false"
"bdqr_bdep_f3af978bcffae5c418bd8d4c","bdep_f3af978bcffae5c418bd8d4c","bnk_0fea5666086949f21ab40da5","105000","2021-11-05","2021-11-05","Payment","","Overdeck Family Foundation","","","1503 Pledges/Services Receivable","","Reconciled","false"
"bdqr_bdep_f1aec8ed14f5d8b79399e9a1","bdep_f1aec8ed14f5d8b79399e9a1","bnk_646ef53fbdf2db7c4f131e98","2675.89","2026-06-29","2026-06-29","Journal","JE CSP IDC Apr30 OpEx","","BILL 06/29/26 AR Payments","","","","Reconciled","false"
"bdqr_bdep_84652e5a393079c871d72872","bdep_84652e5a393079c871d72872","bnk_b8ee19bf383d97335e0ec326","811.08","2024-09-19","2024-09-18","Payment","P24091302 - 0062892","Snowdrop Montessori School Inc","Inv 79252461-144","","1503 Pledges/Services Receivable","","Reconciled","false"
"bdqr_bdep_cb76bed00cb1e12de189d5bc","bdep_cb76bed00cb1e12de189d5bc","bnk_d614f8cc099f25fe4181bd70","200000","2025-12-17","2025-12-17","Transfer","","","","","1004 BROKERAGE","","Reconciled","false"
"bdqr_bdep_beb87fdebb748aba6bd15f2c","bdep_beb87fdebb748aba6bd15f2c","bnk_76e0faf23ffb215f43ebbcaa","4990.56","2026-01-15","2026-01-14","Payment","P26011302 - 0243698","Wildflower New York Charter School","Inv TWF - Dec 52 Invoice","","1503 Pledges/Services Receivable","","Reconciled","false"
"bdqr_bdep_9a3ce59392a4ace8257c390e","bdep_9a3ce59392a4ace8257c390e","bnk_ac1df9f8c844592afe036b36","1","2017-05-26","2017-05-26","Payment","","Cam Leonard","","","1503 Pledges/Services Receivable","","Reconciled","false"
"bdqr_bdep_5392964f787e7176da6644d4","bdep_5392964f787e7176da6644d4","bnk_cfdefb0a5932eb798e22e0d7","35169.5","2026-04-07","2026-04-07","Journal","JE 4/7 AR Pmts","","BILL 04/07/26 AR Payments","","","","Reconciled","false"
"bdqr_bdep_84397441517b91a298dc18cd","bdep_84397441517b91a298dc18cd","bnk_97fdadd22c798d0953ff1fff","75","2019-04-22","2019-04-19","Deposit","","Loan - Cosmos","System-recorded deposit for QuickBooks Payments","","1501 Undeposited Funds","","Reconciled","false"
"bdqr_bdep_30ce13c21a087c9bc5044ded","bdep_30ce13c21a087c9bc5044ded","bnk_347c2aa58822b3101e74d77b","500000","2021-12-22","2021-12-22","Payment","","Spring Point Partners","","","1503 Pledges/Services Receivable","","Reconciled","false"
"bdqr_bdep_e8573af9a8f5515fc4fd4d79","bdep_e8573af9a8f5515fc4fd4d79","bnk_e6d1fdc2319eddfcbd60c54d","5000","2025-01-31","2025-01-31","Payment","","Melanie Dukes","","","1503 Pledges/Services Receivable","","Reconciled","false"
"bdqr_bdep_1c6e823ebb7bb6d10140af5c","bdep_1c6e823ebb7bb6d10140af5c","bnk_6c52fed427290bdb0a00e015","4523.02","2024-09-24","2024-09-23","Payment","P24091902 - 1341320","Wildflower New York Charter School","Inv 79252461-193","","1503 Pledges/Services Receivable","","Reconciled","false"
"bdqr_bdep_0dacc1f00e3889bf69fe664d","bdep_0dacc1f00e3889bf69fe664d","bnk_9e990a3dc1da6cb692b2e61b","237.5","2019-04-12","2019-04-11","Deposit","","Loan - Sweet Pea Montessori","System-recorded deposit for QuickBooks Payments","","1501 Undeposited Funds","","Reconciled","false"
"bdqr_bdep_4f00a38ab61f681199974988","bdep_4f00a38ab61f681199974988","bnk_16746e9771fada566aeb9835","18331.95","2017-09-18","2017-09-16","Deposit","","Loan - Dandelion","System-recorded deposit for QuickBooks Payments","","1501 Undeposited Funds","","Reconciled","false"
"bdqr_bdep_e859e3dd498c09cb7f24e5d2","bdep_e859e3dd498c09cb7f24e5d2","bnk_73a6d4d59bb0c002e71abff9","975","2025-10-17","2025-10-17","Journal","","","BILL 10/17/25 AR Payments","","","","Reconciled","false"
"bdqr_bdep_c9f020f3d0e7a2979c78152f","bdep_c9f020f3d0e7a2979c78152f","bnk_09126e05ddbb6e0084b2b601","2029.17","2018-10-25","2018-10-24","Deposit","","","System-recorded deposit for QuickBooks Payments","","","","Reconciled","false"
"bdqr_bdep_2dd1fa0565a2d7f8bb6a1d8f","bdep_2dd1fa0565a2d7f8bb6a1d8f","bnk_d688ea8b59eca63a06d0528b","500000","2024-06-18","2024-06-18","Payment","","Imaginable Futures","","","1503 Pledges/Services Receivable","","Reconciled","false"
"bdqr_bdep_3031a3acb86b75cf03797dd5","bdep_3031a3acb86b75cf03797dd5","bnk_f74d28c95ee32bdbfec8cbb7","25000","2016-12-14","2016-12-14","Payment","","Fidelity Charitable","","","1503 Pledges/Services Receivable","","Reconciled","false"
"bdqr_bdep_188f76776642059264386441","bdep_188f76776642059264386441","bnk_d7f280bc211e698fc18d7418","75","2019-12-20","2019-12-19","Deposit","","Loan - Cosmos","System-recorded deposit for QuickBooks Payments","","1501 Undeposited Funds","","Reconciled","false"
"bdqr_bdep_62af59214402757eb061161e","bdep_62af59214402757eb061161e","bnk_77931b3b49ae36ca99e6f8de","4990.56","2026-04-06","2026-04-03","Payment","P26040202 - 1206247","Wildflower New York Charter School","Inv TWF - April Inv045","","1503 Pledges/Services Receivable","","Reconciled","false"
"bdqr_bdep_5413a415c30074ab61b7bf9f","bdep_5413a415c30074ab61b7bf9f","bnk_123be061e71d3265048900e1","2090.28","2018-11-26","2018-11-24","Deposit","","","System-recorded deposit for QuickBooks Payments","","","","Reconciled","false"
"bdqr_bdep_acc6d85c2ceec6054a3c8da6","bdep_acc6d85c2ceec6054a3c8da6","bnk_ddc73575dc8114a2c6f4365a","94761.53","2023-07-31","2023-07-31","Payment","","WNYCS","","","1503 Pledges/Services Receivable","","Reconciled","false"
"bdqr_bdep_28ff1b72ea76be41a8facf56","bdep_28ff1b72ea76be41a8facf56","bnk_625137426454fd5fa71dd1ae","52686.81","2025-12-22","2025-12-22","Transfer","","","","","TWF CSP Rep grant (1340) - 2","","Reconciled","false"
"bdqr_bdep_d1d0730a1c258bbbc2349fcd","bdep_d1d0730a1c258bbbc2349fcd","bnk_ff066264247a793182c86a32","6179.08","2025-12-12","2025-12-12","Payment","11122872","DC Wildflower Public Charter School","","","1503 Pledges/Services Receivable","","Reconciled","false"
"bdqr_bdep_a20040efff5c6e039646217d","bdep_a20040efff5c6e039646217d","bnk_3a146f4327ada8b191903006","1665.28","2018-07-23","2018-07-21","Deposit","","Loan - Dandelion","System-recorded deposit for QuickBooks Payments","","1501 Undeposited Funds","","Reconciled","false"
"bdqr_bdep_adf312c451c759410b9dafee","bdep_adf312c451c759410b9dafee","bnk_e42c3849efc172b59bebffc9","600000","2017-08-21","2017-08-21","Payment","","Walton Family Foundation","","","1503 Pledges/Services Receivable","","Reconciled","false"
"bdqr_bdep_0c7e907e71e7010606c64248","bdep_0c7e907e71e7010606c64248","bnk_505e310cdf8a7d9276e9c28b","1604.17","2017-09-21","2017-09-20","Deposit","","Loan - Wildflower","System-recorded deposit for QuickBooks Payments","","1501 Undeposited Funds","","Reconciled","false"
"bdqr_bdep_c345022652cd4e14d68847b6","bdep_c345022652cd4e14d68847b6","bnk_e31c4358c8ddd717a501814c","1404","2020-03-03","2020-03-02","Deposit","","Loan - Wild Rose","System-recorded deposit for QuickBooks Payments","","1501 Undeposited Funds","","Reconciled","false"
"bdqr_bdep_064023e9f3faefad396c483b","bdep_064023e9f3faefad396c483b","bnk_ae7c5acd1d4b8cab4df14b19","250000","2017-01-04","2017-01-04","Payment","","New Schools Venture Fund","","","1503 Pledges/Services Receivable","","Reconciled","false"
"bdqr_bdep_f4bb6933c39dbf96b401c530","bdep_f4bb6933c39dbf96b401c530","bnk_639080bb135bb6d8026f0633","1251.44","2025-12-11","2025-12-11","Journal","JE #CSP Sept 2027","","BILL 12/11/25 AR Payments","","","","Reconciled","false"
"bdqr_bdep_856bb5bcf03c25334b816a3f","bdep_856bb5bcf03c25334b816a3f","bnk_44a30cd5237d7a64a066d8ba","1000000","2021-11-12","2021-11-12","Payment","","Spring Point Partners","","","1503 Pledges/Services Receivable","","Reconciled","false"
"bdqr_bdep_f66d5c0faee07189f1f0d260","bdep_f66d5c0faee07189f1f0d260","bnk_594c741623a9c88b8ff50dd1","1745","2019-04-23","2019-04-22","Deposit","","Loan - Wild Rose","System-recorded deposit for QuickBooks Payments","","1501 Undeposited Funds","","Reconciled","false"
"bdqr_bdep_933bad660cb87f13279c82cd","bdep_933bad660cb87f13279c82cd","bnk_58c1bab75ac438cf366dfe5b","249917","2023-05-25","2023-05-25","Payment","","Gates Family Foundation","","","1503 Pledges/Services Receivable","","Reconciled","false"
"bdqr_bdep_0ead9ab3ea7243b52efba987","bdep_0ead9ab3ea7243b52efba987","bnk_12c7c87d457c4f556a2fc68e","20000","2020-11-04","2020-11-04","Payment","","LAWYERS COMMITTEE","","","1503 Pledges/Services Receivable","","Reconciled","false"
"bdqr_bdep_93545eca27016985df6f9dcd","bdep_93545eca27016985df6f9dcd","bnk_a76d9095e268530d7c368778","2504","2020-01-24","2020-01-23","Deposit","","","System-recorded deposit for QuickBooks Payments","","","","Reconciled","false"
"bdqr_bdep_a0a8fd0a3008b43fc9e645fa","bdep_a0a8fd0a3008b43fc9e645fa","bnk_5fb0af7b6e4fefce9b87a4f1","462.5","2019-07-15","2019-07-12","Deposit","","","System-recorded deposit for QuickBooks Payments","","","","Reconciled","false"
"bdqr_bdep_de5af5987ae3723c98533e47","bdep_de5af5987ae3723c98533e47","bnk_f45e4cee8d3aa8b2e66beaf9","6604","2019-10-23","2019-10-22","Deposit","","","System-recorded deposit for QuickBooks Payments","","","","Reconciled","false"
"bdqr_bdep_4c457d9780afb9c1524a08c9","bdep_4c457d9780afb9c1524a08c9","bnk_90def102847eeea14e96bcfa","37986.28","2026-05-07","2026-05-07","Journal","JE CSP Alloc Mar 2035","","BILL 05/07/26 AR Payments","","","","Reconciled","false"
"bdqr_bdep_509294c6aa0a124e41346de1","bdep_509294c6aa0a124e41346de1","bnk_1e0c27e2ee68a8925e581be8","100000","2022-09-01","2022-09-01","Payment","","Imaginable Futures","","","1503 Pledges/Services Receivable","","Reconciled","false"
"bdqr_bdep_f61b87a8dbc9bbc3cdbcf6b8","bdep_f61b87a8dbc9bbc3cdbcf6b8","bnk_e494724b806ec32a55c8f2c7","450","2018-06-13","2018-06-12","Deposit","","","System-recorded deposit for QuickBooks Payments","","","","Reconciled","false"
"bdqr_bdep_cd41868121a7ed30d1719d7d","bdep_cd41868121a7ed30d1719d7d","bnk_15ebabba7124499259ea2944","137.5","2018-04-16","2018-04-13","Deposit","","Loan - Dandelion","System-recorded deposit for QuickBooks Payments","","1501 Undeposited Funds","","Reconciled","false"
"bdqr_bdep_bab2d9a24d26d3fc66643156","bdep_bab2d9a24d26d3fc66643156","bnk_14d70b23cb5f9d9a7860c6ae","25000","2023-07-27","2023-07-27","Payment","","McKnight Foundation","","","1503 Pledges/Services Receivable","","Reconciled","false"
"bdqr_bdep_eb773f829009297e67c88789","bdep_eb773f829009297e67c88789","bnk_45528f26ac042d3fe810d4bf","3000","2025-07-14","2025-07-14","Payment","","Allen Vasan","","","1503 Pledges/Services Receivable","","Reconciled","false"
"bdqr_bdep_8a3fbb89d6713364d42c7548","bdep_8a3fbb89d6713364d42c7548","bnk_93d1195757c275b3dac9cee9","4995","2019-03-25","2019-03-22","Deposit","","","System-recorded deposit for QuickBooks Payments","","","","Reconciled","false"
"bdqr_bdep_abfb923749e01829167bd053","bdep_abfb923749e01829167bd053","bnk_7ac91a2a868acd5157c5d72a","212.5","2019-06-06","2019-06-05","Deposit","","Loan - Tiger Lily","System-recorded deposit for QuickBooks Payments","","1501 Undeposited Funds","","Reconciled","false"
"bdqr_bdep_72f9dabe7b36b548cb7600aa","bdep_72f9dabe7b36b548cb7600aa","bnk_da58d8350c694c2d480415f3","13194.05","2023-06-27","2023-06-27","Payment","","Minnesota Wildflower Montessori School","","","1503 Pledges/Services Receivable","","Reconciled","false"
"bdqr_bdep_e622cd03c2873b9ee9e23e0f","bdep_e622cd03c2873b9ee9e23e0f","bnk_32bd60c97ffd0b46c56604e7","40000","2024-04-12","2024-04-12","Payment","","Wend Ventures","","","1503 Pledges/Services Receivable","","Reconciled","false"
"bdqr_bdep_b0d9dba5d42b10c019b87718","bdep_b0d9dba5d42b10c019b87718","bnk_3827b32c806eb327ea00658f","15000","2025-06-16","2025-06-16","Payment","","Anonymous","","","1503 Pledges/Services Receivable","","Reconciled","false"
"bdqr_bdep_88b2e3e7755b45c680ff59b0","bdep_88b2e3e7755b45c680ff59b0","bnk_bd00271a5fde54ee283ff9f8","5000","2023-12-29","2023-12-29","Payment","","Sampath Krishnan","","","1503 Pledges/Services Receivable","","Reconciled","false"
"bdqr_bdep_88b36bfdd68579c91ce4e321","bdep_88b36bfdd68579c91ce4e321","bnk_a9863eeed3fdf05780cfac1f","59786.7","2025-08-08","2025-08-08","Transfer","","","Tfr from CSP to Operating Account","","TWF CSP Rep grant (1340) - 2","","Reconciled","false"
"bdqr_bdep_4d256b008533173fcf012918","bdep_4d256b008533173fcf012918","bnk_08ceef4e85c32ea9874eaab2","99905.25","2023-05-31","2023-05-31","Payment","","Wildflower New York Charter School","","","1503 Pledges/Services Receivable","","Reconciled","false"
"bdqr_bdep_2e987e8c02d51b1f2dd214e0","bdep_2e987e8c02d51b1f2dd214e0","bnk_56e66a3b6e83db96fc142bee","53679.53","2025-04-14","2025-04-14","Journal","tfr from CSP to ckg","","","","","","Reconciled","false"
"bdqr_bdep_8a883e2c205bd3549976eba9","bdep_8a883e2c205bd3549976eba9","bnk_44ca6295e047b912949d3058","18544.45","2018-09-10","2018-09-08","Deposit","","","System-recorded deposit for QuickBooks Payments","","","","Reconciled","false"
"bdqr_bdep_1fba4d0c488c9f5cd8f574de","bdep_1fba4d0c488c9f5cd8f574de","bnk_b1383e2d184d5db494b9c867","693.75","2018-12-03","2018-11-30","Deposit","","Wild Rose Montessori School Inc","System-recorded deposit for QuickBooks Payments","","1501 Undeposited Funds","","Reconciled","false"
"bdqr_bdep_a305fb6234b756ada8337e78","bdep_a305fb6234b756ada8337e78","bnk_98402d2850fe79978780b402","400","2019-07-05","2019-07-03","Deposit","","Loan- Hawthorn","System-recorded deposit for QuickBooks Payments","","1501 Undeposited Funds","","Reconciled","false"
"bdqr_bdep_b4ca270571a7e9b9224eaa4d","bdep_b4ca270571a7e9b9224eaa4d","bnk_6f68a3dab7c855410c6429cd","70000","2020-07-13","2020-07-13","Payment","","Blue Cross & Blue Shield Foundation of MN","","","1503 Pledges/Services Receivable","","Reconciled","false"
"bdqr_bdep_97caf51c35119f3a052bf513","bdep_97caf51c35119f3a052bf513","bnk_d2d014e5ac3a6a4c8bef5e22","43072.13","2026-03-06","2026-03-06","Journal","JE CSP # Jan 30","","BILL 03/06/26 AR Payments","","","","Reconciled","false"
"bdqr_bdep_4ee67c06dadee00d3012b71a","bdep_4ee67c06dadee00d3012b71a","bnk_fdb0676dcdd0bd03da150dd3","200","2019-07-26","2019-07-25","Deposit","","Loan - Fox Flower","System-recorded deposit for QuickBooks Payments","","1501 Undeposited Funds","","Reconciled","false"
"bdqr_bdep_957fab3c40be6e44f4f165fd","bdep_957fab3c40be6e44f4f165fd","bnk_9d6577d70d37703ee59caee7","200","2020-01-08","2020-01-07","Deposit","","Loan - Fox Flower","System-recorded deposit for QuickBooks Payments","","1501 Undeposited Funds","","Reconciled","false"
"bdqr_bdep_9af0dabb445d966311854176","bdep_9af0dabb445d966311854176","bnk_c12a4fc30e6cf8f07171dfb0","1980.44","2026-02-11","2026-02-11","Journal","JE CSP # Dec 2029","","BILL 02/11/26 AR Payments","","","","Reconciled","false"
"bdqr_bdep_5618898cc8b35ced79007284","bdep_5618898cc8b35ced79007284","bnk_6cdbfdaa73bc09d5a6c314c6","1000000","2021-03-04","2021-03-04","Payment","","Valhalla Charitable Fnd","","","1503 Pledges/Services Receivable","","Reconciled","false"
"bdqr_bdep_26d6bc43abd7b89e470ae2af","bdep_26d6bc43abd7b89e470ae2af","bnk_d452e2358243bfd398d6608b","162.5","2017-11-13","2017-11-10","Deposit","","Loan - Tiger Lily","System-recorded deposit for QuickBooks Payments","","1501 Undeposited Funds","","Reconciled","false"
"bdqr_bdep_4edcfd92ec32898fcfc8b7a0","bdep_4edcfd92ec32898fcfc8b7a0","bnk_78ce8c34a140cdbc398b98dd","0.11","2026-04-08","2026-04-07","Payment","P26040601 - 3236461","Minnesota Wildflower Montessori School","Inv TWF MarchInvoice008","","1503 Pledges/Services Receivable","","Reconciled","false"
"bdqr_bdep_f0359360b11492126775997b","bdep_f0359360b11492126775997b","bnk_643893993a8cacdd830b823e","2000","2019-12-04","2019-12-03","Deposit","","Loan - Snowdrop","System-recorded deposit for QuickBooks Payments","","1501 Undeposited Funds","","Reconciled","false"
"bdqr_bdep_475726c1865682fd00c5c9a3","bdep_475726c1865682fd00c5c9a3","bnk_8178b6c3703d4b59bb662154","550","2021-10-15","2021-10-15","Payment","","Varde","","","1503 Pledges/Services Receivable","","Reconciled","false"
"bdqr_bdep_dbf05e890ba590d1d1885406","bdep_dbf05e890ba590d1d1885406","bnk_fec97d6eb299c60a998aae3b","11000","2019-04-09","2019-04-09","Payment","","Cambridge Public Schools","","","1503 Pledges/Services Receivable","","Reconciled","false"
"bdqr_bdep_152ddc7055a597227917a153","bdep_152ddc7055a597227917a153","bnk_d97162e461ae7d4b41e72597","646.61","2025-05-01","2025-05-01","Journal","IDC Mar 28","","BILL 05/01/25 AR Payments","","","","Reconciled","false"
"bdqr_bdep_4321c5ff7e73d9e403119883","bdep_4321c5ff7e73d9e403119883","bnk_50b36e0b689a5bf1493503e9","2500","2019-09-30","2019-09-30","Payment","","Loan - Aster","","","1503 Pledges/Services Receivable","","Reconciled","false"
