"id","source_bank_transaction_id","deposit_date","amount","currency","account","reference","memo","components","components_count","components_sum","payment_units","payment_units_count","payment_units_sum","stripe_payout_ties","stripe_payout_ties_count","stripe_payout_ties_sum","qbo_register_links","qbo_register_links_count","qbo_register_links_sum","components_sum_vs_deposit_diff"
"bdep_eff1d1b3e5d38da5e5c1d15a","bnk_eff1d1b3e5d38da5e5c1d15a","2019-11-27","1404","USD","","","INTUIT PYMT SOLN DEPOSIT    191127 524771997507722 THE WILDFLOWER FOUNDAT","[]","0","0.00","[]","0","0.00","[]","0","0.00","[{""id"":""bdqr_bdep_eff1d1b3e5d38da5e5c1d15a"",""bank_deposit_id"":""bdep_eff1d1b3e5d38da5e5c1d15a"",""bank_transaction_id"":""bnk_3039565d5ff54d32d3c3cb96"",""amount"":""1404"",""deposit_date"":""2019-11-27"",""txn_date"":""2019-11-26"",""txn_type"":""Deposit"",""ref_no"":"""",""payee"":""Loan - Wild Rose"",""memo"":""System-recorded deposit for QuickBooks Payments"",""qb_posting"":"""",""account"":""1501 Undeposited Funds"",""class"":"""",""reconciliation_status"":""Reconciled"",""ambiguous"":""false""}]","1","1404.00","1404.00"
"bdep_728cf5b1373839bcb6689e81","bnk_728cf5b1373839bcb6689e81","2019-03-08","1877.78","USD","","","INTUIT PYMT SOLN DEPOSIT    190308 524771997507722 THE WILDFLOWER FOUNDAT","[]","0","0.00","[]","0","0.00","[]","0","0.00","[{""id"":""bdqr_bdep_728cf5b1373839bcb6689e81"",""bank_deposit_id"":""bdep_728cf5b1373839bcb6689e81"",""bank_transaction_id"":""bnk_95df79977e9ca41bb88ee9a4"",""amount"":""1877.78"",""deposit_date"":""2019-03-08"",""txn_date"":""2019-03-07"",""txn_type"":""Deposit"",""ref_no"":"""",""payee"":"""",""memo"":""System-recorded deposit for QuickBooks Payments"",""qb_posting"":"""",""account"":"""",""class"":"""",""reconciliation_status"":""Reconciled"",""ambiguous"":""false""}]","1","1877.78","1877.78"
"bdep_db7318329a4f1c8a3721d328","bnk_db7318329a4f1c8a3721d328","2025-10-31","5013.57","USD","","","ATM CHECK DEPOSIT              ON              10/31 4712 Chicago Ave          Minneapolis   MN  0006503           ATM ID 5819T    CARD 0628","[]","0","0.00","[]","0","0.00","[]","0","0.00","[]","0","0.00","5013.57"
"bdep_196f52f4b39696da97af9347","bnk_196f52f4b39696da97af9347","2021-01-08","81000","USD","","","ATM CHECK DEPOSIT              ON              01/08 1505 WEST LAKE ST         Minneapolis   MN  0002674           ATM ID 6991J    CARD 7365","[]","0","0.00","[]","0","0.00","[]","0","0.00","[]","0","0.00","81000.00"
"bdep_3502aa4b2a97ca6fc0ef49f2","bnk_3502aa4b2a97ca6fc0ef49f2","2025-03-03","250000","USD","","","TRANSFER FROM BRK ****9888 REF# 569101398","[]","0","0.00","[]","0","0.00","[]","0","0.00","[]","0","0.00","250000.00"
"bdep_b03d4187a60aef6417e84e51","bnk_b03d4187a60aef6417e84e51","2019-12-10","55000","USD","","","ATM CHECK DEPOSIT              ON              12/10 1505 WEST LAKE ST         MINNEAPOLIS   MN  0003801           ATM ID 6991J    CARD 7365","[]","0","0.00","[]","0","0.00","[]","0","0.00","[]","0","0.00","55000.00"
"bdep_34f1b1324f68a8f4cba8d2b5","bnk_34f1b1324f68a8f4cba8d2b5","2025-09-18","1347.33","USD","","","Roxbury Roots Mo Receivable        016AMZEAU3V1LTN 016AMZEAU3V1LTN Roxbury Roots Mo Bill.com Inv 49","[]","0","0.00","[]","0","0.00","[]","0","0.00","[]","0","0.00","1347.33"
"bdep_23b179464d05e1a13a49cd26","bnk_23b179464d05e1a13a49cd26","2024-08-28","9790.41","USD","","","Minnesota Wildfl Receivable        016FFAFCU3GOYRB 016FFAFCU3GOYRB Minnesota Wildfl Bill.com Multip","[]","0","0.00","[]","0","0.00","[]","0","0.00","[]","0","0.00","9790.41"
"bdep_0d1c118a0a402849a0ed1af7","bnk_0d1c118a0a402849a0ed1af7","2022-05-10","102567.01","USD","","","DC WILDFLOWER PU EFT PYMT   050922 Charter School  The Wildflower Foundat","[]","0","0.00","[]","0","0.00","[]","0","0.00","[]","0","0.00","102567.01"
"bdep_f85a91eb28c9731ea0f4f188","bnk_f85a91eb28c9731ea0f4f188","2020-11-30","2.57","USD","","","STRIPE           TRANSFER          ST-N4O7V3S3R3E8 THE WILDFLOWER FOUNDAT","[]","0","0.00","[]","0","0.00","[{""stripe_payout_id"":""po_1HsedHAhXr9x8yiR7JhSdjpG"",""bank_deposit_id"":""bdep_f85a91eb28c9731ea0f4f188"",""amount"":""2.57"",""currency"":""USD"",""arrival_date"":""2020-11-29"",""deposit_date"":""2020-11-30"",""ambiguous_bank_match"":""false"",""payer_name"":""""}]","1","2.57","[]","0","0.00","2.57"
"bdep_57238387d56fd59387ac2b70","bnk_57238387d56fd59387ac2b70","2025-01-27","1454.55","USD","","","Wildflower Monte Receivable        016USQUHO3MD1TE 016USQUHO3MD1TE Wildflower Monte Bill.com Inv 17","[]","0","0.00","[]","0","0.00","[]","0","0.00","[]","0","0.00","1454.55"
"bdep_256d467cb713a83c7972ec4c","bnk_256d467cb713a83c7972ec4c","2020-06-04","2036.69","USD","","","STRIPE           TRANSFER          ST-R1M4R6I3G6H5 THE WILDFLOWER FOUNDAT","[]","0","0.00","[]","0","0.00","[]","0","0.00","[]","0","0.00","2036.69"
"bdep_8bca6f24157c6c254ee37ec9","bnk_8bca6f24157c6c254ee37ec9","2026-03-11","7431.66","USD","","","Bill.com         Receivable        015WCQOACPWF4IY Multiple Payments Bill.com Receivables 015WCQOAC","[]","0","0.00","[]","0","0.00","[]","0","0.00","[{""id"":""bdqr_bdep_8bca6f24157c6c254ee37ec9"",""bank_deposit_id"":""bdep_8bca6f24157c6c254ee37ec9"",""bank_transaction_id"":""bnk_8e549fd436e3114e667ca578"",""amount"":""7431.66"",""deposit_date"":""2026-03-11"",""txn_date"":""2026-03-11"",""txn_type"":""Journal"",""ref_no"":""JE CSP # Jan 35"",""payee"":"""",""memo"":""BILL 03/11/26 AR Payments"",""qb_posting"":"""",""account"":"""",""class"":"""",""reconciliation_status"":""Reconciled"",""ambiguous"":""false""}]","1","7431.66","7431.66"
"bdep_6a096e75489f7d9854451ca8","bnk_6a096e75489f7d9854451ca8","2020-08-03","119.13","USD","","","STRIPE           TRANSFER          ST-C1E2B3G8T0C5 THE WILDFLOWER FOUNDAT","[]","0","0.00","[]","0","0.00","[{""stripe_payout_id"":""po_1HBWLpAhXr9x8yiRl80TfMxS"",""bank_deposit_id"":""bdep_6a096e75489f7d9854451ca8"",""amount"":""119.13"",""currency"":""USD"",""arrival_date"":""2020-08-02"",""deposit_date"":""2020-08-03"",""ambiguous_bank_match"":""false"",""payer_name"":""""}]","1","119.13","[]","0","0.00","119.13"
"bdep_2579931319396e2085be3203","bnk_2579931319396e2085be3203","2022-02-11","625","USD","","","Minnesota Wildfl Bill.com          016WYLVSR246SIG Minnesota Wildflower Montessori Schools Bill.com","[]","0","0.00","[]","0","0.00","[]","0","0.00","[{""id"":""bdqr_bdep_2579931319396e2085be3203"",""bank_deposit_id"":""bdep_2579931319396e2085be3203"",""bank_transaction_id"":""bnk_af7ed065a275c3661edd8c7e"",""amount"":""625"",""deposit_date"":""2022-02-11"",""txn_date"":""2022-02-11"",""txn_type"":""Payment"",""ref_no"":"""",""payee"":""Loan - Cosmos"",""memo"":"""",""qb_posting"":"""",""account"":""1503 Pledges/Services Receivable"",""class"":"""",""reconciliation_status"":""Reconciled"",""ambiguous"":""false""}]","1","625.00","625.00"
"bdep_00bbf75f786438ec96f95156","bnk_00bbf75f786438ec96f95156","2019-07-17","970.4","USD","","","STRIPE           TRANSFER          ST-E4M2K5V8O7K2 THE WILDFLOWER FOUNDAT","[]","0","0.00","[]","0","0.00","[]","0","0.00","[]","0","0.00","970.40"
"bdep_afdc11473600248d819e8d0e","bnk_afdc11473600248d819e8d0e","2025-01-03","2000","USD","","","ATM CHECK DEPOSIT              ON              01/03 6445 Nicollet Ave         Richfield     MN  0005736           ATM ID 6877S    CARD 0628","[{""component_id"":""bdc_GuLnE-8z-r9gws7xfFo0b"",""payment_unit_id"":""pu_GuLnE-8z-r9gws7xfFo0b"",""kind"":""other"",""amount"":""2000.00"",""source"":""qbo_inferred"",""source_staged_payment_id"":""GuLnE-8z-r9gws7xfFo0b"",""staged_payer"":""Lindsay and Matt Haldeman"",""staged_date"":""2025-01-03"",""qb_deposit_id"":""32126"",""reconciliation_flag"":""ok"",""unit_kind"":""other"",""unit_evidence_id"":""GuLnE-8z-r9gws7xfFo0b""}]","1","2000.00","[{""id"":""pu_GuLnE-8z-r9gws7xfFo0b"",""kind"":""other"",""evidence_id"":""GuLnE-8z-r9gws7xfFo0b"",""stripe_charge_id"":"""",""source_staged_payment_id"":""GuLnE-8z-r9gws7xfFo0b"",""gross_amount"":""2000.00"",""fee_amount"":"""",""net_amount"":""2000.00"",""currency"":""USD"",""received_date"":""2025-01-03"",""lifecycle"":""received""}]","1","2000.00","[]","0","0.00","[]","0","0.00","0.00"
"bdep_28f935ee2568a30d51f3cdc3","bnk_28f935ee2568a30d51f3cdc3","2024-10-24","500000","USD","","","WT FED#04579 BANK OF AMERICA, N    /ORG=IMAGINABLE FUTURES FOUNDATION                 SRF#    XXXXXXXXXXXX3723 TRN#XXXXXXXX9970  RFB#    24ANH2307C5T2L90","[{""component_id"":""bdc_wL_DifTzE-G_4--FMAU5B"",""payment_unit_id"":""pu_wL_DifTzE-G_4--FMAU5B"",""kind"":""other"",""amount"":""500000.00"",""source"":""qbo_inferred"",""source_staged_payment_id"":""wL_DifTzE-G_4--FMAU5B"",""staged_payer"":""Imaginable Futures"",""staged_date"":""2024-10-30"",""qb_deposit_id"":""30627"",""reconciliation_flag"":""ok"",""unit_kind"":""other"",""unit_evidence_id"":""wL_DifTzE-G_4--FMAU5B""}]","1","500000.00","[{""id"":""pu_wL_DifTzE-G_4--FMAU5B"",""kind"":""other"",""evidence_id"":""wL_DifTzE-G_4--FMAU5B"",""stripe_charge_id"":"""",""source_staged_payment_id"":""wL_DifTzE-G_4--FMAU5B"",""gross_amount"":""500000.00"",""fee_amount"":"""",""net_amount"":""500000.00"",""currency"":""USD"",""received_date"":""2024-10-30"",""lifecycle"":""received""}]","1","500000.00","[]","0","0.00","[]","0","0.00","0.00"
"bdep_550fbb7402bdc079bd34ba78","bnk_550fbb7402bdc079bd34ba78","2025-12-03","50","USD","","","WT FED#02N01 JPMORGAN CHASE BAN    /ORG=BROADSTREET IMPACT SERVICES, LLC              SRF#        XXXXXX0337JO TRN#XXXXXXXX6915  RFB#        XXXXXX0337JO","[]","0","0.00","[]","0","0.00","[]","0","0.00","[]","0","0.00","50.00"
"bdep_007abd56414206ce5c6edd4a","bnk_007abd56414206ce5c6edd4a","2025-11-12","666.67","USD","","","Desert Peach Mon Bill.com          026MMMUYJ1O3BHS Desert Peach Montessori School Bill.com 026MMMUY","[]","0","0.00","[]","0","0.00","[]","0","0.00","[]","0","0.00","666.67"
"bdep_d6db783fd924447f6e5130a3","bnk_d6db783fd924447f6e5130a3","2018-11-19","17.18","USD","","","STRIPE           TRANSFER                          X 201811192","[]","0","0.00","[]","0","0.00","[]","0","0.00","[]","0","0.00","17.18"
"bdep_4dfa662ce4e1c565c675259b","bnk_4dfa662ce4e1c565c675259b","2026-06-08","8825","USD","","","ONLINE TRANSFER CSP RAINBOW GRANT MARCH 2026 REF #BB0YFTJZXG","[]","0","0.00","[]","0","0.00","[]","0","0.00","[{""id"":""bdqr_bdep_4dfa662ce4e1c565c675259b"",""bank_deposit_id"":""bdep_4dfa662ce4e1c565c675259b"",""bank_transaction_id"":""bnk_fa20a6bf877c6a4b9cb14339"",""amount"":""8825"",""deposit_date"":""2026-06-08"",""txn_date"":""2026-06-08"",""txn_type"":""Transfer"",""ref_no"":"""",""payee"":"""",""memo"":""Transfer from CSP to Operating - CSP reimbursement"",""qb_posting"":"""",""account"":""TWF CSP Rep grant (1340) - 2"",""class"":"""",""reconciliation_status"":""Reconciled"",""ambiguous"":""false""}]","1","8825.00","8825.00"
"bdep_68a54145109b1259cc5ec93c","bnk_68a54145109b1259cc5ec93c","2020-05-12","1000000","USD","","","WT FED#06344 OUTGOING MASTER TR    /ORG=ARTHUR ROCK 2000 TR - HLDGS                   SRF#    2020051201036929 TRN#200512160772  RFB#           520602701","[{""component_id"":""bdc_bG9Tz3jmJvdxTIwfvrisE"",""payment_unit_id"":""pu_bG9Tz3jmJvdxTIwfvrisE"",""kind"":""other"",""amount"":""1000000.00"",""source"":""qbo_inferred"",""source_staged_payment_id"":""bG9Tz3jmJvdxTIwfvrisE"",""staged_payer"":""Arthur Rock Foundation"",""staged_date"":""2020-05-12"",""qb_deposit_id"":""12049"",""reconciliation_flag"":""ok"",""unit_kind"":""other"",""unit_evidence_id"":""bG9Tz3jmJvdxTIwfvrisE""}]","1","1000000.00","[{""id"":""pu_bG9Tz3jmJvdxTIwfvrisE"",""kind"":""other"",""evidence_id"":""bG9Tz3jmJvdxTIwfvrisE"",""stripe_charge_id"":"""",""source_staged_payment_id"":""bG9Tz3jmJvdxTIwfvrisE"",""gross_amount"":""1000000.00"",""fee_amount"":"""",""net_amount"":""1000000.00"",""currency"":""USD"",""received_date"":""2020-05-12"",""lifecycle"":""received""}]","1","1000000.00","[]","0","0.00","[]","0","0.00","0.00"
"bdep_fe0baf99396dc87acab161ab","bnk_fe0baf99396dc87acab161ab","2022-06-14","15456","USD","","","ATM CHECK DEPOSIT              ON              06/14 1505 W Lake St            Minneapolis   MN  0004849           ATM ID 6991J    CARD 7365","[]","0","0.00","[]","0","0.00","[]","0","0.00","[]","0","0.00","15456.00"
"bdep_c412b3b0d004fe23f8fe5747","bnk_c412b3b0d004fe23f8fe5747","2022-11-14","344110.13","USD","","","ATM CHECK DEPOSIT              ON              11/14 3453 Nicollet Ave S       Minneapolis   MN  0003688           ATM ID 5839C    CARD 7365","[]","0","0.00","[]","0","0.00","[]","0","0.00","[]","0","0.00","344110.13"
"bdep_a24c3b7a8c5dd3071e20f4b2","bnk_a24c3b7a8c5dd3071e20f4b2","2019-02-08","2212.5","USD","","","INTUIT PYMT SOLN DEPOSIT    190208 524771997507722 THE WILDFLOWER FOUNDAT","[]","0","0.00","[]","0","0.00","[]","0","0.00","[{""id"":""bdqr_bdep_a24c3b7a8c5dd3071e20f4b2"",""bank_deposit_id"":""bdep_a24c3b7a8c5dd3071e20f4b2"",""bank_transaction_id"":""bnk_264ce0a3b564741bb65166d2"",""amount"":""2212.5"",""deposit_date"":""2019-02-08"",""txn_date"":""2019-02-07"",""txn_type"":""Deposit"",""ref_no"":"""",""payee"":"""",""memo"":""System-recorded deposit for QuickBooks Payments"",""qb_posting"":"""",""account"":"""",""class"":"""",""reconciliation_status"":""Reconciled"",""ambiguous"":""false""}]","1","2212.50","2212.50"
"bdep_03d9c310374375b53be4e2cf","bnk_03d9c310374375b53be4e2cf","2019-01-16","485.2","USD","","","STRIPE           TRANSFER                          X","[]","0","0.00","[]","0","0.00","[]","0","0.00","[]","0","0.00","485.20"
"bdep_b0428c4a344f86b4c4a678f7","bnk_b0428c4a344f86b4c4a678f7","2021-04-07","19.64","USD","","","STRIPE           TRANSFER          ST-Q8Y6H1E0Z3N5 THE WILDFLOWER FOUNDAT","[]","0","0.00","[]","0","0.00","[]","0","0.00","[]","0","0.00","19.64"
"bdep_72ecee94429927723411fcd1","bnk_72ecee94429927723411fcd1","2019-07-02","33.68","USD","","","STRIPE           TRANSFER          ST-O2V8R7B3L0X3 THE WILDFLOWER FOUNDAT","[]","0","0.00","[]","0","0.00","[]","0","0.00","[]","0","0.00","33.68"
"bdep_1a2af154421d78a31357dd5d","bnk_1a2af154421d78a31357dd5d","2024-07-22","637.83","USD","","","We Are Rally     Vendor PMT        XXXXXXXX8090203 WILDFLOWER SCHOOLS","[]","0","0.00","[]","0","0.00","[]","0","0.00","[]","0","0.00","637.83"
"bdep_1dbbb5f43160162a68cf1ea5","bnk_1dbbb5f43160162a68cf1ea5","2018-11-30","28.83","USD","","","STRIPE           TRANSFER                          X 201811302","[]","0","0.00","[]","0","0.00","[]","0","0.00","[]","0","0.00","28.83"
"bdep_f7c0167c3fa55b63a1df50a4","bnk_f7c0167c3fa55b63a1df50a4","2021-09-30","2135.24","USD","","","TIGER LILY MONTE SENDER     210930       XXXXX7822 0000WILDFLOWER FOUND","[]","0","0.00","[]","0","0.00","[]","0","0.00","[]","0","0.00","2135.24"
"bdep_45ffbcea1b7340e828e06d67","bnk_45ffbcea1b7340e828e06d67","2026-03-13","112125.06","USD","","","ONLINE TRANSFER FEB 2026  NONPAYROLL EXPENSES REF #BB0X83ZL9F","[]","0","0.00","[]","0","0.00","[]","0","0.00","[{""id"":""bdqr_bdep_45ffbcea1b7340e828e06d67"",""bank_deposit_id"":""bdep_45ffbcea1b7340e828e06d67"",""bank_transaction_id"":""bnk_e490facd9d5a7d3aa6a4cd96"",""amount"":""112125.06"",""deposit_date"":""2026-03-13"",""txn_date"":""2026-03-13"",""txn_type"":""Transfer"",""ref_no"":"""",""payee"":"""",""memo"":""Transfer from CSP account"",""qb_posting"":"""",""account"":""TWF CSP Rep grant (1340) - 2"",""class"":"""",""reconciliation_status"":""Reconciled"",""ambiguous"":""false""}]","1","112125.06","112125.06"
"bdep_c29cb2facce1cec196593fae","bnk_c29cb2facce1cec196593fae","2020-11-20","4616","USD","","","ALLIANT INSURANC HIST RTN   201120 9MWPCF          WILDFLOWER INVOICES","[]","0","0.00","[]","0","0.00","[]","0","0.00","[]","0","0.00","4616.00"
"bdep_d7ac2c49355a4198ee9906e2","bnk_d7ac2c49355a4198ee9906e2","2020-03-27","485.2","USD","","","STRIPE           TRANSFER          ST-A1V8P6B1E4R2 THE WILDFLOWER FOUNDAT","[]","0","0.00","[]","0","0.00","[]","0","0.00","[]","0","0.00","485.20"
"bdep_8600715be8d175a6b6291084","bnk_8600715be8d175a6b6291084","2021-04-15","6497.5","USD","","","ATM CHECK DEPOSIT              ON              04/15 4712 CHICAGO AVE S        Minneapolis   MN  0001096           ATM ID 5819T    CARD 7365","[]","0","0.00","[]","0","0.00","[]","0","0.00","[]","0","0.00","6497.50"
"bdep_6162033b4467ddbc76a7a02d","bnk_6162033b4467ddbc76a7a02d","2018-09-06","326500","USD","","","ATM CHECK DEPOSIT 09/06 1505 WEST LAKE ST MINNEAPOLIS MN 6993M 7365","[]","0","0.00","[]","0","0.00","[]","0","0.00","[]","0","0.00","326500.00"
"bdep_81807d53d45c7706e02931c9","bnk_81807d53d45c7706e02931c9","2025-04-24","1454.55","USD","","","Wildflower Monte Receivable        016DTJTGI3PMRL9 016DTJTGI3PMRL9 Wildflower Monte Bill.com Inv 23","[]","0","0.00","[]","0","0.00","[]","0","0.00","[]","0","0.00","1454.55"
"bdep_a3dd377460c19b5be76c2811","bnk_a3dd377460c19b5be76c2811","2020-08-03","496.38","USD","","","STRIPE           TRANSFER          ST-E3Q8R4B2K6H3 THE WILDFLOWER FOUNDAT","[]","0","0.00","[]","0","0.00","[]","0","0.00","[]","0","0.00","496.38"
"bdep_5f2cb125b5e47dcadd943a73","bnk_5f2cb125b5e47dcadd943a73","2020-12-03","94","USD","","","GUSTO            HIST RTN   201203 6semjp4npbo     The Wildflower Foundat","[]","0","0.00","[]","0","0.00","[]","0","0.00","[]","0","0.00","94.00"
"bdep_43d05e4dac35cad416311d7e","bnk_43d05e4dac35cad416311d7e","2021-02-11","24.82","USD","","","STRIPE           TRANSFER          ST-Y1X7M0J8B7R5 THE WILDFLOWER FOUNDAT","[]","0","0.00","[]","0","0.00","[]","0","0.00","[]","0","0.00","24.82"
"bdep_67e8947e1e1872642eb305bd","bnk_67e8947e1e1872642eb305bd","2021-12-10","34341.6","USD","","","DC WILDFLOWER PU EFT PYMT   120921 Charter School  The Wildflower Foundat","[]","0","0.00","[]","0","0.00","[]","0","0.00","[{""id"":""bdqr_bdep_67e8947e1e1872642eb305bd"",""bank_deposit_id"":""bdep_67e8947e1e1872642eb305bd"",""bank_transaction_id"":""bnk_79c00203ca54594080580a9a"",""amount"":""34341.6"",""deposit_date"":""2021-12-10"",""txn_date"":""2021-12-10"",""txn_type"":""Payment"",""ref_no"":"""",""payee"":""DC Wildflower Public Charter School"",""memo"":"""",""qb_posting"":"""",""account"":""1500 Accounts Receivable (A/R)"",""class"":"""",""reconciliation_status"":""Reconciled"",""ambiguous"":""false""}]","1","34341.60","34341.60"
"bdep_9ec0dcc3098b830474d2bf93","bnk_9ec0dcc3098b830474d2bf93","2021-01-29","62800","USD","","","ATM CHECK DEPOSIT              ON              01/29 1505 WEST LAKE ST         Minneapolis   MN  0005858           ATM ID 6991J    CARD 7365","[]","0","0.00","[]","0","0.00","[]","0","0.00","[]","0","0.00","62800.00"
"bdep_c6e583e254dd6fd2894718ef","bnk_c6e583e254dd6fd2894718ef","2018-01-08","101575.18","USD","","","ATM CHECK DEPOSIT 01/08 4712 CHICAGO AVE S MINNEAPOLIS MN 5819T 7365","[]","0","0.00","[]","0","0.00","[]","0","0.00","[]","0","0.00","101575.18"
"bdep_3ef2e97b62bfdd8c0dc234eb","bnk_3ef2e97b62bfdd8c0dc234eb","2019-07-08","2000","USD","","","INTUIT PYMT SOLN DEPOSIT    190706 524771997507722 THE WILDFLOWER FOUNDAT","[]","0","0.00","[]","0","0.00","[]","0","0.00","[]","0","0.00","2000.00"
"bdep_cf1dae37b214d95eb02f2d45","bnk_cf1dae37b214d95eb02f2d45","2019-01-24","35000","USD","","","ATM CHECK DEPOSIT              ON              01/24 3030 NICOLLET AVE         MINNEAPOLIS   MN  0002981           ATM ID 5813V    CARD 7365","[]","0","0.00","[]","0","0.00","[]","0","0.00","[{""id"":""bdqr_bdep_cf1dae37b214d95eb02f2d45"",""bank_deposit_id"":""bdep_cf1dae37b214d95eb02f2d45"",""bank_transaction_id"":""bnk_13666a44ce01da5117b34879"",""amount"":""35000"",""deposit_date"":""2019-01-24"",""txn_date"":""2019-01-24"",""txn_type"":""Payment"",""ref_no"":"""",""payee"":""The Mind Trust"",""memo"":"""",""qb_posting"":"""",""account"":""1503 Pledges/Services Receivable"",""class"":"""",""reconciliation_status"":""Reconciled"",""ambiguous"":""false""}]","1","35000.00","35000.00"
"bdep_3be45b6dbe250adac337908a","bnk_3be45b6dbe250adac337908a","2017-05-05","15","USD","","","PARTIAL WIRE TRANS SVC CHARGE REVERSAL","[]","0","0.00","[]","0","0.00","[]","0","0.00","[]","0","0.00","15.00"
"bdep_8c21a9bff950e29ca65960e9","bnk_8c21a9bff950e29ca65960e9","2025-04-14","49875.08","USD","","","ONLINE TRANSFER CSP FEB 25 PAYROLL REF #BB0RZ8D5LZ","[]","0","0.00","[]","0","0.00","[]","0","0.00","[{""id"":""bdqr_bdep_8c21a9bff950e29ca65960e9"",""bank_deposit_id"":""bdep_8c21a9bff950e29ca65960e9"",""bank_transaction_id"":""bnk_bdbc92d4033a53724f070e0e"",""amount"":""49875.08"",""deposit_date"":""2025-04-14"",""txn_date"":""2025-04-14"",""txn_type"":""Journal"",""ref_no"":""tfr from CSP to ckg"",""payee"":"""",""memo"":"""",""qb_posting"":"""",""account"":"""",""class"":"""",""reconciliation_status"":""Reconciled"",""ambiguous"":""false""}]","1","49875.08","49875.08"
"bdep_f3787da8cfe9ddd3b4fd394b","bnk_f3787da8cfe9ddd3b4fd394b","2022-05-18","2997.09","USD","","","ATM CHECK DEPOSIT              ON              05/18 3030 Nicollet Ave         Minneapolis   MN  0002831           ATM ID 5813V    CARD 7365","[{""component_id"":""bdc_rU8nySOGTTlZY_rAafOEV"",""payment_unit_id"":""pu_rU8nySOGTTlZY_rAafOEV"",""kind"":""other"",""amount"":""2997.09"",""source"":""qbo_inferred"",""source_staged_payment_id"":""rU8nySOGTTlZY_rAafOEV"",""staged_payer"":""US Department of Treasury"",""staged_date"":""2022-05-18"",""qb_deposit_id"":""20119"",""reconciliation_flag"":""ok"",""unit_kind"":""other"",""unit_evidence_id"":""rU8nySOGTTlZY_rAafOEV""}]","1","2997.09","[{""id"":""pu_rU8nySOGTTlZY_rAafOEV"",""kind"":""other"",""evidence_id"":""rU8nySOGTTlZY_rAafOEV"",""stripe_charge_id"":"""",""source_staged_payment_id"":""rU8nySOGTTlZY_rAafOEV"",""gross_amount"":""2997.09"",""fee_amount"":"""",""net_amount"":""2997.09"",""currency"":""USD"",""received_date"":""2022-05-18"",""lifecycle"":""received""}]","1","2997.09","[]","0","0.00","[]","0","0.00","0.00"
"bdep_b0598ffb7bb6378f11888b8f","bnk_b0598ffb7bb6378f11888b8f","2024-12-30","545.45","USD","","","Rain Lily Montes Receivable        016AHSKYP3LFFPV 016AHSKYP3LFFPV Rain Lily Montes Bill.com Inv G","[]","0","0.00","[]","0","0.00","[]","0","0.00","[]","0","0.00","545.45"
"bdep_553f7ef70782fc50e3bc8b6a","bnk_553f7ef70782fc50e3bc8b6a","2022-10-31","70000","USD","","","WT FED#07541 GOLDMAN SACHS AND     /ORG=INDIRA FOUNDATION, INC. 939 COAST B           SRF#     GI2230400025022 TRN#221031163465  RFB#     GTOS2PV0GJZL1Z9","[{""component_id"":""bdc_sxj-QLSD2Kr0I8NkbFoKP"",""payment_unit_id"":""pu_sxj-QLSD2Kr0I8NkbFoKP"",""kind"":""other"",""amount"":""70000.00"",""source"":""qbo_inferred"",""source_staged_payment_id"":""sxj-QLSD2Kr0I8NkbFoKP"",""staged_payer"":""Indira Foundation/Avi and Sandra Nash"",""staged_date"":""2022-10-31"",""qb_deposit_id"":""21975"",""reconciliation_flag"":""ok"",""unit_kind"":""other"",""unit_evidence_id"":""sxj-QLSD2Kr0I8NkbFoKP""}]","1","70000.00","[{""id"":""pu_sxj-QLSD2Kr0I8NkbFoKP"",""kind"":""other"",""evidence_id"":""sxj-QLSD2Kr0I8NkbFoKP"",""stripe_charge_id"":"""",""source_staged_payment_id"":""sxj-QLSD2Kr0I8NkbFoKP"",""gross_amount"":""70000.00"",""fee_amount"":"""",""net_amount"":""70000.00"",""currency"":""USD"",""received_date"":""2022-10-31"",""lifecycle"":""received""}]","1","70000.00","[]","0","0.00","[]","0","0.00","0.00"
"bdep_e2c3d09a9ba6526f0fb46013","bnk_e2c3d09a9ba6526f0fb46013","2019-11-18","1000000","USD","","","WT FED#01252 CAMBRIDGE MERCANTI    /ORG=1991 BROADWAY STE 200 REDWOOD CITY            SRF#    1118352076012329 TRN#191118136786  RFB#","[]","0","0.00","[]","0","0.00","[]","0","0.00","[{""id"":""bdqr_bdep_e2c3d09a9ba6526f0fb46013"",""bank_deposit_id"":""bdep_e2c3d09a9ba6526f0fb46013"",""bank_transaction_id"":""bnk_aba0947f4fd382ae0620a260"",""amount"":""1000000"",""deposit_date"":""2019-11-18"",""txn_date"":""2019-11-18"",""txn_type"":""Payment"",""ref_no"":"""",""payee"":""OMIDYAR NETWORK FUND INC"",""memo"":"""",""qb_posting"":"""",""account"":""1503 Pledges/Services Receivable"",""class"":"""",""reconciliation_status"":""Reconciled"",""ambiguous"":""false""}]","1","1000000.00","1000000.00"
"bdep_515bfe96cf51065d19243482","bnk_515bfe96cf51065d19243482","2019-08-30","1000000","USD","","","eDeposit in Branch/Store 08/30/19 05:03:21 PM 1505 W LAKE ST MINNEAPOLIS MN 8945","[]","0","0.00","[]","0","0.00","[]","0","0.00","[]","0","0.00","1000000.00"
"bdep_b5f90c6c652e2f262186d21f","bnk_b5f90c6c652e2f262186d21f","2021-08-19","10000","USD","","","ATM CHECK DEPOSIT              ON              08/19 1505 W LAKE ST            Minneapolis   MN  0000857           ATM ID 6991L    CARD 7365","[{""component_id"":""bdc_cHfJu8BH9oTIUYLdlg0V6"",""payment_unit_id"":""pu_cHfJu8BH9oTIUYLdlg0V6"",""kind"":""other"",""amount"":""10000.00"",""source"":""qbo_inferred"",""source_staged_payment_id"":""cHfJu8BH9oTIUYLdlg0V6"",""staged_payer"":""Misc Customer"",""staged_date"":""2021-08-19"",""qb_deposit_id"":""17127"",""reconciliation_flag"":""ok"",""unit_kind"":""other"",""unit_evidence_id"":""cHfJu8BH9oTIUYLdlg0V6""}]","1","10000.00","[{""id"":""pu_cHfJu8BH9oTIUYLdlg0V6"",""kind"":""other"",""evidence_id"":""cHfJu8BH9oTIUYLdlg0V6"",""stripe_charge_id"":"""",""source_staged_payment_id"":""cHfJu8BH9oTIUYLdlg0V6"",""gross_amount"":""10000.00"",""fee_amount"":"""",""net_amount"":""10000.00"",""currency"":""USD"",""received_date"":""2021-08-19"",""lifecycle"":""received""}]","1","10000.00","[]","0","0.00","[]","0","0.00","0.00"
"bdep_450b8b1b50d6b204e2b5ec92","bnk_450b8b1b50d6b204e2b5ec92","2024-06-10","500000","USD","","","ST TRUST         STT8133    240610 V-004465        THE WILDFLOWER FOUNDAT","[{""component_id"":""bdc_DnHNYfgt7HwacKUcEBB38"",""payment_unit_id"":""pu_DnHNYfgt7HwacKUcEBB38"",""kind"":""other"",""amount"":""500000.00"",""source"":""qbo_inferred"",""source_staged_payment_id"":""DnHNYfgt7HwacKUcEBB38"",""staged_payer"":""Stand Together Trust"",""staged_date"":""2024-06-10"",""qb_deposit_id"":""29029"",""reconciliation_flag"":""ok"",""unit_kind"":""other"",""unit_evidence_id"":""DnHNYfgt7HwacKUcEBB38""}]","1","500000.00","[{""id"":""pu_DnHNYfgt7HwacKUcEBB38"",""kind"":""other"",""evidence_id"":""DnHNYfgt7HwacKUcEBB38"",""stripe_charge_id"":"""",""source_staged_payment_id"":""DnHNYfgt7HwacKUcEBB38"",""gross_amount"":""500000.00"",""fee_amount"":"""",""net_amount"":""500000.00"",""currency"":""USD"",""received_date"":""2024-06-10"",""lifecycle"":""received""}]","1","500000.00","[]","0","0.00","[]","0","0.00","0.00"
"bdep_069c44249cc11873a3a4eb2a","bnk_069c44249cc11873a3a4eb2a","2022-11-09","1670.8","USD","","","BASIC            BASICCOBRA 221109                 The Wildflower Foundat","[]","0","0.00","[]","0","0.00","[]","0","0.00","[]","0","0.00","1670.80"
"bdep_211292b8245a36d25a9f1dfb","bnk_211292b8245a36d25a9f1dfb","2025-11-07","4623.66","USD","","","Minnesota Wildfl Receivable        016XHRTHJ3WWU7J 016XHRTHJ3WWU7J Minnesota Wildfl Bill.com Inv TW","[]","0","0.00","[]","0","0.00","[]","0","0.00","[]","0","0.00","4623.66"
"bdep_278cb6917be76fc869b8fe72","bnk_278cb6917be76fc869b8fe72","2020-03-04","485.2","USD","","","STRIPE           TRANSFER          ST-A3Z9A1R4D3S6 THE WILDFLOWER FOUNDAT","[]","0","0.00","[]","0","0.00","[]","0","0.00","[]","0","0.00","485.20"
"bdep_0eadeef883ba337e657ad3ec","bnk_0eadeef883ba337e657ad3ec","2021-01-05","479.2","USD","","","STRIPE           TRANSFER          ST-O3U1P7E2T9D2 THE WILDFLOWER FOUNDAT","[]","0","0.00","[]","0","0.00","[]","0","0.00","[]","0","0.00","479.20"
"bdep_00a3516c2aa721957e9e3d3b","bnk_00a3516c2aa721957e9e3d3b","2026-03-04","4990.56","USD","","","Wildflower New Y Receivable        016MONGEW40ZDYW 016MONGEW40ZDYW Wildflower New Y Bill.com Inv TW","[]","0","0.00","[]","0","0.00","[]","0","0.00","[{""id"":""bdqr_bdep_00a3516c2aa721957e9e3d3b"",""bank_deposit_id"":""bdep_00a3516c2aa721957e9e3d3b"",""bank_transaction_id"":""bnk_5d251043da25b8820c676f29"",""amount"":""4990.56"",""deposit_date"":""2026-03-04"",""txn_date"":""2026-03-03"",""txn_type"":""Payment"",""ref_no"":""P26030202 - 2785716"",""payee"":""Wildflower New York Charter School"",""memo"":""Inv TWF MarchInvoice028"",""qb_posting"":"""",""account"":""1503 Pledges/Services Receivable"",""class"":"""",""reconciliation_status"":""Reconciled"",""ambiguous"":""false""}]","1","4990.56","4990.56"
"bdep_d4dd6315c466f04d8137c4f5","bnk_d4dd6315c466f04d8137c4f5","2024-03-19","50000","USD","","","Bainum Family Fo Bill.com          016COEENE3A2WH7 Bainum Family Foundation Bill.com 016COEENE3A2WH","[{""component_id"":""bdc_19Iyh7cbHD8CZKwd6EgKF"",""payment_unit_id"":""pu_19Iyh7cbHD8CZKwd6EgKF"",""kind"":""check"",""amount"":""50000.00"",""source"":""qbo_inferred"",""source_staged_payment_id"":""19Iyh7cbHD8CZKwd6EgKF"",""staged_payer"":""Bainum Family Foundation"",""staged_date"":""2024-03-19"",""qb_deposit_id"":""28052"",""reconciliation_flag"":""ok"",""unit_kind"":""check"",""unit_evidence_id"":""19Iyh7cbHD8CZKwd6EgKF""}]","1","50000.00","[{""id"":""pu_19Iyh7cbHD8CZKwd6EgKF"",""kind"":""check"",""evidence_id"":""19Iyh7cbHD8CZKwd6EgKF"",""stripe_charge_id"":"""",""source_staged_payment_id"":""19Iyh7cbHD8CZKwd6EgKF"",""gross_amount"":""50000.00"",""fee_amount"":"""",""net_amount"":""50000.00"",""currency"":""USD"",""received_date"":""2024-03-19"",""lifecycle"":""received""}]","1","50000.00","[]","0","0.00","[]","0","0.00","0.00"
"bdep_789de53f1bdb69348c83001a","bnk_789de53f1bdb69348c83001a","2024-11-08","1500","USD","","","ACUDEN           EFT PAY    241108 XXXXXXXX61341   THE WILDFLOWER FOUNDAT","[]","0","0.00","[]","0","0.00","[]","0","0.00","[]","0","0.00","1500.00"
"bdep_86fd6567e35737d37794e8d7","bnk_86fd6567e35737d37794e8d7","2020-02-11","5500","USD","","","ATM CHECK DEPOSIT              ON              02/11 3030 NICOLLET AVE         MINNEAPOLIS   MN  0005767           ATM ID 5813V    CARD 7365","[]","0","0.00","[]","0","0.00","[]","0","0.00","[]","0","0.00","5500.00"
"bdep_f1f5ee54a35cd739e806ac30","bnk_f1f5ee54a35cd739e806ac30","2023-03-31","0.01","USD","","","Lawyers' Committ ACCTVERIFY        016FZIDOZ2LK1U5 THE WILDFLOWER FOUNDAT","[]","0","0.00","[]","0","0.00","[]","0","0.00","[]","0","0.00","0.01"
"bdep_0699cef53c981e441b61a2bf","bnk_0699cef53c981e441b61a2bf","2018-02-12","187.5","USD","","","INTUIT PYMT SOLN DEPOSIT 180210 524771997507722 THE WILDFLOWER FOUNDAT","[]","0","0.00","[]","0","0.00","[]","0","0.00","[]","0","0.00","187.50"
"bdep_c82bb6b3f88320f163518b4e","bnk_c82bb6b3f88320f163518b4e","2018-06-14","137.5","USD","","","INTUIT PYMT SOLN DEPOSIT 180614 524771997507722 THE WILDFLOWER FOUNDAT","[]","0","0.00","[]","0","0.00","[]","0","0.00","[{""id"":""bdqr_bdep_c82bb6b3f88320f163518b4e"",""bank_deposit_id"":""bdep_c82bb6b3f88320f163518b4e"",""bank_transaction_id"":""bnk_8c9b5c8c5b5a50c1ebe5a33e"",""amount"":""137.5"",""deposit_date"":""2018-06-14"",""txn_date"":""2018-06-13"",""txn_type"":""Deposit"",""ref_no"":"""",""payee"":""Loan - Dandelion"",""memo"":""System-recorded deposit for QuickBooks Payments"",""qb_posting"":"""",""account"":""1501 Undeposited Funds"",""class"":"""",""reconciliation_status"":""Reconciled"",""ambiguous"":""false""}]","1","137.50","137.50"
"bdep_12110a5d26715f187f013bad","bnk_12110a5d26715f187f013bad","2025-11-20","1557.48","USD","","","Bill.com         Receivable        015RLWAOXKR07YK Dahlia (San Francisco) Bill.com 015RLWAOXKR07YK","[]","0","0.00","[]","0","0.00","[]","0","0.00","[{""id"":""bdqr_bdep_12110a5d26715f187f013bad"",""bank_deposit_id"":""bdep_12110a5d26715f187f013bad"",""bank_transaction_id"":""bnk_c4c537ebbb16b7e9de6a04cc"",""amount"":""1557.48"",""deposit_date"":""2025-11-20"",""txn_date"":""2025-11-20"",""txn_type"":""Journal"",""ref_no"":""BILL 11/20/25 AR Pmt"",""payee"":"""",""memo"":""BILL 11/20/25 AR Payments"",""qb_posting"":"""",""account"":"""",""class"":"""",""reconciliation_status"":""Reconciled"",""ambiguous"":""false""}]","1","1557.48","1557.48"
"bdep_a13a6647ae5e4e9e4cdbfad5","bnk_a13a6647ae5e4e9e4cdbfad5","2022-06-10","4.49","USD","","","STRIPE           TRANSFER          ST-C3X5H9Y7G6V7 THE WILDFLOWER FOUNDAT","[]","0","0.00","[]","0","0.00","[{""stripe_payout_id"":""po_1L8dpCAhXr9x8yiR8g4oW9iT"",""bank_deposit_id"":""bdep_a13a6647ae5e4e9e4cdbfad5"",""amount"":""4.49"",""currency"":""USD"",""arrival_date"":""2022-06-09"",""deposit_date"":""2022-06-10"",""ambiguous_bank_match"":""false"",""payer_name"":""""}]","1","4.49","[]","0","0.00","4.49"
"bdep_2d6170c5fba836d57b6b56a3","bnk_2d6170c5fba836d57b6b56a3","2024-11-19","1721.39","USD","","","Local Initiative EDI PYMNTS        XXXXXXXX0612127 The Wildflower Foundat","[{""component_id"":""bdc_DYF2ZvM9R8ypBjFKpQi70"",""payment_unit_id"":""pu_DYF2ZvM9R8ypBjFKpQi70"",""kind"":""other"",""amount"":""1721.39"",""source"":""qbo_inferred"",""source_staged_payment_id"":""DYF2ZvM9R8ypBjFKpQi70"",""staged_payer"":""Local Initiatives Support Corporation (LISC)"",""staged_date"":""2024-11-19"",""qb_deposit_id"":""30942"",""reconciliation_flag"":""ok"",""unit_kind"":""other"",""unit_evidence_id"":""DYF2ZvM9R8ypBjFKpQi70""}]","1","1721.39","[{""id"":""pu_DYF2ZvM9R8ypBjFKpQi70"",""kind"":""other"",""evidence_id"":""DYF2ZvM9R8ypBjFKpQi70"",""stripe_charge_id"":"""",""source_staged_payment_id"":""DYF2ZvM9R8ypBjFKpQi70"",""gross_amount"":""1721.39"",""fee_amount"":"""",""net_amount"":""1721.39"",""currency"":""USD"",""received_date"":""2024-11-19"",""lifecycle"":""received""}]","1","1721.39","[]","0","0.00","[]","0","0.00","0.00"
"bdep_ad142220f94fc074440cebda","bnk_ad142220f94fc074440cebda","2026-06-25","4527.67","USD","","","Bill.com         Receivable        996FRWXVN128NDD Multiple Payments Bill.com Receivables 996FRWXVN","[]","0","0.00","[]","0","0.00","[]","0","0.00","[{""id"":""bdqr_bdep_ad142220f94fc074440cebda"",""bank_deposit_id"":""bdep_ad142220f94fc074440cebda"",""bank_transaction_id"":""bnk_d509b4dadba2cc5571557a4f"",""amount"":""4527.67"",""deposit_date"":""2026-06-25"",""txn_date"":""2026-06-25"",""txn_type"":""Journal"",""ref_no"":""JE CSP IDC Apr28 OpEx"",""payee"":"""",""memo"":""BILL 06/25/26 AR Payments"",""qb_posting"":"""",""account"":"""",""class"":"""",""reconciliation_status"":""Reconciled"",""ambiguous"":""false""}]","1","4527.67","4527.67"
"bdep_1ebae8e9e4e7da7a6c1aa6d4","bnk_1ebae8e9e4e7da7a6c1aa6d4","2017-11-06","137.5","USD","","","INTUIT PYMT SOLN DEPOSIT 171104 524771997507722 THE WILDFLOWER FOUNDAT","[]","0","0.00","[]","0","0.00","[]","0","0.00","[{""id"":""bdqr_bdep_1ebae8e9e4e7da7a6c1aa6d4"",""bank_deposit_id"":""bdep_1ebae8e9e4e7da7a6c1aa6d4"",""bank_transaction_id"":""bnk_2aaea7f6324377cf37d23c45"",""amount"":""137.5"",""deposit_date"":""2017-11-06"",""txn_date"":""2017-11-03"",""txn_type"":""Deposit"",""ref_no"":"""",""payee"":""Loan - Dandelion"",""memo"":""System-recorded deposit for QuickBooks Payments"",""qb_posting"":"""",""account"":""1501 Undeposited Funds"",""class"":"""",""reconciliation_status"":""Reconciled"",""ambiguous"":""false""}]","1","137.50","137.50"
"bdep_2e21c5a8a12fa23df6a77cbf","bnk_2e21c5a8a12fa23df6a77cbf","2025-02-20","3731.18","USD","","","Minnesota Wildfl Receivable        016LCFXXN3N9PHO 016LCFXXN3N9PHO Minnesota Wildfl Bill.com Inv TC","[]","0","0.00","[]","0","0.00","[]","0","0.00","[]","0","0.00","3731.18"
"bdep_1f568f592dd1943ee410239d","bnk_1f568f592dd1943ee410239d","2018-08-20","1695","USD","","","INTUIT PYMT SOLN DEPOSIT 180818 524771997507722 THE WILDFLOWER FOUNDAT","[]","0","0.00","[]","0","0.00","[]","0","0.00","[{""id"":""bdqr_bdep_1f568f592dd1943ee410239d"",""bank_deposit_id"":""bdep_1f568f592dd1943ee410239d"",""bank_transaction_id"":""bnk_9b54eb1a5aa42805fd69e9cd"",""amount"":""1695"",""deposit_date"":""2018-08-20"",""txn_date"":""2018-08-17"",""txn_type"":""Deposit"",""ref_no"":"""",""payee"":""Loan - Wild Rose"",""memo"":""System-recorded deposit for QuickBooks Payments"",""qb_posting"":"""",""account"":""1501 Undeposited Funds"",""class"":"""",""reconciliation_status"":""Reconciled"",""ambiguous"":""false""}]","1","1695.00","1695.00"
"bdep_14ddd1a2e9ff3ab974d015d7","bnk_14ddd1a2e9ff3ab974d015d7","2021-12-13","315709.3","USD","","","ATM CHECK DEPOSIT              ON              12/13 1505 W Lake St            Minneapolis   MN  0009523           ATM ID 6991J    CARD 7365","[]","0","0.00","[]","0","0.00","[]","0","0.00","[]","0","0.00","315709.30"
"bdep_9f257e7bfdcdce9ae5d044e4","bnk_9f257e7bfdcdce9ae5d044e4","2018-06-21","137.5","USD","","","INTUIT PYMT SOLN DEPOSIT 180621 524771997507722 THE WILDFLOWER FOUNDAT","[]","0","0.00","[]","0","0.00","[]","0","0.00","[{""id"":""bdqr_bdep_9f257e7bfdcdce9ae5d044e4"",""bank_deposit_id"":""bdep_9f257e7bfdcdce9ae5d044e4"",""bank_transaction_id"":""bnk_62ff77a741fa9963b1e0b0a8"",""amount"":""137.5"",""deposit_date"":""2018-06-21"",""txn_date"":""2018-06-20"",""txn_type"":""Deposit"",""ref_no"":"""",""payee"":""Loan - Dandelion"",""memo"":""System-recorded deposit for QuickBooks Payments"",""qb_posting"":"""",""account"":""1501 Undeposited Funds"",""class"":"""",""reconciliation_status"":""Reconciled"",""ambiguous"":""false""}]","1","137.50","137.50"
"bdep_c5c962d917a23ea453490f69","bnk_c5c962d917a23ea453490f69","2021-12-17","2500","USD","","","WT FED#02674 JPMORGAN CHASE BAN    /ORG=INCANDESCENT LLC                              SRF#        3116071351ES TRN#211217017827  RFB#     BMG OF 21/12/17","[{""component_id"":""bdc_jsGHUGpP1GyvWmOrRzonn"",""payment_unit_id"":""pu_jsGHUGpP1GyvWmOrRzonn"",""kind"":""other"",""amount"":""2500.00"",""source"":""qbo_inferred"",""source_staged_payment_id"":""jsGHUGpP1GyvWmOrRzonn"",""staged_payer"":""Incandescent"",""staged_date"":""2021-12-17"",""qb_deposit_id"":""18701"",""reconciliation_flag"":""ok"",""unit_kind"":""other"",""unit_evidence_id"":""jsGHUGpP1GyvWmOrRzonn""}]","1","2500.00","[{""id"":""pu_jsGHUGpP1GyvWmOrRzonn"",""kind"":""other"",""evidence_id"":""jsGHUGpP1GyvWmOrRzonn"",""stripe_charge_id"":"""",""source_staged_payment_id"":""jsGHUGpP1GyvWmOrRzonn"",""gross_amount"":""2500.00"",""fee_amount"":"""",""net_amount"":""2500.00"",""currency"":""USD"",""received_date"":""2021-12-17"",""lifecycle"":""received""}]","1","2500.00","[]","0","0.00","[]","0","0.00","0.00"
"bdep_f45b287ac5dc59bd422f6ac9","bnk_f45b287ac5dc59bd422f6ac9","2022-03-07","500","USD","","","BLUE CROSS BS MN BLUE X DEP                        RMR*OI*HONORARIUM**500.00*500.00*0.00\","[{""component_id"":""bdc_uazOyrHBADG83eg5kMTIq"",""payment_unit_id"":""pu_uazOyrHBADG83eg5kMTIq"",""kind"":""other"",""amount"":""500.00"",""source"":""qbo_inferred"",""source_staged_payment_id"":""uazOyrHBADG83eg5kMTIq"",""staged_payer"":""Blue Cross & Blue Shield Foundation of MN"",""staged_date"":""2022-03-07"",""qb_deposit_id"":""19500"",""reconciliation_flag"":""ok"",""unit_kind"":""other"",""unit_evidence_id"":""uazOyrHBADG83eg5kMTIq""}]","1","500.00","[{""id"":""pu_uazOyrHBADG83eg5kMTIq"",""kind"":""other"",""evidence_id"":""uazOyrHBADG83eg5kMTIq"",""stripe_charge_id"":"""",""source_staged_payment_id"":""uazOyrHBADG83eg5kMTIq"",""gross_amount"":""500.00"",""fee_amount"":"""",""net_amount"":""500.00"",""currency"":""USD"",""received_date"":""2022-03-07"",""lifecycle"":""received""}]","1","500.00","[]","0","0.00","[]","0","0.00","0.00"
"bdep_055f2ecb83bc6306cf7c227d","bnk_055f2ecb83bc6306cf7c227d","2020-12-10","33.68","USD","","","STRIPE           TRANSFER          ST-N9T1S6O5B3W8 THE WILDFLOWER FOUNDAT","[]","0","0.00","[]","0","0.00","[]","0","0.00","[]","0","0.00","33.68"
"bdep_30514983ba5bed4ad12d26dd","bnk_30514983ba5bed4ad12d26dd","2023-01-04","35000","USD","","","WT FED#06646 GOLDMAN SACHS AND     /ORG=INDIRA FOUNDATION, INC.                       SRF#      S063004230EF01 TRN#230104040148  RFB#","[]","0","0.00","[]","0","0.00","[]","0","0.00","[{""id"":""bdqr_bdep_30514983ba5bed4ad12d26dd"",""bank_deposit_id"":""bdep_30514983ba5bed4ad12d26dd"",""bank_transaction_id"":""bnk_30260ab49b8e68e029f1b880"",""amount"":""35000"",""deposit_date"":""2023-01-04"",""txn_date"":""2023-01-04"",""txn_type"":""Payment"",""ref_no"":"""",""payee"":""Indira Foundation/Avi and Sandra Nash"",""memo"":"""",""qb_posting"":"""",""account"":""1503 Pledges/Services Receivable"",""class"":"""",""reconciliation_status"":""Reconciled"",""ambiguous"":""false""}]","1","35000.00","35000.00"
"bdep_61e147f32079dabbef8fdfa8","bnk_61e147f32079dabbef8fdfa8","2020-07-13","2527.8","USD","","","TELE-TRANSFER FR XXXXXX5891 REFERENCE #TF08GXM53F","[]","0","0.00","[]","0","0.00","[]","0","0.00","[]","0","0.00","2527.80"
"bdep_0715f2450cf4bde928c0809b","bnk_0715f2450cf4bde928c0809b","2021-01-05","479.2","USD","","","STRIPE           TRANSFER          ST-Z3J0V5O4A0M5 THE WILDFLOWER FOUNDAT","[]","0","0.00","[]","0","0.00","[{""stripe_payout_id"":""po_1I5i1cAhXr9x8yiR69t8ZwmN"",""bank_deposit_id"":""bdep_0715f2450cf4bde928c0809b"",""amount"":""479.2"",""currency"":""USD"",""arrival_date"":""2021-01-04"",""deposit_date"":""2021-01-05"",""ambiguous_bank_match"":""true"",""payer_name"":""""}]","1","479.20","[]","0","0.00","479.20"
"bdep_2fd5d0da7b1336acf7063633","bnk_2fd5d0da7b1336acf7063633","2024-02-09","14000","USD","","","WT FED#03296 US BANK, NA           /ORG=FUTURE FOCUSED SOLUTIONS LLC                  SRF#        240209B01LWX TRN#XXXXXXXX1885  RFB#        240209B01LWX","[]","0","0.00","[]","0","0.00","[]","0","0.00","[]","0","0.00","14000.00"
"bdep_960419d169ecd654a71a5caa","bnk_960419d169ecd654a71a5caa","2020-03-11","480.2","USD","","","STRIPE           TRANSFER          ST-H4O0F9U8X7A7 THE WILDFLOWER FOUNDAT","[]","0","0.00","[]","0","0.00","[]","0","0.00","[]","0","0.00","480.20"
"bdep_e89468e6656bae1c8f8f506b","bnk_e89468e6656bae1c8f8f506b","2018-06-06","2000","USD","","","INTUIT PYMT SOLN DEPOSIT 180606 524771997507722 THE WILDFLOWER FOUNDAT","[]","0","0.00","[]","0","0.00","[]","0","0.00","[{""id"":""bdqr_bdep_e89468e6656bae1c8f8f506b"",""bank_deposit_id"":""bdep_e89468e6656bae1c8f8f506b"",""bank_transaction_id"":""bnk_53a28eaf14f6154f1d81b1e9"",""amount"":""2000"",""deposit_date"":""2018-06-06"",""txn_date"":""2018-06-05"",""txn_type"":""Deposit"",""ref_no"":"""",""payee"":""Loan - Snowdrop"",""memo"":""System-recorded deposit for QuickBooks Payments"",""qb_posting"":"""",""account"":""1501 Undeposited Funds"",""class"":"""",""reconciliation_status"":""Reconciled"",""ambiguous"":""false""}]","1","2000.00","2000.00"
"bdep_6de491045c62af808980b7b4","bnk_6de491045c62af808980b7b4","2025-07-25","120000","USD","","","WT XXXXXX2206FS     VANGUARD MARKETI /ORG=UA 05-19-2016 HOWLEY FOUNDATION UA          SRF#        XXXXXX2206FS TRN#XXXXXXXX8421  RFB#        XXXXXX2206FS","[{""component_id"":""bdc_rvGhMvR-GdgMw18HYQdcw"",""payment_unit_id"":""pu_rvGhMvR-GdgMw18HYQdcw"",""kind"":""direct_ach"",""amount"":""80000.00"",""source"":""qbo_inferred"",""source_staged_payment_id"":""rvGhMvR-GdgMw18HYQdcw"",""staged_payer"":""The Howley Foundation"",""staged_date"":""2025-07-25"",""qb_deposit_id"":""35303"",""reconciliation_flag"":""ok"",""unit_kind"":""direct_ach"",""unit_evidence_id"":""rvGhMvR-GdgMw18HYQdcw""},{""component_id"":""bdc_5L1YqDSwMIyqx1pnx_0Hl"",""payment_unit_id"":""pu_5L1YqDSwMIyqx1pnx_0Hl"",""kind"":""direct_ach"",""amount"":""40000.00"",""source"":""qbo_inferred"",""source_staged_payment_id"":""5L1YqDSwMIyqx1pnx_0Hl"",""staged_payer"":""The Howley Foundation"",""staged_date"":""2025-07-25"",""qb_deposit_id"":""35303"",""reconciliation_flag"":""ok"",""unit_kind"":""direct_ach"",""unit_evidence_id"":""5L1YqDSwMIyqx1pnx_0Hl""}]","2","120000.00","[{""id"":""pu_rvGhMvR-GdgMw18HYQdcw"",""kind"":""direct_ach"",""evidence_id"":""rvGhMvR-GdgMw18HYQdcw"",""stripe_charge_id"":"""",""source_staged_payment_id"":""rvGhMvR-GdgMw18HYQdcw"",""gross_amount"":""80000.00"",""fee_amount"":"""",""net_amount"":""80000.00"",""currency"":""USD"",""received_date"":""2025-07-25"",""lifecycle"":""received""},{""id"":""pu_5L1YqDSwMIyqx1pnx_0Hl"",""kind"":""direct_ach"",""evidence_id"":""5L1YqDSwMIyqx1pnx_0Hl"",""stripe_charge_id"":"""",""source_staged_payment_id"":""5L1YqDSwMIyqx1pnx_0Hl"",""gross_amount"":""40000.00"",""fee_amount"":"""",""net_amount"":""40000.00"",""currency"":""USD"",""received_date"":""2025-07-25"",""lifecycle"":""received""}]","2","120000.00","[]","0","0.00","[]","0","0.00","0.00"
"bdep_b5ba979600af67a4da59a4d7","bnk_b5ba979600af67a4da59a4d7","2019-03-13","485.2","USD","","","STRIPE           TRANSFER                          X","[]","0","0.00","[]","0","0.00","[]","0","0.00","[]","0","0.00","485.20"
"bdep_caea5d2d61893e910ae0084d","bnk_caea5d2d61893e910ae0084d","2025-08-01","545.45","USD","","","Bill.com         Receivable        015YFPYSENLHV8N Acacia Montessori (C) Bill.com 015YFPYSENLHV8N I","[]","0","0.00","[]","0","0.00","[]","0","0.00","[{""id"":""bdqr_bdep_caea5d2d61893e910ae0084d"",""bank_deposit_id"":""bdep_caea5d2d61893e910ae0084d"",""bank_transaction_id"":""bnk_bc04a5800c86ae3832eabb2e"",""amount"":""545.45"",""deposit_date"":""2025-08-01"",""txn_date"":""2025-08-01"",""txn_type"":""Journal"",""ref_no"":""BILL.com 08/01/25 AR"",""payee"":"""",""memo"":""BILL 08/01/25 AR Payments"",""qb_posting"":"""",""account"":"""",""class"":"""",""reconciliation_status"":""Reconciled"",""ambiguous"":""false""}]","1","545.45","545.45"
"bdep_d71636646dcd2efbd25258ae","bnk_d71636646dcd2efbd25258ae","2024-09-17","653.68","USD","","","Sundrops Montess Receivable        016CDRLNG3HJQZ4 016CDRLNG3HJQZ4 Sundrops Montess Bill.com Inv 79","[]","0","0.00","[]","0","0.00","[]","0","0.00","[{""id"":""bdqr_bdep_d71636646dcd2efbd25258ae"",""bank_deposit_id"":""bdep_d71636646dcd2efbd25258ae"",""bank_transaction_id"":""bnk_36982124a6ce57a36963802b"",""amount"":""653.68"",""deposit_date"":""2024-09-17"",""txn_date"":""2024-09-16"",""txn_type"":""Payment"",""ref_no"":""P24091101 - 4201336"",""payee"":""Sundrops Montessori School"",""memo"":""Inv 79252461-138"",""qb_posting"":"""",""account"":""1503 Pledges/Services Receivable"",""class"":"""",""reconciliation_status"":""Reconciled"",""ambiguous"":""false""}]","1","653.68","653.68"
"bdep_a344d4bb876d99917816ce48","bnk_a344d4bb876d99917816ce48","2020-06-23","23.97","USD","","","STRIPE           TRANSFER          ST-E4A4H0N9W0R7 THE WILDFLOWER FOUNDAT","[]","0","0.00","[]","0","0.00","[]","0","0.00","[]","0","0.00","23.97"
"bdep_c9434656b072faf0d8f0e97f","bnk_c9434656b072faf0d8f0e97f","2023-02-27","2500","USD","","","ATM CHECK DEPOSIT              ON              02/27 4712 Chicago Ave          Minneapolis   MN  0009655           ATM ID 5819T    CARD 7365","[]","0","0.00","[]","0","0.00","[]","0","0.00","[]","0","0.00","2500.00"
"bdep_2f786ba20d8337fe1a3519e9","bnk_2f786ba20d8337fe1a3519e9","2020-04-17","608.4","USD","","","1330 Lagoon Aven PAYMENTS   200417 EFT-01137879    NTE*ZZZ*91ZJ1JMSP02-Apr20,\","[]","0","0.00","[]","0","0.00","[]","0","0.00","[]","0","0.00","608.40"
"bdep_2d56c76ba2ae250a9ac4b98e","bnk_2d56c76ba2ae250a9ac4b98e","2022-03-03","21.88","USD","","","AMZNB7ESGBKH     AmazonSmil 220303 5HILF8QPSS7FMWX payments.amazon.com ID#5HILF8QPSS7FMWX","[{""component_id"":""bdc_kWl1HckYWYg_Pdz8I8x1Q"",""payment_unit_id"":""pu_kWl1HckYWYg_Pdz8I8x1Q"",""kind"":""other"",""amount"":""21.88"",""source"":""qbo_inferred"",""source_staged_payment_id"":""kWl1HckYWYg_Pdz8I8x1Q"",""staged_payer"":"""",""staged_date"":""2022-03-03"",""qb_deposit_id"":""19454"",""reconciliation_flag"":""ok"",""unit_kind"":""other"",""unit_evidence_id"":""kWl1HckYWYg_Pdz8I8x1Q""}]","1","21.88","[{""id"":""pu_kWl1HckYWYg_Pdz8I8x1Q"",""kind"":""other"",""evidence_id"":""kWl1HckYWYg_Pdz8I8x1Q"",""stripe_charge_id"":"""",""source_staged_payment_id"":""kWl1HckYWYg_Pdz8I8x1Q"",""gross_amount"":""21.88"",""fee_amount"":"""",""net_amount"":""21.88"",""currency"":""USD"",""received_date"":""2022-03-03"",""lifecycle"":""received""}]","1","21.88","[]","0","0.00","[]","0","0.00","0.00"
"bdep_6c48330bc340d3b9fe8c0588","bnk_6c48330bc340d3b9fe8c0588","2022-04-29","266","USD","","","DEPARTAMENTO DEL HIST RTN   220429 927017          THE WILDFLOWER FOUND","[]","0","0.00","[]","0","0.00","[]","0","0.00","[]","0","0.00","266.00"
"bdep_7da7a70504ce9d3677fe6102","bnk_7da7a70504ce9d3677fe6102","2023-03-20","100016.18","USD","","","ATM CHECK DEPOSIT              ON              03/20 1505 W Lake St            Minneapolis   MN  0008675           ATM ID 6991J    CARD 7365","[]","0","0.00","[]","0","0.00","[]","0","0.00","[]","0","0.00","100016.18"
"bdep_d89c2e8e6d46456feb214b8d","bnk_d89c2e8e6d46456feb214b8d","2026-04-23","104288.61","USD","","","ONLINE TRANSFER MARCH PAYROLL AND NNMS FEB GRANT REF #BB0XS22JDS","[]","0","0.00","[]","0","0.00","[]","0","0.00","[{""id"":""bdqr_bdep_d89c2e8e6d46456feb214b8d"",""bank_deposit_id"":""bdep_d89c2e8e6d46456feb214b8d"",""bank_transaction_id"":""bnk_0288576d8bb41aa7bec6b97d"",""amount"":""104288.61"",""deposit_date"":""2026-04-23"",""txn_date"":""2026-04-23"",""txn_type"":""Transfer"",""ref_no"":"""",""payee"":"""",""memo"":""Transfer from CSP to TWF Operating"",""qb_posting"":"""",""account"":""TWF CSP Rep grant (1340) - 2"",""class"":"""",""reconciliation_status"":""Reconciled"",""ambiguous"":""false""}]","1","104288.61","104288.61"
"bdep_5039e070647661c46370d0f3","bnk_5039e070647661c46370d0f3","2020-03-11","350","USD","","","ATM CHECK DEPOSIT              ON              03/11 1505 WEST LAKE ST         MINNEAPOLIS   MN  0009239           ATM ID 6991L    CARD 7365","[]","0","0.00","[]","0","0.00","[]","0","0.00","[]","0","0.00","350.00"
"bdep_367d0db9c71ffbce2458a84a","bnk_367d0db9c71ffbce2458a84a","2019-03-27","670.8","USD","","","MSP02 - 1330 Lag PAYMENTS   190326 EFT-00522004    NTE*ZZZ*POVWRVXPQNCVBYHRCW,PO3AVSX569J9EWVAH2,91","[]","0","0.00","[]","0","0.00","[]","0","0.00","[]","0","0.00","670.80"
"bdep_2ad96e92e00bfa69614b094d","bnk_2ad96e92e00bfa69614b094d","2018-04-25","187.5","USD","","","INTUIT PYMT SOLN DEPOSIT 180425 524771997507722 THE WILDFLOWER FOUNDAT","[]","0","0.00","[]","0","0.00","[]","0","0.00","[{""id"":""bdqr_bdep_2ad96e92e00bfa69614b094d"",""bank_deposit_id"":""bdep_2ad96e92e00bfa69614b094d"",""bank_transaction_id"":""bnk_cd9dfcd18341dc432d20dc57"",""amount"":""187.5"",""deposit_date"":""2018-04-25"",""txn_date"":""2018-04-24"",""txn_type"":""Deposit"",""ref_no"":"""",""payee"":""Loan - Tiger Lily"",""memo"":""System-recorded deposit for QuickBooks Payments"",""qb_posting"":"""",""account"":""1501 Undeposited Funds"",""class"":"""",""reconciliation_status"":""Reconciled"",""ambiguous"":""false""}]","1","187.50","187.50"
"bdep_91ef03b96d853a32a56cb9cd","bnk_91ef03b96d853a32a56cb9cd","2024-08-07","100000","USD","","","WT FED#06513 GOLDMAN SACHS AND     /ORG=INDIRA FOUNDATION, INC. 939 COAST B           SRF#     GIXXXXXXXX11991 TRN#XXXXXXXX8867  RFB#     GTOS81G24E6K1ZJ","[{""component_id"":""bdc_M37WisaFqQeTrU_MEKQkv"",""payment_unit_id"":""pu_M37WisaFqQeTrU_MEKQkv"",""kind"":""other"",""amount"":""100000.00"",""source"":""qbo_inferred"",""source_staged_payment_id"":""M37WisaFqQeTrU_MEKQkv"",""staged_payer"":""Indira Foundation / Avi and Sandra Nash"",""staged_date"":""2024-08-07"",""qb_deposit_id"":""29764"",""reconciliation_flag"":""ok"",""unit_kind"":""other"",""unit_evidence_id"":""M37WisaFqQeTrU_MEKQkv""}]","1","100000.00","[{""id"":""pu_M37WisaFqQeTrU_MEKQkv"",""kind"":""other"",""evidence_id"":""M37WisaFqQeTrU_MEKQkv"",""stripe_charge_id"":"""",""source_staged_payment_id"":""M37WisaFqQeTrU_MEKQkv"",""gross_amount"":""100000.00"",""fee_amount"":"""",""net_amount"":""100000.00"",""currency"":""USD"",""received_date"":""2024-08-07"",""lifecycle"":""received""}]","1","100000.00","[]","0","0.00","[]","0","0.00","0.00"
"bdep_533a9656d037541d3e713144","bnk_533a9656d037541d3e713144","2023-06-27","7000000","USD","","","WT FED#02034 NORTHERN TRUST COM    /ORG=THE CHICAGO COMMUNITY FOUNDATION              SRF#    2023062700721670 TRN#230627037255  RFB#             5373318","[]","0","0.00","[]","0","0.00","[]","0","0.00","[{""id"":""bdqr_bdep_533a9656d037541d3e713144"",""bank_deposit_id"":""bdep_533a9656d037541d3e713144"",""bank_transaction_id"":""bnk_644264a11ecb25d49f2a99b9"",""amount"":""7000000"",""deposit_date"":""2023-06-27"",""txn_date"":""2023-06-27"",""txn_type"":""Payment"",""ref_no"":"""",""payee"":""The Chicago Community Foundation"",""memo"":"""",""qb_posting"":"""",""account"":""1503 Pledges/Services Receivable"",""class"":"""",""reconciliation_status"":""Reconciled"",""ambiguous"":""false""}]","1","7000000.00","7000000.00"
"bdep_3990e6f2d1887c8e607e59fb","bnk_3990e6f2d1887c8e607e59fb","2023-06-23","8295","USD","","","Bill.com         Receivable        016GJLHPK2OW2K5 Dandelion - Customer Bill.com 016GJLHPK2OW2K5 In","[]","0","0.00","[]","0","0.00","[]","0","0.00","[{""id"":""bdqr_bdep_3990e6f2d1887c8e607e59fb"",""bank_deposit_id"":""bdep_3990e6f2d1887c8e607e59fb"",""bank_transaction_id"":""bnk_3614a9272a0118dd9168cc13"",""amount"":""8295"",""deposit_date"":""2023-06-23"",""txn_date"":""2023-06-23"",""txn_type"":""Payment"",""ref_no"":"""",""payee"":""Dandelion Parent Education Incorporated"",""memo"":"""",""qb_posting"":"""",""account"":""1503 Pledges/Services Receivable"",""class"":"""",""reconciliation_status"":""Reconciled"",""ambiguous"":""false""}]","1","8295.00","8295.00"
"bdep_27c821ec3701c73862cea8e1","bnk_27c821ec3701c73862cea8e1","2024-11-25","545.45","USD","","","Desert Peach Mon Bill.com          026LYGSIK168H8P Desert Peach Montessori School Bill.com 026LYGSI","[]","0","0.00","[]","0","0.00","[]","0","0.00","[]","0","0.00","545.45"
"bdep_27b04b4a752a5165e13fa8f2","bnk_27b04b4a752a5165e13fa8f2","2025-12-16","30000","USD","","","FUNDACION BPPR   CREDITS           THE WILDFLOWER  THE WILDFLOWER FOUNDAT","[{""component_id"":""bdc_it8b0mhqMVm3s1AqgWyID"",""payment_unit_id"":""pu_it8b0mhqMVm3s1AqgWyID"",""kind"":""other"",""amount"":""30000.00"",""source"":""qbo_inferred"",""source_staged_payment_id"":""it8b0mhqMVm3s1AqgWyID"",""staged_payer"":""Fundación Banco Popular"",""staged_date"":""2025-12-16"",""qb_deposit_id"":""37042"",""reconciliation_flag"":""ok"",""unit_kind"":""other"",""unit_evidence_id"":""it8b0mhqMVm3s1AqgWyID""}]","1","30000.00","[{""id"":""pu_it8b0mhqMVm3s1AqgWyID"",""kind"":""other"",""evidence_id"":""it8b0mhqMVm3s1AqgWyID"",""stripe_charge_id"":"""",""source_staged_payment_id"":""it8b0mhqMVm3s1AqgWyID"",""gross_amount"":""30000.00"",""fee_amount"":"""",""net_amount"":""30000.00"",""currency"":""USD"",""received_date"":""2025-12-16"",""lifecycle"":""received""}]","1","30000.00","[]","0","0.00","[]","0","0.00","0.00"
"bdep_a84b59d9bf57b21bb96a028c","bnk_a84b59d9bf57b21bb96a028c","2020-05-11","1517.18","USD","","","COBRA TRUST ACCT BASICPacif                        COBRA REMIT","[]","0","0.00","[]","0","0.00","[]","0","0.00","[]","0","0.00","1517.18"
"bdep_18b0fa1a64e50691f57eef7d","bnk_18b0fa1a64e50691f57eef7d","2024-09-30","10000","USD","","","ATM CHECK DEPOSIT              ON              09/29 7900 Xerxes Ave S Ste 201 Bloomington   MN  0009145           ATM ID 9961Z    CARD 0628","[{""component_id"":""bdc_57hcboHFPuX4qdljSM449:split:1"",""payment_unit_id"":""pu_57hcboHFPuX4qdljSM449:split:1"",""kind"":""other"",""amount"":""5000.00"",""source"":""qbo_inferred"",""source_staged_payment_id"":""57hcboHFPuX4qdljSM449:split:1"",""staged_payer"":""Hanhwa Kao"",""staged_date"":""2024-09-30"",""qb_deposit_id"":""30478"",""reconciliation_flag"":""ok"",""unit_kind"":""other"",""unit_evidence_id"":""57hcboHFPuX4qdljSM449:split:1""},{""component_id"":""bdc_57hcboHFPuX4qdljSM449:split:2"",""payment_unit_id"":""pu_57hcboHFPuX4qdljSM449:split:2"",""kind"":""other"",""amount"":""5000.00"",""source"":""qbo_inferred"",""source_staged_payment_id"":""57hcboHFPuX4qdljSM449:split:2"",""staged_payer"":""Hanhwa Kao"",""staged_date"":""2024-09-30"",""qb_deposit_id"":""30478"",""reconciliation_flag"":""ok"",""unit_kind"":""other"",""unit_evidence_id"":""57hcboHFPuX4qdljSM449:split:2""}]","2","10000.00","[{""id"":""pu_57hcboHFPuX4qdljSM449:split:1"",""kind"":""other"",""evidence_id"":""57hcboHFPuX4qdljSM449:split:1"",""stripe_charge_id"":"""",""source_staged_payment_id"":""57hcboHFPuX4qdljSM449:split:1"",""gross_amount"":""5000.00"",""fee_amount"":"""",""net_amount"":""5000.00"",""currency"":""USD"",""received_date"":""2024-09-30"",""lifecycle"":""received""},{""id"":""pu_57hcboHFPuX4qdljSM449:split:2"",""kind"":""other"",""evidence_id"":""57hcboHFPuX4qdljSM449:split:2"",""stripe_charge_id"":"""",""source_staged_payment_id"":""57hcboHFPuX4qdljSM449:split:2"",""gross_amount"":""5000.00"",""fee_amount"":"""",""net_amount"":""5000.00"",""currency"":""USD"",""received_date"":""2024-09-30"",""lifecycle"":""received""}]","2","10000.00","[]","0","0.00","[]","0","0.00","0.00"
"bdep_f7c2be98c5d8c9994c2bf409","bnk_f7c2be98c5d8c9994c2bf409","2019-07-30","5200","USD","","","eDeposit in Branch/Store 07/30/19 02:30:25 PM 1505 W LAKE ST MINNEAPOLIS MN 8945","[]","0","0.00","[]","0","0.00","[]","0","0.00","[]","0","0.00","5200.00"
"bdep_dce58a569d27122951d915e5","bnk_dce58a569d27122951d915e5","2018-06-15","10990.95","USD","","","FROM BRK ****9888 TRANSFER REF 233764854","[{""component_id"":""bdc_CgbJao4PfVs7ITQkBF9Ky"",""payment_unit_id"":""pu_CgbJao4PfVs7ITQkBF9Ky"",""kind"":""other"",""amount"":""10990.95"",""source"":""qbo_inferred"",""source_staged_payment_id"":""CgbJao4PfVs7ITQkBF9Ky"",""staged_payer"":""Arthur Rock Foundation"",""staged_date"":""2018-06-15"",""qb_deposit_id"":""3807"",""reconciliation_flag"":""ok"",""unit_kind"":""other"",""unit_evidence_id"":""CgbJao4PfVs7ITQkBF9Ky""}]","1","10990.95","[{""id"":""pu_CgbJao4PfVs7ITQkBF9Ky"",""kind"":""other"",""evidence_id"":""CgbJao4PfVs7ITQkBF9Ky"",""stripe_charge_id"":"""",""source_staged_payment_id"":""CgbJao4PfVs7ITQkBF9Ky"",""gross_amount"":""10990.95"",""fee_amount"":"""",""net_amount"":""10990.95"",""currency"":""USD"",""received_date"":""2018-06-15"",""lifecycle"":""received""}]","1","10990.95","[]","0","0.00","[]","0","0.00","0.00"
"bdep_e398ada990f6f2471b8cce60","bnk_e398ada990f6f2471b8cce60","2024-05-24","3549","USD","","","DC WILDFLOWER PU EFT PYMT   052324 Charter School  The Wildflower Foundat","[]","0","0.00","[]","0","0.00","[]","0","0.00","[]","0","0.00","3549.00"
"bdep_cacc02651fa218937bc0719b","bnk_cacc02651fa218937bc0719b","2023-10-16","1140.15","USD","","","BASIC            BASICCOBRA 231016                 The Wildflower Foundat","[]","0","0.00","[]","0","0.00","[]","0","0.00","[]","0","0.00","1140.15"
"bdep_06f6b197da08b4e2a119b059","bnk_06f6b197da08b4e2a119b059","2024-05-30","57964.92","USD","","","DEPOSIT","[]","0","0.00","[]","0","0.00","[]","0","0.00","[]","0","0.00","57964.92"
"bdep_23794c57db997bd6924ce76e","bnk_23794c57db997bd6924ce76e","2025-06-09","623.8","USD","","","Bill.com         Receivable        015HEBSOHGIUIZ5   Greenbrier (C) Bill.com 015HEBSOHGIUIZ5 Inv #T","[]","0","0.00","[]","0","0.00","[]","0","0.00","[{""id"":""bdqr_bdep_23794c57db997bd6924ce76e"",""bank_deposit_id"":""bdep_23794c57db997bd6924ce76e"",""bank_transaction_id"":""bnk_fccd45211bcef1185d384f80"",""amount"":""623.8"",""deposit_date"":""2025-06-09"",""txn_date"":""2025-06-09"",""txn_type"":""Journal"",""ref_no"":""Divvy Reim 4.7.32"",""payee"":"""",""memo"":""BILL 06/09/25 AR Payments"",""qb_posting"":"""",""account"":"""",""class"":"""",""reconciliation_status"":""Reconciled"",""ambiguous"":""false""}]","1","623.80","623.80"
"bdep_0f9ae8544883b575b2336827","bnk_0f9ae8544883b575b2336827","2026-02-06","41348.61","USD","","","Bill.com         Receivable        015FZDENIMUR4NT Multiple Payments Bill.com Receivables 015FZDENI","[]","0","0.00","[]","0","0.00","[]","0","0.00","[{""id"":""bdqr_bdep_0f9ae8544883b575b2336827"",""bank_deposit_id"":""bdep_0f9ae8544883b575b2336827"",""bank_transaction_id"":""bnk_3fb611cbfc6ad6652b96d9ad"",""amount"":""41348.61"",""deposit_date"":""2026-02-06"",""txn_date"":""2026-02-06"",""txn_type"":""Journal"",""ref_no"":""4"",""payee"":"""",""memo"":""BILL 02/06/26 AR Payments"",""qb_posting"":"""",""account"":"""",""class"":"""",""reconciliation_status"":""Reconciled"",""ambiguous"":""false""}]","1","41348.61","41348.61"
"bdep_bffc58c895236b2a08d09b22","bnk_bffc58c895236b2a08d09b22","2025-03-27","2522.44","USD","","","Wild Rose Montes Receivable        016QFDZSP3OL2KV 016QFDZSP3OL2KV Wild Rose Montes Bill.com Inv 11","[]","0","0.00","[]","0","0.00","[]","0","0.00","[]","0","0.00","2522.44"
"bdep_af1e6c7493ce688d71d1aa5a","bnk_af1e6c7493ce688d71d1aa5a","2019-03-06","970.7","USD","","","STRIPE           TRANSFER                          X","[]","0","0.00","[]","0","0.00","[]","0","0.00","[]","0","0.00","970.70"
"bdep_2db66d8f2ebe15e8cd184d2d","bnk_2db66d8f2ebe15e8cd184d2d","2018-11-01","727.65","USD","","","STRIPE           TRANSFER                          X 201811012","[]","0","0.00","[]","0","0.00","[]","0","0.00","[]","0","0.00","727.65"
"bdep_57f3a9394e964cd551b7e7b1","bnk_57f3a9394e964cd551b7e7b1","2021-10-06","24.56","USD","","","STRIPE           TRANSFER          ST-Q7Y9Q5F0O1R5 THE WILDFLOWER FOUNDAT","[]","0","0.00","[]","0","0.00","[{""stripe_payout_id"":""po_1Jh2wGAhXr9x8yiRtdzIgviZ"",""bank_deposit_id"":""bdep_57f3a9394e964cd551b7e7b1"",""amount"":""24.56"",""currency"":""USD"",""arrival_date"":""2021-10-05"",""deposit_date"":""2021-10-06"",""ambiguous_bank_match"":""false"",""payer_name"":""""}]","1","24.56","[]","0","0.00","24.56"
"bdep_228b819516621dca715d3fed","bnk_228b819516621dca715d3fed","2022-09-30","378.32","USD","","","STRIPE           TRANSFER          ST-N9N2D0Z2U6B0 THE WILDFLOWER FOUNDAT","[]","0","0.00","[]","0","0.00","[{""stripe_payout_id"":""po_1LnDriAhXr9x8yiRD6usLTKl"",""bank_deposit_id"":""bdep_228b819516621dca715d3fed"",""amount"":""378.32"",""currency"":""USD"",""arrival_date"":""2022-09-29"",""deposit_date"":""2022-09-30"",""ambiguous_bank_match"":""false"",""payer_name"":""""}]","1","378.32","[]","0","0.00","378.32"
"bdep_db112d6f2819a5171d48b537","bnk_db112d6f2819a5171d48b537","2025-12-23","94.8","USD","","","STRIPE           TRANSFER          ST-V5T0A2X4T0G8 THE WILDFLOWER FOUNDAT","[]","0","0.00","[]","0","0.00","[{""stripe_payout_id"":""po_1ShJiTAhXr9x8yiRi0wctIiu"",""bank_deposit_id"":""bdep_db112d6f2819a5171d48b537"",""amount"":""94.8"",""currency"":""USD"",""arrival_date"":""2025-12-22"",""deposit_date"":""2025-12-23"",""ambiguous_bank_match"":""false"",""payer_name"":""""}]","1","94.80","[]","0","0.00","94.80"
"bdep_8e02bf33baa671743d312e61","bnk_8e02bf33baa671743d312e61","2019-10-30","2500","USD","","","ASTER MONTESSORI NOV19                             Wildflower Foundation","[]","0","0.00","[]","0","0.00","[]","0","0.00","[{""id"":""bdqr_bdep_8e02bf33baa671743d312e61"",""bank_deposit_id"":""bdep_8e02bf33baa671743d312e61"",""bank_transaction_id"":""bnk_0093d1bf404895a24546e7ad"",""amount"":""2500"",""deposit_date"":""2019-10-30"",""txn_date"":""2019-10-30"",""txn_type"":""Payment"",""ref_no"":"""",""payee"":""Loan - Aster"",""memo"":"""",""qb_posting"":"""",""account"":""1503 Pledges/Services Receivable"",""class"":"""",""reconciliation_status"":""Reconciled"",""ambiguous"":""false""}]","1","2500.00","2500.00"
"bdep_2c71fb79a20d2c299072fba6","bnk_2c71fb79a20d2c299072fba6","2022-01-18","1024.13","USD","","","TIGER LILY MONTE SENDER     220118       XXXXX1088 0000WILDFLOWER FOUND","[]","0","0.00","[]","0","0.00","[]","0","0.00","[]","0","0.00","1024.13"
"bdep_be018b05baf9bfa383f05d51","bnk_be018b05baf9bfa383f05d51","2018-09-21","8500","USD","","","ATM CHECK DEPOSIT 09/21 3030 NICOLLET AVE MINNEAPOLIS MN 5813V 7365","[]","0","0.00","[]","0","0.00","[]","0","0.00","[]","0","0.00","8500.00"
"bdep_17ad521f20193fe8dd5dae68","bnk_17ad521f20193fe8dd5dae68","2018-10-04","539.03","USD","","","STRIPE TRANSFER X","[]","0","0.00","[]","0","0.00","[]","0","0.00","[]","0","0.00","539.03"
"bdep_946de8cb3e640781077f2095","bnk_946de8cb3e640781077f2095","2025-02-24","1454.55","USD","","","Wildflower Monte Receivable        016GCURLT3NDNXD 016GCURLT3NDNXD Wildflower Monte Bill.com Inv TC","[]","0","0.00","[]","0","0.00","[]","0","0.00","[]","0","0.00","1454.55"
"bdep_b8070035a055d7769cf13980","bnk_b8070035a055d7769cf13980","2020-02-26","608.4","USD","","","1330 Lagoon Aven PAYMENTS   200226 EFT-01057764    NTE*ZZZ*POGYHEUPTQD8DP54N9,\","[]","0","0.00","[]","0","0.00","[]","0","0.00","[]","0","0.00","608.40"
"bdep_13f9d4ac3dc42b8f8693d550","bnk_13f9d4ac3dc42b8f8693d550","2021-08-17","4963.76","USD","","","STRIPE           TRANSFER          ST-K2Q1H5N0U5Y7 THE WILDFLOWER FOUNDAT","[]","0","0.00","[]","0","0.00","[{""stripe_payout_id"":""po_1JOv1RAhXr9x8yiRaEvJqqmT"",""bank_deposit_id"":""bdep_13f9d4ac3dc42b8f8693d550"",""amount"":""4963.76"",""currency"":""USD"",""arrival_date"":""2021-08-16"",""deposit_date"":""2021-08-17"",""ambiguous_bank_match"":""false"",""payer_name"":""""}]","1","4963.76","[]","0","0.00","4963.76"
"bdep_4cf36ed34184fc5693435598","bnk_4cf36ed34184fc5693435598","2019-07-26","485.2","USD","","","STRIPE           TRANSFER          ST-K8S9J3Y8T0A9 THE WILDFLOWER FOUNDAT","[]","0","0.00","[]","0","0.00","[]","0","0.00","[]","0","0.00","485.20"
"bdep_e1bea92b29b07050cf62cdb9","bnk_e1bea92b29b07050cf62cdb9","2019-04-10","28.83","USD","","","STRIPE           TRANSFER          ST-N9O7V1H3G6Y5 THE WILDFLOWER FOUNDAT","[]","0","0.00","[]","0","0.00","[]","0","0.00","[]","0","0.00","28.83"
"bdep_025bf1a10e8c08095939d574","bnk_025bf1a10e8c08095939d574","2018-12-10","212.5","USD","","","INTUIT PYMT SOLN DEPOSIT    181209 524771997507722 THE WILDFLOWER FOUNDAT 201812101","[]","0","0.00","[]","0","0.00","[]","0","0.00","[{""id"":""bdqr_bdep_025bf1a10e8c08095939d574"",""bank_deposit_id"":""bdep_025bf1a10e8c08095939d574"",""bank_transaction_id"":""bnk_dae2746fcf475b1b75aa1f7a"",""amount"":""212.5"",""deposit_date"":""2018-12-10"",""txn_date"":""2018-12-08"",""txn_type"":""Deposit"",""ref_no"":"""",""payee"":""Loan - Tiger Lily"",""memo"":""System-recorded deposit for QuickBooks Payments"",""qb_posting"":"""",""account"":""1501 Undeposited Funds"",""class"":"""",""reconciliation_status"":""Reconciled"",""ambiguous"":""false""}]","1","212.50","212.50"
"bdep_9d0ea2677e09c8adb4642661","bnk_9d0ea2677e09c8adb4642661","2020-01-17","475","USD","","","INTUIT PYMT SOLN DEPOSIT    200117 524771997507722 THE WILDFLOWER FOUNDAT","[]","0","0.00","[]","0","0.00","[]","0","0.00","[{""id"":""bdqr_bdep_9d0ea2677e09c8adb4642661"",""bank_deposit_id"":""bdep_9d0ea2677e09c8adb4642661"",""bank_transaction_id"":""bnk_a62970418f0a58b5a2683625"",""amount"":""475"",""deposit_date"":""2020-01-17"",""txn_date"":""2020-01-16"",""txn_type"":""Deposit"",""ref_no"":"""",""payee"":""Loan - Sweet Pea Montessori"",""memo"":""System-recorded deposit for QuickBooks Payments"",""qb_posting"":"""",""account"":"""",""class"":"""",""reconciliation_status"":""Reconciled"",""ambiguous"":""false""}]","1","475.00","475.00"
"bdep_8df6536955806037835c0d5a","bnk_8df6536955806037835c0d5a","2022-08-24","49.64","USD","","","STRIPE           TRANSFER          ST-Z2E9D8U6X0A3 THE WILDFLOWER FOUNDAT","[]","0","0.00","[]","0","0.00","[{""stripe_payout_id"":""po_1LZn4TAhXr9x8yiR6RRhNpMe"",""bank_deposit_id"":""bdep_8df6536955806037835c0d5a"",""amount"":""49.64"",""currency"":""USD"",""arrival_date"":""2022-08-23"",""deposit_date"":""2022-08-24"",""ambiguous_bank_match"":""false"",""payer_name"":""""}]","1","49.64","[]","0","0.00","49.64"
"bdep_6e2afe101a9eff08a7b1468d","bnk_6e2afe101a9eff08a7b1468d","2026-05-08","1921.22","USD","","","Bill.com         Receivable        015TZBUTXQZMONK Multiple Payments Bill.com Receivables 015TZBUTX","[]","0","0.00","[]","0","0.00","[]","0","0.00","[{""id"":""bdqr_bdep_6e2afe101a9eff08a7b1468d"",""bank_deposit_id"":""bdep_6e2afe101a9eff08a7b1468d"",""bank_transaction_id"":""bnk_49f4601dfee2c8c4600c434b"",""amount"":""1921.22"",""deposit_date"":""2026-05-08"",""txn_date"":""2026-05-08"",""txn_type"":""Journal"",""ref_no"":""JE CSP Alloc Mar 2036"",""payee"":"""",""memo"":""BILL 05/08/26 AR Payments"",""qb_posting"":"""",""account"":"""",""class"":"""",""reconciliation_status"":""Reconciled"",""ambiguous"":""false""}]","1","1921.22","1921.22"
"bdep_4580fca5866f7b3ce43e1769","bnk_4580fca5866f7b3ce43e1769","2017-09-01","1604.17","USD","","","INTUIT PYMT SOLN DEPOSIT 170901 524771997507722 THE WILDFLOWER FOUNDAT","[]","0","0.00","[]","0","0.00","[]","0","0.00","[{""id"":""bdqr_bdep_4580fca5866f7b3ce43e1769"",""bank_deposit_id"":""bdep_4580fca5866f7b3ce43e1769"",""bank_transaction_id"":""bnk_b589c23e89204014a40bd49a"",""amount"":""1604.17"",""deposit_date"":""2017-09-01"",""txn_date"":""2017-08-31"",""txn_type"":""Deposit"",""ref_no"":"""",""payee"":""Loan - Wildflower"",""memo"":""System-recorded deposit for QuickBooks Payments"",""qb_posting"":"""",""account"":""1501 Undeposited Funds"",""class"":"""",""reconciliation_status"":""Reconciled"",""ambiguous"":""false""}]","1","1604.17","1604.17"
"bdep_35ee61461b2cbc06b8fc3ff3","bnk_35ee61461b2cbc06b8fc3ff3","2025-02-03","716.13","USD","","","ATM CHECK DEPOSIT              ON              02/02 7900 Xerxes Ave S Ste 201 Bloomington   MN  0000276           ATM ID 9961Z    CARD 0628","[]","0","0.00","[]","0","0.00","[]","0","0.00","[]","0","0.00","716.13"
"bdep_13a6360b69979ada0a234475","bnk_13a6360b69979ada0a234475","2024-12-09","95.05","USD","","","STRIPE           TRANSFER          ST-R6L3H4A5X4W8 THE WILDFLOWER FOUNDAT","[]","0","0.00","[]","0","0.00","[{""stripe_payout_id"":""po_1QTazUAhXr9x8yiRkMj989qE"",""bank_deposit_id"":""bdep_13a6360b69979ada0a234475"",""amount"":""95.05"",""currency"":""USD"",""arrival_date"":""2024-12-08"",""deposit_date"":""2024-12-09"",""ambiguous_bank_match"":""false"",""payer_name"":""""}]","1","95.05","[]","0","0.00","95.05"
"bdep_7aacf019897f4a9b6239eb41","bnk_7aacf019897f4a9b6239eb41","2020-01-10","33.68","USD","","","STRIPE           TRANSFER          ST-I0L1B5I6Y2A2 THE WILDFLOWER FOUNDAT","[]","0","0.00","[]","0","0.00","[]","0","0.00","[]","0","0.00","33.68"
"bdep_b42a77829f97d96c9d977a95","bnk_b42a77829f97d96c9d977a95","2017-12-06","2000","USD","","","INTUIT PYMT SOLN DEPOSIT 171206 524771997507722 THE WILDFLOWER FOUNDAT","[]","0","0.00","[]","0","0.00","[]","0","0.00","[{""id"":""bdqr_bdep_b42a77829f97d96c9d977a95"",""bank_deposit_id"":""bdep_b42a77829f97d96c9d977a95"",""bank_transaction_id"":""bnk_fe6867d5a7a4bf18fbb87574"",""amount"":""2000"",""deposit_date"":""2017-12-06"",""txn_date"":""2017-12-05"",""txn_type"":""Deposit"",""ref_no"":"""",""payee"":""Loan - Snowdrop"",""memo"":""System-recorded deposit for QuickBooks Payments"",""qb_posting"":"""",""account"":""1501 Undeposited Funds"",""class"":"""",""reconciliation_status"":""Reconciled"",""ambiguous"":""false""}]","1","2000.00","2000.00"
"bdep_9f50ecafd2783f10f97d8d77","bnk_9f50ecafd2783f10f97d8d77","2018-12-05","2000","USD","","","INTUIT PYMT SOLN DEPOSIT    181205 524771997507722 THE WILDFLOWER FOUNDAT 201812051","[]","0","0.00","[]","0","0.00","[]","0","0.00","[{""id"":""bdqr_bdep_9f50ecafd2783f10f97d8d77"",""bank_deposit_id"":""bdep_9f50ecafd2783f10f97d8d77"",""bank_transaction_id"":""bnk_b8d4d6de56af6d402d9a03fd"",""amount"":""2000"",""deposit_date"":""2018-12-05"",""txn_date"":""2018-12-04"",""txn_type"":""Deposit"",""ref_no"":"""",""payee"":""Loan - Snowdrop"",""memo"":""System-recorded deposit for QuickBooks Payments"",""qb_posting"":"""",""account"":""1501 Undeposited Funds"",""class"":"""",""reconciliation_status"":""Reconciled"",""ambiguous"":""false""}]","1","2000.00","2000.00"
"bdep_2cfc64c03033c3d8fe73ba4c","bnk_2cfc64c03033c3d8fe73ba4c","2023-04-28","800","USD","","","Urban Village Mo Bill.com          025GGFIKGBHKMLU Urban Village Montessori Inc DBA Marigold Montes","[]","0","0.00","[]","0","0.00","[]","0","0.00","[{""id"":""bdqr_bdep_2cfc64c03033c3d8fe73ba4c"",""bank_deposit_id"":""bdep_2cfc64c03033c3d8fe73ba4c"",""bank_transaction_id"":""bnk_ba7a44c95a52b92246aee5d0"",""amount"":""800"",""deposit_date"":""2023-04-28"",""txn_date"":""2023-04-28"",""txn_type"":""Payment"",""ref_no"":"""",""payee"":""Urban Village Montessori"",""memo"":"""",""qb_posting"":"""",""account"":""1503 Pledges/Services Receivable"",""class"":"""",""reconciliation_status"":""Reconciled"",""ambiguous"":""false""}]","1","800.00","800.00"
"bdep_a82ed89caa590f48df1854c9","bnk_a82ed89caa590f48df1854c9","2021-05-13","6250","USD","","","eDeposit in Branch/Store 05/13/21 03:18:08 PM 7900 XERXES AVE S BLOOMINGTON MN","[]","0","0.00","[]","0","0.00","[]","0","0.00","[]","0","0.00","6250.00"
"bdep_b7fdd573201b3a30b30b579d","bnk_b7fdd573201b3a30b30b579d","2021-11-24","1350","USD","","","Morgan Stanley   ACH CREDIT 211123 101208553z2itr  The Wildflower Foundat","[{""component_id"":""bdc_fUQTxa-n550UEgMbTbOC4"",""payment_unit_id"":""pu_fUQTxa-n550UEgMbTbOC4"",""kind"":""other"",""amount"":""1350.00"",""source"":""qbo_inferred"",""source_staged_payment_id"":""fUQTxa-n550UEgMbTbOC4"",""staged_payer"":"""",""staged_date"":""2021-11-24"",""qb_deposit_id"":""18116"",""reconciliation_flag"":""ok"",""unit_kind"":""other"",""unit_evidence_id"":""fUQTxa-n550UEgMbTbOC4""}]","1","1350.00","[{""id"":""pu_fUQTxa-n550UEgMbTbOC4"",""kind"":""other"",""evidence_id"":""fUQTxa-n550UEgMbTbOC4"",""stripe_charge_id"":"""",""source_staged_payment_id"":""fUQTxa-n550UEgMbTbOC4"",""gross_amount"":""1350.00"",""fee_amount"":"""",""net_amount"":""1350.00"",""currency"":""USD"",""received_date"":""2021-11-24"",""lifecycle"":""received""}]","1","1350.00","[]","0","0.00","[]","0","0.00","0.00"
"bdep_cf1240c36362044ac0310657","bnk_cf1240c36362044ac0310657","2025-01-09","44.99","USD","","","REVERSAL OF CHECK POSTED  1-09-25          REFER TO MAKER                             OUR REF:  1-09-25 00000000","[]","0","0.00","[]","0","0.00","[]","0","0.00","[]","0","0.00","44.99"
"bdep_b1172f273a0fdf6a5b880a74","bnk_b1172f273a0fdf6a5b880a74","2024-12-31","653.68","USD","","","Sundrops Montess Receivable        016DRKAGY3LHC9U 016DRKAGY3LHC9U Sundrops Montess Bill.com Inv G","[]","0","0.00","[]","0","0.00","[]","0","0.00","[]","0","0.00","653.68"
"bdep_f2a2f5485711ff7434d4895f","bnk_f2a2f5485711ff7434d4895f","2021-01-26","324514","USD","","","ATM CHECK DEPOSIT              ON              01/26 1505 WEST LAKE ST         Minneapolis   MN  0005487           ATM ID 6991J    CARD 7365","[]","0","0.00","[]","0","0.00","[]","0","0.00","[]","0","0.00","324514.00"
"bdep_4404c87e1a666e43d551e1ae","bnk_4404c87e1a666e43d551e1ae","2021-03-12","1455.6","USD","","","STRIPE           TRANSFER          ST-S7M3Z0T8V8T3 THE WILDFLOWER FOUNDAT","[]","0","0.00","[]","0","0.00","[]","0","0.00","[]","0","0.00","1455.60"
"bdep_7a8c58ffd77695e26b6145c4","bnk_7a8c58ffd77695e26b6145c4","2021-02-02","474.68","USD","","","GUSTO            TAX 921464 210202 6semjpcisoq     The Wildflower Foundat","[]","0","0.00","[]","0","0.00","[]","0","0.00","[]","0","0.00","474.68"
"bdep_70f37c308ddad343f027e8f1","bnk_70f37c308ddad343f027e8f1","2019-06-26","7692.57","USD","","","ATM CHECK DEPOSIT              ON              06/26 1505 WEST LAKE ST         MINNEAPOLIS   MN  0005879           ATM ID 6991L    CARD 7365","[]","0","0.00","[]","0","0.00","[]","0","0.00","[]","0","0.00","7692.57"
"bdep_dd3cea3bd8ed27b9ed358333","bnk_dd3cea3bd8ed27b9ed358333","2020-10-29","7590","USD","","","ATM CHECK DEPOSIT              ON              10/29 1505 WEST LAKE ST         Minneapolis   MN  0004527           ATM ID 6991J    CARD 7365","[]","0","0.00","[]","0","0.00","[]","0","0.00","[]","0","0.00","7590.00"
"bdep_791eb1fa96e83f76497afbff","bnk_791eb1fa96e83f76497afbff","2022-12-02","74.46","USD","","","STRIPE           TRANSFER          ST-P0S4A8Y0J2W8 THE WILDFLOWER FOUNDAT","[]","0","0.00","[]","0","0.00","[{""stripe_payout_id"":""po_1MA3zVAhXr9x8yiRrwCXuwWZ"",""bank_deposit_id"":""bdep_791eb1fa96e83f76497afbff"",""amount"":""74.46"",""currency"":""USD"",""arrival_date"":""2022-12-01"",""deposit_date"":""2022-12-02"",""ambiguous_bank_match"":""false"",""payer_name"":""""}]","1","74.46","[]","0","0.00","74.46"
"bdep_a296e7b89ac0b1ee89ae45ac","bnk_a296e7b89ac0b1ee89ae45ac","2019-02-04","31794","USD","","","ATM CHECK DEPOSIT              ON              02/04 4712 CHICAGO AVE S        MINNEAPOLIS   MN  0009384           ATM ID 5819T    CARD 7365","[]","0","0.00","[]","0","0.00","[]","0","0.00","[]","0","0.00","31794.00"
"bdep_84c84fda12f6cd9286624243","bnk_84c84fda12f6cd9286624243","2019-08-26","325000","USD","","","WALTON FAM FDN   GRANTS            66486           GRANT 2018-1008","[]","0","0.00","[]","0","0.00","[]","0","0.00","[]","0","0.00","325000.00"
"bdep_f42a14ebfa26d9cb487a65ed","bnk_f42a14ebfa26d9cb487a65ed","2024-09-12","500","USD","","","ATM CHECK DEPOSIT              ON              09/12 3030 Nicollet Ave         Minneapolis   MN  0001305           ATM ID 5813V    CARD 0628","[]","0","0.00","[]","0","0.00","[]","0","0.00","[]","0","0.00","500.00"
"bdep_67c2d02ffe34d5a1ea0709b4","bnk_67c2d02ffe34d5a1ea0709b4","2021-06-10","15000","USD","","","WT FED#05134 JPMORGAN CHASE BAN    /ORG=BENJAMIN D STATZ OR KATHERINE L               SRF#        3172901161ES TRN#210610068859  RFB#     BMG OF 21/06/10","[{""component_id"":""bdc_fYiHm1Cvp8Uy4KOhX_7nX"",""payment_unit_id"":""pu_fYiHm1Cvp8Uy4KOhX_7nX"",""kind"":""other"",""amount"":""15000.00"",""source"":""qbo_inferred"",""source_staged_payment_id"":""fYiHm1Cvp8Uy4KOhX_7nX"",""staged_payer"":""Benjamin Statz"",""staged_date"":""2021-06-10"",""qb_deposit_id"":""16223"",""reconciliation_flag"":""ok"",""unit_kind"":""other"",""unit_evidence_id"":""fYiHm1Cvp8Uy4KOhX_7nX""}]","1","15000.00","[{""id"":""pu_fYiHm1Cvp8Uy4KOhX_7nX"",""kind"":""other"",""evidence_id"":""fYiHm1Cvp8Uy4KOhX_7nX"",""stripe_charge_id"":"""",""source_staged_payment_id"":""fYiHm1Cvp8Uy4KOhX_7nX"",""gross_amount"":""15000.00"",""fee_amount"":"""",""net_amount"":""15000.00"",""currency"":""USD"",""received_date"":""2021-06-10"",""lifecycle"":""received""}]","1","15000.00","[]","0","0.00","[]","0","0.00","0.00"
"bdep_2747d983d1eb067bbfb0a896","bnk_2747d983d1eb067bbfb0a896","2024-08-26","454.55","USD","","","Wildflower Monte Receivable        016CQOINU3GL1F9 016CQOINU3GL1F9 Wildflower Monte Bill.com Inv 79","[]","0","0.00","[]","0","0.00","[]","0","0.00","[]","0","0.00","454.55"
"bdep_a1a2e5ea6d0e96b9655c81b5","bnk_a1a2e5ea6d0e96b9655c81b5","2025-04-10","8413.12","USD","","","Minnesota Wildfl Receivable        016UCVPQT3P4T09 016UCVPQT3P4T09 Minnesota Wildfl Bill.com Multip","[]","0","0.00","[]","0","0.00","[]","0","0.00","[]","0","0.00","8413.12"
"bdep_dd07f4b237f184dbe41d9493","bnk_dd07f4b237f184dbe41d9493","2023-05-05","250000","USD","","","CHARTER FUND INC RL 5.5 CFI        V000513         WF-SCHARGE-NATL-SC-OC-2023-2Q (GRANT1OF1)","[]","0","0.00","[]","0","0.00","[]","0","0.00","[]","0","0.00","250000.00"
"bdep_d29a93b7abda0e93a133061d","bnk_d29a93b7abda0e93a133061d","2016-07-27","0.13","USD","","","GUSTO BVC 761041 160727 6SEMJMB7BBD THE WILDFLOWER FOUNDAT","[]","0","0.00","[]","0","0.00","[]","0","0.00","[]","0","0.00","0.13"
"bdep_afb71b701dbee97a3d736f4a","bnk_afb71b701dbee97a3d736f4a","2023-08-14","13980","USD","","","Early Milestones Bill.com          025UDYRWTLLEUDD Early Milestones Colorado Circle Bill.com 025UDY","[{""component_id"":""bdc_8BdLq6ZNISKGLY7P5Sw88"",""payment_unit_id"":""pu_8BdLq6ZNISKGLY7P5Sw88"",""kind"":""check"",""amount"":""13980.00"",""source"":""qbo_inferred"",""source_staged_payment_id"":""8BdLq6ZNISKGLY7P5Sw88"",""staged_payer"":""Early Milestones Colorado Circle"",""staged_date"":""2023-08-14"",""qb_deposit_id"":""25656"",""reconciliation_flag"":""ok"",""unit_kind"":""check"",""unit_evidence_id"":""8BdLq6ZNISKGLY7P5Sw88""}]","1","13980.00","[{""id"":""pu_8BdLq6ZNISKGLY7P5Sw88"",""kind"":""check"",""evidence_id"":""8BdLq6ZNISKGLY7P5Sw88"",""stripe_charge_id"":"""",""source_staged_payment_id"":""8BdLq6ZNISKGLY7P5Sw88"",""gross_amount"":""13980.00"",""fee_amount"":"""",""net_amount"":""13980.00"",""currency"":""USD"",""received_date"":""2023-08-14"",""lifecycle"":""received""}]","1","13980.00","[]","0","0.00","[]","0","0.00","0.00"
"bdep_b045cc113b95db03511eb5a7","bnk_b045cc113b95db03511eb5a7","2020-06-11","502.59","USD","","","STRIPE           TRANSFER          ST-I8U8F0P3V7Z8 THE WILDFLOWER FOUNDAT","[]","0","0.00","[]","0","0.00","[{""stripe_payout_id"":""po_1GsJI6AhXr9x8yiRIJu49HRr"",""bank_deposit_id"":""bdep_b045cc113b95db03511eb5a7"",""amount"":""502.59"",""currency"":""USD"",""arrival_date"":""2020-06-10"",""deposit_date"":""2020-06-11"",""ambiguous_bank_match"":""false"",""payer_name"":""""}]","1","502.59","[]","0","0.00","502.59"
"bdep_9fb7909f012351c1a4e19a85","bnk_9fb7909f012351c1a4e19a85","2026-07-09","118363.19","USD","","","ONLINE TRANSFER JUNE 26 OPEX DRAW 1 REF #BB0YVGT8FZ","[]","0","0.00","[]","0","0.00","[]","0","0.00","[]","0","0.00","118363.19"
"bdep_0718bedbddff30c5fd7fa8b3","bnk_0718bedbddff30c5fd7fa8b3","2024-12-23","10000","USD","","","WT FED#00018 PERSHING LLC          /ORG=TIMBER CAPITAL, LLC 5835 E. 1200 S.           SRF#    F5SXXXXXXXX92500 TRN#XXXXXXXX6603  RFB#","[{""component_id"":""bdc_V9IfUVHTLoMfUzXA9tjkI"",""payment_unit_id"":""pu_V9IfUVHTLoMfUzXA9tjkI"",""kind"":""other"",""amount"":""10000.00"",""source"":""qbo_inferred"",""source_staged_payment_id"":""V9IfUVHTLoMfUzXA9tjkI"",""staged_payer"":""Timber Capital"",""staged_date"":""2024-12-23"",""qb_deposit_id"":""31639"",""reconciliation_flag"":""ok"",""unit_kind"":""other"",""unit_evidence_id"":""V9IfUVHTLoMfUzXA9tjkI""}]","1","10000.00","[{""id"":""pu_V9IfUVHTLoMfUzXA9tjkI"",""kind"":""other"",""evidence_id"":""V9IfUVHTLoMfUzXA9tjkI"",""stripe_charge_id"":"""",""source_staged_payment_id"":""V9IfUVHTLoMfUzXA9tjkI"",""gross_amount"":""10000.00"",""fee_amount"":"""",""net_amount"":""10000.00"",""currency"":""USD"",""received_date"":""2024-12-23"",""lifecycle"":""received""}]","1","10000.00","[]","0","0.00","[]","0","0.00","0.00"
"bdep_0f86e8fbb837fd13291a36b0","bnk_0f86e8fbb837fd13291a36b0","2024-02-08","2.94","USD","","","MBI              SETL       240207 MED-I-BANK      MED-I-BANK","[]","0","0.00","[]","0","0.00","[]","0","0.00","[]","0","0.00","2.94"
"bdep_339e3aaab8e7f692d4961494","bnk_339e3aaab8e7f692d4961494","2024-09-26","1282.33","USD","","","Urban Village Mo Receivable        016OZEXAD3HW7AL 016OZEXAD3HW7AL Urban Village Mo Bill.com Inv 79","[]","0","0.00","[]","0","0.00","[]","0","0.00","[{""id"":""bdqr_bdep_339e3aaab8e7f692d4961494"",""bank_deposit_id"":""bdep_339e3aaab8e7f692d4961494"",""bank_transaction_id"":""bnk_7ef5fa8a16fb701e95e4c29b"",""amount"":""1282.33"",""deposit_date"":""2024-09-26"",""txn_date"":""2024-09-25"",""txn_type"":""Payment"",""ref_no"":""P24091902 - 1276587"",""payee"":""Urban Village Montessori"",""memo"":""Inv 79252461-214"",""qb_posting"":"""",""account"":""1503 Pledges/Services Receivable"",""class"":"""",""reconciliation_status"":""Reconciled"",""ambiguous"":""false""}]","1","1282.33","1282.33"
"bdep_1e11a6f7685c7fb208b29ab3","bnk_1e11a6f7685c7fb208b29ab3","2025-09-16","666.67","USD","","","Orchid Montessor Bill.com          016DZWGPO3UXGMY Orchid Montessori Bill.com 016DZWGPO3UXGMY Inv F","[]","0","0.00","[]","0","0.00","[]","0","0.00","[]","0","0.00","666.67"
"bdep_d2670ab1940a11d3181fe71d","bnk_d2670ab1940a11d3181fe71d","2024-01-12","9920.68","USD","","","Urban Village Mo Bill.com          025NPKZKHARC23S Urban Village Montessori Inc DBA Marigold Montes","[]","0","0.00","[]","0","0.00","[]","0","0.00","[]","0","0.00","9920.68"
"bdep_951ca3e2a467f18a3f7557c3","bnk_951ca3e2a467f18a3f7557c3","2020-07-06","2417.53","USD","","","STRIPE           TRANSFER          ST-G6P9N2S9G7W5 THE WILDFLOWER FOUNDAT","[]","0","0.00","[]","0","0.00","[]","0","0.00","[]","0","0.00","2417.53"
"bdep_8567b3d268bd2ae9039fd0a9","bnk_8567b3d268bd2ae9039fd0a9","2024-11-22","1454.55","USD","","","Wildflower Monte Receivable        016HGQCBN3K3PO1 016HGQCBN3K3PO1 Wildflower Monte Bill.com Inv CS","[]","0","0.00","[]","0","0.00","[]","0","0.00","[]","0","0.00","1454.55"
"bdep_201ee6a1c195b1a8df48e7de","bnk_201ee6a1c195b1a8df48e7de","2025-12-18","2000","USD","","","WT 25DecXXXXXXX5669 CHARLES SCHWAB A /ORG=1/SAMPATH KRISHNAN CHARLES SCHWAB           SRF#    25DecXXXXXXX5669 TRN#XXXXXXXX9174  RFB#","[{""component_id"":""bdc_0KLPFhPVfNUBzEPTeFX8G"",""payment_unit_id"":""pu_0KLPFhPVfNUBzEPTeFX8G"",""kind"":""other"",""amount"":""2000.00"",""source"":""qbo_inferred"",""source_staged_payment_id"":""0KLPFhPVfNUBzEPTeFX8G"",""staged_payer"":""Sampath Krishnan"",""staged_date"":""2025-12-18"",""qb_deposit_id"":""37043"",""reconciliation_flag"":""ok"",""unit_kind"":""other"",""unit_evidence_id"":""0KLPFhPVfNUBzEPTeFX8G""}]","1","2000.00","[{""id"":""pu_0KLPFhPVfNUBzEPTeFX8G"",""kind"":""other"",""evidence_id"":""0KLPFhPVfNUBzEPTeFX8G"",""stripe_charge_id"":"""",""source_staged_payment_id"":""0KLPFhPVfNUBzEPTeFX8G"",""gross_amount"":""2000.00"",""fee_amount"":"""",""net_amount"":""2000.00"",""currency"":""USD"",""received_date"":""2025-12-18"",""lifecycle"":""received""}]","1","2000.00","[]","0","0.00","[]","0","0.00","0.00"
"bdep_7a7343822d878cc1484975c9","bnk_7a7343822d878cc1484975c9","2019-07-01","175.02","USD","","","STRIPE           TRANSFER          ST-L4P8R9I3E2V0 THE WILDFLOWER FOUNDAT","[]","0","0.00","[]","0","0.00","[]","0","0.00","[]","0","0.00","175.02"
"bdep_c075ea7866009220e3983ca9","bnk_c075ea7866009220e3983ca9","2018-10-09","525","USD","","","INTUIT PYMT SOLN DEPOSIT 181007 524771997507722 THE WILDFLOWER FOUNDAT","[]","0","0.00","[]","0","0.00","[]","0","0.00","[{""id"":""bdqr_bdep_c075ea7866009220e3983ca9"",""bank_deposit_id"":""bdep_c075ea7866009220e3983ca9"",""bank_transaction_id"":""bnk_2716f99da81592104096b377"",""amount"":""525"",""deposit_date"":""2018-10-09"",""txn_date"":""2018-10-06"",""txn_type"":""Deposit"",""ref_no"":"""",""payee"":""Loan - Capucine"",""memo"":""System-recorded deposit for QuickBooks Payments"",""qb_posting"":"""",""account"":""1501 Undeposited Funds"",""class"":"""",""reconciliation_status"":""Reconciled"",""ambiguous"":""false""}]","1","525.00","525.00"
"bdep_cf7957d92484e739506b3c9a","bnk_cf7957d92484e739506b3c9a","2020-09-01","1600.04","USD","","","IRS              HIST RTN   200901 270064401553350 WILDFLOWER FOUNDATION","[]","0","0.00","[]","0","0.00","[]","0","0.00","[]","0","0.00","1600.04"
"bdep_ca64a73642920e318b6df698","bnk_ca64a73642920e318b6df698","2024-06-12","9920.68","USD","","","Urban Village Mo Receivable        016WGQJIT3DEAVA 016WGQJIT3DEAVA Urban Village Mo Bill.com Inv 79","[]","0","0.00","[]","0","0.00","[]","0","0.00","[]","0","0.00","9920.68"
"bdep_6b1fcaacc4e327ff741a280f","bnk_6b1fcaacc4e327ff741a280f","2022-01-05","150","USD","","","eDeposit in Branch/Store 01/05/22 10:35:03 AM 1505 W LAKE ST MINNEAPOLIS MN 7365","[]","0","0.00","[]","0","0.00","[]","0","0.00","[]","0","0.00","150.00"
"bdep_3d95c42a2344757909d42d88","bnk_3d95c42a2344757909d42d88","2022-09-23","4.96","USD","","","STRIPE           TRANSFER          ST-G4F0T0V6Z0O0 THE WILDFLOWER FOUNDAT","[]","0","0.00","[]","0","0.00","[{""stripe_payout_id"":""po_1LkiH4AhXr9x8yiRBozvmGUR"",""bank_deposit_id"":""bdep_3d95c42a2344757909d42d88"",""amount"":""4.96"",""currency"":""USD"",""arrival_date"":""2022-09-22"",""deposit_date"":""2022-09-23"",""ambiguous_bank_match"":""false"",""payer_name"":""""}]","1","4.96","[]","0","0.00","4.96"
"bdep_6d0605e4601c5addae465196","bnk_6d0605e4601c5addae465196","2025-11-18","666.67","USD","","","Orchid Montessor Bill.com          016SOYNYI3X8KXG Orchid Montessori Bill.com 016SOYNYI3X8KXG Inv T","[]","0","0.00","[]","0","0.00","[]","0","0.00","[]","0","0.00","666.67"
"bdep_dc0932c53d7ffae4d31a6c4b","bnk_dc0932c53d7ffae4d31a6c4b","2026-04-09","210713.94","USD","","","ONLINE TRANSFER MAR26 CSP OP EXP AND IC OCT TO MAR REF #BB0XLP294Y","[]","0","0.00","[]","0","0.00","[]","0","0.00","[{""id"":""bdqr_bdep_dc0932c53d7ffae4d31a6c4b"",""bank_deposit_id"":""bdep_dc0932c53d7ffae4d31a6c4b"",""bank_transaction_id"":""bnk_347d8883816a32c543fbc9ba"",""amount"":""210713.94"",""deposit_date"":""2026-04-09"",""txn_date"":""2026-04-09"",""txn_type"":""Transfer"",""ref_no"":"""",""payee"":"""",""memo"":""Transfer from CSP to TWF Operating"",""qb_posting"":"""",""account"":""TWF CSP Rep grant (1340) - 2"",""class"":"""",""reconciliation_status"":""Reconciled"",""ambiguous"":""false""}]","1","210713.94","210713.94"
"bdep_07f45cec64e8f1b7eaba32bc","bnk_07f45cec64e8f1b7eaba32bc","2018-04-09","1500","USD","","","ATM CHECK DEPOSIT 04/09 4712 CHICAGO AVE S MINNEAPOLIS MN 5819T 7365","[]","0","0.00","[]","0","0.00","[]","0","0.00","[{""id"":""bdqr_bdep_07f45cec64e8f1b7eaba32bc"",""bank_deposit_id"":""bdep_07f45cec64e8f1b7eaba32bc"",""bank_transaction_id"":""bnk_1ad3735eae5261a3806645d6"",""amount"":""1500"",""deposit_date"":""2018-04-09"",""txn_date"":""2018-04-09"",""txn_type"":""Payment"",""ref_no"":"""",""payee"":""Loan - Violeta"",""memo"":"""",""qb_posting"":"""",""account"":""1503 Pledges/Services Receivable"",""class"":"""",""reconciliation_status"":""Reconciled"",""ambiguous"":""false""}]","1","1500.00","1500.00"
"bdep_6a4df53a42deeb856428bd0c","bnk_6a4df53a42deeb856428bd0c","2024-07-26","4237.5","USD","","","Local Initiative EDI PYMNTS        XXXXXXXX2250278 The Wildflower Foundat","[{""component_id"":""bdc_wDU1AyVvrFcsEkBXohrHs"",""payment_unit_id"":""pu_wDU1AyVvrFcsEkBXohrHs"",""kind"":""other"",""amount"":""4237.50"",""source"":""qbo_inferred"",""source_staged_payment_id"":""wDU1AyVvrFcsEkBXohrHs"",""staged_payer"":""Local Initiatives Support Corporation (LISC)"",""staged_date"":""2024-07-26"",""qb_deposit_id"":""29731"",""reconciliation_flag"":""ok"",""unit_kind"":""other"",""unit_evidence_id"":""wDU1AyVvrFcsEkBXohrHs""}]","1","4237.50","[{""id"":""pu_wDU1AyVvrFcsEkBXohrHs"",""kind"":""other"",""evidence_id"":""wDU1AyVvrFcsEkBXohrHs"",""stripe_charge_id"":"""",""source_staged_payment_id"":""wDU1AyVvrFcsEkBXohrHs"",""gross_amount"":""4237.50"",""fee_amount"":"""",""net_amount"":""4237.50"",""currency"":""USD"",""received_date"":""2024-07-26"",""lifecycle"":""received""}]","1","4237.50","[]","0","0.00","[]","0","0.00","0.00"
"bdep_3f193f2d9075f4d5edf7dc64","bnk_3f193f2d9075f4d5edf7dc64","2022-12-15","2650.84","USD","","","BASIC            BASICCOBRA 221215                 The Wildflower Foundat","[]","0","0.00","[]","0","0.00","[]","0","0.00","[]","0","0.00","2650.84"
"bdep_fa0c11397882bb7f2060afaf","bnk_fa0c11397882bb7f2060afaf","2026-05-05","50858.97","USD","","","ONLINE TRANSFER JAN 26 CSP PAYROLL REF #BB0XY8BFFB","[]","0","0.00","[]","0","0.00","[]","0","0.00","[{""id"":""bdqr_bdep_fa0c11397882bb7f2060afaf"",""bank_deposit_id"":""bdep_fa0c11397882bb7f2060afaf"",""bank_transaction_id"":""bnk_f719f77ffca2af37a2bc4d46"",""amount"":""50858.97"",""deposit_date"":""2026-05-05"",""txn_date"":""2026-05-05"",""txn_type"":""Transfer"",""ref_no"":"""",""payee"":"""",""memo"":""To record transfer from CSP grant receipt"",""qb_posting"":"""",""account"":""TWF CSP Rep grant (1340) - 2"",""class"":"""",""reconciliation_status"":""Reconciled"",""ambiguous"":""false""}]","1","50858.97","50858.97"
"bdep_7d084ed342a8819e55bd3455","bnk_7d084ed342a8819e55bd3455","2025-11-17","17.8","USD","","","STRIPE           TRANSFER          ST-F8I3G4K5B3U1 THE WILDFLOWER FOUNDAT","[]","0","0.00","[]","0","0.00","[{""stripe_payout_id"":""po_1SUGMQAhXr9x8yiRr3NYpOZe"",""bank_deposit_id"":""bdep_7d084ed342a8819e55bd3455"",""amount"":""17.8"",""currency"":""USD"",""arrival_date"":""2025-11-16"",""deposit_date"":""2025-11-17"",""ambiguous_bank_match"":""false"",""payer_name"":""""}]","1","17.80","[]","0","0.00","17.80"
"bdep_901d1454a3272556adbec74b","bnk_901d1454a3272556adbec74b","2020-07-28","92500","USD","","","ATM CHECK DEPOSIT              ON              07/28 1505 WEST LAKE ST         Minneapolis   MN  0007285           ATM ID 6991J    CARD 7365","[]","0","0.00","[]","0","0.00","[]","0","0.00","[]","0","0.00","92500.00"
"bdep_450b0df8b6afb686a115ad26","bnk_450b0df8b6afb686a115ad26","2018-12-21","35000","USD","","","ATM CHECK DEPOSIT              ON              12/21 1505 WEST LAKE ST         MINNEAPOLIS   MN  0008135           ATM ID 6991J    CARD 7365 201812211","[{""component_id"":""bdc_WFu_eh0QPyaX3OHTF_CIu"",""payment_unit_id"":""pu_WFu_eh0QPyaX3OHTF_CIu"",""kind"":""other"",""amount"":""35000.00"",""source"":""qbo_inferred"",""source_staged_payment_id"":""WFu_eh0QPyaX3OHTF_CIu"",""staged_payer"":""I.A. O'Shaughnessy Foundation"",""staged_date"":""2018-12-21"",""qb_deposit_id"":""5599"",""reconciliation_flag"":""ok"",""unit_kind"":""other"",""unit_evidence_id"":""WFu_eh0QPyaX3OHTF_CIu""}]","1","35000.00","[{""id"":""pu_WFu_eh0QPyaX3OHTF_CIu"",""kind"":""other"",""evidence_id"":""WFu_eh0QPyaX3OHTF_CIu"",""stripe_charge_id"":"""",""source_staged_payment_id"":""WFu_eh0QPyaX3OHTF_CIu"",""gross_amount"":""35000.00"",""fee_amount"":"""",""net_amount"":""35000.00"",""currency"":""USD"",""received_date"":""2018-12-21"",""lifecycle"":""received""}]","1","35000.00","[]","0","0.00","[]","0","0.00","0.00"
"bdep_ce907a14ee7f1e082cf713a0","bnk_ce907a14ee7f1e082cf713a0","2026-05-13","90000","USD","","","TRUIST BANK      TRUST DEPT 260512 7016140         WILDFLOWER FOUNDATION","[{""component_id"":""bdc_l8EFNSz9Sl3CfjAs6708V"",""payment_unit_id"":""pu_l8EFNSz9Sl3CfjAs6708V"",""kind"":""direct_ach"",""amount"":""90000.00"",""source"":""qbo_inferred"",""source_staged_payment_id"":""l8EFNSz9Sl3CfjAs6708V"",""staged_payer"":""Truist Foundation"",""staged_date"":""2026-05-13"",""qb_deposit_id"":""39331"",""reconciliation_flag"":""ok"",""unit_kind"":""direct_ach"",""unit_evidence_id"":""l8EFNSz9Sl3CfjAs6708V""}]","1","90000.00","[{""id"":""pu_l8EFNSz9Sl3CfjAs6708V"",""kind"":""direct_ach"",""evidence_id"":""l8EFNSz9Sl3CfjAs6708V"",""stripe_charge_id"":"""",""source_staged_payment_id"":""l8EFNSz9Sl3CfjAs6708V"",""gross_amount"":""90000.00"",""fee_amount"":"""",""net_amount"":""90000.00"",""currency"":""USD"",""received_date"":""2026-05-13"",""lifecycle"":""received""}]","1","90000.00","[]","0","0.00","[]","0","0.00","0.00"
"bdep_fc6ce756e264cd17b66702d9","bnk_fc6ce756e264cd17b66702d9","2021-04-19","281.87","USD","","","STRIPE           TRANSFER          ST-B1S7I1N2T0D5 THE WILDFLOWER FOUNDAT","[]","0","0.00","[]","0","0.00","[]","0","0.00","[]","0","0.00","281.87"
"bdep_529693d6835ee4bb2271dea6","bnk_529693d6835ee4bb2271dea6","2023-03-23","150","USD","","","ATM CHECK DEPOSIT              ON              03/23 3030 Nicollet Ave         Minneapolis   MN  0005432           ATM ID 5813V    CARD 7365","[]","0","0.00","[]","0","0.00","[]","0","0.00","[{""id"":""bdqr_bdep_529693d6835ee4bb2271dea6"",""bank_deposit_id"":""bdep_529693d6835ee4bb2271dea6"",""bank_transaction_id"":""bnk_fdf79a4e6fc25ee1dd416e47"",""amount"":""150"",""deposit_date"":""2023-03-23"",""txn_date"":""2023-03-23"",""txn_type"":""Payment"",""ref_no"":"""",""payee"":""Adam Gerhardsteain & Meredith Hicks"",""memo"":"""",""qb_posting"":"""",""account"":""1503 Pledges/Services Receivable"",""class"":"""",""reconciliation_status"":""Reconciled"",""ambiguous"":""false""}]","1","150.00","150.00"
"bdep_d778dbdf6ca604ae411bcebf","bnk_d778dbdf6ca604ae411bcebf","2023-05-23","7126.98","USD","","","Urban Village Mo Bill.com          025COIVYPWIERXB Urban Village Montessori Inc DBA Marigold Montes","[]","0","0.00","[]","0","0.00","[]","0","0.00","[]","0","0.00","7126.98"
"bdep_2c74caddf50635edb039b188","bnk_2c74caddf50635edb039b188","2019-12-17","192015.14","USD","","","ATM CHECK DEPOSIT              ON              12/17 1505 WEST LAKE ST         MINNEAPOLIS   MN  0004482           ATM ID 6991J    CARD 7365","[]","0","0.00","[]","0","0.00","[]","0","0.00","[]","0","0.00","192015.14"
"bdep_4044dd7fa9ff61f25607d96c","bnk_4044dd7fa9ff61f25607d96c","2024-10-30","3731.18","USD","","","Minnesota Wildfl Receivable        016JGPNQK3J72KH 016JGPNQK3J72KH Minnesota Wildfl Bill.com Inv 79","[]","0","0.00","[]","0","0.00","[]","0","0.00","[]","0","0.00","3731.18"
"bdep_0f69717cc62b41743f92c0e3","bnk_0f69717cc62b41743f92c0e3","2022-09-02","11.36","USD","","","AMZNVVM8E995     AmazonSmil 220902 5RO1OKZBX5BWDFM payments.amazon.com ID#5RO1OKZBX5BWDFM","[{""component_id"":""bdc_Z2ukNeoxE-thZ_DNY5-z-"",""payment_unit_id"":""pu_Z2ukNeoxE-thZ_DNY5-z-"",""kind"":""other"",""amount"":""11.36"",""source"":""qbo_inferred"",""source_staged_payment_id"":""Z2ukNeoxE-thZ_DNY5-z-"",""staged_payer"":""Amazon Smile"",""staged_date"":""2022-09-02"",""qb_deposit_id"":""21234"",""reconciliation_flag"":""ok"",""unit_kind"":""other"",""unit_evidence_id"":""Z2ukNeoxE-thZ_DNY5-z-""}]","1","11.36","[{""id"":""pu_Z2ukNeoxE-thZ_DNY5-z-"",""kind"":""other"",""evidence_id"":""Z2ukNeoxE-thZ_DNY5-z-"",""stripe_charge_id"":"""",""source_staged_payment_id"":""Z2ukNeoxE-thZ_DNY5-z-"",""gross_amount"":""11.36"",""fee_amount"":"""",""net_amount"":""11.36"",""currency"":""USD"",""received_date"":""2022-09-02"",""lifecycle"":""received""}]","1","11.36","[]","0","0.00","[]","0","0.00","0.00"
"bdep_ca2c22d3db12c65464edf0d6","bnk_ca2c22d3db12c65464edf0d6","2025-05-07","1282.33","USD","","","Urban Village Mo Receivable        016TBKTQS3Q4OW2 016TBKTQS3Q4OW2 Urban Village Mo Bill.com Inv 52","[]","0","0.00","[]","0","0.00","[]","0","0.00","[]","0","0.00","1282.33"
"bdep_1b5274430c61a01d868f7e63","bnk_1b5274430c61a01d868f7e63","2018-05-07","237.5","USD","","","INTUIT PYMT SOLN DEPOSIT 180506 524771997507722 THE WILDFLOWER FOUNDAT","[]","0","0.00","[]","0","0.00","[]","0","0.00","[{""id"":""bdqr_bdep_1b5274430c61a01d868f7e63"",""bank_deposit_id"":""bdep_1b5274430c61a01d868f7e63"",""bank_transaction_id"":""bnk_27e6987c8d53c01211e87e18"",""amount"":""237.5"",""deposit_date"":""2018-05-07"",""txn_date"":""2018-05-05"",""txn_type"":""Deposit"",""ref_no"":"""",""payee"":""Loan - Tiger Lily"",""memo"":""System-recorded deposit for QuickBooks Payments"",""qb_posting"":"""",""account"":""1501 Undeposited Funds"",""class"":"""",""reconciliation_status"":""Reconciled"",""ambiguous"":""false""}]","1","237.50","237.50"
"bdep_ca7169ff6177a7fa23c5e48f","bnk_ca7169ff6177a7fa23c5e48f","2025-07-02","545.45","USD","","","Bill.com         Receivable        015BRUAYNDK0IPU Acacia Montessori (C) Bill.com 015BRUAYNDK0IPU I","[]","0","0.00","[]","0","0.00","[]","0","0.00","[{""id"":""bdqr_bdep_ca7169ff6177a7fa23c5e48f"",""bank_deposit_id"":""bdep_ca7169ff6177a7fa23c5e48f"",""bank_transaction_id"":""bnk_0ff82d84e91552a86c549a80"",""amount"":""545.45"",""deposit_date"":""2025-07-02"",""txn_date"":""2025-07-02"",""txn_type"":""Journal"",""ref_no"":""Bill.com AR 7.2.25"",""payee"":"""",""memo"":""BILL 07/02/25 AR Payments"",""qb_posting"":"""",""account"":"""",""class"":"""",""reconciliation_status"":""Reconciled"",""ambiguous"":""false""}]","1","545.45","545.45"
"bdep_d04fe8348a493f672ace6fb6","bnk_d04fe8348a493f672ace6fb6","2019-10-03","1100","USD","","","INTUIT PYMT SOLN DEPOSIT    191003 524771997507722 THE WILDFLOWER FOUNDAT","[]","0","0.00","[]","0","0.00","[]","0","0.00","[{""id"":""bdqr_bdep_d04fe8348a493f672ace6fb6"",""bank_deposit_id"":""bdep_d04fe8348a493f672ace6fb6"",""bank_transaction_id"":""bnk_d3572e281e65be3bfc04c304"",""amount"":""1100"",""deposit_date"":""2019-10-03"",""txn_date"":""2019-10-02"",""txn_type"":""Deposit"",""ref_no"":"""",""payee"":""Loan - Tiger Lily"",""memo"":""System-recorded deposit for QuickBooks Payments"",""qb_posting"":"""",""account"":""1501 Undeposited Funds"",""class"":"""",""reconciliation_status"":""Reconciled"",""ambiguous"":""false""}]","1","1100.00","1100.00"
"bdep_5781fedf01d4968b8679504d","bnk_5781fedf01d4968b8679504d","2018-11-21","4974.5","USD","","","ATM CHECK DEPOSIT              ON              11/21 1505 WEST LAKE ST         MINNEAPOLIS   MN  0004752           ATM ID 6991J    CARD 7365 201811212","[]","0","0.00","[]","0","0.00","[]","0","0.00","[]","0","0.00","4974.50"
"bdep_7735ce8fa95ebd4191b946d8","bnk_7735ce8fa95ebd4191b946d8","2026-01-02","20000","USD","","","THE 20 22 ACT    PAYMENTS          WILDFLOWER SCHO WILDFLOWER SCHOOLS","[{""component_id"":""bdc_h6ZPZO8Aj4ZF62i5julR9"",""payment_unit_id"":""pu_h6ZPZO8Aj4ZF62i5julR9"",""kind"":""direct_ach"",""amount"":""20000.00"",""source"":""qbo_inferred"",""source_staged_payment_id"":""h6ZPZO8Aj4ZF62i5julR9"",""staged_payer"":""The 20 22 ACT Society"",""staged_date"":""2026-01-02"",""qb_deposit_id"":""37479"",""reconciliation_flag"":""ok"",""unit_kind"":""direct_ach"",""unit_evidence_id"":""h6ZPZO8Aj4ZF62i5julR9""}]","1","20000.00","[{""id"":""pu_h6ZPZO8Aj4ZF62i5julR9"",""kind"":""direct_ach"",""evidence_id"":""h6ZPZO8Aj4ZF62i5julR9"",""stripe_charge_id"":"""",""source_staged_payment_id"":""h6ZPZO8Aj4ZF62i5julR9"",""gross_amount"":""20000.00"",""fee_amount"":"""",""net_amount"":""20000.00"",""currency"":""USD"",""received_date"":""2026-01-02"",""lifecycle"":""received""}]","1","20000.00","[]","0","0.00","[]","0","0.00","0.00"
"bdep_526a4c6a5ce146916deb47cf","bnk_526a4c6a5ce146916deb47cf","2024-01-04","238.07","USD","","","STRIPE           TRANSFER          ST-R8S1Z1R7Z6T2 THE WILDFLOWER FOUNDAT","[]","0","0.00","[]","0","0.00","[{""stripe_payout_id"":""po_1OUKPQAhXr9x8yiRdSE9W0sL"",""bank_deposit_id"":""bdep_526a4c6a5ce146916deb47cf"",""amount"":""238.07"",""currency"":""USD"",""arrival_date"":""2024-01-03"",""deposit_date"":""2024-01-04"",""ambiguous_bank_match"":""false"",""payer_name"":""""}]","1","238.07","[]","0","0.00","238.07"
"bdep_98d04ccbddb7121686c2683c","bnk_98d04ccbddb7121686c2683c","2025-03-18","1301.38","USD","","","Sundrops Montess Receivable        016PBMLGB3O8SVA 016PBMLGB3O8SVA Sundrops Montess Bill.com Inv 79","[]","0","0.00","[]","0","0.00","[]","0","0.00","[]","0","0.00","1301.38"
"bdep_99cb2a7fa88bd4f6bf672813","bnk_99cb2a7fa88bd4f6bf672813","2025-11-07","42159.15","USD","","","Bill.com         Receivable        015ZGLZAHUQDQPW Multiple Payments Bill.com Receivables 015ZGLZAH","[]","0","0.00","[]","0","0.00","[]","0","0.00","[{""id"":""bdqr_bdep_99cb2a7fa88bd4f6bf672813"",""bank_deposit_id"":""bdep_99cb2a7fa88bd4f6bf672813"",""bank_transaction_id"":""bnk_b423e2bb3eb2b27c152a081b"",""amount"":""42159.15"",""deposit_date"":""2025-11-07"",""txn_date"":""2025-11-07"",""txn_type"":""Journal"",""ref_no"":""BILL 11/07/25 AR Pmt"",""payee"":"""",""memo"":""BILL 11/07/25 AR Payments"",""qb_posting"":"""",""account"":"""",""class"":"""",""reconciliation_status"":""Reconciled"",""ambiguous"":""false""}]","1","42159.15","42159.15"
"bdep_f9c8987274aa8331d8c8f556","bnk_f9c8987274aa8331d8c8f556","2025-03-07","653.68","USD","","","Sundrops Montess Receivable        016HHHFQB3NVK2K 016HHHFQB3NVK2K Sundrops Montess Bill.com Inv TC","[]","0","0.00","[]","0","0.00","[]","0","0.00","[]","0","0.00","653.68"
"bdep_e2d6abe3e0c84ce6e30d7f2b","bnk_e2d6abe3e0c84ce6e30d7f2b","2025-12-24","1489.06","USD","","","STRIPE           TRANSFER          ST-N3O6R5P6X7B2 THE WILDFLOWER FOUNDAT","[]","0","0.00","[]","0","0.00","[{""stripe_payout_id"":""po_1ShffmAhXr9x8yiRcAPHactL"",""bank_deposit_id"":""bdep_e2d6abe3e0c84ce6e30d7f2b"",""amount"":""1489.06"",""currency"":""USD"",""arrival_date"":""2025-12-23"",""deposit_date"":""2025-12-24"",""ambiguous_bank_match"":""false"",""payer_name"":""""}]","1","1489.06","[]","0","0.00","1489.06"
"bdep_263e75d6d7088399c581786b","bnk_263e75d6d7088399c581786b","2024-09-30","811.08","USD","","","Snowdrop Montess Bill.com          026MXUAVF13GARL Snowdrop Montessori School, Inc. Bill.com 026MXU","[]","0","0.00","[]","0","0.00","[]","0","0.00","[{""id"":""bdqr_bdep_263e75d6d7088399c581786b"",""bank_deposit_id"":""bdep_263e75d6d7088399c581786b"",""bank_transaction_id"":""bnk_f704168f883bd806adb5397f"",""amount"":""811.08"",""deposit_date"":""2024-09-30"",""txn_date"":""2024-09-27"",""txn_type"":""Payment"",""ref_no"":""P24092402 - 2240677"",""payee"":""Snowdrop Montessori School Inc"",""memo"":""Inv 79252461-200"",""qb_posting"":"""",""account"":""1503 Pledges/Services Receivable"",""class"":"""",""reconciliation_status"":""Reconciled"",""ambiguous"":""false""}]","1","811.08","811.08"
"bdep_39d0ed43c6b461cc04ca6332","bnk_39d0ed43c6b461cc04ca6332","2025-01-13","40000","USD","","","TEMPLE HOYNE BUE GRANTS A   250113 8198            THE WILDFLOWER FOUNDAT","[{""component_id"":""bdc_xOfAuFNjlhjtddnETubKC"",""payment_unit_id"":""pu_xOfAuFNjlhjtddnETubKC"",""kind"":""other"",""amount"":""40000.00"",""source"":""qbo_inferred"",""source_staged_payment_id"":""xOfAuFNjlhjtddnETubKC"",""staged_payer"":""Temple Hoyne Buell Foundation"",""staged_date"":""2025-01-13"",""qb_deposit_id"":""31618"",""reconciliation_flag"":""ok"",""unit_kind"":""other"",""unit_evidence_id"":""xOfAuFNjlhjtddnETubKC""}]","1","40000.00","[{""id"":""pu_xOfAuFNjlhjtddnETubKC"",""kind"":""other"",""evidence_id"":""xOfAuFNjlhjtddnETubKC"",""stripe_charge_id"":"""",""source_staged_payment_id"":""xOfAuFNjlhjtddnETubKC"",""gross_amount"":""40000.00"",""fee_amount"":"""",""net_amount"":""40000.00"",""currency"":""USD"",""received_date"":""2025-01-13"",""lifecycle"":""received""}]","1","40000.00","[]","0","0.00","[]","0","0.00","0.00"
"bdep_aa473756357d8d078c582d83","bnk_aa473756357d8d078c582d83","2023-07-20","2688.62","USD","","","ATM CHECK DEPOSIT              ON              07/20 1505 W Lake St            Minneapolis   MN  0001159           ATM ID 6993M    CARD 7365","[]","0","0.00","[]","0","0.00","[]","0","0.00","[]","0","0.00","2688.62"
"bdep_0e49e3c6f0b8e0e429c7500e","bnk_0e49e3c6f0b8e0e429c7500e","2026-01-07","545.45","USD","","","Desert Peach Mon Bill.com          026YEEEZI1R4ZH6 Desert Peach Montessori School Bill.com 026YEEEZ","[]","0","0.00","[]","0","0.00","[]","0","0.00","[{""id"":""bdqr_bdep_0e49e3c6f0b8e0e429c7500e"",""bank_deposit_id"":""bdep_0e49e3c6f0b8e0e429c7500e"",""bank_transaction_id"":""bnk_969ddfddd6aea516dfc517b7"",""amount"":""545.45"",""deposit_date"":""2026-01-07"",""txn_date"":""2026-01-07"",""txn_type"":""Payment"",""ref_no"":""P25123102 - 7195802"",""payee"":""Desert Peach Montessori"",""memo"":""Inv 79252461-166"",""qb_posting"":"""",""account"":""1503 Pledges/Services Receivable"",""class"":"""",""reconciliation_status"":""Reconciled"",""ambiguous"":""false""}]","1","545.45","545.45"
"bdep_741ec8ccbe00dae91a7882b6","bnk_741ec8ccbe00dae91a7882b6","2019-05-08","14745","USD","","","ATM CHECK DEPOSIT              ON              05/08 3030 NICOLLET AVE         MINNEAPOLIS   MN  0003438           ATM ID 5813V    CARD 7365","[]","0","0.00","[]","0","0.00","[]","0","0.00","[]","0","0.00","14745.00"
"bdep_4086fcfcbdb9cdf1c86271a4","bnk_4086fcfcbdb9cdf1c86271a4","2026-07-13","3750","USD","","","The Sunlight Loa Receivable        996AOMSDH14CO82 996AOMSDH14CO82 The Sunlight Loa Bill.com Inv TW","[]","0","0.00","[]","0","0.00","[]","0","0.00","[]","0","0.00","3750.00"
"bdep_0f673ed9c2173e6b99ef91a4","bnk_0f673ed9c2173e6b99ef91a4","2018-01-22","499","USD","","","INTUIT PYMT SOLN DEPOSIT 180121 524771997507722 THE WILDFLOWER FOUNDAT","[]","0","0.00","[]","0","0.00","[]","0","0.00","[{""id"":""bdqr_bdep_0f673ed9c2173e6b99ef91a4"",""bank_deposit_id"":""bdep_0f673ed9c2173e6b99ef91a4"",""bank_transaction_id"":""bnk_ce46544a297bad8fdf93f467"",""amount"":""499"",""deposit_date"":""2018-01-22"",""txn_date"":""2018-01-20"",""txn_type"":""Deposit"",""ref_no"":"""",""payee"":""Loan - Wild Rose"",""memo"":""System-recorded deposit for QuickBooks Payments"",""qb_posting"":"""",""account"":""1501 Undeposited Funds"",""class"":"""",""reconciliation_status"":""Reconciled"",""ambiguous"":""false""}]","1","499.00","499.00"
"bdep_9d3fcb1ec086e80138921620","bnk_9d3fcb1ec086e80138921620","2021-11-26","250","USD","","","MIGHTYCAUSE FDN  GRANTDEP   211124       XXXXX6681 WILDFLOWER FOUNDATION","[{""component_id"":""bdc_g9vCIFqMMuV5H8YZ9Y4ii"",""payment_unit_id"":""pu_g9vCIFqMMuV5H8YZ9Y4ii"",""kind"":""other"",""amount"":""250.00"",""source"":""qbo_inferred"",""source_staged_payment_id"":""g9vCIFqMMuV5H8YZ9Y4ii"",""staged_payer"":"""",""staged_date"":""2021-11-26"",""qb_deposit_id"":""18077"",""reconciliation_flag"":""ok"",""unit_kind"":""other"",""unit_evidence_id"":""g9vCIFqMMuV5H8YZ9Y4ii""}]","1","250.00","[{""id"":""pu_g9vCIFqMMuV5H8YZ9Y4ii"",""kind"":""other"",""evidence_id"":""g9vCIFqMMuV5H8YZ9Y4ii"",""stripe_charge_id"":"""",""source_staged_payment_id"":""g9vCIFqMMuV5H8YZ9Y4ii"",""gross_amount"":""250.00"",""fee_amount"":"""",""net_amount"":""250.00"",""currency"":""USD"",""received_date"":""2021-11-26"",""lifecycle"":""received""}]","1","250.00","[]","0","0.00","[]","0","0.00","0.00"
"bdep_c75c42b3837d7df3de19dc0b","bnk_c75c42b3837d7df3de19dc0b","2019-03-11","28.83","USD","","","STRIPE           TRANSFER                          X","[]","0","0.00","[]","0","0.00","[]","0","0.00","[]","0","0.00","28.83"
"bdep_3d9b09342fc42c05074e62a6","bnk_3d9b09342fc42c05074e62a6","2026-01-06","50","USD","","","WT FED#02M02 JPMORGAN CHASE BAN    /ORG=BROADSTREET IMPACT SERVICES, LLC              SRF#        XXXXXX0006JO TRN#XXXXXXXX3199  RFB#        XXXXXX0006JO","[]","0","0.00","[]","0","0.00","[]","0","0.00","[]","0","0.00","50.00"
"bdep_ffd30ead251c58f5ccb2e406","bnk_ffd30ead251c58f5ccb2e406","2019-03-26","1604.17","USD","","","INTUIT PYMT SOLN DEPOSIT    190326 524771997507722 THE WILDFLOWER FOUNDAT","[]","0","0.00","[]","0","0.00","[]","0","0.00","[{""id"":""bdqr_bdep_ffd30ead251c58f5ccb2e406"",""bank_deposit_id"":""bdep_ffd30ead251c58f5ccb2e406"",""bank_transaction_id"":""bnk_9093e7ee6c34e701402d20db"",""amount"":""1604.17"",""deposit_date"":""2019-03-26"",""txn_date"":""2019-03-25"",""txn_type"":""Deposit"",""ref_no"":"""",""payee"":""Loan - Wildflower"",""memo"":""System-recorded deposit for QuickBooks Payments"",""qb_posting"":"""",""account"":""1501 Undeposited Funds"",""class"":"""",""reconciliation_status"":""Reconciled"",""ambiguous"":""false""}]","1","1604.17","1604.17"
"bdep_2d82e6c511b95a444bc95153","bnk_2d82e6c511b95a444bc95153","2023-12-28","10000","USD","","","THE 20 22 ACT    PAYMENTS          WILDFLOWER SCHO WILDFLOWER SCHOOLS","[]","0","0.00","[]","0","0.00","[]","0","0.00","[{""id"":""bdqr_bdep_2d82e6c511b95a444bc95153"",""bank_deposit_id"":""bdep_2d82e6c511b95a444bc95153"",""bank_transaction_id"":""bnk_0f45b9432ce4a086328a3f54"",""amount"":""10000"",""deposit_date"":""2023-12-28"",""txn_date"":""2023-12-28"",""txn_type"":""Payment"",""ref_no"":"""",""payee"":""The 20 22 ACT Society"",""memo"":"""",""qb_posting"":"""",""account"":""1503 Pledges/Services Receivable"",""class"":"""",""reconciliation_status"":""Reconciled"",""ambiguous"":""false""}]","1","10000.00","10000.00"
"bdep_a80ffd9eff6b4a148a12b5f5","bnk_a80ffd9eff6b4a148a12b5f5","2018-01-11","30000","USD","","","ATM CHECK DEPOSIT 01/11 4712 CHICAGO AVE S MINNEAPOLIS MN 5819T 7365","[{""component_id"":""bdc_1IeSrSZTpxCoCs3OU4q3c"",""payment_unit_id"":""pu_1IeSrSZTpxCoCs3OU4q3c"",""kind"":""other"",""amount"":""20000.00"",""source"":""qbo_inferred"",""source_staged_payment_id"":""1IeSrSZTpxCoCs3OU4q3c"",""staged_payer"":""Frey Foundation"",""staged_date"":""2018-01-11"",""qb_deposit_id"":""2531"",""reconciliation_flag"":""ok"",""unit_kind"":""other"",""unit_evidence_id"":""1IeSrSZTpxCoCs3OU4q3c""},{""component_id"":""bdc_tMS-Avc4nvMsDpFTVOtNY"",""payment_unit_id"":""pu_tMS-Avc4nvMsDpFTVOtNY"",""kind"":""other"",""amount"":""10000.00"",""source"":""qbo_inferred"",""source_staged_payment_id"":""tMS-Avc4nvMsDpFTVOtNY"",""staged_payer"":""Minneapolis Foundation"",""staged_date"":""2018-01-11"",""qb_deposit_id"":""2531"",""reconciliation_flag"":""ok"",""unit_kind"":""other"",""unit_evidence_id"":""tMS-Avc4nvMsDpFTVOtNY""}]","2","30000.00","[{""id"":""pu_1IeSrSZTpxCoCs3OU4q3c"",""kind"":""other"",""evidence_id"":""1IeSrSZTpxCoCs3OU4q3c"",""stripe_charge_id"":"""",""source_staged_payment_id"":""1IeSrSZTpxCoCs3OU4q3c"",""gross_amount"":""20000.00"",""fee_amount"":"""",""net_amount"":""20000.00"",""currency"":""USD"",""received_date"":""2018-01-11"",""lifecycle"":""received""},{""id"":""pu_tMS-Avc4nvMsDpFTVOtNY"",""kind"":""other"",""evidence_id"":""tMS-Avc4nvMsDpFTVOtNY"",""stripe_charge_id"":"""",""source_staged_payment_id"":""tMS-Avc4nvMsDpFTVOtNY"",""gross_amount"":""10000.00"",""fee_amount"":"""",""net_amount"":""10000.00"",""currency"":""USD"",""received_date"":""2018-01-11"",""lifecycle"":""received""}]","2","30000.00","[]","0","0.00","[]","0","0.00","0.00"
"bdep_b192a069c49d8ff4e32c3669","bnk_b192a069c49d8ff4e32c3669","2019-01-08","51794","USD","","","ATM CHECK DEPOSIT              ON              01/08 1505 WEST LAKE ST         MINNEAPOLIS   MN  0000214           ATM ID 6991J    CARD 7365","[]","0","0.00","[]","0","0.00","[]","0","0.00","[]","0","0.00","51794.00"
"bdep_213d1346ce173e6ba7cfc56f","bnk_213d1346ce173e6ba7cfc56f","2020-12-15","19.64","USD","","","STRIPE           TRANSFER          ST-D6A7N8B9L1Q6 THE WILDFLOWER FOUNDAT","[]","0","0.00","[]","0","0.00","[]","0","0.00","[]","0","0.00","19.64"
"bdep_e3b13b26defa0f74ce65f79b","bnk_e3b13b26defa0f74ce65f79b","2020-01-14","25532.94","USD","","","ATM CHECK DEPOSIT              ON              01/14 1505 WEST LAKE ST         MINNEAPOLIS   MN  0007155           ATM ID 6991J    CARD 7365","[]","0","0.00","[]","0","0.00","[]","0","0.00","[]","0","0.00","25532.94"
"bdep_8b72d7a350b9ddefc15f8918","bnk_8b72d7a350b9ddefc15f8918","2018-05-22","285410.88","USD","","","FROM BRK ****9888 TRANSFER REF 231035880","[{""component_id"":""bdc_LXYf5O20Jv2WBOcvY_pYV"",""payment_unit_id"":""pu_LXYf5O20Jv2WBOcvY_pYV"",""kind"":""other"",""amount"":""285410.88"",""source"":""qbo_inferred"",""source_staged_payment_id"":""LXYf5O20Jv2WBOcvY_pYV"",""staged_payer"":""Arthur Rock Foundation"",""staged_date"":""2018-05-22"",""qb_deposit_id"":""3421"",""reconciliation_flag"":""ok"",""unit_kind"":""other"",""unit_evidence_id"":""LXYf5O20Jv2WBOcvY_pYV""}]","1","285410.88","[{""id"":""pu_LXYf5O20Jv2WBOcvY_pYV"",""kind"":""other"",""evidence_id"":""LXYf5O20Jv2WBOcvY_pYV"",""stripe_charge_id"":"""",""source_staged_payment_id"":""LXYf5O20Jv2WBOcvY_pYV"",""gross_amount"":""285410.88"",""fee_amount"":"""",""net_amount"":""285410.88"",""currency"":""USD"",""received_date"":""2018-05-22"",""lifecycle"":""received""}]","1","285410.88","[]","0","0.00","[]","0","0.00","0.00"
"bdep_a490e168593a44c573c46e3a","bnk_a490e168593a44c573c46e3a","2024-07-29","653.68","USD","","","Sundrops Montess Receivable        016HZXSQZ3FE28W 016HZXSQZ3FE28W Sundrops Montess Bill.com Inv 79","[]","0","0.00","[]","0","0.00","[]","0","0.00","[]","0","0.00","653.68"
"bdep_a7d46a6c3b53846e5f28d0c1","bnk_a7d46a6c3b53846e5f28d0c1","2024-11-27","811.08","USD","","","Snowdrop Montess Bill.com          026OFSFWI16DGES Snowdrop Montessori School, Inc. Bill.com 026OFS","[]","0","0.00","[]","0","0.00","[]","0","0.00","[]","0","0.00","811.08"
"bdep_d1cfe853446a701468c73d3e","bnk_d1cfe853446a701468c73d3e","2025-08-15","2062.55","USD","","","STRIPE           TRANSFER          ST-W2X1C8G7R0O4 THE WILDFLOWER FOUNDAT","[]","0","0.00","[]","0","0.00","[{""stripe_payout_id"":""po_1RwBBHAhXr9x8yiRiMG4EdAJ"",""bank_deposit_id"":""bdep_d1cfe853446a701468c73d3e"",""amount"":""2062.55"",""currency"":""USD"",""arrival_date"":""2025-08-14"",""deposit_date"":""2025-08-15"",""ambiguous_bank_match"":""false"",""payer_name"":""""}]","1","2062.55","[]","0","0.00","2062.55"
"bdep_29e082672a506ad11f06641e","bnk_29e082672a506ad11f06641e","2021-03-24","1094.49","USD","","","STRIPE           TRANSFER          ST-O4H5C2Y3I8D5 THE WILDFLOWER FOUNDAT","[]","0","0.00","[]","0","0.00","[]","0","0.00","[]","0","0.00","1094.49"
"bdep_b20525e86ffd54b3a5f656be","bnk_b20525e86ffd54b3a5f656be","2018-07-30","1195","USD","","","INTUIT PYMT SOLN DEPOSIT 180728 524771997507722 THE WILDFLOWER FOUNDAT","[]","0","0.00","[]","0","0.00","[]","0","0.00","[{""id"":""bdqr_bdep_b20525e86ffd54b3a5f656be"",""bank_deposit_id"":""bdep_b20525e86ffd54b3a5f656be"",""bank_transaction_id"":""bnk_142f1386846f4563845e021f"",""amount"":""1195"",""deposit_date"":""2018-07-30"",""txn_date"":""2018-07-27"",""txn_type"":""Deposit"",""ref_no"":"""",""payee"":""Loan - Wild Rose"",""memo"":""System-recorded deposit for QuickBooks Payments"",""qb_posting"":"""",""account"":""1501 Undeposited Funds"",""class"":"""",""reconciliation_status"":""Reconciled"",""ambiguous"":""false""}]","1","1195.00","1195.00"
"bdep_10df86244f9974adc1b83546","bnk_10df86244f9974adc1b83546","2019-08-12","868.27","USD","","","COBRA TRUST ACCT BASICPacif                        COBRA REMIT","[]","0","0.00","[]","0","0.00","[]","0","0.00","[]","0","0.00","868.27"
"bdep_f32576d99cd085550c515472","bnk_f32576d99cd085550c515472","2025-01-08","454.55","USD","","","Lilac Montessori Receivable        016GWJYRB3LQVXP 016GWJYRB3LQVXP Lilac Montessori Bill.com Inv #","[]","0","0.00","[]","0","0.00","[]","0","0.00","[{""id"":""bdqr_bdep_f32576d99cd085550c515472"",""bank_deposit_id"":""bdep_f32576d99cd085550c515472"",""bank_transaction_id"":""bnk_2b82703cacfedcf44f77503a"",""amount"":""454.55"",""deposit_date"":""2025-01-08"",""txn_date"":""2025-01-08"",""txn_type"":""Payment"",""ref_no"":"""",""payee"":""Lilac Montessori"",""memo"":"""",""qb_posting"":"""",""account"":""1503 Pledges/Services Receivable"",""class"":"""",""reconciliation_status"":""Reconciled"",""ambiguous"":""false""}]","1","454.55","454.55"
"bdep_67f8c5b35bff63fee5ea69be","bnk_67f8c5b35bff63fee5ea69be","2023-06-05","100000","USD","","","BLUE CROSS BS MN BLUE X DEP                        RMR*OI*FOUNDATIONGRANT**100000.00*100000.00*0.00","[]","0","0.00","[]","0","0.00","[]","0","0.00","[{""id"":""bdqr_bdep_67f8c5b35bff63fee5ea69be"",""bank_deposit_id"":""bdep_67f8c5b35bff63fee5ea69be"",""bank_transaction_id"":""bnk_07d1dce8d90bd37fe61af04e"",""amount"":""100000"",""deposit_date"":""2023-06-05"",""txn_date"":""2023-06-05"",""txn_type"":""Payment"",""ref_no"":"""",""payee"":""Blue Cross & Blue Shield Foundation of MN"",""memo"":"""",""qb_posting"":"""",""account"":""1503 Pledges/Services Receivable"",""class"":"""",""reconciliation_status"":""Reconciled"",""ambiguous"":""false""}]","1","100000.00","100000.00"
"bdep_51beefa297d24e0811b7ec4e","bnk_51beefa297d24e0811b7ec4e","2025-01-02","625.35","USD","","","STRIPE           TRANSFER          ST-I6S8E0Q3U4P7 THE WILDFLOWER FOUNDAT","[]","0","0.00","[]","0","0.00","[{""stripe_payout_id"":""po_1QcGVTAhXr9x8yiRPL7BRs9l"",""bank_deposit_id"":""bdep_51beefa297d24e0811b7ec4e"",""amount"":""625.35"",""currency"":""USD"",""arrival_date"":""2025-01-01"",""deposit_date"":""2025-01-02"",""ambiguous_bank_match"":""false"",""payer_name"":""""}]","1","625.35","[]","0","0.00","625.35"
"bdep_9c5f61d4d013f0d2aa939991","bnk_9c5f61d4d013f0d2aa939991","2022-07-25","113.44","USD","","","ATM CHECK DEPOSIT              ON              07/23 1505 W Lake St            Minneapolis   MN  0000372           ATM ID 6991J    CARD 7365","[]","0","0.00","[]","0","0.00","[]","0","0.00","[]","0","0.00","113.44"
"bdep_e3753483a63cdb1540354da4","bnk_e3753483a63cdb1540354da4","2025-05-27","454.55","USD","","","The Girasol Scho Receivable        016MGQBUL3QSP0R 016MGQBUL3QSP0R The Girasol Scho Bill.com Inv #","[]","0","0.00","[]","0","0.00","[]","0","0.00","[]","0","0.00","454.55"
"bdep_77bfd742b210b3c04ca6d4fb","bnk_77bfd742b210b3c04ca6d4fb","2017-10-03","28816.4","USD","","","ATM CHECK DEPOSIT 10/03 4712 CHICAGO AVE S MINNEAPOLIS MN 5819T 7365","[]","0","0.00","[]","0","0.00","[]","0","0.00","[]","0","0.00","28816.40"
"bdep_cb71edfc8f55eddb448d13e6","bnk_cb71edfc8f55eddb448d13e6","2024-11-26","1282.33","USD","","","Urban Village Mo Receivable        016UOCCKT3K7MON 016UOCCKT3K7MON Urban Village Mo Bill.com From M","[]","0","0.00","[]","0","0.00","[]","0","0.00","[]","0","0.00","1282.33"
"bdep_7d03d4fd3a60195fe2f096b4","bnk_7d03d4fd3a60195fe2f096b4","2018-11-26","3986.67","USD","","","INTUIT PYMT SOLN DEPOSIT    181124 524771997507722 THE WILDFLOWER FOUNDAT 201811262","[]","0","0.00","[]","0","0.00","[]","0","0.00","[{""id"":""bdqr_bdep_7d03d4fd3a60195fe2f096b4"",""bank_deposit_id"":""bdep_7d03d4fd3a60195fe2f096b4"",""bank_transaction_id"":""bnk_094235cc45391d2588a418f5"",""amount"":""3986.67"",""deposit_date"":""2018-11-26"",""txn_date"":""2018-11-23"",""txn_type"":""Deposit"",""ref_no"":"""",""payee"":"""",""memo"":""System-recorded deposit for QuickBooks Payments"",""qb_posting"":"""",""account"":"""",""class"":"""",""reconciliation_status"":""Reconciled"",""ambiguous"":""false""}]","1","3986.67","3986.67"
"bdep_dc18168dc89a43693dc2944c","bnk_dc18168dc89a43693dc2944c","2022-12-15","30000","USD","","","FUNDACION BPPR   CREDITS           THE WILDFLOWER  THE WILDFLOWER FOUNDAT","[]","0","0.00","[]","0","0.00","[]","0","0.00","[{""id"":""bdqr_bdep_dc18168dc89a43693dc2944c"",""bank_deposit_id"":""bdep_dc18168dc89a43693dc2944c"",""bank_transaction_id"":""bnk_8298ae114870681a7268ee86"",""amount"":""30000"",""deposit_date"":""2022-12-15"",""txn_date"":""2022-12-15"",""txn_type"":""Payment"",""ref_no"":"""",""payee"":""Fundación Banco Popular"",""memo"":"""",""qb_posting"":"""",""account"":""1503 Pledges/Services Receivable"",""class"":"""",""reconciliation_status"":""Reconciled"",""ambiguous"":""false""}]","1","30000.00","30000.00"
"bdep_67ec63f7402854373b9bc7f6","bnk_67ec63f7402854373b9bc7f6","2024-02-08","30","USD","","","MBI              SETL       240207 MED-I-BANK      MED-I-BANK","[]","0","0.00","[]","0","0.00","[]","0","0.00","[]","0","0.00","30.00"
"bdep_3897da95e3d4432aded0df0a","bnk_3897da95e3d4432aded0df0a","2018-09-10","20600","USD","","","INTUIT PYMT SOLN DEPOSIT 180908 524771997507722 THE WILDFLOWER FOUNDAT","[]","0","0.00","[]","0","0.00","[]","0","0.00","[{""id"":""bdqr_bdep_3897da95e3d4432aded0df0a"",""bank_deposit_id"":""bdep_3897da95e3d4432aded0df0a"",""bank_transaction_id"":""bnk_2af5ffd1baba223c73983ade"",""amount"":""20600"",""deposit_date"":""2018-09-10"",""txn_date"":""2018-09-07"",""txn_type"":""Deposit"",""ref_no"":"""",""payee"":""Loan - Marigold"",""memo"":""System-recorded deposit for QuickBooks Payments"",""qb_posting"":"""",""account"":""1501 Undeposited Funds"",""class"":"""",""reconciliation_status"":""Reconciled"",""ambiguous"":""false""}]","1","20600.00","20600.00"
"bdep_eb87ba0e22965a0e117cad18","bnk_eb87ba0e22965a0e117cad18","2022-08-08","20159.88","USD","","","DC WILDFLOWER PU EFT PYMT   080522 Charter School  The Wildflower Foundat","[]","0","0.00","[]","0","0.00","[]","0","0.00","[]","0","0.00","20159.88"
"bdep_627807b1545f00495676b48a","bnk_627807b1545f00495676b48a","2025-04-28","545.45","USD","","","Rain Lily Montes Receivable        016VERPDS3PQGXJ 016VERPDS3PQGXJ Rain Lily Montes Bill.com Inv 22","[]","0","0.00","[]","0","0.00","[]","0","0.00","[]","0","0.00","545.45"
"bdep_a7c89e9b73308cf5d4fbe871","bnk_a7c89e9b73308cf5d4fbe871","2024-04-18","72.63","USD","","","ESSP             HIST RTN   240418 763378        1             333487The","[]","0","0.00","[]","0","0.00","[]","0","0.00","[]","0","0.00","72.63"
"bdep_add85d3e6050e050fe07ddfe","bnk_add85d3e6050e050fe07ddfe","2025-06-17","100549.31","USD","","","ONLINE TRANSFER MAY 25 CSP NONPAYROLL EXPENSES REF #BB0SSQ9MQ9","[]","0","0.00","[]","0","0.00","[]","0","0.00","[{""id"":""bdqr_bdep_add85d3e6050e050fe07ddfe"",""bank_deposit_id"":""bdep_add85d3e6050e050fe07ddfe"",""bank_transaction_id"":""bnk_a7724bcb26f50c2c667d9bcf"",""amount"":""100549.31"",""deposit_date"":""2025-06-17"",""txn_date"":""2025-06-17"",""txn_type"":""Transfer"",""ref_no"":"""",""payee"":"""",""memo"":""tfr from CSP to general checking account"",""qb_posting"":"""",""account"":""TWF CSP Rep grant (1340) - 2"",""class"":"""",""reconciliation_status"":""Reconciled"",""ambiguous"":""false""}]","1","100549.31","100549.31"
"bdep_0ca8fd787cfe4d4381e74f87","bnk_0ca8fd787cfe4d4381e74f87","2020-04-29","96.8","USD","","","STRIPE           TRANSFER          ST-I8B0B4K6O6X5 THE WILDFLOWER FOUNDAT","[]","0","0.00","[]","0","0.00","[]","0","0.00","[]","0","0.00","96.80"
"bdep_7a8b9e216337395256631193","bnk_7a8b9e216337395256631193","2019-11-25","2075","USD","","","INTUIT PYMT SOLN DEPOSIT    191123 524771997507722 THE WILDFLOWER FOUNDAT","[]","0","0.00","[]","0","0.00","[]","0","0.00","[{""id"":""bdqr_bdep_7a8b9e216337395256631193"",""bank_deposit_id"":""bdep_7a8b9e216337395256631193"",""bank_transaction_id"":""bnk_90266515ebbfb256d67b437d"",""amount"":""2075"",""deposit_date"":""2019-11-25"",""txn_date"":""2019-11-22"",""txn_type"":""Deposit"",""ref_no"":"""",""payee"":"""",""memo"":""System-recorded deposit for QuickBooks Payments"",""qb_posting"":"""",""account"":"""",""class"":"""",""reconciliation_status"":""Reconciled"",""ambiguous"":""false""}]","1","2075.00","2075.00"
"bdep_cec9a4257aaddf9128f4d852","bnk_cec9a4257aaddf9128f4d852","2018-12-27","3424.17","USD","","","INTUIT PYMT SOLN DEPOSIT    181227 524771997507722 THE WILDFLOWER FOUNDAT","[]","0","0.00","[]","0","0.00","[]","0","0.00","[{""id"":""bdqr_bdep_cec9a4257aaddf9128f4d852"",""bank_deposit_id"":""bdep_cec9a4257aaddf9128f4d852"",""bank_transaction_id"":""bnk_cb7c1cd3e7ad582c40afc76b"",""amount"":""3424.17"",""deposit_date"":""2018-12-27"",""txn_date"":""2018-12-26"",""txn_type"":""Deposit"",""ref_no"":"""",""payee"":"""",""memo"":""System-recorded deposit for QuickBooks Payments"",""qb_posting"":"""",""account"":"""",""class"":"""",""reconciliation_status"":""Reconciled"",""ambiguous"":""false""}]","1","3424.17","3424.17"
"bdep_b06935e7cbe7d6b724355437","bnk_b06935e7cbe7d6b724355437","2025-11-18","7000","USD","","","FIDELITY INVESTM GrantPaymt Date   3271820         WILDFLOWER FOUNDATION","[{""component_id"":""bdc_F9gVT989fp6B4OJhFZJj8"",""payment_unit_id"":""pu_F9gVT989fp6B4OJhFZJj8"",""kind"":""other"",""amount"":""7000.00"",""source"":""qbo_inferred"",""source_staged_payment_id"":""F9gVT989fp6B4OJhFZJj8"",""staged_payer"":""Anonymous"",""staged_date"":""2025-11-18"",""qb_deposit_id"":""36572"",""reconciliation_flag"":""ok"",""unit_kind"":""other"",""unit_evidence_id"":""F9gVT989fp6B4OJhFZJj8""}]","1","7000.00","[{""id"":""pu_F9gVT989fp6B4OJhFZJj8"",""kind"":""other"",""evidence_id"":""F9gVT989fp6B4OJhFZJj8"",""stripe_charge_id"":"""",""source_staged_payment_id"":""F9gVT989fp6B4OJhFZJj8"",""gross_amount"":""7000.00"",""fee_amount"":"""",""net_amount"":""7000.00"",""currency"":""USD"",""received_date"":""2025-11-18"",""lifecycle"":""received""}]","1","7000.00","[]","0","0.00","[]","0","0.00","0.00"
"bdep_7439467384ea1634efef1197","bnk_7439467384ea1634efef1197","2018-10-17","5000","USD","","","eDeposit in Branch/Store 10/17/18 09:16:00 AM 4712 CHICAGO AVE MINNEAPOLIS MN 7365","[]","0","0.00","[]","0","0.00","[]","0","0.00","[]","0","0.00","5000.00"
"bdep_744a468757e4c529731bafc1","bnk_744a468757e4c529731bafc1","2025-09-25","223500","USD","","","ATM CHECK DEPOSIT              ON              09/25 1505 W Lake St            Minneapolis   MN  0004141           ATM ID 6991J    CARD 0628","[{""component_id"":""bdc_7JpclI5LjMsT12tabqZfV"",""payment_unit_id"":""pu_7JpclI5LjMsT12tabqZfV"",""kind"":""other"",""amount"":""223500.00"",""source"":""qbo_inferred"",""source_staged_payment_id"":""7JpclI5LjMsT12tabqZfV"",""staged_payer"":""William Penn Foundation"",""staged_date"":""2025-09-25"",""qb_deposit_id"":""35903"",""reconciliation_flag"":""ok"",""unit_kind"":""other"",""unit_evidence_id"":""7JpclI5LjMsT12tabqZfV""}]","1","223500.00","[{""id"":""pu_7JpclI5LjMsT12tabqZfV"",""kind"":""other"",""evidence_id"":""7JpclI5LjMsT12tabqZfV"",""stripe_charge_id"":"""",""source_staged_payment_id"":""7JpclI5LjMsT12tabqZfV"",""gross_amount"":""223500.00"",""fee_amount"":"""",""net_amount"":""223500.00"",""currency"":""USD"",""received_date"":""2025-09-25"",""lifecycle"":""received""}]","1","223500.00","[]","0","0.00","[]","0","0.00","0.00"
"bdep_8644bae5d08ad7ff42f2cd69","bnk_8644bae5d08ad7ff42f2cd69","2023-07-07","6868.56","USD","","","Snowdrop Montess Bill.com          025LWLBBIGK186W Snowdrop Montessori School, Inc. Bill.com 025LWL","[]","0","0.00","[]","0","0.00","[]","0","0.00","[]","0","0.00","6868.56"
"bdep_716257d26b9b3723e9d3c343","bnk_716257d26b9b3723e9d3c343","2019-07-24","970.4","USD","","","STRIPE           TRANSFER          ST-A3I2Z8N1J6W8 THE WILDFLOWER FOUNDAT","[]","0","0.00","[]","0","0.00","[]","0","0.00","[]","0","0.00","970.40"
"bdep_a18dc62a616257d69b7a8577","bnk_a18dc62a616257d69b7a8577","2020-10-14","582.58","USD","","","IRS              HIST RTN   201014 270068731185464 WILDFLOWER FOUNDATION","[]","0","0.00","[]","0","0.00","[]","0","0.00","[]","0","0.00","582.58"
"bdep_ef091002e78e0e0e7e1a5045","bnk_ef091002e78e0e0e7e1a5045","2017-09-22","499","USD","","","INTUIT PYMT SOLN DEPOSIT 170922 524771997507722 THE WILDFLOWER FOUNDAT","[]","0","0.00","[]","0","0.00","[]","0","0.00","[{""id"":""bdqr_bdep_ef091002e78e0e0e7e1a5045"",""bank_deposit_id"":""bdep_ef091002e78e0e0e7e1a5045"",""bank_transaction_id"":""bnk_d1d2936c883248957921adae"",""amount"":""499"",""deposit_date"":""2017-09-22"",""txn_date"":""2017-09-21"",""txn_type"":""Deposit"",""ref_no"":"""",""payee"":""Loan - Wild Rose"",""memo"":""System-recorded deposit for QuickBooks Payments"",""qb_posting"":"""",""account"":""1501 Undeposited Funds"",""class"":"""",""reconciliation_status"":""Reconciled"",""ambiguous"":""false""}]","1","499.00","499.00"
"bdep_49c8c39a0c8284219ba384cf","bnk_49c8c39a0c8284219ba384cf","2022-12-22","5000","USD","","","TD AMERITRADE IN ACH OUT           aXG0ZSKCM8      KRISHNAN SAMPATH","[]","0","0.00","[]","0","0.00","[]","0","0.00","[{""id"":""bdqr_bdep_49c8c39a0c8284219ba384cf"",""bank_deposit_id"":""bdep_49c8c39a0c8284219ba384cf"",""bank_transaction_id"":""bnk_400d125d0185a530df7c6a8d"",""amount"":""5000"",""deposit_date"":""2022-12-22"",""txn_date"":""2022-12-22"",""txn_type"":""Payment"",""ref_no"":"""",""payee"":""Sampath Krishnan"",""memo"":"""",""qb_posting"":"""",""account"":""1503 Pledges/Services Receivable"",""class"":"""",""reconciliation_status"":""Reconciled"",""ambiguous"":""false""}]","1","5000.00","5000.00"
"bdep_47706a193f302d89ecec9c4f","bnk_47706a193f302d89ecec9c4f","2020-01-31","2500","USD","","","ASTER MONTESSORI FEB2020                           Wildflower Foundation","[]","0","0.00","[]","0","0.00","[]","0","0.00","[{""id"":""bdqr_bdep_47706a193f302d89ecec9c4f"",""bank_deposit_id"":""bdep_47706a193f302d89ecec9c4f"",""bank_transaction_id"":""bnk_3759cec73348ec684d2777bc"",""amount"":""2500"",""deposit_date"":""2020-01-31"",""txn_date"":""2020-01-31"",""txn_type"":""Payment"",""ref_no"":"""",""payee"":""Loan - Aster"",""memo"":"""",""qb_posting"":"""",""account"":""1503 Pledges/Services Receivable"",""class"":"""",""reconciliation_status"":""Reconciled"",""ambiguous"":""false""}]","1","2500.00","2500.00"
"bdep_e8cb7936fe2026a60436f3d8","bnk_e8cb7936fe2026a60436f3d8","2018-10-31","401.75","USD","","","STRIPE           TRANSFER                          X 201810311","[]","0","0.00","[]","0","0.00","[]","0","0.00","[]","0","0.00","401.75"
"bdep_c406ba18a86e4ea4c733fded","bnk_c406ba18a86e4ea4c733fded","2021-02-10","23.67","USD","","","STRIPE           TRANSFER          ST-B6H5S2B7U3M7 THE WILDFLOWER FOUNDAT","[]","0","0.00","[]","0","0.00","[{""stripe_payout_id"":""po_1IIlwyAhXr9x8yiR5iMVuWzE"",""bank_deposit_id"":""bdep_c406ba18a86e4ea4c733fded"",""amount"":""23.67"",""currency"":""USD"",""arrival_date"":""2021-02-09"",""deposit_date"":""2021-02-10"",""ambiguous_bank_match"":""false"",""payer_name"":""""}]","1","23.67","[]","0","0.00","23.67"
"bdep_a9f112b5675a17f8ed8fb80e","bnk_a9f112b5675a17f8ed8fb80e","2021-03-31","518.88","USD","","","STRIPE           TRANSFER          ST-O5I2H3W8E0W9 THE WILDFLOWER FOUNDAT","[]","0","0.00","[]","0","0.00","[]","0","0.00","[]","0","0.00","518.88"
"bdep_572731d92b4d55e99d1b35b4","bnk_572731d92b4d55e99d1b35b4","2022-03-30","30250","USD","","","ATM CHECK DEPOSIT              ON              03/30 4712 Chicago Ave          Minneapolis   MN  0002046           ATM ID 5819T    CARD 7365","[]","0","0.00","[]","0","0.00","[]","0","0.00","[]","0","0.00","30250.00"
"bdep_dc1a2b69b189ef9d6bc04eab","bnk_dc1a2b69b189ef9d6bc04eab","2024-07-29","2522.44","USD","","","Wild Rose Montes Receivable        016XBSGZU3FE290 016XBSGZU3FE290 Wild Rose Montes Bill.com Inv 79","[]","0","0.00","[]","0","0.00","[]","0","0.00","[]","0","0.00","2522.44"
"bdep_837a502d5cde3ee363e3aba7","bnk_837a502d5cde3ee363e3aba7","2018-06-15","720000","USD","","","WALTON FAM FDN GRANT PMT 61245 GRANT 2017-430","[{""component_id"":""bdc_dkd5KsrCp9Aw0RHb6VNfq"",""payment_unit_id"":""pu_dkd5KsrCp9Aw0RHb6VNfq"",""kind"":""other"",""amount"":""720000.00"",""source"":""qbo_inferred"",""source_staged_payment_id"":""dkd5KsrCp9Aw0RHb6VNfq"",""staged_payer"":""Walton Family Foundation"",""staged_date"":""2018-06-15"",""qb_deposit_id"":""3689"",""reconciliation_flag"":""ok"",""unit_kind"":""other"",""unit_evidence_id"":""dkd5KsrCp9Aw0RHb6VNfq""}]","1","720000.00","[{""id"":""pu_dkd5KsrCp9Aw0RHb6VNfq"",""kind"":""other"",""evidence_id"":""dkd5KsrCp9Aw0RHb6VNfq"",""stripe_charge_id"":"""",""source_staged_payment_id"":""dkd5KsrCp9Aw0RHb6VNfq"",""gross_amount"":""720000.00"",""fee_amount"":"""",""net_amount"":""720000.00"",""currency"":""USD"",""received_date"":""2018-06-15"",""lifecycle"":""received""}]","1","720000.00","[]","0","0.00","[]","0","0.00","0.00"
"bdep_4413af6333282b78d65f5d07","bnk_4413af6333282b78d65f5d07","2025-03-21","500000","USD","","","TRANSFER FROM BRK ****9888 REF# 572640258","[]","0","0.00","[]","0","0.00","[]","0","0.00","[]","0","0.00","500000.00"
"bdep_825c08434512b88d2768f880","bnk_825c08434512b88d2768f880","2021-03-10","430.78","USD","","","STRIPE           TRANSFER          ST-J1J4D9M3P9E8 THE WILDFLOWER FOUNDAT","[]","0","0.00","[]","0","0.00","[]","0","0.00","[]","0","0.00","430.78"
"bdep_8cca4c8f6759a67e9bcf32b6","bnk_8cca4c8f6759a67e9bcf32b6","2020-12-14","681.3","USD","","","COBRA TRUST ACCT BASICPacif                        COBRA REMIT","[]","0","0.00","[]","0","0.00","[]","0","0.00","[]","0","0.00","681.30"
"bdep_fff85e1cd1509cdc67297f21","bnk_fff85e1cd1509cdc67297f21","2019-02-25","3349.17","USD","","","INTUIT PYMT SOLN DEPOSIT    190223 524771997507722 THE WILDFLOWER FOUNDAT","[]","0","0.00","[]","0","0.00","[]","0","0.00","[{""id"":""bdqr_bdep_fff85e1cd1509cdc67297f21"",""bank_deposit_id"":""bdep_fff85e1cd1509cdc67297f21"",""bank_transaction_id"":""bnk_5b3e4ebb2a5b8d1d6363f38d"",""amount"":""3349.17"",""deposit_date"":""2019-02-25"",""txn_date"":""2019-02-22"",""txn_type"":""Deposit"",""ref_no"":"""",""payee"":"""",""memo"":""System-recorded deposit for QuickBooks Payments"",""qb_posting"":"""",""account"":"""",""class"":"""",""reconciliation_status"":""Reconciled"",""ambiguous"":""false""}]","1","3349.17","3349.17"
"bdep_eaf45e40eac1cfcfab9d7e63","bnk_eaf45e40eac1cfcfab9d7e63","2024-12-23","120.84","USD","","","STRIPE           TRANSFER          ST-J6F2W0L4R8B3 THE WILDFLOWER FOUNDAT","[]","0","0.00","[]","0","0.00","[{""stripe_payout_id"":""po_1QYdoWAhXr9x8yiR49v6MfaN"",""bank_deposit_id"":""bdep_eaf45e40eac1cfcfab9d7e63"",""amount"":""120.84"",""currency"":""USD"",""arrival_date"":""2024-12-22"",""deposit_date"":""2024-12-23"",""ambiguous_bank_match"":""false"",""payer_name"":""""}]","1","120.84","[]","0","0.00","120.84"
"bdep_d3f30ebb6f62064b1d955c2d","bnk_d3f30ebb6f62064b1d955c2d","2017-05-26","1001061.44","USD","","","FROM BRK ****9888 TRANSFER REF 200787073","[{""component_id"":""bdc_uKJKtItKRZ98E7bjZSFKe"",""payment_unit_id"":""pu_uKJKtItKRZ98E7bjZSFKe"",""kind"":""other"",""amount"":""1001061.44"",""source"":""qbo_inferred"",""source_staged_payment_id"":""uKJKtItKRZ98E7bjZSFKe"",""staged_payer"":""Arthur Rock Foundation"",""staged_date"":""2017-05-26"",""qb_deposit_id"":""990"",""reconciliation_flag"":""ok"",""unit_kind"":""other"",""unit_evidence_id"":""uKJKtItKRZ98E7bjZSFKe""}]","1","1001061.44","[{""id"":""pu_uKJKtItKRZ98E7bjZSFKe"",""kind"":""other"",""evidence_id"":""uKJKtItKRZ98E7bjZSFKe"",""stripe_charge_id"":"""",""source_staged_payment_id"":""uKJKtItKRZ98E7bjZSFKe"",""gross_amount"":""1001061.44"",""fee_amount"":"""",""net_amount"":""1001061.44"",""currency"":""USD"",""received_date"":""2017-05-26"",""lifecycle"":""received""}]","1","1001061.44","[]","0","0.00","[]","0","0.00","0.00"
"bdep_df0adc49940369c29ac3b6e8","bnk_df0adc49940369c29ac3b6e8","2020-07-30","359.5","USD","","","STRIPE           TRANSFER          ST-O3B1M2W8T3K3 THE WILDFLOWER FOUNDAT","[]","0","0.00","[]","0","0.00","[]","0","0.00","[]","0","0.00","359.50"
"bdep_11c6ba3bbc3ee215deea9e5f","bnk_11c6ba3bbc3ee215deea9e5f","2018-12-17","8500","USD","","","ATM CHECK DEPOSIT              ON              12/17 3030 NICOLLET AVE         MINNEAPOLIS   MN  0004057           ATM ID 5813V    CARD 7365 201812172","[]","0","0.00","[]","0","0.00","[]","0","0.00","[]","0","0.00","8500.00"
"bdep_a7b28e4f785085ce0da73eb4","bnk_a7b28e4f785085ce0da73eb4","2023-11-01","5000","USD","","","WT FED#02183 PNC BANK, N.A.        /ORG=SPRING POINT PARTNERS LLC                     SRF#    23B1H3007C1X0P40 TRN#231101150589  RFB#                 SPP","[]","0","0.00","[]","0","0.00","[]","0","0.00","[{""id"":""bdqr_bdep_a7b28e4f785085ce0da73eb4"",""bank_deposit_id"":""bdep_a7b28e4f785085ce0da73eb4"",""bank_transaction_id"":""bnk_cc6d0b3dc4c38b2532def421"",""amount"":""5000"",""deposit_date"":""2023-11-01"",""txn_date"":""2023-11-01"",""txn_type"":""Payment"",""ref_no"":"""",""payee"":""Spring Point Partners"",""memo"":"""",""qb_posting"":"""",""account"":""1503 Pledges/Services Receivable"",""class"":"""",""reconciliation_status"":""Reconciled"",""ambiguous"":""false""}]","1","5000.00","5000.00"
"bdep_69cfdd4cc901563353638890","bnk_69cfdd4cc901563353638890","2023-07-13","20485.38","USD","","","ATM CHECK DEPOSIT              ON              07/13 4712 Chicago Ave          Minneapolis   MN  0003379           ATM ID 5819T    CARD 7365","[]","0","0.00","[]","0","0.00","[]","0","0.00","[]","0","0.00","20485.38"
"bdep_e80b3875d198bfc18f369951","bnk_e80b3875d198bfc18f369951","2024-01-11","35000","USD","","","TEMPLE HOYNE BUE ACH GRANTS 240111 7744            THE WILDFLOWER FOUNDAT","[]","0","0.00","[]","0","0.00","[]","0","0.00","[{""id"":""bdqr_bdep_e80b3875d198bfc18f369951"",""bank_deposit_id"":""bdep_e80b3875d198bfc18f369951"",""bank_transaction_id"":""bnk_924d8cd4fcd4a125c9238891"",""amount"":""35000"",""deposit_date"":""2024-01-11"",""txn_date"":""2024-01-11"",""txn_type"":""Payment"",""ref_no"":"""",""payee"":""Temple Hoyne Buell Foundation"",""memo"":"""",""qb_posting"":"""",""account"":""1503 Pledges/Services Receivable"",""class"":"""",""reconciliation_status"":""Reconciled"",""ambiguous"":""false""}]","1","35000.00","35000.00"
"bdep_e3eac4d222cb6716bfe0477e","bnk_e3eac4d222cb6716bfe0477e","2019-03-05","250","USD","","","INTUIT PYMT SOLN DEPOSIT    190305 524771997507722 THE WILDFLOWER FOUNDAT","[]","0","0.00","[]","0","0.00","[]","0","0.00","[{""id"":""bdqr_bdep_e3eac4d222cb6716bfe0477e"",""bank_deposit_id"":""bdep_e3eac4d222cb6716bfe0477e"",""bank_transaction_id"":""bnk_9543d72860e07f7e60b7cf25"",""amount"":""250"",""deposit_date"":""2019-03-05"",""txn_date"":""2019-03-04"",""txn_type"":""Deposit"",""ref_no"":"""",""payee"":""Loan - Capucine"",""memo"":""System-recorded deposit for QuickBooks Payments"",""qb_posting"":"""",""account"":""1501 Undeposited Funds"",""class"":"""",""reconciliation_status"":""Reconciled"",""ambiguous"":""false""}]","1","250.00","250.00"
"bdep_961de53b64a098ab928c947a","bnk_961de53b64a098ab928c947a","2021-12-07","103726.19","USD","","","DC WILDFLOWER PU EFT PYMT   120621 Charter School  The Wildflower Foundat","[]","0","0.00","[]","0","0.00","[]","0","0.00","[]","0","0.00","103726.19"
"bdep_6d78da9e3068b69c86604e06","bnk_6d78da9e3068b69c86604e06","2025-01-06","2522.44","USD","","","Wild Rose Montes Receivable        016MZHXIY3LN6NH 016MZHXIY3LN6NH Wild Rose Montes Bill.com Inv G","[]","0","0.00","[]","0","0.00","[]","0","0.00","[]","0","0.00","2522.44"
"bdep_056a8b380c0d5545ce60fdbf","bnk_056a8b380c0d5545ce60fdbf","2021-12-10","5291.08","USD","","","STRIPE           TRANSFER          ST-J0U5W5T8Q0Y8 THE WILDFLOWER FOUNDAT","[]","0","0.00","[]","0","0.00","[{""stripe_payout_id"":""po_1K4dVrAhXr9x8yiR6PWWDQJq"",""bank_deposit_id"":""bdep_056a8b380c0d5545ce60fdbf"",""amount"":""5291.08"",""currency"":""USD"",""arrival_date"":""2021-12-09"",""deposit_date"":""2021-12-10"",""ambiguous_bank_match"":""false"",""payer_name"":""""}]","1","5291.08","[]","0","0.00","5291.08"
"bdep_4f46cfcf39e491757d5574e1","bnk_4f46cfcf39e491757d5574e1","2018-11-15","275.23","USD","","","STRIPE           TRANSFER                          X 201811151","[]","0","0.00","[]","0","0.00","[]","0","0.00","[]","0","0.00","275.23"
"bdep_14bd4ffd59ffed426d776c7b","bnk_14bd4ffd59ffed426d776c7b","2017-12-07","162.5","USD","","","INTUIT PYMT SOLN DEPOSIT 171207 524771997507722 THE WILDFLOWER FOUNDAT","[]","0","0.00","[]","0","0.00","[]","0","0.00","[{""id"":""bdqr_bdep_14bd4ffd59ffed426d776c7b"",""bank_deposit_id"":""bdep_14bd4ffd59ffed426d776c7b"",""bank_transaction_id"":""bnk_aec85832eefb20dde43a3435"",""amount"":""162.5"",""deposit_date"":""2017-12-07"",""txn_date"":""2017-12-06"",""txn_type"":""Deposit"",""ref_no"":"""",""payee"":""Loan - Tiger Lily"",""memo"":""System-recorded deposit for QuickBooks Payments"",""qb_posting"":"""",""account"":""1501 Undeposited Funds"",""class"":"""",""reconciliation_status"":""Reconciled"",""ambiguous"":""false""}]","1","162.50","162.50"
"bdep_c9686a81b7d08e4d34265495","bnk_c9686a81b7d08e4d34265495","2026-03-25","47.25","USD","","","STRIPE           TRANSFER          ST-D5H5Q6R7R7S8 THE WILDFLOWER FOUNDAT","[]","0","0.00","[]","0","0.00","[{""stripe_payout_id"":""po_1TEflnAhXr9x8yiR08ccyQws"",""bank_deposit_id"":""bdep_c9686a81b7d08e4d34265495"",""amount"":""47.25"",""currency"":""USD"",""arrival_date"":""2026-03-24"",""deposit_date"":""2026-03-25"",""ambiguous_bank_match"":""false"",""payer_name"":""""}]","1","47.25","[]","0","0.00","47.25"
"bdep_8fe056e27612fe89a8c3ac75","bnk_8fe056e27612fe89a8c3ac75","2018-12-12","35000","USD","","","eDeposit in Branch/Store 12/12/18 09:42:03 AM 1505 W LAKE ST MINNEAPOLIS MN 8945 201812121","[{""component_id"":""bdc_i6C-pKESa6lr3Dz2tgoip"",""payment_unit_id"":""pu_i6C-pKESa6lr3Dz2tgoip"",""kind"":""other"",""amount"":""35000.00"",""source"":""qbo_inferred"",""source_staged_payment_id"":""i6C-pKESa6lr3Dz2tgoip"",""staged_payer"":""The Mind Trust"",""staged_date"":""2018-12-12"",""qb_deposit_id"":""5566"",""reconciliation_flag"":""ok"",""unit_kind"":""other"",""unit_evidence_id"":""i6C-pKESa6lr3Dz2tgoip""}]","1","35000.00","[{""id"":""pu_i6C-pKESa6lr3Dz2tgoip"",""kind"":""other"",""evidence_id"":""i6C-pKESa6lr3Dz2tgoip"",""stripe_charge_id"":"""",""source_staged_payment_id"":""i6C-pKESa6lr3Dz2tgoip"",""gross_amount"":""35000.00"",""fee_amount"":"""",""net_amount"":""35000.00"",""currency"":""USD"",""received_date"":""2018-12-12"",""lifecycle"":""received""}]","1","35000.00","[]","0","0.00","[]","0","0.00","0.00"
"bdep_525fe82d26cefd5e19547527","bnk_525fe82d26cefd5e19547527","2020-07-17","45121.6","USD","","","ATM CHECK DEPOSIT              ON              07/17 1505 WEST LAKE ST         Minneapolis   MN  0004409           ATM ID 6991J    CARD 7365","[]","0","0.00","[]","0","0.00","[]","0","0.00","[]","0","0.00","45121.60"
"bdep_9e517be6b167e269910b5f9b","bnk_9e517be6b167e269910b5f9b","2016-10-05","735801","USD","","","SILICON VALLEY COMMUNIT WT SEQ149494 /ORG=SILICON VALLEY COMMUNITY FOUNDATIO SRF# GE-2016-159954 TRN#161004149494 RFB# 000005943","[]","0","0.00","[]","0","0.00","[]","0","0.00","[]","0","0.00","735801.00"
"bdep_c38bd7f1bc13c7ed1f1735d5","bnk_c38bd7f1bc13c7ed1f1735d5","2023-09-13","552.48","USD","","","BASIC            BASICCOBRA 230913                 The Wildflower Foundat","[]","0","0.00","[]","0","0.00","[]","0","0.00","[]","0","0.00","552.48"
"bdep_4d4f773c48d591a34f6bd67f","bnk_4d4f773c48d591a34f6bd67f","2020-02-06","40000","USD","","","ATM CHECK DEPOSIT              ON              02/06 4712 CHICAGO AVE S        MINNEAPOLIS   MN  0003711           ATM ID 5819T    CARD 7365","[{""component_id"":""bdc_lalaOc5ASYswC266HDyGa"",""payment_unit_id"":""pu_lalaOc5ASYswC266HDyGa"",""kind"":""other"",""amount"":""40000.00"",""source"":""qbo_inferred"",""source_staged_payment_id"":""lalaOc5ASYswC266HDyGa"",""staged_payer"":""Gates Family Foundation"",""staged_date"":""2020-02-06"",""qb_deposit_id"":""10965"",""reconciliation_flag"":""ok"",""unit_kind"":""other"",""unit_evidence_id"":""lalaOc5ASYswC266HDyGa""}]","1","40000.00","[{""id"":""pu_lalaOc5ASYswC266HDyGa"",""kind"":""other"",""evidence_id"":""lalaOc5ASYswC266HDyGa"",""stripe_charge_id"":"""",""source_staged_payment_id"":""lalaOc5ASYswC266HDyGa"",""gross_amount"":""40000.00"",""fee_amount"":"""",""net_amount"":""40000.00"",""currency"":""USD"",""received_date"":""2020-02-06"",""lifecycle"":""received""}]","1","40000.00","[]","0","0.00","[]","0","0.00","0.00"
"bdep_2b38556ce3064cb0e30a9bef","bnk_2b38556ce3064cb0e30a9bef","2022-03-22","17500","USD","","","WT SEQ155219 THE WILDFLOWER LOAN FUN /ORG=                                            SRF#    OW00002059567142 TRN#220322155219  RFB#    OW00002059567142","[]","0","0.00","[]","0","0.00","[]","0","0.00","[]","0","0.00","17500.00"
"bdep_642d26820a9e81cc0ab77c94","bnk_642d26820a9e81cc0ab77c94","2022-12-01","8.94","USD","","","STRIPE           TRANSFER          ST-O6J5J1K9S0F0 THE WILDFLOWER FOUNDAT","[]","0","0.00","[]","0","0.00","[{""stripe_payout_id"":""po_1M9jfsAhXr9x8yiRNyMVvYu4"",""bank_deposit_id"":""bdep_642d26820a9e81cc0ab77c94"",""amount"":""8.94"",""currency"":""USD"",""arrival_date"":""2022-11-30"",""deposit_date"":""2022-12-01"",""ambiguous_bank_match"":""false"",""payer_name"":""""}]","1","8.94","[]","0","0.00","8.94"
"bdep_f5edee3b51cdba0b482bea08","bnk_f5edee3b51cdba0b482bea08","2018-11-28","150","USD","","","INTUIT PYMT SOLN DEPOSIT    181128 524771997507722 THE WILDFLOWER FOUNDAT 201811281","[]","0","0.00","[]","0","0.00","[]","0","0.00","[{""id"":""bdqr_bdep_f5edee3b51cdba0b482bea08"",""bank_deposit_id"":""bdep_f5edee3b51cdba0b482bea08"",""bank_transaction_id"":""bnk_1cd912323ddb6289689f1944"",""amount"":""150"",""deposit_date"":""2018-11-28"",""txn_date"":""2018-11-27"",""txn_type"":""Deposit"",""ref_no"":"""",""payee"":""Loan - Cosmos"",""memo"":""System-recorded deposit for QuickBooks Payments"",""qb_posting"":"""",""account"":""1501 Undeposited Funds"",""class"":"""",""reconciliation_status"":""Reconciled"",""ambiguous"":""false""}]","1","150.00","150.00"
"bdep_c683d116ad4046fc26f2c224","bnk_c683d116ad4046fc26f2c224","2023-06-20","40000","USD","","","WEND II INC      PAYMENT           140214          W016 2023-859 W016 2023-859","[]","0","0.00","[]","0","0.00","[]","0","0.00","[{""id"":""bdqr_bdep_c683d116ad4046fc26f2c224"",""bank_deposit_id"":""bdep_c683d116ad4046fc26f2c224"",""bank_transaction_id"":""bnk_c3d275b9d4f66675c9563172"",""amount"":""40000"",""deposit_date"":""2023-06-20"",""txn_date"":""2023-06-20"",""txn_type"":""Payment"",""ref_no"":"""",""payee"":""Wend Ventures"",""memo"":"""",""qb_posting"":"""",""account"":""1503 Pledges/Services Receivable"",""class"":"""",""reconciliation_status"":""Reconciled"",""ambiguous"":""false""}]","1","40000.00","40000.00"
"bdep_df658f3d3624bcc7fabbc573","bnk_df658f3d3624bcc7fabbc573","2020-09-01","250","USD","","","Bill.com         VoidPaymnt        016LANTEL1INMSO NYS Office of the Attorney General Bill.com 016L","[]","0","0.00","[]","0","0.00","[]","0","0.00","[]","0","0.00","250.00"
"bdep_123b815bd591049ec84336bc","bnk_123b815bd591049ec84336bc","2026-01-23","79189.06","USD","","","ONLINE TRANSFER JANUARY 26 CSP NONPAYROLL REF #BB0WL24PTY","[]","0","0.00","[]","0","0.00","[]","0","0.00","[{""id"":""bdqr_bdep_123b815bd591049ec84336bc"",""bank_deposit_id"":""bdep_123b815bd591049ec84336bc"",""bank_transaction_id"":""bnk_415ee0209287047f0b91aa9e"",""amount"":""79189.06"",""deposit_date"":""2026-01-23"",""txn_date"":""2026-01-23"",""txn_type"":""Transfer"",""ref_no"":"""",""payee"":"""",""memo"":""Transfer from CSP"",""qb_posting"":"""",""account"":""TWF CSP Rep grant (1340) - 2"",""class"":"""",""reconciliation_status"":""Reconciled"",""ambiguous"":""false""}]","1","79189.06","79189.06"
"bdep_5005099f4381cb745f6c5871","bnk_5005099f4381cb745f6c5871","2019-05-08","212.5","USD","","","INTUIT PYMT SOLN DEPOSIT    190508 524771997507722 THE WILDFLOWER FOUNDAT","[]","0","0.00","[]","0","0.00","[]","0","0.00","[{""id"":""bdqr_bdep_5005099f4381cb745f6c5871"",""bank_deposit_id"":""bdep_5005099f4381cb745f6c5871"",""bank_transaction_id"":""bnk_ffbade46e3bb3f40c05f8f8a"",""amount"":""212.5"",""deposit_date"":""2019-05-08"",""txn_date"":""2019-05-07"",""txn_type"":""Deposit"",""ref_no"":"""",""payee"":""Loan - Tiger Lily"",""memo"":""System-recorded deposit for QuickBooks Payments"",""qb_posting"":"""",""account"":""1501 Undeposited Funds"",""class"":"""",""reconciliation_status"":""Reconciled"",""ambiguous"":""false""}]","1","212.50","212.50"
"bdep_665c2ee1985a093acedc5c13","bnk_665c2ee1985a093acedc5c13","2019-04-26","250","USD","","","INTUIT PYMT SOLN DEPOSIT    190426 524771997507722 THE WILDFLOWER FOUNDAT","[]","0","0.00","[]","0","0.00","[]","0","0.00","[{""id"":""bdqr_bdep_665c2ee1985a093acedc5c13"",""bank_deposit_id"":""bdep_665c2ee1985a093acedc5c13"",""bank_transaction_id"":""bnk_d1ccb1170973795d594841ad"",""amount"":""250"",""deposit_date"":""2019-04-26"",""txn_date"":""2019-04-25"",""txn_type"":""Deposit"",""ref_no"":"""",""payee"":""Loan - Capucine"",""memo"":""System-recorded deposit for QuickBooks Payments"",""qb_posting"":"""",""account"":""1501 Undeposited Funds"",""class"":"""",""reconciliation_status"":""Reconciled"",""ambiguous"":""false""}]","1","250.00","250.00"
"bdep_fd31fe0b9e87328c17bf393d","bnk_fd31fe0b9e87328c17bf393d","2023-05-18","14663.71","USD","","","Wild Rose Montes Bill.com          025KBQODLGI9LB3 Wild Rose Montessori School Bill.com 025KBQODLGI","[]","0","0.00","[]","0","0.00","[]","0","0.00","[]","0","0.00","14663.71"
"bdep_440c3ef8f29a8f48432d8543","bnk_440c3ef8f29a8f48432d8543","2019-04-23","759","USD","","","1330 Lagoon Aven PAYMENTS   190422 EFT-00561915    NTE*ZZZ*POGZH495ZMGD5YMSSA,PO8AF5ZDKYVKBM6X6W,PO","[]","0","0.00","[]","0","0.00","[]","0","0.00","[]","0","0.00","759.00"
"bdep_2f40c390de00427653bf8b3e","bnk_2f40c390de00427653bf8b3e","2020-04-23","970.4","USD","","","STRIPE           TRANSFER          ST-N4N3S7N6T6Z2 THE WILDFLOWER FOUNDAT","[]","0","0.00","[]","0","0.00","[]","0","0.00","[]","0","0.00","970.40"
"bdep_418b16f0ea1aafc47bbedbaf","bnk_418b16f0ea1aafc47bbedbaf","2022-10-24","15220","USD","","","Early Milestones Bill.com          025AJBHQQOBULN7 Early Milestones Colorado Circle Bill.com 025AJB","[{""component_id"":""bdc_vsODilVwJh93AuJWvKYOf"",""payment_unit_id"":""pu_vsODilVwJh93AuJWvKYOf"",""kind"":""check"",""amount"":""15220.00"",""source"":""qbo_inferred"",""source_staged_payment_id"":""vsODilVwJh93AuJWvKYOf"",""staged_payer"":""Early Milestones Colorado Circle"",""staged_date"":""2022-10-24"",""qb_deposit_id"":""21969"",""reconciliation_flag"":""ok"",""unit_kind"":""check"",""unit_evidence_id"":""vsODilVwJh93AuJWvKYOf""}]","1","15220.00","[{""id"":""pu_vsODilVwJh93AuJWvKYOf"",""kind"":""check"",""evidence_id"":""vsODilVwJh93AuJWvKYOf"",""stripe_charge_id"":"""",""source_staged_payment_id"":""vsODilVwJh93AuJWvKYOf"",""gross_amount"":""15220.00"",""fee_amount"":"""",""net_amount"":""15220.00"",""currency"":""USD"",""received_date"":""2022-10-24"",""lifecycle"":""received""}]","1","15220.00","[]","0","0.00","[]","0","0.00","0.00"
"bdep_e0f7b55d1ad85b652bb538f3","bnk_e0f7b55d1ad85b652bb538f3","2019-10-09","2000","USD","","","INTUIT PYMT SOLN DEPOSIT    191009 524771997507722 THE WILDFLOWER FOUNDAT","[]","0","0.00","[]","0","0.00","[]","0","0.00","[{""id"":""bdqr_bdep_e0f7b55d1ad85b652bb538f3"",""bank_deposit_id"":""bdep_e0f7b55d1ad85b652bb538f3"",""bank_transaction_id"":""bnk_10bfd109d3b59729c4e9747b"",""amount"":""2000"",""deposit_date"":""2019-10-09"",""txn_date"":""2019-10-08"",""txn_type"":""Deposit"",""ref_no"":"""",""payee"":""Loan - Snowdrop"",""memo"":""System-recorded deposit for QuickBooks Payments"",""qb_posting"":"""",""account"":""1501 Undeposited Funds"",""class"":"""",""reconciliation_status"":""Reconciled"",""ambiguous"":""false""}]","1","2000.00","2000.00"
"bdep_1477e20b00b543a037be9707","bnk_1477e20b00b543a037be9707","2024-05-31","500000","USD","","","TRANSFER FROM BRK ****9888 REF# 526894339","[]","0","0.00","[]","0","0.00","[]","0","0.00","[]","0","0.00","500000.00"
"bdep_e5c73d9adf06bbc636963e36","bnk_e5c73d9adf06bbc636963e36","2020-08-10","1517.18","USD","","","COBRA TRUST ACCT BASICPacif                        COBRA REMIT","[]","0","0.00","[]","0","0.00","[]","0","0.00","[]","0","0.00","1517.18"
"bdep_8c27986cee9fe4d611256aa8","bnk_8c27986cee9fe4d611256aa8","2024-02-09","90000","USD","","","ONLINE TRANSFER Q3 GRANT REF #BB0M6YQZBJ","[]","0","0.00","[]","0","0.00","[]","0","0.00","[]","0","0.00","90000.00"
"bdep_f39c66cfb313ac3ce96c75b8","bnk_f39c66cfb313ac3ce96c75b8","2024-08-16","10","USD","","","REVERSAL OF CHECK POSTED  8-16-24          REFER TO MAKER                             OUR REF:  8-16-24 00000000","[]","0","0.00","[]","0","0.00","[]","0","0.00","[]","0","0.00","10.00"
"bdep_11a129339e09818f7135c3ca","bnk_11a129339e09818f7135c3ca","2019-05-17","162.5","USD","","","INTUIT PYMT SOLN DEPOSIT    190517 524771997507722 THE WILDFLOWER FOUNDAT","[]","0","0.00","[]","0","0.00","[]","0","0.00","[{""id"":""bdqr_bdep_11a129339e09818f7135c3ca"",""bank_deposit_id"":""bdep_11a129339e09818f7135c3ca"",""bank_transaction_id"":""bnk_7e1ee013d89342042659add8"",""amount"":""162.5"",""deposit_date"":""2019-05-17"",""txn_date"":""2019-05-16"",""txn_type"":""Deposit"",""ref_no"":"""",""payee"":""Wisteria Montessori, Inc"",""memo"":""System-recorded deposit for QuickBooks Payments"",""qb_posting"":"""",""account"":""1501 Undeposited Funds"",""class"":"""",""reconciliation_status"":""Reconciled"",""ambiguous"":""false""}]","1","162.50","162.50"
"bdep_e12dbd62f23fc0200bff3f52","bnk_e12dbd62f23fc0200bff3f52","2020-12-02","120.42","USD","","","STRIPE           TRANSFER          ST-B9Z5K1J8F9G1 THE WILDFLOWER FOUNDAT","[]","0","0.00","[]","0","0.00","[{""stripe_payout_id"":""po_1HtOhoAhXr9x8yiRmHh0t5HL"",""bank_deposit_id"":""bdep_e12dbd62f23fc0200bff3f52"",""amount"":""120.42"",""currency"":""USD"",""arrival_date"":""2020-12-01"",""deposit_date"":""2020-12-02"",""ambiguous_bank_match"":""false"",""payer_name"":""""}]","1","120.42","[]","0","0.00","120.42"
"bdep_692b89625a2d09e55d3f5ee4","bnk_692b89625a2d09e55d3f5ee4","2020-03-03","485.2","USD","","","STRIPE           TRANSFER          ST-A5R9R7A8W6K3 THE WILDFLOWER FOUNDAT","[]","0","0.00","[]","0","0.00","[]","0","0.00","[]","0","0.00","485.20"
"bdep_c5cf45e643668e15284fbaf1","bnk_c5cf45e643668e15284fbaf1","2025-11-26","2982","USD","","","ATM CHECK DEPOSIT              ON              11/26 1505 W Lake St            Minneapolis   MN  0007419           ATM ID 6991J    CARD 0628","[]","0","0.00","[]","0","0.00","[]","0","0.00","[]","0","0.00","2982.00"
"bdep_17406d26d26029dfef23dc6f","bnk_17406d26d26029dfef23dc6f","2021-05-03","45000","USD","","","WT SEQ227684 THE WILDFLOWER LOAN FUN /ORG=                                            SRF#    OW00001346882377 TRN#210503227684  RFB#    OW00001346882377","[]","0","0.00","[]","0","0.00","[]","0","0.00","[]","0","0.00","45000.00"
"bdep_b09b37396131eef422023189","bnk_b09b37396131eef422023189","2025-02-26","811.08","USD","","","Snowdrop Montess Receivable        016QAEGSV3NH6NN 016QAEGSV3NH6NN Snowdrop Montess Bill.com Inv TC","[]","0","0.00","[]","0","0.00","[]","0","0.00","[]","0","0.00","811.08"
"bdep_656ee3ffc296012538129185","bnk_656ee3ffc296012538129185","2024-09-25","2522.44","USD","","","Wild Rose Montes Receivable        016JKDHHZ3HUHE8 016JKDHHZ3HUHE8 Wild Rose Montes Bill.com Inv #","[]","0","0.00","[]","0","0.00","[]","0","0.00","[{""id"":""bdqr_bdep_656ee3ffc296012538129185"",""bank_deposit_id"":""bdep_656ee3ffc296012538129185"",""bank_transaction_id"":""bnk_7b11f0fd97b5ce99975407b0"",""amount"":""2522.44"",""deposit_date"":""2024-09-25"",""txn_date"":""2024-09-24"",""txn_type"":""Payment"",""ref_no"":""P24091902 - 1238461"",""payee"":""Wild Rose Montessori School Inc"",""memo"":""Inv # 79252461-205"",""qb_posting"":"""",""account"":""1503 Pledges/Services Receivable"",""class"":"""",""reconciliation_status"":""Reconciled"",""ambiguous"":""false""}]","1","2522.44","2522.44"
"bdep_d1d0a9c181c99976c9d05a44","bnk_d1d0a9c181c99976c9d05a44","2019-08-30","2500","USD","","","ASTER MONTESSORI LOAN 0919                         Wildflower Foundation","[]","0","0.00","[]","0","0.00","[]","0","0.00","[{""id"":""bdqr_bdep_d1d0a9c181c99976c9d05a44"",""bank_deposit_id"":""bdep_d1d0a9c181c99976c9d05a44"",""bank_transaction_id"":""bnk_33f4dafe0ba467473e63478c"",""amount"":""2500"",""deposit_date"":""2019-08-30"",""txn_date"":""2019-08-30"",""txn_type"":""Payment"",""ref_no"":"""",""payee"":""Loan - Aster"",""memo"":"""",""qb_posting"":"""",""account"":""1503 Pledges/Services Receivable"",""class"":"""",""reconciliation_status"":""Reconciled"",""ambiguous"":""false""}]","1","2500.00","2500.00"
"bdep_9e535d1747386098bc25bf5e","bnk_9e535d1747386098bc25bf5e","2020-07-08","726.74","USD","","","STRIPE           TRANSFER          ST-O1D1M5S0W6I4 THE WILDFLOWER FOUNDAT","[]","0","0.00","[]","0","0.00","[]","0","0.00","[]","0","0.00","726.74"
"bdep_3f5f0b520467fee0d796eeb3","bnk_3f5f0b520467fee0d796eeb3","2022-01-31","750000","USD","","","WEND LLC         GRANT PMT         0731            GRANT 2020-162_4","[]","0","0.00","[]","0","0.00","[]","0","0.00","[]","0","0.00","750000.00"
"bdep_ebd0daf2f4eaebfb07daf2cf","bnk_ebd0daf2f4eaebfb07daf2cf","2023-04-13","2222.2","USD","","","BASIC            BASICCOBRA 230413                 The Wildflower Foundat","[]","0","0.00","[]","0","0.00","[]","0","0.00","[]","0","0.00","2222.20"
"bdep_51c6c18c8485e34bce7d96c9","bnk_51c6c18c8485e34bce7d96c9","2023-03-29","50000","USD","","","COMMUNITIESFDNTX VENDORPMT  230328 27785           WILDFLOWER FOUNDATION","[]","0","0.00","[]","0","0.00","[]","0","0.00","[{""id"":""bdqr_bdep_51c6c18c8485e34bce7d96c9"",""bank_deposit_id"":""bdep_51c6c18c8485e34bce7d96c9"",""bank_transaction_id"":""bnk_4eb0f05971d1472f4bdf4a1d"",""amount"":""50000"",""deposit_date"":""2023-03-29"",""txn_date"":""2023-03-29"",""txn_type"":""Payment"",""ref_no"":"""",""payee"":""Beverly Brown/Ardinger Brown Family Fund"",""memo"":"""",""qb_posting"":"""",""account"":""1503 Pledges/Services Receivable"",""class"":"""",""reconciliation_status"":""Reconciled"",""ambiguous"":""false""}]","1","50000.00","50000.00"
"bdep_a6586a05f5e6136c575d4633","bnk_a6586a05f5e6136c575d4633","2026-07-07","50","USD","","","WT FED#02K02 JPMORGAN CHASE BAN    /ORG=BROADSTREET IMPACT SERVICES, LLC              SRF#        XXXXXX0188JO TRN#XXXXXXXX3280  RFB#     ATS OF 26/07/07","[]","0","0.00","[]","0","0.00","[]","0","0.00","[]","0","0.00","50.00"
"bdep_bef8dee88c901c3792cee623","bnk_bef8dee88c901c3792cee623","2024-11-22","4767.2","USD","","","STRIPE           TRANSFER          ST-A3N9O1Q6S2Z7 THE WILDFLOWER FOUNDAT","[]","0","0.00","[]","0","0.00","[{""stripe_payout_id"":""po_1QNUCdAhXr9x8yiR2vopqWcR"",""bank_deposit_id"":""bdep_bef8dee88c901c3792cee623"",""amount"":""4767.2"",""currency"":""USD"",""arrival_date"":""2024-11-21"",""deposit_date"":""2024-11-22"",""ambiguous_bank_match"":""false"",""payer_name"":""""}]","1","4767.20","[]","0","0.00","4767.20"
"bdep_e6bcd540148a915269538d07","bnk_e6bcd540148a915269538d07","2025-07-08","132.66","USD","","","GUSTO            TAX 933929 250708 6semk559e3r     The Wildflower Foundat","[]","0","0.00","[]","0","0.00","[]","0","0.00","[]","0","0.00","132.66"
"bdep_93ca7b5101867333ade3bad5","bnk_93ca7b5101867333ade3bad5","2022-12-09","10000","USD","","","The McKnight Fou McKnight          V01307          The Wildflower Foundat","[]","0","0.00","[]","0","0.00","[]","0","0.00","[{""id"":""bdqr_bdep_93ca7b5101867333ade3bad5"",""bank_deposit_id"":""bdep_93ca7b5101867333ade3bad5"",""bank_transaction_id"":""bnk_0cbf25673bd39a59154819c4"",""amount"":""10000"",""deposit_date"":""2022-12-09"",""txn_date"":""2022-12-09"",""txn_type"":""Payment"",""ref_no"":"""",""payee"":""McKnight Foundation"",""memo"":"""",""qb_posting"":"""",""account"":""1503 Pledges/Services Receivable"",""class"":"""",""reconciliation_status"":""Reconciled"",""ambiguous"":""false""}]","1","10000.00","10000.00"
"bdep_54f2e5551843b64fea73218a","bnk_54f2e5551843b64fea73218a","2019-04-11","2893.84","USD","","","ATM CHECK DEPOSIT              ON              04/11 1505 WEST LAKE ST         MINNEAPOLIS   MN  0009929           ATM ID 6991J    CARD 7365","[]","0","0.00","[]","0","0.00","[]","0","0.00","[]","0","0.00","2893.84"
"bdep_d8d37b7250f54cb451c45a63","bnk_d8d37b7250f54cb451c45a63","2026-01-13","3750","USD","","","The Sunlight Loa Receivable        016XJASFG3Z7D2M 016XJASFG3Z7D2M The Sunlight Loa Bill.com Inv TW","[]","0","0.00","[]","0","0.00","[]","0","0.00","[{""id"":""bdqr_bdep_d8d37b7250f54cb451c45a63"",""bank_deposit_id"":""bdep_d8d37b7250f54cb451c45a63"",""bank_transaction_id"":""bnk_ad9058165f175726091c62ed"",""amount"":""3750"",""deposit_date"":""2026-01-13"",""txn_date"":""2026-01-13"",""txn_type"":""Payment"",""ref_no"":""P26010902 - 9466546"",""payee"":""The Sunlight Loan Fund, LLC"",""memo"":""Inv TWF-SL InvoiceQ2"",""qb_posting"":"""",""account"":""1503 Pledges/Services Receivable"",""class"":"""",""reconciliation_status"":""Reconciled"",""ambiguous"":""false""}]","1","3750.00","3750.00"
"bdep_b3e0f5c6dc1983ab398ff019","bnk_b3e0f5c6dc1983ab398ff019","2020-06-25","75625","USD","","","ATM CHECK DEPOSIT              ON              06/25 1505 WEST LAKE ST         Minneapolis   MN  0007695           ATM ID 6991J    CARD 7365","[]","0","0.00","[]","0","0.00","[]","0","0.00","[]","0","0.00","75625.00"
"bdep_4fa21e028f761f2380454b4f","bnk_4fa21e028f761f2380454b4f","2022-03-25","100000","USD","","","WT SEQ#96821 THE WILDFLOWER LOAN FUN /ORG=                                            SRF#    OW00002066747306 TRN#220325096821  RFB#    OW00002066747306","[]","0","0.00","[]","0","0.00","[]","0","0.00","[]","0","0.00","100000.00"
"bdep_a926dd24d1d9e0fc22d97094","bnk_a926dd24d1d9e0fc22d97094","2019-06-28","1604.17","USD","","","INTUIT PYMT SOLN DEPOSIT    190628 524771997507722 THE WILDFLOWER FOUNDAT","[]","0","0.00","[]","0","0.00","[]","0","0.00","[{""id"":""bdqr_bdep_a926dd24d1d9e0fc22d97094"",""bank_deposit_id"":""bdep_a926dd24d1d9e0fc22d97094"",""bank_transaction_id"":""bnk_8f45dd9d49c234b9ee926133"",""amount"":""1604.17"",""deposit_date"":""2019-06-28"",""txn_date"":""2019-06-27"",""txn_type"":""Deposit"",""ref_no"":"""",""payee"":""Loan - Wildflower"",""memo"":""System-recorded deposit for QuickBooks Payments"",""qb_posting"":"""",""account"":""1501 Undeposited Funds"",""class"":"""",""reconciliation_status"":""Reconciled"",""ambiguous"":""false""}]","1","1604.17","1604.17"
"bdep_9a93b2f5d5cf25db4b037982","bnk_9a93b2f5d5cf25db4b037982","2025-01-22","300000","USD","","","TRANSFER FROM BRK ****9888 REF# 563621860","[]","0","0.00","[]","0","0.00","[]","0","0.00","[]","0","0.00","300000.00"
"bdep_b2ba67b9f5f50175b2ea077f","bnk_b2ba67b9f5f50175b2ea077f","2025-12-22","1000.01","USD","","","STRIPE           TRANSFER          ST-Q5E2Y9H7Z5V8 THE WILDFLOWER FOUNDAT","[]","0","0.00","[]","0","0.00","[{""stripe_payout_id"":""po_1SgxOpAhXr9x8yiRjJbckD9R"",""bank_deposit_id"":""bdep_b2ba67b9f5f50175b2ea077f"",""amount"":""1000.01"",""currency"":""USD"",""arrival_date"":""2025-12-21"",""deposit_date"":""2025-12-22"",""ambiguous_bank_match"":""false"",""payer_name"":""""}]","1","1000.01","[]","0","0.00","1000.01"
"bdep_a073d1ed18799fb89ac2e944","bnk_a073d1ed18799fb89ac2e944","2021-04-06","485.2","USD","","","STRIPE           TRANSFER          ST-J3Q1U4R6M0D4 THE WILDFLOWER FOUNDAT","[]","0","0.00","[]","0","0.00","[]","0","0.00","[]","0","0.00","485.20"
"bdep_f03c088bde189b29fa5ded72","bnk_f03c088bde189b29fa5ded72","2022-12-06","10550.5","USD","","","DC WILDFLOWER PU EFT PYMT   120522 Charter School  The Wildflower Foundat","[]","0","0.00","[]","0","0.00","[]","0","0.00","[{""id"":""bdqr_bdep_f03c088bde189b29fa5ded72"",""bank_deposit_id"":""bdep_f03c088bde189b29fa5ded72"",""bank_transaction_id"":""bnk_855ccd8511779223bccb1085"",""amount"":""10550.5"",""deposit_date"":""2022-12-06"",""txn_date"":""2022-12-06"",""txn_type"":""Payment"",""ref_no"":"""",""payee"":""DC Wildflower Public Charter School"",""memo"":"""",""qb_posting"":"""",""account"":""1500 Accounts Receivable (A/R)"",""class"":"""",""reconciliation_status"":""Reconciled"",""ambiguous"":""false""}]","1","10550.50","10550.50"
"bdep_a60303ac8c976c4e691a2511","bnk_a60303ac8c976c4e691a2511","2019-11-22","96.8","USD","","","STRIPE           TRANSFER          ST-N6E3S2Z2N7Q1 THE WILDFLOWER FOUNDAT","[]","0","0.00","[]","0","0.00","[]","0","0.00","[]","0","0.00","96.80"
"bdep_478c5947d55e4c409ac54c19","bnk_478c5947d55e4c409ac54c19","2025-10-06","1980.44","USD","","","Bill.com         Receivable        015DGLECGSONQ4W Tiger Lily School Bill.com 015DGLECGSONQ4W Inv #","[]","0","0.00","[]","0","0.00","[]","0","0.00","[{""id"":""bdqr_bdep_478c5947d55e4c409ac54c19"",""bank_deposit_id"":""bdep_478c5947d55e4c409ac54c19"",""bank_transaction_id"":""bnk_46b8dfae3b5c84f5bda43b4c"",""amount"":""1980.44"",""deposit_date"":""2025-10-06"",""txn_date"":""2025-10-06"",""txn_type"":""Journal"",""ref_no"":""Stmt Cr Reward Mar 30"",""payee"":"""",""memo"":""BILL 10/06/25 AR Payments"",""qb_posting"":"""",""account"":"""",""class"":"""",""reconciliation_status"":""Reconciled"",""ambiguous"":""false""}]","1","1980.44","1980.44"
"bdep_dec810bcd9482d0fe24e1dc1","bnk_dec810bcd9482d0fe24e1dc1","2020-05-21","52500","USD","","","WT FED#05573 JPMC INTERNAL ACCO    /ORG=OVERDECK FAMILY FOUNDATION, INC               SRF#        1155800142ES TRN#200521138964  RFB#     OS1 OF 20/05/21","[{""component_id"":""bdc_ENrj5pb4155KjFrbRWlN9"",""payment_unit_id"":""pu_ENrj5pb4155KjFrbRWlN9"",""kind"":""other"",""amount"":""52500.00"",""source"":""qbo_inferred"",""source_staged_payment_id"":""ENrj5pb4155KjFrbRWlN9"",""staged_payer"":""Overdeck Family Foundation"",""staged_date"":""2020-05-21"",""qb_deposit_id"":""12064"",""reconciliation_flag"":""ok"",""unit_kind"":""other"",""unit_evidence_id"":""ENrj5pb4155KjFrbRWlN9""}]","1","52500.00","[{""id"":""pu_ENrj5pb4155KjFrbRWlN9"",""kind"":""other"",""evidence_id"":""ENrj5pb4155KjFrbRWlN9"",""stripe_charge_id"":"""",""source_staged_payment_id"":""ENrj5pb4155KjFrbRWlN9"",""gross_amount"":""52500.00"",""fee_amount"":"""",""net_amount"":""52500.00"",""currency"":""USD"",""received_date"":""2020-05-21"",""lifecycle"":""received""}]","1","52500.00","[]","0","0.00","[]","0","0.00","0.00"
"bdep_7e568ef9f7076323b8f7cb65","bnk_7e568ef9f7076323b8f7cb65","2025-10-27","54","USD","","","ESSP             HIST RTN   251027 872188        1             333487The","[]","0","0.00","[]","0","0.00","[]","0","0.00","[]","0","0.00","54.00"
"bdep_ad37549e630f6b857434ea2c","bnk_ad37549e630f6b857434ea2c","2022-08-22","4.96","USD","","","STRIPE           TRANSFER          ST-X4P0M0Q2H7T0 THE WILDFLOWER FOUNDAT","[]","0","0.00","[]","0","0.00","[{""stripe_payout_id"":""po_1LZ4uOAhXr9x8yiRajo0MZYg"",""bank_deposit_id"":""bdep_ad37549e630f6b857434ea2c"",""amount"":""4.96"",""currency"":""USD"",""arrival_date"":""2022-08-21"",""deposit_date"":""2022-08-22"",""ambiguous_bank_match"":""false"",""payer_name"":""""}]","1","4.96","[]","0","0.00","4.96"
"bdep_1889840a711e54c9548b58ec","bnk_1889840a711e54c9548b58ec","2025-03-21","1.19","USD","","","GUSTO            TLR 827383 250321 6semk41t50o     The Wildflower Foundat","[]","0","0.00","[]","0","0.00","[]","0","0.00","[]","0","0.00","1.19"
"bdep_9a1f013f713abe6a90915103","bnk_9a1f013f713abe6a90915103","2020-05-13","1455.6","USD","","","STRIPE           TRANSFER          ST-T1N8I8B5N9N2 THE WILDFLOWER FOUNDAT","[]","0","0.00","[]","0","0.00","[]","0","0.00","[]","0","0.00","1455.60"
"bdep_8b995b7a94499ce188f44ac5","bnk_8b995b7a94499ce188f44ac5","2019-06-27","447.81","USD","","","STRIPE           TRANSFER          ST-H0L2T7T9I7O3 THE WILDFLOWER FOUNDAT","[]","0","0.00","[]","0","0.00","[]","0","0.00","[]","0","0.00","447.81"
"bdep_1c4fb3b44a3a178faf0e741b","bnk_1c4fb3b44a3a178faf0e741b","2019-03-07","3000","USD","","","INTUIT PYMT SOLN DEPOSIT    190307 524771997507722 THE WILDFLOWER FOUNDAT","[]","0","0.00","[]","0","0.00","[]","0","0.00","[]","0","0.00","3000.00"
"bdep_8283e73764c5a6e75cec5317","bnk_8283e73764c5a6e75cec5317","2021-02-08","2.57","USD","","","STRIPE           TRANSFER          ST-L4B7R8O5O5I2 THE WILDFLOWER FOUNDAT","[]","0","0.00","[]","0","0.00","[{""stripe_payout_id"":""po_1II2TRAhXr9x8yiRxod8PXKY"",""bank_deposit_id"":""bdep_8283e73764c5a6e75cec5317"",""amount"":""2.57"",""currency"":""USD"",""arrival_date"":""2021-02-07"",""deposit_date"":""2021-02-08"",""ambiguous_bank_match"":""false"",""payer_name"":""""}]","1","2.57","[]","0","0.00","2.57"
"bdep_10b2a5e15f47e8cabb78783f","bnk_10b2a5e15f47e8cabb78783f","2022-12-06","500","USD","","","STRIPE           TRANSFER          ST-E9E0Q3I2T8W5 THE WILDFLOWER FOUNDAT","[]","0","0.00","[]","0","0.00","[{""stripe_payout_id"":""po_1MBTJZAhXr9x8yiRrMcKwF5S"",""bank_deposit_id"":""bdep_10b2a5e15f47e8cabb78783f"",""amount"":""500"",""currency"":""USD"",""arrival_date"":""2022-12-05"",""deposit_date"":""2022-12-06"",""ambiguous_bank_match"":""false"",""payer_name"":""""}]","1","500.00","[]","0","0.00","500.00"
"bdep_a18c95245e49dc683db695b1","bnk_a18c95245e49dc683db695b1","2022-09-27","85000","USD","","","Morgan Stanley   ACH CREDIT 220926 10120855313qe92 The Wildflower Foundat","[]","0","0.00","[]","0","0.00","[]","0","0.00","[]","0","0.00","85000.00"
"bdep_0aa578b534452d2b84eae61a","bnk_0aa578b534452d2b84eae61a","2025-11-26","60000","USD","","","ATM CHECK DEPOSIT              ON              11/26 1505 W Lake St            Minneapolis   MN  0007417           ATM ID 6991J    CARD 0628","[{""component_id"":""bdc_DJxYyhEg_s3u3p6d4Ug3o"",""payment_unit_id"":""pu_DJxYyhEg_s3u3p6d4Ug3o"",""kind"":""other"",""amount"":""60000.00"",""source"":""qbo_inferred"",""source_staged_payment_id"":""DJxYyhEg_s3u3p6d4Ug3o"",""staged_payer"":""The Douglass Brandenborg Family Foundation"",""staged_date"":""2025-11-26"",""qb_deposit_id"":""36566"",""reconciliation_flag"":""ok"",""unit_kind"":""other"",""unit_evidence_id"":""DJxYyhEg_s3u3p6d4Ug3o""}]","1","60000.00","[{""id"":""pu_DJxYyhEg_s3u3p6d4Ug3o"",""kind"":""other"",""evidence_id"":""DJxYyhEg_s3u3p6d4Ug3o"",""stripe_charge_id"":"""",""source_staged_payment_id"":""DJxYyhEg_s3u3p6d4Ug3o"",""gross_amount"":""60000.00"",""fee_amount"":"""",""net_amount"":""60000.00"",""currency"":""USD"",""received_date"":""2025-11-26"",""lifecycle"":""received""}]","1","60000.00","[]","0","0.00","[]","0","0.00","0.00"
"bdep_72572e0bac753fa054a1b302","bnk_72572e0bac753fa054a1b302","2019-05-20","400000","USD","","","WT SEQ127670 PROPEL NONPROFITS       /ORG=PROPEL NONPROFITS                           SRF#    GW00000024901629 TRN#190520127670  RFB#                 718","[]","0","0.00","[]","0","0.00","[]","0","0.00","[]","0","0.00","400000.00"
"bdep_47b1baf769c331fde2d46c93","bnk_47b1baf769c331fde2d46c93","2025-03-03","4523.02","USD","","","Wildflower New Y Receivable        016HZJQQD3NNG26 016HZJQQD3NNG26 Wildflower New Y Bill.com Inv TC","[]","0","0.00","[]","0","0.00","[]","0","0.00","[]","0","0.00","4523.02"
"bdep_1147d02162a27b1bd75c7d0d","bnk_1147d02162a27b1bd75c7d0d","2021-01-08","25000","USD","","","NEW SCHOOLS 1310 PAYMENTS          VEN000829       WILDFLOWER FOUNDATION","[]","0","0.00","[]","0","0.00","[]","0","0.00","[{""id"":""bdqr_bdep_1147d02162a27b1bd75c7d0d"",""bank_deposit_id"":""bdep_1147d02162a27b1bd75c7d0d"",""bank_transaction_id"":""bnk_f80f76525a6803d7499cbcbe"",""amount"":""25000"",""deposit_date"":""2021-01-08"",""txn_date"":""2021-01-08"",""txn_type"":""Payment"",""ref_no"":"""",""payee"":""New Schools Venture Fund"",""memo"":"""",""qb_posting"":"""",""account"":""1503 Pledges/Services Receivable"",""class"":"""",""reconciliation_status"":""Reconciled"",""ambiguous"":""false""}]","1","25000.00","25000.00"
"bdep_40430c0db01bae1a9358f78f","bnk_40430c0db01bae1a9358f78f","2020-09-02","2023.17","USD","","","STRIPE           TRANSFER          ST-X6J8L4C3C2R2 THE WILDFLOWER FOUNDAT","[]","0","0.00","[]","0","0.00","[]","0","0.00","[]","0","0.00","2023.17"
"bdep_f8a6a80aa442edc141a5506d","bnk_f8a6a80aa442edc141a5506d","2018-12-03","237.5","USD","","","INTUIT PYMT SOLN DEPOSIT    181202 524771997507722 THE WILDFLOWER FOUNDAT 201812031","[]","0","0.00","[]","0","0.00","[]","0","0.00","[{""id"":""bdqr_bdep_f8a6a80aa442edc141a5506d"",""bank_deposit_id"":""bdep_f8a6a80aa442edc141a5506d"",""bank_transaction_id"":""bnk_fd3fd20d3d385a9abf9c1b54"",""amount"":""237.5"",""deposit_date"":""2018-12-03"",""txn_date"":""2018-12-01"",""txn_type"":""Deposit"",""ref_no"":"""",""payee"":""Loan - Sweet Pea Montessori"",""memo"":""System-recorded deposit for QuickBooks Payments"",""qb_posting"":"""",""account"":""1501 Undeposited Funds"",""class"":"""",""reconciliation_status"":""Reconciled"",""ambiguous"":""false""}]","1","237.50","237.50"
"bdep_0a5acc83ece9471c05070a59","bnk_0a5acc83ece9471c05070a59","2026-07-07","65.62","USD","","","GUSTO PAYROLL    TAX 832906 260707 6seml615btc     The Wildflower Foundat","[]","0","0.00","[]","0","0.00","[]","0","0.00","[]","0","0.00","65.62"
"bdep_24a1e7f472724416b900c669","bnk_24a1e7f472724416b900c669","2024-11-18","653.68","USD","","","Sundrops Montess Receivable        016WEBDJO3JWCGL 016WEBDJO3JWCGL Sundrops Montess Bill.com Inv 79","[]","0","0.00","[]","0","0.00","[]","0","0.00","[]","0","0.00","653.68"
"bdep_a71801981b00269b9de8a4fe","bnk_a71801981b00269b9de8a4fe","2018-12-04","1794","USD","","","ATM CHECK DEPOSIT              ON              12/04 3030 NICOLLET AVE         MINNEAPOLIS   MN  0007786           ATM ID 5813V    CARD 7365 201812041","[]","0","0.00","[]","0","0.00","[]","0","0.00","[{""id"":""bdqr_bdep_a71801981b00269b9de8a4fe"",""bank_deposit_id"":""bdep_a71801981b00269b9de8a4fe"",""bank_transaction_id"":""bnk_8d714560f19b51ae94fe247b"",""amount"":""1794"",""deposit_date"":""2018-12-04"",""txn_date"":""2018-12-04"",""txn_type"":""Payment"",""ref_no"":"""",""payee"":""Loan - Aster"",""memo"":"""",""qb_posting"":"""",""account"":""1503 Pledges/Services Receivable"",""class"":"""",""reconciliation_status"":""Reconciled"",""ambiguous"":""false""}]","1","1794.00","1794.00"
"bdep_1c7a2113b68f1e1205ee16a9","bnk_1c7a2113b68f1e1205ee16a9","2022-10-03","248.19","USD","","","STRIPE           TRANSFER          ST-G4K4I3H5J2N8 THE WILDFLOWER FOUNDAT","[]","0","0.00","[]","0","0.00","[{""stripe_payout_id"":""po_1LoJr2AhXr9x8yiRRCkRPAHK"",""bank_deposit_id"":""bdep_1c7a2113b68f1e1205ee16a9"",""amount"":""248.19"",""currency"":""USD"",""arrival_date"":""2022-10-02"",""deposit_date"":""2022-10-03"",""ambiguous_bank_match"":""false"",""payer_name"":""""}]","1","248.19","[]","0","0.00","248.19"
"bdep_675ae40a47b36ac9528ecd21","bnk_675ae40a47b36ac9528ecd21","2022-08-22","113090.8","USD","","","ATM CHECK DEPOSIT              ON              08/22 1505 W Lake St            Minneapolis   MN  0006212           ATM ID 6993M    CARD 7365","[]","0","0.00","[]","0","0.00","[]","0","0.00","[]","0","0.00","113090.80"
"bdep_9461135c122f7c67155f1114","bnk_9461135c122f7c67155f1114","2022-06-17","50000","USD","","","Tides Foundation EDI PYMNTS        F-29334         Wildflower Foundation","[]","0","0.00","[]","0","0.00","[]","0","0.00","[{""id"":""bdqr_bdep_9461135c122f7c67155f1114"",""bank_deposit_id"":""bdep_9461135c122f7c67155f1114"",""bank_transaction_id"":""bnk_658e6b2dc49632d609e2b523"",""amount"":""50000"",""deposit_date"":""2022-06-17"",""txn_date"":""2022-06-17"",""txn_type"":""Payment"",""ref_no"":"""",""payee"":""Tom-Zamudio Abundance Fund"",""memo"":"""",""qb_posting"":"""",""account"":""1503 Pledges/Services Receivable"",""class"":"""",""reconciliation_status"":""Reconciled"",""ambiguous"":""false""}]","1","50000.00","50000.00"
"bdep_242e89da84ab3826df1d13eb","bnk_242e89da84ab3826df1d13eb","2020-06-29","2500","USD","","","ASTER MONTESSORI JULY 2020                         Wildflower Foundation","[]","0","0.00","[]","0","0.00","[]","0","0.00","[]","0","0.00","2500.00"
"bdep_6308c167980fd7dd5cd2f723","bnk_6308c167980fd7dd5cd2f723","2021-01-25","650","USD","","","ACH RETURNS       - THE WILDFLOWER F - FILE 7878782339 COID 1812826681","[]","0","0.00","[]","0","0.00","[]","0","0.00","[]","0","0.00","650.00"
"bdep_63badd1ebf7cdf1b7536dfff","bnk_63badd1ebf7cdf1b7536dfff","2022-01-27","28223.34","USD","","","ATM CHECK DEPOSIT              ON              01/27 1505 W Lake St            Minneapolis   MN  0005612           ATM ID 6991J    CARD 7365","[]","0","0.00","[]","0","0.00","[]","0","0.00","[]","0","0.00","28223.34"
"bdep_e67045dc8a3616d95120c9cc","bnk_e67045dc8a3616d95120c9cc","2025-04-17","10000","USD","","","The McKnight Fou McKnight          V01307          Wildflower Foundation","[]","0","0.00","[]","0","0.00","[]","0","0.00","[{""id"":""bdqr_bdep_e67045dc8a3616d95120c9cc"",""bank_deposit_id"":""bdep_e67045dc8a3616d95120c9cc"",""bank_transaction_id"":""bnk_4c95f1683eede54974d1bec5"",""amount"":""10000"",""deposit_date"":""2025-04-17"",""txn_date"":""2025-04-17"",""txn_type"":""Payment"",""ref_no"":"""",""payee"":""McKnight Foundation"",""memo"":"""",""qb_posting"":"""",""account"":""1503 Pledges/Services Receivable"",""class"":"""",""reconciliation_status"":""Reconciled"",""ambiguous"":""false""}]","1","10000.00","10000.00"
"bdep_96e045ef043cdf0d847a4671","bnk_96e045ef043cdf0d847a4671","2020-07-09","487.58","USD","","","STRIPE           TRANSFER          ST-R9D6R0W8G0J4 THE WILDFLOWER FOUNDAT","[]","0","0.00","[]","0","0.00","[]","0","0.00","[]","0","0.00","487.58"
"bdep_18fd28224b968e1fb1790f56","bnk_18fd28224b968e1fb1790f56","2023-02-24","15","USD","","","MBI              SETL       230223 MED-I-BANK      MED-I-BANK","[]","0","0.00","[]","0","0.00","[]","0","0.00","[]","0","0.00","15.00"
"bdep_c311017b666f29a80b620ec9","bnk_c311017b666f29a80b620ec9","2020-05-20","1154.59","USD","","","STRIPE           TRANSFER          ST-Q9O2M9F1R1F3 THE WILDFLOWER FOUNDAT","[]","0","0.00","[]","0","0.00","[]","0","0.00","[]","0","0.00","1154.59"
"bdep_76e4d68621b0637392d89d77","bnk_76e4d68621b0637392d89d77","2026-04-27","19500","USD","","","ONLINE TRANSFER REPAY TWF FOR LOTUS LOAN ON 042626 REF #BB0XT997TH","[]","0","0.00","[]","0","0.00","[]","0","0.00","[]","0","0.00","19500.00"
"bdep_1bb1a5acbd0dd9a11f7075b9","bnk_1bb1a5acbd0dd9a11f7075b9","2020-11-19","9.92","USD","","","STRIPE           TRANSFER          ST-R9U4G4L9C8G2 THE WILDFLOWER FOUNDAT","[]","0","0.00","[]","0","0.00","[]","0","0.00","[]","0","0.00","9.92"
"bdep_9b17f4aa932aea4c931b4ad9","bnk_9b17f4aa932aea4c931b4ad9","2017-04-10","100000","USD","","","WT FED#03370 VANGUARD GRP INC R /ORG=SEPANDAR KAMVAR SRF# 100526140 TRN#170410111061 RFB# SD0217100P000009","[]","0","0.00","[]","0","0.00","[]","0","0.00","[]","0","0.00","100000.00"
"bdep_971b8e5c703f6991a7dd053e","bnk_971b8e5c703f6991a7dd053e","2018-10-29","28.83","USD","","","STRIPE           TRANSFER                          X 201810292","[]","0","0.00","[]","0","0.00","[]","0","0.00","[]","0","0.00","28.83"
"bdep_5f121e4a94b14befe21bcc46","bnk_5f121e4a94b14befe21bcc46","2018-10-17","1633.82","USD","","","eDeposit in Branch/Store 10/17/18 09:16:49 AM 4712 CHICAGO AVE MINNEAPOLIS MN 7365","[]","0","0.00","[]","0","0.00","[]","0","0.00","[]","0","0.00","1633.82"
"bdep_75696431c4e93097de4878ee","bnk_75696431c4e93097de4878ee","2025-03-18","653.68","USD","","","Sundrops Montess Receivable        016IBFSYK3O8SV8 016IBFSYK3O8SV8 Sundrops Montess Bill.com Inv CS","[]","0","0.00","[]","0","0.00","[]","0","0.00","[]","0","0.00","653.68"
"bdep_f6b47d764b34969bc495926f","bnk_f6b47d764b34969bc495926f","2017-11-02","2000","USD","","","INTUIT PYMT SOLN DEPOSIT 171102 524771997507722 THE WILDFLOWER FOUNDAT","[]","0","0.00","[]","0","0.00","[]","0","0.00","[{""id"":""bdqr_bdep_f6b47d764b34969bc495926f"",""bank_deposit_id"":""bdep_f6b47d764b34969bc495926f"",""bank_transaction_id"":""bnk_90faaea678bec089b17b549e"",""amount"":""2000"",""deposit_date"":""2017-11-02"",""txn_date"":""2017-11-01"",""txn_type"":""Deposit"",""ref_no"":"""",""payee"":""Loan - Snowdrop"",""memo"":""System-recorded deposit for QuickBooks Payments"",""qb_posting"":"""",""account"":""1501 Undeposited Funds"",""class"":"""",""reconciliation_status"":""Reconciled"",""ambiguous"":""false""}]","1","2000.00","2000.00"
"bdep_9507690ff9f60c04e0ee9aa9","bnk_9507690ff9f60c04e0ee9aa9","2018-06-08","3690","USD","","","GUSTO CND 829444 180608 6semjn1b4pt The Wildflower Foundat","[]","0","0.00","[]","0","0.00","[]","0","0.00","[]","0","0.00","3690.00"
"bdep_f5a3f741ec66345060f6f951","bnk_f5a3f741ec66345060f6f951","2019-12-05","96.8","USD","","","STRIPE           TRANSFER          ST-O0D6Q4Q8B8W0 THE WILDFLOWER FOUNDAT","[]","0","0.00","[]","0","0.00","[{""stripe_payout_id"":""po_1FloeqAhXr9x8yiRbcQ215Pr"",""bank_deposit_id"":""bdep_f5a3f741ec66345060f6f951"",""amount"":""96.8"",""currency"":""USD"",""arrival_date"":""2019-12-04"",""deposit_date"":""2019-12-05"",""ambiguous_bank_match"":""false"",""payer_name"":""""}]","1","96.80","[]","0","0.00","96.80"
"bdep_6f7ed6d4ea3cbd566de8bde0","bnk_6f7ed6d4ea3cbd566de8bde0","2022-10-27","97.1","USD","","","BENEVITY FUND    DONATION   220930 8WVRF0MRLF      WILDFLOWER FOUNDATION","[{""component_id"":""bdc_fFl18qW3ELjR_Fuorog0-"",""payment_unit_id"":""pu_fFl18qW3ELjR_Fuorog0-"",""kind"":""other"",""amount"":""97.10"",""source"":""qbo_inferred"",""source_staged_payment_id"":""fFl18qW3ELjR_Fuorog0-"",""staged_payer"":"""",""staged_date"":""2022-10-27"",""qb_deposit_id"":""21971"",""reconciliation_flag"":""ok"",""unit_kind"":""other"",""unit_evidence_id"":""fFl18qW3ELjR_Fuorog0-""}]","1","97.10","[{""id"":""pu_fFl18qW3ELjR_Fuorog0-"",""kind"":""other"",""evidence_id"":""fFl18qW3ELjR_Fuorog0-"",""stripe_charge_id"":"""",""source_staged_payment_id"":""fFl18qW3ELjR_Fuorog0-"",""gross_amount"":""97.10"",""fee_amount"":"""",""net_amount"":""97.10"",""currency"":""USD"",""received_date"":""2022-10-27"",""lifecycle"":""received""}]","1","97.10","[]","0","0.00","[]","0","0.00","0.00"
"bdep_64f961326527a354edac0381","bnk_64f961326527a354edac0381","2025-06-17","50588.13","USD","","","ONLINE TRANSFER APRIL CSP PAYROLL REF #BB0SSQ9DNW","[]","0","0.00","[]","0","0.00","[]","0","0.00","[{""id"":""bdqr_bdep_64f961326527a354edac0381"",""bank_deposit_id"":""bdep_64f961326527a354edac0381"",""bank_transaction_id"":""bnk_c9aa32def4df0c3fedde8375"",""amount"":""50588.13"",""deposit_date"":""2025-06-17"",""txn_date"":""2025-06-17"",""txn_type"":""Transfer"",""ref_no"":"""",""payee"":"""",""memo"":""tfr from CSP to general checking account"",""qb_posting"":"""",""account"":""TWF CSP Rep grant (1340) - 2"",""class"":"""",""reconciliation_status"":""Reconciled"",""ambiguous"":""false""}]","1","50588.13","50588.13"
"bdep_b99a41843e4f9e27b1db155b","bnk_b99a41843e4f9e27b1db155b","2019-08-15","549","USD","","","1330 Lagoon Aven PAYMENTS   190814 EFT-00738423    NTE*ZZZ*POAD82UDXRPS5Z5Y7Y,PO8PKSFZJXP7QHG8BA,\","[]","0","0.00","[]","0","0.00","[]","0","0.00","[]","0","0.00","549.00"
"bdep_322d9deffea70b39fb114c32","bnk_322d9deffea70b39fb114c32","2022-04-15","295602.69","USD","","","ATM CHECK DEPOSIT              ON              04/15 7900 Xerxes Ave S Ste 201 Bloomington   MN  0005914           ATM ID 5829A    CARD 7365","[]","0","0.00","[]","0","0.00","[]","0","0.00","[]","0","0.00","295602.69"
"bdep_b1f8507bed7d79f6f255a29a","bnk_b1f8507bed7d79f6f255a29a","2024-12-24","1454.55","USD","","","Wildflower Monte Receivable        016NIMARP3LA8UM 016NIMARP3LA8UM Wildflower Monte Bill.com Inv G","[]","0","0.00","[]","0","0.00","[]","0","0.00","[]","0","0.00","1454.55"
"bdep_a9fa29fa1bdcc5dbf9d59fbc","bnk_a9fa29fa1bdcc5dbf9d59fbc","2025-12-12","25000","USD","","","FIDELITY INVESTM GrantPaymt Date   3373913         WILDFLOWER FOUNDATION","[{""component_id"":""bdc_tUgCIRN_0N8uUrVaypkKZ"",""payment_unit_id"":""pu_tUgCIRN_0N8uUrVaypkKZ"",""kind"":""other"",""amount"":""25000.00"",""source"":""qbo_inferred"",""source_staged_payment_id"":""tUgCIRN_0N8uUrVaypkKZ"",""staged_payer"":""Trout Lily Initiative"",""staged_date"":""2025-12-12"",""qb_deposit_id"":""37041"",""reconciliation_flag"":""ok"",""unit_kind"":""other"",""unit_evidence_id"":""tUgCIRN_0N8uUrVaypkKZ""}]","1","25000.00","[{""id"":""pu_tUgCIRN_0N8uUrVaypkKZ"",""kind"":""other"",""evidence_id"":""tUgCIRN_0N8uUrVaypkKZ"",""stripe_charge_id"":"""",""source_staged_payment_id"":""tUgCIRN_0N8uUrVaypkKZ"",""gross_amount"":""25000.00"",""fee_amount"":"""",""net_amount"":""25000.00"",""currency"":""USD"",""received_date"":""2025-12-12"",""lifecycle"":""received""}]","1","25000.00","[]","0","0.00","[]","0","0.00","0.00"
"bdep_1824fde126459f43413ce717","bnk_1824fde126459f43413ce717","2025-11-26","31702.02","USD","","","ONLINE TRANSFER JULY 2025 PAYROLL REIMBURSEMENT REF #BB0VTQT7G5","[]","0","0.00","[]","0","0.00","[]","0","0.00","[{""id"":""bdqr_bdep_1824fde126459f43413ce717"",""bank_deposit_id"":""bdep_1824fde126459f43413ce717"",""bank_transaction_id"":""bnk_3a47dd3a03281e4cd5642b78"",""amount"":""31702.02"",""deposit_date"":""2025-11-26"",""txn_date"":""2025-11-26"",""txn_type"":""Transfer"",""ref_no"":"""",""payee"":"""",""memo"":"""",""qb_posting"":"""",""account"":""TWF CSP Rep grant (1340) - 2"",""class"":"""",""reconciliation_status"":""Reconciled"",""ambiguous"":""false""}]","1","31702.02","31702.02"
"bdep_50e63223f723ab55c3b41022","bnk_50e63223f723ab55c3b41022","2024-05-02","5385","USD","","","225 South 6th St PAYMENTS   240501 4FNTMXXXXXX4045 NTE*ZZZ*4FNTM6\","[]","0","0.00","[]","0","0.00","[]","0","0.00","[]","0","0.00","5385.00"
"bdep_09bb31a360f636d5ca47e957","bnk_09bb31a360f636d5ca47e957","2024-09-18","992.71","USD","","","STRIPE           TRANSFER          ST-D5P8F6Z9G8E7 THE WILDFLOWER FOUNDAT","[]","0","0.00","[]","0","0.00","[{""stripe_payout_id"":""po_1PztOwAhXr9x8yiRarNk4q5S"",""bank_deposit_id"":""bdep_09bb31a360f636d5ca47e957"",""amount"":""992.71"",""currency"":""USD"",""arrival_date"":""2024-09-17"",""deposit_date"":""2024-09-18"",""ambiguous_bank_match"":""false"",""payer_name"":""""}]","1","992.71","[]","0","0.00","992.71"
"bdep_0fc3af6b6cf734a77969ddfe","bnk_0fc3af6b6cf734a77969ddfe","2025-03-28","545.45","USD","","","Rain Lily Montes Receivable        016OAJAFW3ON2DS 016OAJAFW3ON2DS Rain Lily Montes Bill.com Inv 12","[]","0","0.00","[]","0","0.00","[]","0","0.00","[]","0","0.00","545.45"
"bdep_3892610a2aed98c0e10d3716","bnk_3892610a2aed98c0e10d3716","2025-05-28","545.45","USD","","","Rain Lily Montes Receivable        016DMQOEG3QUT6R 016DMQOEG3QUT6R Rain Lily Montes Bill.com Inv TW","[]","0","0.00","[]","0","0.00","[]","0","0.00","[]","0","0.00","545.45"
"bdep_6e83954ab5925d40153293e9","bnk_6e83954ab5925d40153293e9","2017-05-30","10","USD","","","INTUIT PYMT SOLN DEPOSIT 170527 524771997507722 THE WILDFLOWER FOUNDAT","[]","0","0.00","[]","0","0.00","[]","0","0.00","[]","0","0.00","10.00"
"bdep_8eb2194a4b5082c45a5a695e","bnk_8eb2194a4b5082c45a5a695e","2026-02-19","893.41","USD","","","STRIPE           TRANSFER          ST-Q8N1T8Q3R9P0 THE WILDFLOWER FOUNDAT","[]","0","0.00","[]","0","0.00","[{""stripe_payout_id"":""po_1T2KhqAhXr9x8yiRABqw1ZG3"",""bank_deposit_id"":""bdep_8eb2194a4b5082c45a5a695e"",""amount"":""893.41"",""currency"":""USD"",""arrival_date"":""2026-02-18"",""deposit_date"":""2026-02-19"",""ambiguous_bank_match"":""false"",""payer_name"":""""}]","1","893.41","[]","0","0.00","893.41"
"bdep_fc87bf8cf359353c48908536","bnk_fc87bf8cf359353c48908536","2019-08-16","237.5","USD","","","INTUIT PYMT SOLN DEPOSIT    190816 524771997507722 THE WILDFLOWER FOUNDAT","[]","0","0.00","[]","0","0.00","[]","0","0.00","[{""id"":""bdqr_bdep_fc87bf8cf359353c48908536"",""bank_deposit_id"":""bdep_fc87bf8cf359353c48908536"",""bank_transaction_id"":""bnk_85e688333f2094cd65fb263c"",""amount"":""237.5"",""deposit_date"":""2019-08-16"",""txn_date"":""2019-08-15"",""txn_type"":""Deposit"",""ref_no"":"""",""payee"":""Loan - Sweet Pea Montessori"",""memo"":""System-recorded deposit for QuickBooks Payments"",""qb_posting"":"""",""account"":""1501 Undeposited Funds"",""class"":"""",""reconciliation_status"":""Reconciled"",""ambiguous"":""false""}]","1","237.50","237.50"
"bdep_c9990755417751ad8c5d32a1","bnk_c9990755417751ad8c5d32a1","2018-08-08","67900","USD","","","ATM CHECK DEPOSIT 08/08 3030 NICOLLET AVE MINNEAPOLIS MN 5813V 7365","[]","0","0.00","[]","0","0.00","[]","0","0.00","[]","0","0.00","67900.00"
"bdep_621b2f41c217cc9e02ba32cb","bnk_621b2f41c217cc9e02ba32cb","2023-04-21","27290.98","USD","","","ATM CHECK DEPOSIT              ON              04/21 1505 W Lake St            Minneapolis   MN  0004090           ATM ID 6993M    CARD 7365","[]","0","0.00","[]","0","0.00","[]","0","0.00","[]","0","0.00","27290.98"
"bdep_2aa2f975a29126a7ba9032ea","bnk_2aa2f975a29126a7ba9032ea","2022-01-28","80000","USD","","","WT FED#05672 SIGNATURE BANK        /ORG=WILDFLOWER NEW YORK CHARTER SC                SRF#                1616 TRN#220128181083  RFB#","[]","0","0.00","[]","0","0.00","[]","0","0.00","[{""id"":""bdqr_bdep_2aa2f975a29126a7ba9032ea"",""bank_deposit_id"":""bdep_2aa2f975a29126a7ba9032ea"",""bank_transaction_id"":""bnk_6f640a8c760a5c80307561d9"",""amount"":""80000"",""deposit_date"":""2022-01-28"",""txn_date"":""2022-01-28"",""txn_type"":""Payment"",""ref_no"":"""",""payee"":""WNYCS"",""memo"":"""",""qb_posting"":"""",""account"":""1503 Pledges/Services Receivable"",""class"":"""",""reconciliation_status"":""Reconciled"",""ambiguous"":""false""}]","1","80000.00","80000.00"
"bdep_e265ed82680cc3dfef6d429d","bnk_e265ed82680cc3dfef6d429d","2019-02-11","1665.28","USD","","","INTUIT PYMT SOLN DEPOSIT    190209 524771997507722 THE WILDFLOWER FOUNDAT","[]","0","0.00","[]","0","0.00","[]","0","0.00","[{""id"":""bdqr_bdep_e265ed82680cc3dfef6d429d"",""bank_deposit_id"":""bdep_e265ed82680cc3dfef6d429d"",""bank_transaction_id"":""bnk_144bbbbf57a2ca468cb81488"",""amount"":""1665.28"",""deposit_date"":""2019-02-11"",""txn_date"":""2019-02-08"",""txn_type"":""Deposit"",""ref_no"":"""",""payee"":""Loan - Dandelion"",""memo"":""System-recorded deposit for QuickBooks Payments"",""qb_posting"":"""",""account"":""1501 Undeposited Funds"",""class"":"""",""reconciliation_status"":""Reconciled"",""ambiguous"":""false""}]","1","1665.28","1665.28"
"bdep_b41a0fed4d88c932f35d06a8","bnk_b41a0fed4d88c932f35d06a8","2021-12-01","250","USD","","","Morgan Stanley   ACH CREDIT 211130 101208553z5ibg  The Wildflower Foundat","[]","0","0.00","[]","0","0.00","[]","0","0.00","[{""id"":""bdqr_bdep_b41a0fed4d88c932f35d06a8"",""bank_deposit_id"":""bdep_b41a0fed4d88c932f35d06a8"",""bank_transaction_id"":""bnk_1c581db3dd80665a3221861a"",""amount"":""250"",""deposit_date"":""2021-12-01"",""txn_date"":""2021-12-01"",""txn_type"":""Payment"",""ref_no"":"""",""payee"":""Morgan Stanley"",""memo"":"""",""qb_posting"":"""",""account"":""1503 Pledges/Services Receivable"",""class"":"""",""reconciliation_status"":""Reconciled"",""ambiguous"":""false""}]","1","250.00","250.00"
"bdep_ad77f5f8b0e7a01cfce2dc1d","bnk_ad77f5f8b0e7a01cfce2dc1d","2017-05-11","853","USD","","","ATM CHECK DEPOSIT 05/11 4712 CHICAGO AVE S MINNEAPOLIS MN 5819T 7365","[]","0","0.00","[]","0","0.00","[]","0","0.00","[]","0","0.00","853.00"
"bdep_0fce0d67c153930c1cb2a4e3","bnk_0fce0d67c153930c1cb2a4e3","2022-07-19","1611.67","USD","","","BASIC            BASICCOBRA 220719                 The Wildflower Foundat","[]","0","0.00","[]","0","0.00","[]","0","0.00","[]","0","0.00","1611.67"
"bdep_7ca1ac8053567985ddd1663d","bnk_7ca1ac8053567985ddd1663d","2020-03-16","350.78","USD","","","INTUIT PYMT SOLN DEPOSIT    200314 524771997507722 THE WILDFLOWER FOUNDAT","[]","0","0.00","[]","0","0.00","[]","0","0.00","[{""id"":""bdqr_bdep_7ca1ac8053567985ddd1663d"",""bank_deposit_id"":""bdep_7ca1ac8053567985ddd1663d"",""bank_transaction_id"":""bnk_3245603266c3ba903c58fd11"",""amount"":""350.78"",""deposit_date"":""2020-03-16"",""txn_date"":""2020-03-13"",""txn_type"":""Deposit"",""ref_no"":"""",""payee"":""Loan - Jun Zi Lan"",""memo"":""System-recorded deposit for QuickBooks Payments"",""qb_posting"":"""",""account"":""1501 Undeposited Funds"",""class"":"""",""reconciliation_status"":""Reconciled"",""ambiguous"":""false""}]","1","350.78","350.78"
"bdep_423a08d4925579e247c5a986","bnk_423a08d4925579e247c5a986","2025-04-28","4523.02","USD","","","Wildflower New Y Receivable        016KQYBEC3PQGXO 016KQYBEC3PQGXO Wildflower New Y Bill.com Inv 48","[]","0","0.00","[]","0","0.00","[]","0","0.00","[]","0","0.00","4523.02"
"bdep_c6ac3e118600e9b8bbbaea5e","bnk_c6ac3e118600e9b8bbbaea5e","2025-01-03","1282.33","USD","","","Urban Village Mo Receivable        016WTYRSG3LL95Y 016WTYRSG3LL95Y Urban Village Mo Bill.com Inv G","[]","0","0.00","[]","0","0.00","[]","0","0.00","[]","0","0.00","1282.33"
"bdep_2912f67dddf8f3db925586f1","bnk_2912f67dddf8f3db925586f1","2019-08-16","335.39","USD","","","1330 Lagoon Aven PAYMENTS   190815 EFT-00740619    NTE*ZZZ*POAHFHSNKYP9XMKJND,\","[]","0","0.00","[]","0","0.00","[]","0","0.00","[]","0","0.00","335.39"
"bdep_7f2e44023d1c46f75a35e4f7","bnk_7f2e44023d1c46f75a35e4f7","2025-12-26","1347.33","USD","","","Roxbury Roots Mo Receivable        016KOWHTL3YNSHT 016KOWHTL3YNSHT Roxbury Roots Mo Bill.com Inv TW","[]","0","0.00","[]","0","0.00","[]","0","0.00","[{""id"":""bdqr_bdep_7f2e44023d1c46f75a35e4f7"",""bank_deposit_id"":""bdep_7f2e44023d1c46f75a35e4f7"",""bank_transaction_id"":""bnk_55a5350af87c78444bef6adb"",""amount"":""1347.33"",""deposit_date"":""2025-12-26"",""txn_date"":""2025-12-24"",""txn_type"":""Payment"",""ref_no"":""P25122302 - 5694876"",""payee"":""Roxbury Roots Montessori, Inc."",""memo"":""Inv TWF - Nov Invoice084"",""qb_posting"":"""",""account"":""1503 Pledges/Services Receivable"",""class"":"""",""reconciliation_status"":""Reconciled"",""ambiguous"":""false""}]","1","1347.33","1347.33"
"bdep_4c66975000f7061d01f27ab1","bnk_4c66975000f7061d01f27ab1","2017-09-27","0.11","USD","","","PAYPAL VERIFYBANK 170927 1042D2222MRHM7Q THE WILDFLOWER FOUNDAT","[]","0","0.00","[]","0","0.00","[]","0","0.00","[]","0","0.00","0.11"
"bdep_122618cfb9c2581d9d917cfb","bnk_122618cfb9c2581d9d917cfb","2021-01-25","7500","USD","","","DOCEBO NA, INC.  ACH Pmt    210125 5275403422      The Wildflower Foundat","[{""component_id"":""bdc_d4IGAGtGZg5r9D1iQV4os"",""payment_unit_id"":""pu_d4IGAGtGZg5r9D1iQV4os"",""kind"":""other"",""amount"":""7500.00"",""source"":""qbo_inferred"",""source_staged_payment_id"":""d4IGAGtGZg5r9D1iQV4os"",""staged_payer"":""Docebo NA Inc"",""staged_date"":""2021-01-25"",""qb_deposit_id"":""14540"",""reconciliation_flag"":""ok"",""unit_kind"":""other"",""unit_evidence_id"":""d4IGAGtGZg5r9D1iQV4os""}]","1","7500.00","[{""id"":""pu_d4IGAGtGZg5r9D1iQV4os"",""kind"":""other"",""evidence_id"":""d4IGAGtGZg5r9D1iQV4os"",""stripe_charge_id"":"""",""source_staged_payment_id"":""d4IGAGtGZg5r9D1iQV4os"",""gross_amount"":""7500.00"",""fee_amount"":"""",""net_amount"":""7500.00"",""currency"":""USD"",""received_date"":""2021-01-25"",""lifecycle"":""received""}]","1","7500.00","[]","0","0.00","[]","0","0.00","0.00"
"bdep_cefc3b59cbc934b5baf2c2c7","bnk_cefc3b59cbc934b5baf2c2c7","2019-06-12","129.75","USD","","","1330 Lagoon Aven PAYMENTS   190612 EFT-00642079    NTE*ZZZ*POYA3MDFABBECZ4HE5,\","[]","0","0.00","[]","0","0.00","[]","0","0.00","[]","0","0.00","129.75"
"bdep_db73bc66f9ae0fc64afbfaac","bnk_db73bc66f9ae0fc64afbfaac","2019-06-11","103.06","USD","","","ATM CHECK DEPOSIT              ON              06/11 3030 NICOLLET AVE         MINNEAPOLIS   MN  0001034           ATM ID 5813V    CARD 7365","[]","0","0.00","[]","0","0.00","[]","0","0.00","[]","0","0.00","103.06"
"bdep_4efdd5ce1066351752e6aaf1","bnk_4efdd5ce1066351752e6aaf1","2025-08-04","3945.85","USD","","","DC WILDFLOWER PU EFT PYMT   080125 Charter School  The Wildflower Foundat","[]","0","0.00","[]","0","0.00","[]","0","0.00","[]","0","0.00","3945.85"
"bdep_eb594ece9b01b20a3acdf2e0","bnk_eb594ece9b01b20a3acdf2e0","2025-12-19","1447.06","USD","","","STRIPE           TRANSFER          ST-T4P8O8U5Z4H5 THE WILDFLOWER FOUNDAT","[]","0","0.00","[]","0","0.00","[{""stripe_payout_id"":""po_1SfrgdAhXr9x8yiRZXDWDdmu"",""bank_deposit_id"":""bdep_eb594ece9b01b20a3acdf2e0"",""amount"":""1447.06"",""currency"":""USD"",""arrival_date"":""2025-12-18"",""deposit_date"":""2025-12-19"",""ambiguous_bank_match"":""false"",""payer_name"":""""}]","1","1447.06","[]","0","0.00","1447.06"
"bdep_2f810c8f91f874d1ee26f5f3","bnk_2f810c8f91f874d1ee26f5f3","2025-12-08","146.55","USD","","","STRIPE           TRANSFER          ST-F8R6J5O3U5B1 THE WILDFLOWER FOUNDAT","[]","0","0.00","[]","0","0.00","[{""stripe_payout_id"":""po_1SbrxVAhXr9x8yiRheal6RHT"",""bank_deposit_id"":""bdep_2f810c8f91f874d1ee26f5f3"",""amount"":""146.55"",""currency"":""USD"",""arrival_date"":""2025-12-07"",""deposit_date"":""2025-12-08"",""ambiguous_bank_match"":""false"",""payer_name"":""""}]","1","146.55","[]","0","0.00","146.55"
"bdep_365b9b624778e511d3bbd6e1","bnk_365b9b624778e511d3bbd6e1","2020-07-01","288","USD","","","STRIPE           TRANSFER          ST-A6A7F5P8V2M6 THE WILDFLOWER FOUNDAT","[]","0","0.00","[]","0","0.00","[]","0","0.00","[]","0","0.00","288.00"
"bdep_8cb741ca3a3572c252ade206","bnk_8cb741ca3a3572c252ade206","2018-11-14","514.33","USD","","","STRIPE           TRANSFER                          X 201811141","[]","0","0.00","[]","0","0.00","[]","0","0.00","[]","0","0.00","514.33"
"bdep_9b132b49c8edf6d23308f21b","bnk_9b132b49c8edf6d23308f21b","2019-03-06","10514.5","USD","","","ATM CHECK DEPOSIT              ON              03/06 1505 WEST LAKE ST         MINNEAPOLIS   MN  0006186           ATM ID 6991J    CARD 7365","[]","0","0.00","[]","0","0.00","[]","0","0.00","[]","0","0.00","10514.50"
"bdep_e67ce7f2efe79be3a1c90513","bnk_e67ce7f2efe79be3a1c90513","2019-07-01","2500","USD","","","ASTER MONTESSORI LOAN 0719                         Wildflower Foundation","[]","0","0.00","[]","0","0.00","[]","0","0.00","[{""id"":""bdqr_bdep_e67ce7f2efe79be3a1c90513"",""bank_deposit_id"":""bdep_e67ce7f2efe79be3a1c90513"",""bank_transaction_id"":""bnk_99d5a494264fec11fbad5c4d"",""amount"":""2500"",""deposit_date"":""2019-07-01"",""txn_date"":""2019-07-01"",""txn_type"":""Payment"",""ref_no"":"""",""payee"":""Loan - Aster"",""memo"":"""",""qb_posting"":"""",""account"":""1503 Pledges/Services Receivable"",""class"":"""",""reconciliation_status"":""Reconciled"",""ambiguous"":""false""}]","1","2500.00","2500.00"
"bdep_695a25831e86e67e37789e52","bnk_695a25831e86e67e37789e52","2022-02-28","75000","USD","","","ATM CHECK DEPOSIT              ON              02/28 1505 W Lake St            Minneapolis   MN  0001481           ATM ID 6991L    CARD 7365","[]","0","0.00","[]","0","0.00","[]","0","0.00","[]","0","0.00","75000.00"
"bdep_e91f111334b74776d71a33f1","bnk_e91f111334b74776d71a33f1","2018-11-06","53.1","USD","","","STRIPE           TRANSFER                          X 201811061","[]","0","0.00","[]","0","0.00","[]","0","0.00","[]","0","0.00","53.10"
"bdep_42dc2b80c072745f99a1e1e8","bnk_42dc2b80c072745f99a1e1e8","2019-11-13","485.2","USD","","","STRIPE           TRANSFER          ST-Q5X4Q0P3J7K9 THE WILDFLOWER FOUNDAT","[]","0","0.00","[]","0","0.00","[]","0","0.00","[]","0","0.00","485.20"
"bdep_4e8649e52108ac21f2e9da96","bnk_4e8649e52108ac21f2e9da96","2019-12-06","190.12","USD","","","ATM CHECK DEPOSIT              ON              12/06 1505 WEST LAKE ST         MINNEAPOLIS   MN  0003359           ATM ID 6991J    CARD 7365","[{""component_id"":""bdc_510OI5kJ4aogidEpjFNei"",""payment_unit_id"":""pu_510OI5kJ4aogidEpjFNei"",""kind"":""other"",""amount"":""190.12"",""source"":""qbo_inferred"",""source_staged_payment_id"":""510OI5kJ4aogidEpjFNei"",""staged_payer"":"""",""staged_date"":""2019-12-06"",""qb_deposit_id"":""10424"",""reconciliation_flag"":""ok"",""unit_kind"":""other"",""unit_evidence_id"":""510OI5kJ4aogidEpjFNei""}]","1","190.12","[{""id"":""pu_510OI5kJ4aogidEpjFNei"",""kind"":""other"",""evidence_id"":""510OI5kJ4aogidEpjFNei"",""stripe_charge_id"":"""",""source_staged_payment_id"":""510OI5kJ4aogidEpjFNei"",""gross_amount"":""190.12"",""fee_amount"":"""",""net_amount"":""190.12"",""currency"":""USD"",""received_date"":""2019-12-06"",""lifecycle"":""received""}]","1","190.12","[]","0","0.00","[]","0","0.00","0.00"
"bdep_cd6ad20deacee59f46b61c47","bnk_cd6ad20deacee59f46b61c47","2019-08-01","131.2","USD","","","STRIPE           TRANSFER          ST-A8Y9D4V2S9P5 THE WILDFLOWER FOUNDAT","[]","0","0.00","[]","0","0.00","[]","0","0.00","[]","0","0.00","131.20"
"bdep_75db1598fa2051406402646e","bnk_75db1598fa2051406402646e","2019-05-30","250","USD","","","INTUIT PYMT SOLN DEPOSIT    190530 524771997507722 THE WILDFLOWER FOUNDAT","[]","0","0.00","[]","0","0.00","[]","0","0.00","[{""id"":""bdqr_bdep_75db1598fa2051406402646e"",""bank_deposit_id"":""bdep_75db1598fa2051406402646e"",""bank_transaction_id"":""bnk_bde33a15c8795d2eed8d47a2"",""amount"":""250"",""deposit_date"":""2019-05-30"",""txn_date"":""2019-05-29"",""txn_type"":""Deposit"",""ref_no"":"""",""payee"":""Loan - Capucine"",""memo"":""System-recorded deposit for QuickBooks Payments"",""qb_posting"":"""",""account"":""1501 Undeposited Funds"",""class"":"""",""reconciliation_status"":""Reconciled"",""ambiguous"":""false""}]","1","250.00","250.00"
"bdep_c201238b35cb883c5ea066b4","bnk_c201238b35cb883c5ea066b4","2025-11-17","184","USD","","","ESSP             HIST RTN   251117 877288        1             333487The","[]","0","0.00","[]","0","0.00","[]","0","0.00","[]","0","0.00","184.00"
"bdep_f11a4948addc2537bc93ce42","bnk_f11a4948addc2537bc93ce42","2019-06-13","237.5","USD","","","INTUIT PYMT SOLN DEPOSIT    190613 524771997507722 THE WILDFLOWER FOUNDAT","[]","0","0.00","[]","0","0.00","[]","0","0.00","[{""id"":""bdqr_bdep_f11a4948addc2537bc93ce42"",""bank_deposit_id"":""bdep_f11a4948addc2537bc93ce42"",""bank_transaction_id"":""bnk_e99b9d6475df158dcad599c6"",""amount"":""237.5"",""deposit_date"":""2019-06-13"",""txn_date"":""2019-06-12"",""txn_type"":""Deposit"",""ref_no"":"""",""payee"":""Loan - Sweet Pea Montessori"",""memo"":""System-recorded deposit for QuickBooks Payments"",""qb_posting"":"""",""account"":""1501 Undeposited Funds"",""class"":"""",""reconciliation_status"":""Reconciled"",""ambiguous"":""false""}]","1","237.50","237.50"
"bdep_7c6509e3aa7eea673805cd00","bnk_7c6509e3aa7eea673805cd00","2018-01-02","2000","USD","","","INTUIT PYMT SOLN DEPOSIT 171230 524771997507722 THE WILDFLOWER FOUNDAT","[]","0","0.00","[]","0","0.00","[]","0","0.00","[]","0","0.00","2000.00"
"bdep_0a6f21d9c6fe95880e0282f2","bnk_0a6f21d9c6fe95880e0282f2","2024-10-24","2522.44","USD","","","Wild Rose Montes Receivable        016SCDZHK3IZJZJ 016SCDZHK3IZJZJ Wild Rose Montes Bill.com Inv 79","[]","0","0.00","[]","0","0.00","[]","0","0.00","[]","0","0.00","2522.44"
"bdep_c26ca44b45b19c1c8200d5b6","bnk_c26ca44b45b19c1c8200d5b6","2019-07-29","955.6","USD","","","STRIPE           TRANSFER          ST-G5G4S8J0W7I9 THE WILDFLOWER FOUNDAT","[]","0","0.00","[]","0","0.00","[]","0","0.00","[]","0","0.00","955.60"
"bdep_0a22ec805e9680733650ccb1","bnk_0a22ec805e9680733650ccb1","2020-04-22","485.2","USD","","","STRIPE           TRANSFER          ST-P7I4Y2X0V8Y0 THE WILDFLOWER FOUNDAT","[]","0","0.00","[]","0","0.00","[{""stripe_payout_id"":""po_1GaBffAhXr9x8yiRXaS9qVP1"",""bank_deposit_id"":""bdep_0a22ec805e9680733650ccb1"",""amount"":""485.2"",""currency"":""USD"",""arrival_date"":""2020-04-21"",""deposit_date"":""2020-04-22"",""ambiguous_bank_match"":""false"",""payer_name"":""""}]","1","485.20","[]","0","0.00","485.20"
"bdep_58a3b3c22b962de97de34959","bnk_58a3b3c22b962de97de34959","2024-11-26","2522.44","USD","","","Wild Rose Montes Receivable        016NYNZQY3K7MOO 016NYNZQY3K7MOO Wild Rose Montes Bill.com Inv CS","[]","0","0.00","[]","0","0.00","[]","0","0.00","[]","0","0.00","2522.44"
"bdep_e412083f9442f3bcef57d16f","bnk_e412083f9442f3bcef57d16f","2023-02-13","500000","USD","","","WT FED#00291 JPMORGAN CHASE BAN    /ORG=VALHALLA FOUNDATION                           SRF#        7812600040JO TRN#230213011306  RFB#     ATS OF 23/02/09","[]","0","0.00","[]","0","0.00","[]","0","0.00","[]","0","0.00","500000.00"
"bdep_d3108722bc82ad57c22edf2d","bnk_d3108722bc82ad57c22edf2d","2022-05-31","2076.66","USD","","","STRIPE           TRANSFER          ST-G7K5C0A9F7K4 THE WILDFLOWER FOUNDAT","[]","0","0.00","[]","0","0.00","[{""stripe_payout_id"":""po_1L4yOBAhXr9x8yiRTj2ETOgI"",""bank_deposit_id"":""bdep_d3108722bc82ad57c22edf2d"",""amount"":""2076.66"",""currency"":""USD"",""arrival_date"":""2022-05-30"",""deposit_date"":""2022-05-31"",""ambiguous_bank_match"":""false"",""payer_name"":""""}]","1","2076.66","[]","0","0.00","2076.66"
"bdep_12566bfd35646049ed90ff77","bnk_12566bfd35646049ed90ff77","2020-04-10","1517.18","USD","","","COBRA TRUST ACCT BASICPacif                        COBRA REMIT","[]","0","0.00","[]","0","0.00","[]","0","0.00","[]","0","0.00","1517.18"
"bdep_bd6d0b0ce76411576f22488f","bnk_bd6d0b0ce76411576f22488f","2019-04-03","53.83","USD","","","STRIPE           TRANSFER          ST-D4B5T7U9S0J5 X","[]","0","0.00","[]","0","0.00","[]","0","0.00","[]","0","0.00","53.83"
"bdep_6d1cd66a09a8fafa1abee491","bnk_6d1cd66a09a8fafa1abee491","2017-06-30","200000","USD","","","CHARTER FUND INC 6.30TR#3 V000513 WM-F3-NATL-NS-2017-2Q(GRANT1OF1)","[{""component_id"":""bdc_72JTwqPCBY1xcx_2fynE1"",""payment_unit_id"":""pu_72JTwqPCBY1xcx_2fynE1"",""kind"":""other"",""amount"":""200000.00"",""source"":""qbo_inferred"",""source_staged_payment_id"":""72JTwqPCBY1xcx_2fynE1"",""staged_payer"":""DC Wildflower PCS - Service Revenue"",""staged_date"":""2017-06-30"",""qb_deposit_id"":""1027"",""reconciliation_flag"":""ok"",""unit_kind"":""other"",""unit_evidence_id"":""72JTwqPCBY1xcx_2fynE1""}]","1","200000.00","[{""id"":""pu_72JTwqPCBY1xcx_2fynE1"",""kind"":""other"",""evidence_id"":""72JTwqPCBY1xcx_2fynE1"",""stripe_charge_id"":"""",""source_staged_payment_id"":""72JTwqPCBY1xcx_2fynE1"",""gross_amount"":""200000.00"",""fee_amount"":"""",""net_amount"":""200000.00"",""currency"":""USD"",""received_date"":""2017-06-30"",""lifecycle"":""received""}]","1","200000.00","[]","0","0.00","[]","0","0.00","0.00"
"bdep_934ea47193369e0bdc49a3d9","bnk_934ea47193369e0bdc49a3d9","2018-11-26","96.5","USD","","","STRIPE           TRANSFER                          X 201811264","[]","0","0.00","[]","0","0.00","[]","0","0.00","[]","0","0.00","96.50"
"bdep_db7169082997d714050d90e9","bnk_db7169082997d714050d90e9","2026-02-18","950.7","USD","","","STRIPE           TRANSFER          ST-Q1N9R5Y2V0N3 THE WILDFLOWER FOUNDAT","[]","0","0.00","[]","0","0.00","[{""stripe_payout_id"":""po_1T1yETAhXr9x8yiRUS1f2Ibp"",""bank_deposit_id"":""bdep_db7169082997d714050d90e9"",""amount"":""950.7"",""currency"":""USD"",""arrival_date"":""2026-02-17"",""deposit_date"":""2026-02-18"",""ambiguous_bank_match"":""false"",""payer_name"":""""}]","1","950.70","[]","0","0.00","950.70"
"bdep_777cbc432fa9d43d6673c914","bnk_777cbc432fa9d43d6673c914","2018-08-17","1841.67","USD","","","INTUIT PYMT SOLN DEPOSIT 180817 524771997507722 THE WILDFLOWER FOUNDAT","[]","0","0.00","[]","0","0.00","[]","0","0.00","[{""id"":""bdqr_bdep_777cbc432fa9d43d6673c914"",""bank_deposit_id"":""bdep_777cbc432fa9d43d6673c914"",""bank_transaction_id"":""bnk_b68abc5058023d1ffb2d3ba7"",""amount"":""1841.67"",""deposit_date"":""2018-08-17"",""txn_date"":""2018-08-16"",""txn_type"":""Deposit"",""ref_no"":"""",""payee"":"""",""memo"":""System-recorded deposit for QuickBooks Payments"",""qb_posting"":"""",""account"":"""",""class"":"""",""reconciliation_status"":""Reconciled"",""ambiguous"":""false""}]","1","1841.67","1841.67"
"bdep_4fd2070ede5b4fb016619ff0","bnk_4fd2070ede5b4fb016619ff0","2018-08-01","425","USD","","","INTUIT PYMT SOLN DEPOSIT 180801 524771997507722 THE WILDFLOWER FOUNDAT","[]","0","0.00","[]","0","0.00","[]","0","0.00","[{""id"":""bdqr_bdep_4fd2070ede5b4fb016619ff0"",""bank_deposit_id"":""bdep_4fd2070ede5b4fb016619ff0"",""bank_transaction_id"":""bnk_fc1901fe41ff12307d71b45e"",""amount"":""425"",""deposit_date"":""2018-08-01"",""txn_date"":""2018-07-31"",""txn_type"":""Deposit"",""ref_no"":"""",""payee"":""Loan - Tiger Lily"",""memo"":""System-recorded deposit for QuickBooks Payments"",""qb_posting"":"""",""account"":"""",""class"":"""",""reconciliation_status"":""Reconciled"",""ambiguous"":""false""}]","1","425.00","425.00"
"bdep_f03697ae0c7f891f70ca0897","bnk_f03697ae0c7f891f70ca0897","2019-09-26","1654","USD","","","INTUIT PYMT SOLN DEPOSIT    190926 524771997507722 THE WILDFLOWER FOUNDAT","[]","0","0.00","[]","0","0.00","[]","0","0.00","[]","0","0.00","1654.00"
"bdep_cf41141e487a9570d22a0e1e","bnk_cf41141e487a9570d22a0e1e","2020-06-11","7020","USD","","","ATM CHECK DEPOSIT              ON              06/11 1505 WEST LAKE ST         MINNEAPOLIS   MN  0004093           ATM ID 6991J    CARD 7365","[]","0","0.00","[]","0","0.00","[]","0","0.00","[]","0","0.00","7020.00"
"bdep_382f44543143eb48d16d6262","bnk_382f44543143eb48d16d6262","2022-05-26","30000","USD","","","WT SEQ149612 THE WILDFLOWER LOAN FUN /ORG=                                            SRF#    OW00002224673917 TRN#220526149612  RFB#    OW00002224673917","[]","0","0.00","[]","0","0.00","[]","0","0.00","[]","0","0.00","30000.00"
"bdep_f7cc2456ed6280b426b145be","bnk_f7cc2456ed6280b426b145be","2023-06-13","552.48","USD","","","BASIC            BASICCOBRA 230613                 The Wildflower Foundat","[]","0","0.00","[]","0","0.00","[]","0","0.00","[]","0","0.00","552.48"
"bdep_7c34526e6dc8d30e05c629dd","bnk_7c34526e6dc8d30e05c629dd","2019-10-10","868.27","USD","","","COBRA TRUST ACCT BASICPacif                        COBRA REMIT","[]","0","0.00","[]","0","0.00","[]","0","0.00","[]","0","0.00","868.27"
"bdep_957ff8798eb06ad05080a4dd","bnk_957ff8798eb06ad05080a4dd","2021-11-22","37500","USD","","","Telluray Foundat Bill.com          016ZSXYAQ20S28B Telluray Foundation Bill.com 016ZSXYAQ20S28B Inv","[]","0","0.00","[]","0","0.00","[]","0","0.00","[{""id"":""bdqr_bdep_957ff8798eb06ad05080a4dd"",""bank_deposit_id"":""bdep_957ff8798eb06ad05080a4dd"",""bank_transaction_id"":""bnk_e585a234c02533eebb00e03f"",""amount"":""37500"",""deposit_date"":""2021-11-22"",""txn_date"":""2021-11-22"",""txn_type"":""Payment"",""ref_no"":"""",""payee"":""Telluray Foundation"",""memo"":"""",""qb_posting"":"""",""account"":""1503 Pledges/Services Receivable"",""class"":"""",""reconciliation_status"":""Reconciled"",""ambiguous"":""false""}]","1","37500.00","37500.00"
"bdep_38fbf04d48d078af38d1092e","bnk_38fbf04d48d078af38d1092e","2024-07-18","70.28","USD","","","GUSTO            TLR 029736 240718 6semk1nbfse     The Wildflower Foundat","[]","0","0.00","[]","0","0.00","[]","0","0.00","[]","0","0.00","70.28"
"bdep_1435c3bacb7d0dc3f3aa9f0f","bnk_1435c3bacb7d0dc3f3aa9f0f","2022-09-28","1422.52","USD","","","STRIPE           TRANSFER          ST-V6P8R6L9B4G6 THE WILDFLOWER FOUNDAT","[]","0","0.00","[]","0","0.00","[{""stripe_payout_id"":""po_1LmUJGAhXr9x8yiRwGN5KtI5"",""bank_deposit_id"":""bdep_1435c3bacb7d0dc3f3aa9f0f"",""amount"":""1422.52"",""currency"":""USD"",""arrival_date"":""2022-09-27"",""deposit_date"":""2022-09-28"",""ambiguous_bank_match"":""false"",""payer_name"":""""}]","1","1422.52","[]","0","0.00","1422.52"
"bdep_0fc9f9dd9c91de203d32bcc3","bnk_0fc9f9dd9c91de203d32bcc3","2023-09-22","468.9","USD","","","BUSINESS CHECKIN Expensify         R00d7NqAPlSp    BUSINESS CHECKING","[]","0","0.00","[]","0","0.00","[]","0","0.00","[]","0","0.00","468.90"
"bdep_6d335181f0331772dab0db36","bnk_6d335181f0331772dab0db36","2026-05-12","142.35","USD","","","STRIPE           TRANSFER          ST-V6J7K6J9K9S7 THE WILDFLOWER FOUNDAT","[]","0","0.00","[]","0","0.00","[{""stripe_payout_id"":""po_1TW3l0AhXr9x8yiR28ftuJnu"",""bank_deposit_id"":""bdep_6d335181f0331772dab0db36"",""amount"":""142.35"",""currency"":""USD"",""arrival_date"":""2026-05-11"",""deposit_date"":""2026-05-12"",""ambiguous_bank_match"":""false"",""payer_name"":""""}]","1","142.35","[]","0","0.00","142.35"
"bdep_880a5000c717f4d13161c47e","bnk_880a5000c717f4d13161c47e","2020-12-03","99.28","USD","","","STRIPE           TRANSFER          ST-F7I8D7I3T9F2 THE WILDFLOWER FOUNDAT","[]","0","0.00","[]","0","0.00","[]","0","0.00","[]","0","0.00","99.28"
"bdep_cb0e5156124f1f533aed863f","bnk_cb0e5156124f1f533aed863f","2020-12-09","248.19","USD","","","STRIPE           TRANSFER          ST-B9S8A5M7G1H4 THE WILDFLOWER FOUNDAT","[]","0","0.00","[]","0","0.00","[{""stripe_payout_id"":""po_1HvvsaAhXr9x8yiRt6iAEdBq"",""bank_deposit_id"":""bdep_cb0e5156124f1f533aed863f"",""amount"":""248.19"",""currency"":""USD"",""arrival_date"":""2020-12-08"",""deposit_date"":""2020-12-09"",""ambiguous_bank_match"":""false"",""payer_name"":""""}]","1","248.19","[]","0","0.00","248.19"
"bdep_526a0f823509ded78ac61d49","bnk_526a0f823509ded78ac61d49","2019-04-18","5477.42","USD","","","ATM CHECK DEPOSIT              ON              04/18 1505 WEST LAKE ST         MINNEAPOLIS   MN  0004783           ATM ID 6993M    CARD 7365","[]","0","0.00","[]","0","0.00","[]","0","0.00","[]","0","0.00","5477.42"
"bdep_02f636292f08a91a333008d5","bnk_02f636292f08a91a333008d5","2019-05-01","237.5","USD","","","INTUIT PYMT SOLN DEPOSIT    190501 524771997507722 THE WILDFLOWER FOUNDAT","[]","0","0.00","[]","0","0.00","[]","0","0.00","[{""id"":""bdqr_bdep_02f636292f08a91a333008d5"",""bank_deposit_id"":""bdep_02f636292f08a91a333008d5"",""bank_transaction_id"":""bnk_9e946b8e130ecd5959a72e75"",""amount"":""237.5"",""deposit_date"":""2019-05-01"",""txn_date"":""2019-04-30"",""txn_type"":""Deposit"",""ref_no"":"""",""payee"":""Loan - Sweet Pea Montessori"",""memo"":""System-recorded deposit for QuickBooks Payments"",""qb_posting"":"""",""account"":""1501 Undeposited Funds"",""class"":"""",""reconciliation_status"":""Reconciled"",""ambiguous"":""false""}]","1","237.50","237.50"
"bdep_be42c5949718843b0e5bc839","bnk_be42c5949718843b0e5bc839","2026-04-09","0.7","USD","","","GUSTO PAYROLL    TAX 930477 260409 6semk88580r     The Wildflower Foundat","[]","0","0.00","[]","0","0.00","[]","0","0.00","[]","0","0.00","0.70"
"bdep_7c620a8172845a715bc49085","bnk_7c620a8172845a715bc49085","2019-04-30","3000","USD","","","INTUIT PYMT SOLN DEPOSIT    190430 524771997507722 THE WILDFLOWER FOUNDAT","[]","0","0.00","[]","0","0.00","[]","0","0.00","[{""id"":""bdqr_bdep_7c620a8172845a715bc49085"",""bank_deposit_id"":""bdep_7c620a8172845a715bc49085"",""bank_transaction_id"":""bnk_1dd217e3f96a12bd382a5e7b"",""amount"":""3000"",""deposit_date"":""2019-04-30"",""txn_date"":""2019-04-29"",""txn_type"":""Deposit"",""ref_no"":"""",""payee"":""Loan - Violeta"",""memo"":""System-recorded deposit for QuickBooks Payments"",""qb_posting"":"""",""account"":""1501 Undeposited Funds"",""class"":"""",""reconciliation_status"":""Reconciled"",""ambiguous"":""false""}]","1","3000.00","3000.00"
"bdep_e89808ccb21fd67ad0bd0154","bnk_e89808ccb21fd67ad0bd0154","2025-02-03","5075.86","USD","","","ATM CHECK DEPOSIT              ON              02/02 7900 Xerxes Ave S Ste 201 Bloomington   MN  0000275           ATM ID 9961Z    CARD 0628","[]","0","0.00","[]","0","0.00","[]","0","0.00","[]","0","0.00","5075.86"
"bdep_068b28cf9273d775be2446b1","bnk_068b28cf9273d775be2446b1","2026-05-15","2616.66","USD","","","Bill.com         Receivable        016LAMBJZ100MWC Multiple Payments Bill.com Receivables 016LAMBJZ","[]","0","0.00","[]","0","0.00","[]","0","0.00","[{""id"":""bdqr_bdep_068b28cf9273d775be2446b1"",""bank_deposit_id"":""bdep_068b28cf9273d775be2446b1"",""bank_transaction_id"":""bnk_15f69b479c2a795ab6f245d9"",""amount"":""2616.66"",""deposit_date"":""2026-05-15"",""txn_date"":""2026-05-15"",""txn_type"":""Journal"",""ref_no"":""JE CSP IDC Mar 2030"",""payee"":"""",""memo"":""BILL 05/15/26 AR Payments"",""qb_posting"":"""",""account"":"""",""class"":"""",""reconciliation_status"":""Reconciled"",""ambiguous"":""false""}]","1","2616.66","2616.66"
"bdep_b35b1c36715043a1f1d2539c","bnk_b35b1c36715043a1f1d2539c","2019-06-25","637.5","USD","","","INTUIT PYMT SOLN DEPOSIT    190625 524771997507722 THE WILDFLOWER FOUNDAT","[]","0","0.00","[]","0","0.00","[]","0","0.00","[{""id"":""bdqr_bdep_b35b1c36715043a1f1d2539c"",""bank_deposit_id"":""bdep_b35b1c36715043a1f1d2539c"",""bank_transaction_id"":""bnk_c6d2b19c1b1837146da428cf"",""amount"":""637.5"",""deposit_date"":""2019-06-25"",""txn_date"":""2019-06-24"",""txn_type"":""Deposit"",""ref_no"":"""",""payee"":"""",""memo"":""System-recorded deposit for QuickBooks Payments"",""qb_posting"":"""",""account"":"""",""class"":"""",""reconciliation_status"":""Reconciled"",""ambiguous"":""false""}]","1","637.50","637.50"
"bdep_d1c15a7d21ab2137e45e6af5","bnk_d1c15a7d21ab2137e45e6af5","2018-08-02","2000","USD","","","INTUIT PYMT SOLN DEPOSIT 180802 524771997507722 THE WILDFLOWER FOUNDAT","[]","0","0.00","[]","0","0.00","[]","0","0.00","[]","0","0.00","2000.00"
"bdep_46de17000189a4aebf1d50c6","bnk_46de17000189a4aebf1d50c6","2019-08-08","2070","USD","","","INTUIT PYMT SOLN DEPOSIT    190808 524771997507722 THE WILDFLOWER FOUNDAT","[]","0","0.00","[]","0","0.00","[]","0","0.00","[{""id"":""bdqr_bdep_46de17000189a4aebf1d50c6"",""bank_deposit_id"":""bdep_46de17000189a4aebf1d50c6"",""bank_transaction_id"":""bnk_346dfe59c58b8d90f39ef2b8"",""amount"":""2070"",""deposit_date"":""2019-08-08"",""txn_date"":""2019-08-07"",""txn_type"":""Deposit"",""ref_no"":"""",""payee"":"""",""memo"":""System-recorded deposit for QuickBooks Payments"",""qb_posting"":"""",""account"":"""",""class"":"""",""reconciliation_status"":""Reconciled"",""ambiguous"":""false""}]","1","2070.00","2070.00"
"bdep_768c12c141f5fc528d707eff","bnk_768c12c141f5fc528d707eff","2026-01-08","39603.58","USD","","","Bill.com         Receivable        015PYVGGQZTBE4W Multiple Payments Bill.com Receivables 015PYVGGQ","[]","0","0.00","[]","0","0.00","[]","0","0.00","[{""id"":""bdqr_bdep_768c12c141f5fc528d707eff"",""bank_deposit_id"":""bdep_768c12c141f5fc528d707eff"",""bank_transaction_id"":""bnk_97f555d302b0e1d1238ae717"",""amount"":""39603.58"",""deposit_date"":""2026-01-08"",""txn_date"":""2026-01-08"",""txn_type"":""Journal"",""ref_no"":""Tax PPE_12_21_27"",""payee"":"""",""memo"":""BILL 01/08/26 AR Payments"",""qb_posting"":"""",""account"":"""",""class"":"""",""reconciliation_status"":""Reconciled"",""ambiguous"":""false""}]","1","39603.58","39603.58"
"bdep_07f9baa34d6a57e45e283185","bnk_07f9baa34d6a57e45e283185","2022-05-20","500000","USD","","","WT FED#05091 BANK OF AMERICA, N    /ORG=IMAGINABLE FUTURES FOUNDATION                 SRF#    2022052000436651 TRN#220520166271  RFB#    225JF2433FY41S11","[]","0","0.00","[]","0","0.00","[]","0","0.00","[{""id"":""bdqr_bdep_07f9baa34d6a57e45e283185"",""bank_deposit_id"":""bdep_07f9baa34d6a57e45e283185"",""bank_transaction_id"":""bnk_e505d9c805b0b53acea05736"",""amount"":""500000"",""deposit_date"":""2022-05-20"",""txn_date"":""2022-05-20"",""txn_type"":""Payment"",""ref_no"":"""",""payee"":""OMIDYAR NETWORK FUND INC"",""memo"":"""",""qb_posting"":"""",""account"":""1503 Pledges/Services Receivable"",""class"":"""",""reconciliation_status"":""Reconciled"",""ambiguous"":""false""}]","1","500000.00","500000.00"
"bdep_f128814c222c2dd703c6b680","bnk_f128814c222c2dd703c6b680","2019-12-16","128.89","USD","","","Shopify          TRANSFER          ST-T1C2M1W7H9J4 THE WILDFLOWER FOUNDAT","[]","0","0.00","[]","0","0.00","[]","0","0.00","[]","0","0.00","128.89"
"bdep_314d521035cc23e8402972d1","bnk_314d521035cc23e8402972d1","2021-04-20","18705","USD","","","WT SEQ#74369 WF RETURN WIRES IN PROC /ORG=                                            SRF#    2021041500207162 TRN#210420074369  RFB#","[]","0","0.00","[]","0","0.00","[]","0","0.00","[]","0","0.00","18705.00"
"bdep_cea8df20f3476b4b5ad73d6c","bnk_cea8df20f3476b4b5ad73d6c","2026-01-09","7766.33","USD","","","Bill.com         Receivable        015UXQVPIPTE08Z Multiple Payments Bill.com Receivables 015UXQVPI","[]","0","0.00","[]","0","0.00","[]","0","0.00","[{""id"":""bdqr_bdep_cea8df20f3476b4b5ad73d6c"",""bank_deposit_id"":""bdep_cea8df20f3476b4b5ad73d6c"",""bank_transaction_id"":""bnk_96bb99adbb000ab737ec8ea2"",""amount"":""7766.33"",""deposit_date"":""2026-01-09"",""txn_date"":""2026-01-09"",""txn_type"":""Journal"",""ref_no"":""Tax PPE_12_21_28"",""payee"":"""",""memo"":""BILL 01/09/26 AR Payments"",""qb_posting"":"""",""account"":"""",""class"":"""",""reconciliation_status"":""Reconciled"",""ambiguous"":""false""}]","1","7766.33","7766.33"
"bdep_5c19f9ac0ddc2eb9ebd5cd4a","bnk_5c19f9ac0ddc2eb9ebd5cd4a","2026-07-14","300000","USD","","","TRANSFER FROM BRK ****9888 REF# 632826369","[]","0","0.00","[]","0","0.00","[]","0","0.00","[]","0","0.00","300000.00"
"bdep_d25894040551a57f5ac8d09c","bnk_d25894040551a57f5ac8d09c","2018-10-16","153.85","USD","","","STRIPE TRANSFER X","[]","0","0.00","[]","0","0.00","[]","0","0.00","[]","0","0.00","153.85"
"bdep_c512ac9d385734c66e03f933","bnk_c512ac9d385734c66e03f933","2019-12-10","1767.42","USD","","","COBRA TRUST ACCT BASICPacif                        COBRA REMIT","[]","0","0.00","[]","0","0.00","[]","0","0.00","[]","0","0.00","1767.42"
"bdep_c1a02a7484850450e8a93acc","bnk_c1a02a7484850450e8a93acc","2020-02-24","1000000","USD","","","WT FED#00340 JPMC INTERNAL ACCO    /ORG=VALHALLA CHARITABLE FND                       SRF#        1244500055ES TRN#200224159813  RFB#     OS1 OF 20/02/24","[{""component_id"":""bdc_FwK9WeJGAy7P0s_SHjqnj"",""payment_unit_id"":""pu_FwK9WeJGAy7P0s_SHjqnj"",""kind"":""other"",""amount"":""1000000.00"",""source"":""qbo_inferred"",""source_staged_payment_id"":""FwK9WeJGAy7P0s_SHjqnj"",""staged_payer"":""Valhalla Charitable Fnd"",""staged_date"":""2020-02-24"",""qb_deposit_id"":""11149"",""reconciliation_flag"":""ok"",""unit_kind"":""other"",""unit_evidence_id"":""FwK9WeJGAy7P0s_SHjqnj""}]","1","1000000.00","[{""id"":""pu_FwK9WeJGAy7P0s_SHjqnj"",""kind"":""other"",""evidence_id"":""FwK9WeJGAy7P0s_SHjqnj"",""stripe_charge_id"":"""",""source_staged_payment_id"":""FwK9WeJGAy7P0s_SHjqnj"",""gross_amount"":""1000000.00"",""fee_amount"":"""",""net_amount"":""1000000.00"",""currency"":""USD"",""received_date"":""2020-02-24"",""lifecycle"":""received""}]","1","1000000.00","[]","0","0.00","[]","0","0.00","0.00"
"bdep_01d8d19ed6d703d5d99ef2e2","bnk_01d8d19ed6d703d5d99ef2e2","2021-07-15","1084.78","USD","","","ATM CHECK DEPOSIT              ON              07/15 1505 W LAKE ST            Minneapolis   MN  0005549           ATM ID 6991J    CARD 7365","[]","0","0.00","[]","0","0.00","[]","0","0.00","[]","0","0.00","1084.78"
"bdep_07d549de81eb3bc112d51f3c","bnk_07d549de81eb3bc112d51f3c","2025-10-20","57.67","USD","","","Wild Rose Montes Receivable        016CEXOCZ3W6MOO 016CEXOCZ3W6MOO Wild Rose Montes Bill.com Inv TW","[]","0","0.00","[]","0","0.00","[]","0","0.00","[]","0","0.00","57.67"
"bdep_78f2288fecce3a5b3906d229","bnk_78f2288fecce3a5b3906d229","2020-03-10","230.3","USD","","","INTUIT PYMT SOLN DEPOSIT    200310 524771997507722 THE WILDFLOWER FOUNDAT","[]","0","0.00","[]","0","0.00","[]","0","0.00","[{""id"":""bdqr_bdep_78f2288fecce3a5b3906d229"",""bank_deposit_id"":""bdep_78f2288fecce3a5b3906d229"",""bank_transaction_id"":""bnk_4b4638676637119148dc05e1"",""amount"":""230.3"",""deposit_date"":""2020-03-10"",""txn_date"":""2020-03-09"",""txn_type"":""Deposit"",""ref_no"":"""",""payee"":""Loan - Sweet Pea Montessori"",""memo"":""System-recorded deposit for QuickBooks Payments"",""qb_posting"":"""",""account"":""1501 Undeposited Funds"",""class"":"""",""reconciliation_status"":""Reconciled"",""ambiguous"":""false""}]","1","230.30","230.30"
"bdep_f250c2e15f3fd2ff2ea41b4b","bnk_f250c2e15f3fd2ff2ea41b4b","2022-10-06","22033.61","USD","","","ATM CHECK DEPOSIT              ON              10/06 4712 Chicago Ave          Minneapolis   MN  0009334           ATM ID 5819T    CARD 7365","[]","0","0.00","[]","0","0.00","[]","0","0.00","[]","0","0.00","22033.61"
"bdep_9286ced8103fad6383a04103","bnk_9286ced8103fad6383a04103","2019-09-10","868.27","USD","","","COBRA TRUST ACCT BASICPacif                        COBRA REMIT","[]","0","0.00","[]","0","0.00","[]","0","0.00","[]","0","0.00","868.27"
"bdep_ec0271ad6099fe81dbfdfd86","bnk_ec0271ad6099fe81dbfdfd86","2019-06-17","1412","USD","","","ASTER MONTESSORI LOAN                              Wildflower Foundation","[]","0","0.00","[]","0","0.00","[]","0","0.00","[]","0","0.00","1412.00"
"bdep_5566d07fda2e93c3f22f569a","bnk_5566d07fda2e93c3f22f569a","2023-05-04","250000","USD","","","WT NA54E4503KX60I49 PNC BANK, N.A.   /ORG=SPRING POINT PARTNERS LLC                   SRF#    NA54E4503KX60I49 TRN#230504139308  RFB#                 SPP","[]","0","0.00","[]","0","0.00","[]","0","0.00","[]","0","0.00","250000.00"
"bdep_a12cdfd5b3e565f7f53cd356","bnk_a12cdfd5b3e565f7f53cd356","2019-07-09","45000","USD","","","ATM CHECK DEPOSIT              ON              07/09 3030 NICOLLET AVE         MINNEAPOLIS   MN  0005265           ATM ID 5813V    CARD 7365","[{""component_id"":""bdc_gZ_lU4kZ8XJ_xwb4EDO8j"",""payment_unit_id"":""pu_gZ_lU4kZ8XJ_xwb4EDO8j"",""kind"":""other"",""amount"":""45000.00"",""source"":""qbo_inferred"",""source_staged_payment_id"":""gZ_lU4kZ8XJ_xwb4EDO8j"",""staged_payer"":""Gates Family Foundation"",""staged_date"":""2019-07-09"",""qb_deposit_id"":""7927"",""reconciliation_flag"":""ok"",""unit_kind"":""other"",""unit_evidence_id"":""gZ_lU4kZ8XJ_xwb4EDO8j""}]","1","45000.00","[{""id"":""pu_gZ_lU4kZ8XJ_xwb4EDO8j"",""kind"":""other"",""evidence_id"":""gZ_lU4kZ8XJ_xwb4EDO8j"",""stripe_charge_id"":"""",""source_staged_payment_id"":""gZ_lU4kZ8XJ_xwb4EDO8j"",""gross_amount"":""45000.00"",""fee_amount"":"""",""net_amount"":""45000.00"",""currency"":""USD"",""received_date"":""2019-07-09"",""lifecycle"":""received""}]","1","45000.00","[]","0","0.00","[]","0","0.00","0.00"
"bdep_39d907f60b5e7556dc6dffcb","bnk_39d907f60b5e7556dc6dffcb","2021-12-16","5203.21","USD","","","STRIPE           TRANSFER          ST-L1F4N2N4I3N3 THE WILDFLOWER FOUNDAT","[]","0","0.00","[]","0","0.00","[{""stripe_payout_id"":""po_1K6oBzAhXr9x8yiRXlVh4RfA"",""bank_deposit_id"":""bdep_39d907f60b5e7556dc6dffcb"",""amount"":""5203.21"",""currency"":""USD"",""arrival_date"":""2021-12-15"",""deposit_date"":""2021-12-16"",""ambiguous_bank_match"":""false"",""payer_name"":""""}]","1","5203.21","[]","0","0.00","5203.21"
"bdep_9bc13e10e99348fbe43d43b3","bnk_9bc13e10e99348fbe43d43b3","2024-10-03","545.45","USD","","","Sage Montessori  Bill.com          016BNRCBI3I5Q2G  Sage Montessori Bill.com 016BNRCBI3I5Q2G Inv 79","[]","0","0.00","[]","0","0.00","[]","0","0.00","[]","0","0.00","545.45"
"bdep_46121d1a28997b6c0a087d98","bnk_46121d1a28997b6c0a087d98","2024-06-17","25","USD","","","MBI              SETL       240615 MED-I-BANK      MED-I-BANK","[]","0","0.00","[]","0","0.00","[]","0","0.00","[]","0","0.00","25.00"
"bdep_f571f87ced784d0ec8df5efe","bnk_f571f87ced784d0ec8df5efe","2023-02-13","500000","USD","","","WEND II INC      PAYMENT           122265          W016 GRANT 2020-162_6 GRANT 2020-162_6","[]","0","0.00","[]","0","0.00","[]","0","0.00","[]","0","0.00","500000.00"
"bdep_c651e50a2ad60580a4ebbad6","bnk_c651e50a2ad60580a4ebbad6","2020-07-24","500","USD","","","INTUIT PYMT SOLN DEPOSIT    200724 524771997507722 THE WILDFLOWER FOUNDAT","[]","0","0.00","[]","0","0.00","[]","0","0.00","[{""id"":""bdqr_bdep_c651e50a2ad60580a4ebbad6"",""bank_deposit_id"":""bdep_c651e50a2ad60580a4ebbad6"",""bank_transaction_id"":""bnk_d73b289c5b8ad3289f77dc02"",""amount"":""500"",""deposit_date"":""2020-07-24"",""txn_date"":""2020-07-23"",""txn_type"":""Deposit"",""ref_no"":"""",""payee"":""Komoto Family Foundation"",""memo"":""System-recorded deposit for QuickBooks Payments"",""qb_posting"":"""",""account"":""1501 Undeposited Funds"",""class"":"""",""reconciliation_status"":""Reconciled"",""ambiguous"":""false""}]","1","500.00","500.00"
"bdep_fd0b218ebe44f1d95ac0f81e","bnk_fd0b218ebe44f1d95ac0f81e","2018-05-03","137.5","USD","","","INTUIT PYMT SOLN DEPOSIT 180503 524771997507722 THE WILDFLOWER FOUNDAT","[]","0","0.00","[]","0","0.00","[]","0","0.00","[{""id"":""bdqr_bdep_fd0b218ebe44f1d95ac0f81e"",""bank_deposit_id"":""bdep_fd0b218ebe44f1d95ac0f81e"",""bank_transaction_id"":""bnk_e4d20b6e5f2b53ab16e194d7"",""amount"":""137.5"",""deposit_date"":""2018-05-03"",""txn_date"":""2018-05-02"",""txn_type"":""Deposit"",""ref_no"":"""",""payee"":""Loan - Dandelion"",""memo"":""System-recorded deposit for QuickBooks Payments"",""qb_posting"":"""",""account"":""1501 Undeposited Funds"",""class"":"""",""reconciliation_status"":""Reconciled"",""ambiguous"":""false""}]","1","137.50","137.50"
"bdep_ca40df926c98167bf3cb10c5","bnk_ca40df926c98167bf3cb10c5","2025-07-18","189.9","USD","","","STRIPE           TRANSFER          ST-T0Q2Q6T9H6O0 THE WILDFLOWER FOUNDAT","[]","0","0.00","[]","0","0.00","[{""stripe_payout_id"":""po_1RlgPeAhXr9x8yiRBUnQaiF7"",""bank_deposit_id"":""bdep_ca40df926c98167bf3cb10c5"",""amount"":""189.9"",""currency"":""USD"",""arrival_date"":""2025-07-17"",""deposit_date"":""2025-07-18"",""ambiguous_bank_match"":""false"",""payer_name"":""""}]","1","189.90","[]","0","0.00","189.90"
"bdep_0619775a339242ae889953b1","bnk_0619775a339242ae889953b1","2025-12-01","51644.11","USD","","","ONLINE TRANSFER AUG 25 PAYROLL CSP REF #BB0VWJYG37","[]","0","0.00","[]","0","0.00","[]","0","0.00","[{""id"":""bdqr_bdep_0619775a339242ae889953b1"",""bank_deposit_id"":""bdep_0619775a339242ae889953b1"",""bank_transaction_id"":""bnk_c18a125a3004fe053365d1ef"",""amount"":""51644.11"",""deposit_date"":""2025-12-01"",""txn_date"":""2025-12-01"",""txn_type"":""Transfer"",""ref_no"":"""",""payee"":"""",""memo"":"""",""qb_posting"":"""",""account"":""TWF CSP Rep grant (1340) - 2"",""class"":"""",""reconciliation_status"":""Reconciled"",""ambiguous"":""false""}]","1","51644.11","51644.11"
"bdep_dd2c90b75874f476be24b411","bnk_dd2c90b75874f476be24b411","2018-06-22","2500000","USD","","","WALTON FAM FDN GRANT PMT 61397 GRANT 2018-817","[{""component_id"":""bdc_JqO1pyeUqjy8CpmhuA31G"",""payment_unit_id"":""pu_JqO1pyeUqjy8CpmhuA31G"",""kind"":""other"",""amount"":""2500000.00"",""source"":""qbo_inferred"",""source_staged_payment_id"":""JqO1pyeUqjy8CpmhuA31G"",""staged_payer"":""Walton Family Foundation"",""staged_date"":""2018-06-22"",""qb_deposit_id"":""3688"",""reconciliation_flag"":""ok"",""unit_kind"":""other"",""unit_evidence_id"":""JqO1pyeUqjy8CpmhuA31G""}]","1","2500000.00","[{""id"":""pu_JqO1pyeUqjy8CpmhuA31G"",""kind"":""other"",""evidence_id"":""JqO1pyeUqjy8CpmhuA31G"",""stripe_charge_id"":"""",""source_staged_payment_id"":""JqO1pyeUqjy8CpmhuA31G"",""gross_amount"":""2500000.00"",""fee_amount"":"""",""net_amount"":""2500000.00"",""currency"":""USD"",""received_date"":""2018-06-22"",""lifecycle"":""received""}]","1","2500000.00","[]","0","0.00","[]","0","0.00","0.00"
"bdep_5dae498b69cb684aea8f4766","bnk_5dae498b69cb684aea8f4766","2018-03-23","4103.17","USD","","","INTUIT PYMT SOLN DEPOSIT 180323 524771997507722 THE WILDFLOWER FOUNDAT","[]","0","0.00","[]","0","0.00","[]","0","0.00","[{""id"":""bdqr_bdep_5dae498b69cb684aea8f4766"",""bank_deposit_id"":""bdep_5dae498b69cb684aea8f4766"",""bank_transaction_id"":""bnk_57a6bf309bc95bba02d6f9bb"",""amount"":""4103.17"",""deposit_date"":""2018-03-23"",""txn_date"":""2018-03-22"",""txn_type"":""Deposit"",""ref_no"":"""",""payee"":"""",""memo"":""System-recorded deposit for QuickBooks Payments"",""qb_posting"":"""",""account"":"""",""class"":"""",""reconciliation_status"":""Reconciled"",""ambiguous"":""false""}]","1","4103.17","4103.17"
"bdep_298b6ddbe7f9e7444d07a21a","bnk_298b6ddbe7f9e7444d07a21a","2022-07-13","30000","USD","","","ATM CHECK DEPOSIT              ON              07/13 3030 Nicollet Ave         Minneapolis   MN  0008723           ATM ID 5813V    CARD 7365","[{""component_id"":""bdc_qtANV939pMYPu29CaXWBu"",""payment_unit_id"":""pu_qtANV939pMYPu29CaXWBu"",""kind"":""other"",""amount"":""30000.00"",""source"":""qbo_inferred"",""source_staged_payment_id"":""qtANV939pMYPu29CaXWBu"",""staged_payer"":""The Sauer Family Foundation"",""staged_date"":""2022-07-13"",""qb_deposit_id"":""20848"",""reconciliation_flag"":""ok"",""unit_kind"":""other"",""unit_evidence_id"":""qtANV939pMYPu29CaXWBu""}]","1","30000.00","[{""id"":""pu_qtANV939pMYPu29CaXWBu"",""kind"":""other"",""evidence_id"":""qtANV939pMYPu29CaXWBu"",""stripe_charge_id"":"""",""source_staged_payment_id"":""qtANV939pMYPu29CaXWBu"",""gross_amount"":""30000.00"",""fee_amount"":"""",""net_amount"":""30000.00"",""currency"":""USD"",""received_date"":""2022-07-13"",""lifecycle"":""received""}]","1","30000.00","[]","0","0.00","[]","0","0.00","0.00"
"bdep_b7dcebd30d29f6a2c3a8e221","bnk_b7dcebd30d29f6a2c3a8e221","2026-03-10","1557.48","USD","","","Bill.com         Receivable        015JTZSPSHWCQPR Dahlia (San Francisco) Bill.com 015JTZSPSHWCQPR","[]","0","0.00","[]","0","0.00","[]","0","0.00","[{""id"":""bdqr_bdep_b7dcebd30d29f6a2c3a8e221"",""bank_deposit_id"":""bdep_b7dcebd30d29f6a2c3a8e221"",""bank_transaction_id"":""bnk_5054cd71240d11f4b3f7eb2f"",""amount"":""1557.48"",""deposit_date"":""2026-03-10"",""txn_date"":""2026-03-10"",""txn_type"":""Journal"",""ref_no"":""JE CSP # Jan 33"",""payee"":"""",""memo"":""BILL 03/10/26 AR Payments"",""qb_posting"":"""",""account"":"""",""class"":"""",""reconciliation_status"":""Reconciled"",""ambiguous"":""false""}]","1","1557.48","1557.48"
"bdep_020dbc19a4498d747c9e77c7","bnk_020dbc19a4498d747c9e77c7","2019-12-24","96.8","USD","","","STRIPE           TRANSFER          ST-J9C1E4V5D1U5 THE WILDFLOWER FOUNDAT","[]","0","0.00","[]","0","0.00","[]","0","0.00","[]","0","0.00","96.80"
"bdep_340997e6817257bb3ef7634c","bnk_340997e6817257bb3ef7634c","2019-04-10","868.27","USD","","","COBRA TRUST ACCT BASICPacif                        COBRA REMIT","[]","0","0.00","[]","0","0.00","[]","0","0.00","[]","0","0.00","868.27"
"bdep_c9f77fa3b1b837201e8d9645","bnk_c9f77fa3b1b837201e8d9645","2019-07-23","518.88","USD","","","STRIPE           TRANSFER          ST-U9R7Z8F2X0I9 THE WILDFLOWER FOUNDAT","[]","0","0.00","[]","0","0.00","[]","0","0.00","[]","0","0.00","518.88"
"bdep_87bc957e35185fc0b64c19f5","bnk_87bc957e35185fc0b64c19f5","2019-12-23","1300","USD","","","INTUIT PYMT SOLN DEPOSIT    191221 524771997507722 THE WILDFLOWER FOUNDAT","[]","0","0.00","[]","0","0.00","[]","0","0.00","[{""id"":""bdqr_bdep_87bc957e35185fc0b64c19f5"",""bank_deposit_id"":""bdep_87bc957e35185fc0b64c19f5"",""bank_transaction_id"":""bnk_bd134ba92af843ec3bf18124"",""amount"":""1300"",""deposit_date"":""2019-12-23"",""txn_date"":""2019-12-20"",""txn_type"":""Deposit"",""ref_no"":"""",""payee"":"""",""memo"":""System-recorded deposit for QuickBooks Payments"",""qb_posting"":"""",""account"":"""",""class"":"""",""reconciliation_status"":""Reconciled"",""ambiguous"":""false""}]","1","1300.00","1300.00"
"bdep_8787a5b8d820e1c9fc3d78df","bnk_8787a5b8d820e1c9fc3d78df","2020-02-06","2000","USD","","","INTUIT PYMT SOLN DEPOSIT    200206 524771997507722 THE WILDFLOWER FOUNDAT","[]","0","0.00","[]","0","0.00","[]","0","0.00","[{""id"":""bdqr_bdep_8787a5b8d820e1c9fc3d78df"",""bank_deposit_id"":""bdep_8787a5b8d820e1c9fc3d78df"",""bank_transaction_id"":""bnk_5cba5a2c306a9b0592d4c307"",""amount"":""2000"",""deposit_date"":""2020-02-06"",""txn_date"":""2020-02-05"",""txn_type"":""Deposit"",""ref_no"":"""",""payee"":""Loan - Snowdrop"",""memo"":""System-recorded deposit for QuickBooks Payments"",""qb_posting"":"""",""account"":""1501 Undeposited Funds"",""class"":"""",""reconciliation_status"":""Reconciled"",""ambiguous"":""false""}]","1","2000.00","2000.00"
"bdep_695dcb54e3f9813f068304a5","bnk_695dcb54e3f9813f068304a5","2026-07-21","5700","USD","","","ONLINE TRANSFER JACQUI INVOICE REF #BB0YZYNHD9","[]","0","0.00","[]","0","0.00","[]","0","0.00","[]","0","0.00","5700.00"
"bdep_ab011e9f2efd119eb7b184ab","bnk_ab011e9f2efd119eb7b184ab","2020-02-10","889.06","USD","","","COBRA TRUST ACCT BASICPacif                        COBRA REMIT","[]","0","0.00","[]","0","0.00","[]","0","0.00","[]","0","0.00","889.06"
"bdep_08d4143be060a899c2bc4a54","bnk_08d4143be060a899c2bc4a54","2024-11-14","811.08","USD","","","Snowdrop Montess Bill.com          026XLHHFP15QKOD Snowdrop Montessori School, Inc. Bill.com 026XLH","[]","0","0.00","[]","0","0.00","[]","0","0.00","[]","0","0.00","811.08"
"bdep_3865e8393adf7988d43deedc","bnk_3865e8393adf7988d43deedc","2022-06-03","75000","USD","","","WT FED#06148 JPMORGAN CHASE BAN    /ORG=CITYBRIDGE FOUNDATION                         SRF#        3559382154ES TRN#220603165263  RFB#     PVB OF 22/06/03","[]","0","0.00","[]","0","0.00","[]","0","0.00","[]","0","0.00","75000.00"
"bdep_df1595eaf82bb29fb84cd035","bnk_df1595eaf82bb29fb84cd035","2018-11-08","2.61","USD","","","STRIPE           TRANSFER                          X 201811082","[]","0","0.00","[]","0","0.00","[{""stripe_payout_id"":""po_1DTfQIAhXr9x8yiRyVRJfDU7"",""bank_deposit_id"":""bdep_df1595eaf82bb29fb84cd035"",""amount"":""2.61"",""currency"":""USD"",""arrival_date"":""2018-11-07"",""deposit_date"":""2018-11-08"",""ambiguous_bank_match"":""false"",""payer_name"":""""}]","1","2.61","[]","0","0.00","2.61"
"bdep_98bd1d96fe451554d009aa24","bnk_98bd1d96fe451554d009aa24","2024-09-09","500000","USD","","","TRANSFER FROM BRK ****9888 REF# 547252964","[]","0","0.00","[]","0","0.00","[]","0","0.00","[]","0","0.00","500000.00"
"bdep_39b66662ff331a6ae9a37f94","bnk_39b66662ff331a6ae9a37f94","2021-01-25","120.42","USD","","","INTUIT PYMT SOLN HIST RTN   210125 524771990592861 THE WILDFLOWER FOUNDAT","[]","0","0.00","[]","0","0.00","[]","0","0.00","[]","0","0.00","120.42"
"bdep_99c0e0943931c586cac4ffda","bnk_99c0e0943931c586cac4ffda","2019-03-21","604.47","USD","","","MSP02 - 1330 Lag PAYMENTS   190320 EFT-00517692    NTE*ZZZ*I699UTMSP02-Jan19-Feb19,\","[]","0","0.00","[]","0","0.00","[]","0","0.00","[]","0","0.00","604.47"
"bdep_518cf4062f26eb850f79c61d","bnk_518cf4062f26eb850f79c61d","2017-09-08","2999","USD","","","ATM CHECK DEPOSIT 09/08 3030 NICOLLET AVE MINNEAPOLIS MN 5813V 7365","[{""component_id"":""bdc_Ix35gVTsZx9EuiXdXrm9A"",""payment_unit_id"":""pu_Ix35gVTsZx9EuiXdXrm9A"",""kind"":""other"",""amount"":""500.00"",""source"":""qbo_inferred"",""source_staged_payment_id"":""Ix35gVTsZx9EuiXdXrm9A"",""staged_payer"":""East Bay Community Foundation"",""staged_date"":""2017-09-08"",""qb_deposit_id"":""1594"",""reconciliation_flag"":""ok"",""unit_kind"":""other"",""unit_evidence_id"":""Ix35gVTsZx9EuiXdXrm9A""}]","1","500.00","[{""id"":""pu_Ix35gVTsZx9EuiXdXrm9A"",""kind"":""other"",""evidence_id"":""Ix35gVTsZx9EuiXdXrm9A"",""stripe_charge_id"":"""",""source_staged_payment_id"":""Ix35gVTsZx9EuiXdXrm9A"",""gross_amount"":""500.00"",""fee_amount"":"""",""net_amount"":""500.00"",""currency"":""USD"",""received_date"":""2017-09-08"",""lifecycle"":""received""}]","1","500.00","[]","0","0.00","[]","0","0.00","2499.00"
"bdep_a50ef756c6417cb06b6fa383","bnk_a50ef756c6417cb06b6fa383","2019-04-11","28.83","USD","","","STRIPE           TRANSFER          ST-V9G8D6K2O3I3 THE WILDFLOWER FOUNDAT","[]","0","0.00","[]","0","0.00","[]","0","0.00","[]","0","0.00","28.83"
"bdep_9ec6241a4e3cdeb0107c2c95","bnk_9ec6241a4e3cdeb0107c2c95","2020-07-13","132.94","USD","","","STRIPE           TRANSFER          ST-H1V8G0K6G9L5 THE WILDFLOWER FOUNDAT","[]","0","0.00","[]","0","0.00","[]","0","0.00","[]","0","0.00","132.94"
"bdep_9b1122740f19f645f58e6420","bnk_9b1122740f19f645f58e6420","2020-03-06","175","USD","","","MBI              SETL       200305 MED-I-BANK      MED-I-BANK","[]","0","0.00","[]","0","0.00","[]","0","0.00","[]","0","0.00","175.00"
"bdep_5e42b92a77bab112328bc2ef","bnk_5e42b92a77bab112328bc2ef","2024-01-10","13300","USD","","","Wild Rose Montes Bill.com          025DYDMNVYR7Q3K Wild Rose Montessori School Bill.com 025DYDMNVYR","[]","0","0.00","[]","0","0.00","[]","0","0.00","[]","0","0.00","13300.00"
"bdep_f76e0e8ee3355609624a85ef","bnk_f76e0e8ee3355609624a85ef","2024-12-30","545.45","USD","","","Desert Peach Mon Bill.com          026LGAQCD17TCN9 Desert Peach Montessori School Bill.com 026LGAQC","[]","0","0.00","[]","0","0.00","[]","0","0.00","[]","0","0.00","545.45"
"bdep_6342dc50e755efe2f3a99f17","bnk_6342dc50e755efe2f3a99f17","2020-04-13","330000","USD","","","WT FED#05666 PNC BANK, N.A.        /ORG=SPRING POINT PARTNERS LLC                     SRF#    204DH3502GOK2TLQ TRN#200413096370  RFB#                 SPP","[{""component_id"":""bdc_eeO4iFgJAlllmIYy0Uiod"",""payment_unit_id"":""pu_eeO4iFgJAlllmIYy0Uiod"",""kind"":""other"",""amount"":""330000.00"",""source"":""qbo_inferred"",""source_staged_payment_id"":""eeO4iFgJAlllmIYy0Uiod"",""staged_payer"":""Spring Point Partners"",""staged_date"":""2020-04-13"",""qb_deposit_id"":""11595"",""reconciliation_flag"":""ok"",""unit_kind"":""other"",""unit_evidence_id"":""eeO4iFgJAlllmIYy0Uiod""}]","1","330000.00","[{""id"":""pu_eeO4iFgJAlllmIYy0Uiod"",""kind"":""other"",""evidence_id"":""eeO4iFgJAlllmIYy0Uiod"",""stripe_charge_id"":"""",""source_staged_payment_id"":""eeO4iFgJAlllmIYy0Uiod"",""gross_amount"":""330000.00"",""fee_amount"":"""",""net_amount"":""330000.00"",""currency"":""USD"",""received_date"":""2020-04-13"",""lifecycle"":""received""}]","1","330000.00","[]","0","0.00","[]","0","0.00","0.00"
"bdep_a4a9bace4e09ffb88180313b","bnk_a4a9bace4e09ffb88180313b","2018-10-17","18250","USD","","","AP MANAGEMENT EFT PYMT 101618 Montessori PCS Embrace Equity","[]","0","0.00","[]","0","0.00","[]","0","0.00","[{""id"":""bdqr_bdep_a4a9bace4e09ffb88180313b"",""bank_deposit_id"":""bdep_a4a9bace4e09ffb88180313b"",""bank_transaction_id"":""bnk_377b743c283b7c88ecb87efa"",""amount"":""18250"",""deposit_date"":""2018-10-17"",""txn_date"":""2018-10-17"",""txn_type"":""Payment"",""ref_no"":"""",""payee"":""Lee Montessori Public Charter School"",""memo"":"""",""qb_posting"":"""",""account"":""1503 Pledges/Services Receivable"",""class"":"""",""reconciliation_status"":""Reconciled"",""ambiguous"":""false""}]","1","18250.00","18250.00"
"bdep_9f8202681f1c6aceb153adfb","bnk_9f8202681f1c6aceb153adfb","2023-09-29","40","USD","","","ATM CHECK DEPOSIT              ON              09/29 1505 W Lake St            Minneapolis   MN  0001010           ATM ID 6991L    CARD 7365","[]","0","0.00","[]","0","0.00","[]","0","0.00","[]","0","0.00","40.00"
"bdep_472b59ba93c4bb996d15a5c3","bnk_472b59ba93c4bb996d15a5c3","2018-04-26","475","USD","","","INTUIT PYMT SOLN DEPOSIT 180426 524771997507722 THE WILDFLOWER FOUNDAT","[]","0","0.00","[]","0","0.00","[]","0","0.00","[{""id"":""bdqr_bdep_472b59ba93c4bb996d15a5c3"",""bank_deposit_id"":""bdep_472b59ba93c4bb996d15a5c3"",""bank_transaction_id"":""bnk_94b8f7cd6375c5ccd811f22c"",""amount"":""475"",""deposit_date"":""2018-04-26"",""txn_date"":""2018-04-25"",""txn_type"":""Deposit"",""ref_no"":"""",""payee"":""Loan - Sweet Pea Montessori"",""memo"":""System-recorded deposit for QuickBooks Payments"",""qb_posting"":"""",""account"":"""",""class"":"""",""reconciliation_status"":""Reconciled"",""ambiguous"":""false""}]","1","475.00","475.00"
"bdep_7e5a56056531476fece7306d","bnk_7e5a56056531476fece7306d","2021-04-07","1.24","USD","","","GUSTO            TLR 731226 210407 6semjpkh31q     The Wildflower Foundat","[]","0","0.00","[]","0","0.00","[]","0","0.00","[]","0","0.00","1.24"
"bdep_3118a06d2e8381c3371b348f","bnk_3118a06d2e8381c3371b348f","2026-03-06","47.25","USD","","","STRIPE           TRANSFER          ST-D3M8R3E0C6I3 THE WILDFLOWER FOUNDAT","[]","0","0.00","[]","0","0.00","[{""stripe_payout_id"":""po_1T7mMgAhXr9x8yiRgiJWDEab"",""bank_deposit_id"":""bdep_3118a06d2e8381c3371b348f"",""amount"":""47.25"",""currency"":""USD"",""arrival_date"":""2026-03-05"",""deposit_date"":""2026-03-06"",""ambiguous_bank_match"":""false"",""payer_name"":""""}]","1","47.25","[]","0","0.00","47.25"
"bdep_599dfc610e8990375720185c","bnk_599dfc610e8990375720185c","2017-11-20","1500","USD","","","ATM CHECK DEPOSIT 11/20 4712 CHICAGO AVE S MINNEAPOLIS MN 5819T 7365","[]","0","0.00","[]","0","0.00","[]","0","0.00","[{""id"":""bdqr_bdep_599dfc610e8990375720185c"",""bank_deposit_id"":""bdep_599dfc610e8990375720185c"",""bank_transaction_id"":""bnk_fd5517f2d0d388257c69d8dc"",""amount"":""1500"",""deposit_date"":""2017-11-20"",""txn_date"":""2017-11-20"",""txn_type"":""Payment"",""ref_no"":"""",""payee"":""Loan - Violeta"",""memo"":"""",""qb_posting"":"""",""account"":""1503 Pledges/Services Receivable"",""class"":"""",""reconciliation_status"":""Reconciled"",""ambiguous"":""false""}]","1","1500.00","1500.00"
"bdep_7bd84bc14fef29059c66fb0f","bnk_7bd84bc14fef29059c66fb0f","2021-05-12","681.3","USD","","","COBRA TRUST ACCT BASICPacif                        COBRA REMIT","[]","0","0.00","[]","0","0.00","[]","0","0.00","[]","0","0.00","681.30"
"bdep_01a4d1e7827b08e4a1dde368","bnk_01a4d1e7827b08e4a1dde368","2019-12-27","195000","USD","","","WT FED#07891 VANGUARD MARKETING    /ORG=SEPANDAR KAMVAR                               SRF#        7073309361FS TRN#191227083228  RFB#     SWF OF 19/12/27","[]","0","0.00","[]","0","0.00","[]","0","0.00","[]","0","0.00","195000.00"
"bdep_e0ca8d34938ba58a286f71c2","bnk_e0ca8d34938ba58a286f71c2","2019-07-10","237.5","USD","","","INTUIT PYMT SOLN DEPOSIT    190710 524771997507722 THE WILDFLOWER FOUNDAT","[]","0","0.00","[]","0","0.00","[]","0","0.00","[{""id"":""bdqr_bdep_e0ca8d34938ba58a286f71c2"",""bank_deposit_id"":""bdep_e0ca8d34938ba58a286f71c2"",""bank_transaction_id"":""bnk_3d0b61403871f4efea71acd4"",""amount"":""237.5"",""deposit_date"":""2019-07-10"",""txn_date"":""2019-07-09"",""txn_type"":""Deposit"",""ref_no"":"""",""payee"":""Loan - Sweet Pea Montessori"",""memo"":""System-recorded deposit for QuickBooks Payments"",""qb_posting"":"""",""account"":""1501 Undeposited Funds"",""class"":"""",""reconciliation_status"":""Reconciled"",""ambiguous"":""false""}]","1","237.50","237.50"
"bdep_e0f0a0e290d2d8e87bab2ce4","bnk_e0f0a0e290d2d8e87bab2ce4","2019-06-25","610.81","USD","","","STRIPE           TRANSFER          ST-N0I8E4N3Z1U2 THE WILDFLOWER FOUNDAT","[]","0","0.00","[]","0","0.00","[]","0","0.00","[]","0","0.00","610.81"
"bdep_90da749bbc641e372d09ca9c","bnk_90da749bbc641e372d09ca9c","2021-04-09","49.64","USD","","","STRIPE           TRANSFER          ST-B9H7D9E5E2W2 THE WILDFLOWER FOUNDAT","[]","0","0.00","[]","0","0.00","[]","0","0.00","[]","0","0.00","49.64"
"bdep_feabac314d7131ba565de15e","bnk_feabac314d7131ba565de15e","2020-06-16","2000","USD","","","INTUIT PYMT SOLN DEPOSIT    200616 524771997507722 THE WILDFLOWER FOUNDAT","[]","0","0.00","[]","0","0.00","[]","0","0.00","[{""id"":""bdqr_bdep_feabac314d7131ba565de15e"",""bank_deposit_id"":""bdep_feabac314d7131ba565de15e"",""bank_transaction_id"":""bnk_a2e6dbed1a367672eb0086d3"",""amount"":""2000"",""deposit_date"":""2020-06-16"",""txn_date"":""2020-06-15"",""txn_type"":""Deposit"",""ref_no"":"""",""payee"":""Wildflower Montessori School"",""memo"":""System-recorded deposit for QuickBooks Payments"",""qb_posting"":"""",""account"":""1501 Undeposited Funds"",""class"":"""",""reconciliation_status"":""Reconciled"",""ambiguous"":""false""}]","1","2000.00","2000.00"
"bdep_f80a67e6206ffc632805b1f7","bnk_f80a67e6206ffc632805b1f7","2026-07-17","20000","USD","","","FIDELITY INVESTM GrantPaymt Date   3974487         WILDFLOWER FOUNDATION","[]","0","0.00","[]","0","0.00","[]","0","0.00","[]","0","0.00","20000.00"
"bdep_f0dacb23a3cfb4a7ac6a4367","bnk_f0dacb23a3cfb4a7ac6a4367","2020-01-21","2000","USD","","","INTUIT PYMT SOLN DEPOSIT    200118 524771997507722 THE WILDFLOWER FOUNDAT","[]","0","0.00","[]","0","0.00","[]","0","0.00","[]","0","0.00","2000.00"
"bdep_e3dbe3353c21ebeffb7e9abb","bnk_e3dbe3353c21ebeffb7e9abb","2020-10-07","19.64","USD","","","STRIPE           TRANSFER          ST-Q5Y3U4W8F6X3 THE WILDFLOWER FOUNDAT","[]","0","0.00","[]","0","0.00","[]","0","0.00","[]","0","0.00","19.64"
"bdep_56c6461f0ae0a0d95d001d94","bnk_56c6461f0ae0a0d95d001d94","2025-03-25","1454.55","USD","","","Wildflower Monte Receivable        016YNTLZK3OHPB3 016YNTLZK3OHPB3 Wildflower Monte Bill.com Inv 11","[]","0","0.00","[]","0","0.00","[]","0","0.00","[]","0","0.00","1454.55"
"bdep_e5adba66971bd1db8b18f087","bnk_e5adba66971bd1db8b18f087","2021-01-07","19.64","USD","","","STRIPE           TRANSFER          ST-Q2Z5E0X6M4Z3 THE WILDFLOWER FOUNDAT","[]","0","0.00","[]","0","0.00","[]","0","0.00","[]","0","0.00","19.64"
"bdep_3dd0ddda9f2777a640e2751a","bnk_3dd0ddda9f2777a640e2751a","2019-01-07","325","USD","","","INTUIT PYMT SOLN DEPOSIT    190105 524771997507722 THE WILDFLOWER FOUNDAT","[]","0","0.00","[]","0","0.00","[]","0","0.00","[{""id"":""bdqr_bdep_3dd0ddda9f2777a640e2751a"",""bank_deposit_id"":""bdep_3dd0ddda9f2777a640e2751a"",""bank_transaction_id"":""bnk_4fef8aa48ffde720235b47bb"",""amount"":""325"",""deposit_date"":""2019-01-07"",""txn_date"":""2019-01-04"",""txn_type"":""Deposit"",""ref_no"":"""",""payee"":""Wild Rose Montessori School Inc"",""memo"":""System-recorded deposit for QuickBooks Payments"",""qb_posting"":"""",""account"":""1501 Undeposited Funds"",""class"":"""",""reconciliation_status"":""Reconciled"",""ambiguous"":""false""}]","1","325.00","325.00"
"bdep_309914ab78182524a0c4e2d4","bnk_309914ab78182524a0c4e2d4","2019-07-05","139.27","USD","","","STRIPE           TRANSFER          ST-U0S3K4I3Q5B0 THE WILDFLOWER FOUNDAT","[]","0","0.00","[]","0","0.00","[]","0","0.00","[]","0","0.00","139.27"
"bdep_7e2d63665d5be84e3fba0473","bnk_7e2d63665d5be84e3fba0473","2019-10-10","33.68","USD","","","STRIPE           TRANSFER          ST-X7P3X9U5V0G2 THE WILDFLOWER FOUNDAT","[]","0","0.00","[]","0","0.00","[]","0","0.00","[]","0","0.00","33.68"
"bdep_8817f5567e85c2615610f466","bnk_8817f5567e85c2615610f466","2022-03-01","212.5","USD","","","Morgan Stanley   ACH CREDIT 220228 10120855310jeqp The Wildflower Foundat","[]","0","0.00","[]","0","0.00","[]","0","0.00","[]","0","0.00","212.50"
"bdep_b52f29142fa1214e9a2ff127","bnk_b52f29142fa1214e9a2ff127","2020-07-03","2737.36","USD","","","STRIPE           TRANSFER          ST-D1Y8W5B1K1F9 THE WILDFLOWER FOUNDAT","[]","0","0.00","[]","0","0.00","[]","0","0.00","[]","0","0.00","2737.36"
"bdep_0af55c537724e058336f45d0","bnk_0af55c537724e058336f45d0","2019-07-12","101.04","USD","","","STRIPE           TRANSFER          ST-J5O8S5K9Y8U6 THE WILDFLOWER FOUNDAT","[]","0","0.00","[]","0","0.00","[]","0","0.00","[]","0","0.00","101.04"
"bdep_2f5a1080921a861a9f735c70","bnk_2f5a1080921a861a9f735c70","2021-02-24","1500","USD","","","STRIPE           TRANSFER          ST-I8P3W7I9K9G4 THE WILDFLOWER FOUNDAT","[]","0","0.00","[]","0","0.00","[{""stripe_payout_id"":""po_1INpLLAhXr9x8yiRE93HXFuy"",""bank_deposit_id"":""bdep_2f5a1080921a861a9f735c70"",""amount"":""1500"",""currency"":""USD"",""arrival_date"":""2021-02-23"",""deposit_date"":""2021-02-24"",""ambiguous_bank_match"":""false"",""payer_name"":""""}]","1","1500.00","[]","0","0.00","1500.00"
"bdep_1b5491c76b03c3b0224f2946","bnk_1b5491c76b03c3b0224f2946","2026-04-22","4623.66","USD","","","Minnesota Wildfl Receivable        016XIMBQO42YJ1T 016XIMBQO42YJ1T Minnesota Wildfl Bill.com For In","[]","0","0.00","[]","0","0.00","[]","0","0.00","[{""id"":""bdqr_bdep_1b5491c76b03c3b0224f2946"",""bank_deposit_id"":""bdep_1b5491c76b03c3b0224f2946"",""bank_transaction_id"":""bnk_d2c03a0af79b8875c19625a0"",""amount"":""4623.66"",""deposit_date"":""2026-04-22"",""txn_date"":""2026-04-21"",""txn_type"":""Payment"",""ref_no"":""P26041801 - 5850656"",""payee"":""Minnesota Wildflower Montessori School"",""memo"":""For Invoice# TWF - April Inv050"",""qb_posting"":"""",""account"":""1503 Pledges/Services Receivable"",""class"":"""",""reconciliation_status"":""Reconciled"",""ambiguous"":""false""}]","1","4623.66","4623.66"
"bdep_be4ec752ee352df9d37b23f3","bnk_be4ec752ee352df9d37b23f3","2018-05-07","2000","USD","","","INTUIT PYMT SOLN DEPOSIT 180505 524771997507722 THE WILDFLOWER FOUNDAT","[]","0","0.00","[]","0","0.00","[]","0","0.00","[{""id"":""bdqr_bdep_be4ec752ee352df9d37b23f3"",""bank_deposit_id"":""bdep_be4ec752ee352df9d37b23f3"",""bank_transaction_id"":""bnk_9efa4a9953fc64200f2dbb6e"",""amount"":""2000"",""deposit_date"":""2018-05-07"",""txn_date"":""2018-05-04"",""txn_type"":""Deposit"",""ref_no"":"""",""payee"":""Loan - Snowdrop"",""memo"":""System-recorded deposit for QuickBooks Payments"",""qb_posting"":"""",""account"":""1501 Undeposited Funds"",""class"":"""",""reconciliation_status"":""Reconciled"",""ambiguous"":""false""}]","1","2000.00","2000.00"
"bdep_909c86bfc51b7a5ce573bba2","bnk_909c86bfc51b7a5ce573bba2","2019-04-05","1665.28","USD","","","INTUIT PYMT SOLN DEPOSIT    190405 524771997507722 THE WILDFLOWER FOUNDAT","[]","0","0.00","[]","0","0.00","[]","0","0.00","[{""id"":""bdqr_bdep_909c86bfc51b7a5ce573bba2"",""bank_deposit_id"":""bdep_909c86bfc51b7a5ce573bba2"",""bank_transaction_id"":""bnk_e714b728dc3fafa723ba297c"",""amount"":""1665.28"",""deposit_date"":""2019-04-05"",""txn_date"":""2019-04-04"",""txn_type"":""Deposit"",""ref_no"":"""",""payee"":""Loan - Dandelion"",""memo"":""System-recorded deposit for QuickBooks Payments"",""qb_posting"":"""",""account"":""1501 Undeposited Funds"",""class"":"""",""reconciliation_status"":""Reconciled"",""ambiguous"":""false""}]","1","1665.28","1665.28"
"bdep_809a7d3e8fcc678a17d00c34","bnk_809a7d3e8fcc678a17d00c34","2018-11-26","5000","USD","","","Sunny Hollow Mon Bill.com          015GUTWSCUX71TX Sunny Hollow Montessori Bill.com 015GUTWSCUX71TX 201811263","[]","0","0.00","[]","0","0.00","[]","0","0.00","[{""id"":""bdqr_bdep_809a7d3e8fcc678a17d00c34"",""bank_deposit_id"":""bdep_809a7d3e8fcc678a17d00c34"",""bank_transaction_id"":""bnk_3750ee8f810737df88233633"",""amount"":""5000"",""deposit_date"":""2018-11-26"",""txn_date"":""2018-11-26"",""txn_type"":""Payment"",""ref_no"":"""",""payee"":""Sunny Hollow Montessori"",""memo"":"""",""qb_posting"":"""",""account"":""1503 Pledges/Services Receivable"",""class"":"""",""reconciliation_status"":""Reconciled"",""ambiguous"":""false""}]","1","5000.00","5000.00"
"bdep_71f4884f13fcf90268c24717","bnk_71f4884f13fcf90268c24717","2025-07-01","400","USD","","5025","REVERSAL OF CHECK POSTED  7-01-25          REFER TO MAKER                             OUR REF:  7-01-25 00000000","[]","0","0.00","[]","0","0.00","[]","0","0.00","[]","0","0.00","400.00"
"bdep_9da6adee54308532a44c58c6","bnk_9da6adee54308532a44c58c6","2020-10-13","628.12","USD","","","COBRA TRUST ACCT BASICPacif                        COBRA REMIT","[]","0","0.00","[]","0","0.00","[]","0","0.00","[]","0","0.00","628.12"
"bdep_9de135b3d424b9de5901ee94","bnk_9de135b3d424b9de5901ee94","2020-03-31","485.2","USD","","","STRIPE           TRANSFER          ST-L4W7Z1R9B6H4 THE WILDFLOWER FOUNDAT","[]","0","0.00","[]","0","0.00","[]","0","0.00","[]","0","0.00","485.20"
"bdep_898d36f128cee33bc9038a34","bnk_898d36f128cee33bc9038a34","2026-01-02","496.36","USD","","","STRIPE           TRANSFER          ST-X6U9H3B6E4V4 THE WILDFLOWER FOUNDAT","[]","0","0.00","[]","0","0.00","[{""stripe_payout_id"":""po_1SkwWyAhXr9x8yiRv6KJ7fFW"",""bank_deposit_id"":""bdep_898d36f128cee33bc9038a34"",""amount"":""496.36"",""currency"":""USD"",""arrival_date"":""2026-01-01"",""deposit_date"":""2026-01-02"",""ambiguous_bank_match"":""false"",""payer_name"":""""}]","1","496.36","[]","0","0.00","496.36"
"bdep_3d8899cbf9bbab8a8513c453","bnk_3d8899cbf9bbab8a8513c453","2022-08-12","500000","USD","","","CHARTER FUND INC RL 8.12           V000513         WM-F4-NATL-INN-2022-2Q (GRANT1OF1)","[{""component_id"":""bdc_SpBqYeZ-WRbZ4_EKfbcO8"",""payment_unit_id"":""pu_SpBqYeZ-WRbZ4_EKfbcO8"",""kind"":""other"",""amount"":""500000.00"",""source"":""qbo_inferred"",""source_staged_payment_id"":""SpBqYeZ-WRbZ4_EKfbcO8"",""staged_payer"":""DC Wildflower PCS - Service Revenue"",""staged_date"":""2022-08-12"",""qb_deposit_id"":""21073"",""reconciliation_flag"":""ok"",""unit_kind"":""other"",""unit_evidence_id"":""SpBqYeZ-WRbZ4_EKfbcO8""}]","1","500000.00","[{""id"":""pu_SpBqYeZ-WRbZ4_EKfbcO8"",""kind"":""other"",""evidence_id"":""SpBqYeZ-WRbZ4_EKfbcO8"",""stripe_charge_id"":"""",""source_staged_payment_id"":""SpBqYeZ-WRbZ4_EKfbcO8"",""gross_amount"":""500000.00"",""fee_amount"":"""",""net_amount"":""500000.00"",""currency"":""USD"",""received_date"":""2022-08-12"",""lifecycle"":""received""}]","1","500000.00","[]","0","0.00","[]","0","0.00","0.00"
"bdep_ee092f6cb7bfebf60226e03f","bnk_ee092f6cb7bfebf60226e03f","2022-09-22","49.64","USD","","","STRIPE           TRANSFER          ST-V7X6O1U7M9S7 THE WILDFLOWER FOUNDAT","[]","0","0.00","[]","0","0.00","[{""stripe_payout_id"":""po_1LkLf3AhXr9x8yiRm9EXUppr"",""bank_deposit_id"":""bdep_ee092f6cb7bfebf60226e03f"",""amount"":""49.64"",""currency"":""USD"",""arrival_date"":""2022-09-21"",""deposit_date"":""2022-09-22"",""ambiguous_bank_match"":""false"",""payer_name"":""""}]","1","49.64","[]","0","0.00","49.64"
"bdep_979a2ff0d99ee48190ba91d4","bnk_979a2ff0d99ee48190ba91d4","2019-04-04","212.5","USD","","","INTUIT PYMT SOLN DEPOSIT    190404 524771997507722 THE WILDFLOWER FOUNDAT","[]","0","0.00","[]","0","0.00","[]","0","0.00","[{""id"":""bdqr_bdep_979a2ff0d99ee48190ba91d4"",""bank_deposit_id"":""bdep_979a2ff0d99ee48190ba91d4"",""bank_transaction_id"":""bnk_a0213fe5c2b020ddb53d2e2b"",""amount"":""212.5"",""deposit_date"":""2019-04-04"",""txn_date"":""2019-04-03"",""txn_type"":""Deposit"",""ref_no"":"""",""payee"":""Loan - Tiger Lily"",""memo"":""System-recorded deposit for QuickBooks Payments"",""qb_posting"":"""",""account"":""1501 Undeposited Funds"",""class"":"""",""reconciliation_status"":""Reconciled"",""ambiguous"":""false""}]","1","212.50","212.50"
"bdep_f818bba9ee1ed59b5d3434cb","bnk_f818bba9ee1ed59b5d3434cb","2019-04-01","242.45","USD","","","STRIPE           TRANSFER          ST-D8G2J4W3A3Q0 X","[]","0","0.00","[]","0","0.00","[]","0","0.00","[]","0","0.00","242.45"
"bdep_ee9f97813c9d611f6b43dc66","bnk_ee9f97813c9d611f6b43dc66","2025-11-12","4988.42","USD","","","Bill.com         Receivable        015USATMPJQJ03O Multiple Payments Bill.com Receivables 015USATMP","[]","0","0.00","[]","0","0.00","[]","0","0.00","[{""id"":""bdqr_bdep_ee9f97813c9d611f6b43dc66"",""bank_deposit_id"":""bdep_ee9f97813c9d611f6b43dc66"",""bank_transaction_id"":""bnk_5dadf6ff0ab14cc736d1d8e8"",""amount"":""4988.42"",""deposit_date"":""2025-11-12"",""txn_date"":""2025-11-12"",""txn_type"":""Journal"",""ref_no"":""BILL 11/12/25 AR Pmt"",""payee"":"""",""memo"":""BILL 11/12/25 AR Payments"",""qb_posting"":"""",""account"":"""",""class"":"""",""reconciliation_status"":""Reconciled"",""ambiguous"":""false""}]","1","4988.42","4988.42"
"bdep_1dae5ac2a4f9478aeceb2894","bnk_1dae5ac2a4f9478aeceb2894","2023-03-08","694.91","USD","","","STRIPE           TRANSFER          ST-X3D5D1N1V5E5 THE WILDFLOWER FOUNDAT","[]","0","0.00","[]","0","0.00","[{""stripe_payout_id"":""po_1Miq32AhXr9x8yiRsvPiWdhS"",""bank_deposit_id"":""bdep_1dae5ac2a4f9478aeceb2894"",""amount"":""694.91"",""currency"":""USD"",""arrival_date"":""2023-03-07"",""deposit_date"":""2023-03-08"",""ambiguous_bank_match"":""false"",""payer_name"":""""}]","1","694.91","[]","0","0.00","694.91"
"bdep_3ab1572f56f269a0475a7e8b","bnk_3ab1572f56f269a0475a7e8b","2020-10-09","7000","USD","","","NEW SCHOOLS 1310 PAYMENTS          VEN000829       WILDFLOWER FOUNDATION","[]","0","0.00","[]","0","0.00","[]","0","0.00","[{""id"":""bdqr_bdep_3ab1572f56f269a0475a7e8b"",""bank_deposit_id"":""bdep_3ab1572f56f269a0475a7e8b"",""bank_transaction_id"":""bnk_fbf5d572f13f7493b6874e28"",""amount"":""7000"",""deposit_date"":""2020-10-09"",""txn_date"":""2020-10-09"",""txn_type"":""Payment"",""ref_no"":"""",""payee"":""New Schools Venture Fund"",""memo"":"""",""qb_posting"":"""",""account"":""1503 Pledges/Services Receivable"",""class"":"""",""reconciliation_status"":""Reconciled"",""ambiguous"":""false""}]","1","7000.00","7000.00"
"bdep_9db1617a59b5526e8fe69f89","bnk_9db1617a59b5526e8fe69f89","2026-01-12","13609.66","USD","","","Bill.com         Receivable        015ZUXCLMZTGG7U Multiple Payments Bill.com Receivables 015ZUXCLM","[]","0","0.00","[]","0","0.00","[]","0","0.00","[{""id"":""bdqr_bdep_9db1617a59b5526e8fe69f89"",""bank_deposit_id"":""bdep_9db1617a59b5526e8fe69f89"",""bank_transaction_id"":""bnk_1e583257c4d1a9e2a5201c46"",""amount"":""13609.66"",""deposit_date"":""2026-01-12"",""txn_date"":""2026-01-12"",""txn_type"":""Journal"",""ref_no"":""Loan svc fee 12-31-27"",""payee"":"""",""memo"":""BILL 01/12/26 AR Payments"",""qb_posting"":"""",""account"":"""",""class"":"""",""reconciliation_status"":""Reconciled"",""ambiguous"":""false""}]","1","13609.66","13609.66"
"bdep_4f8ffb8dc5551188f09c9dc8","bnk_4f8ffb8dc5551188f09c9dc8","2025-09-22","1292.57","USD","","","Excellent School Receivable        016AVEMUQ3V56QF 016AVEMUQ3V56QF Excellent School Bill.com Inv EX","[]","0","0.00","[]","0","0.00","[]","0","0.00","[]","0","0.00","1292.57"
"bdep_a04fecc431cf9fe4866dd3ed","bnk_a04fecc431cf9fe4866dd3ed","2025-12-05","41939.39","USD","","","Bill.com         Receivable        015UJRLMEKRR9TU Multiple Payments Bill.com Receivables 015UJRLME","[]","0","0.00","[]","0","0.00","[]","0","0.00","[{""id"":""bdqr_bdep_a04fecc431cf9fe4866dd3ed"",""bank_deposit_id"":""bdep_a04fecc431cf9fe4866dd3ed"",""bank_transaction_id"":""bnk_f66a4838c86832009b10f9b8"",""amount"":""41939.39"",""deposit_date"":""2025-12-05"",""txn_date"":""2025-12-05"",""txn_type"":""Journal"",""ref_no"":""JE #CSP Aug 2033"",""payee"":"""",""memo"":""BILL 12/05/25 AR Payments"",""qb_posting"":"""",""account"":"""",""class"":"""",""reconciliation_status"":""Reconciled"",""ambiguous"":""false""}]","1","41939.39","41939.39"
"bdep_fba9a7bc6484acc327d88121","bnk_fba9a7bc6484acc327d88121","2025-04-30","100000","USD","","","ATM CHECK DEPOSIT              ON              04/30 1505 W Lake St            Minneapolis   MN  0009100           ATM ID 6991J    CARD 0628","[]","0","0.00","[]","0","0.00","[]","0","0.00","[{""id"":""bdqr_bdep_fba9a7bc6484acc327d88121"",""bank_deposit_id"":""bdep_fba9a7bc6484acc327d88121"",""bank_transaction_id"":""bnk_0b0fa961074db8db51ade6d2"",""amount"":""100000"",""deposit_date"":""2025-04-30"",""txn_date"":""2025-04-30"",""txn_type"":""Payment"",""ref_no"":"""",""payee"":""Education Leaders of Color Inc"",""memo"":"""",""qb_posting"":"""",""account"":""1503 Pledges/Services Receivable"",""class"":"""",""reconciliation_status"":""Reconciled"",""ambiguous"":""false""}]","1","100000.00","100000.00"
"bdep_9f7d3cefe3fe9b798c2042d6","bnk_9f7d3cefe3fe9b798c2042d6","2020-10-07","5290","USD","","","ATM CHECK DEPOSIT              ON              10/07 1505 WEST LAKE ST         Minneapolis   MN  0009077           ATM ID 6991J    CARD 7365","[]","0","0.00","[]","0","0.00","[]","0","0.00","[]","0","0.00","5290.00"
"bdep_97f0ba9d13ed3f5a9660c178","bnk_97f0ba9d13ed3f5a9660c178","2018-10-30","253294","USD","","","ATM CHECK DEPOSIT              ON              10/30 4712 CHICAGO AVE S        MINNEAPOLIS   MN  0001729           ATM ID 5819T    CARD 7365 201810301","[]","0","0.00","[]","0","0.00","[]","0","0.00","[]","0","0.00","253294.00"
"bdep_b0667ebb758f0ee4034cdb95","bnk_b0667ebb758f0ee4034cdb95","2025-06-12","1299.91","USD","","","Bill.com         Receivable        015WZNKNILJ1XEL   Tiger Lily (C) Bill.com 015WZNKNILJ1XEL Inv #T","[]","0","0.00","[]","0","0.00","[]","0","0.00","[{""id"":""bdqr_bdep_b0667ebb758f0ee4034cdb95"",""bank_deposit_id"":""bdep_b0667ebb758f0ee4034cdb95"",""bank_transaction_id"":""bnk_c54f3e6b532efcd4fae8a32c"",""amount"":""1299.91"",""deposit_date"":""2025-06-12"",""txn_date"":""2025-06-12"",""txn_type"":""Journal"",""ref_no"":""Divvy Reim 4.7.36"",""payee"":"""",""memo"":""BILL 06/12/25 AR Payments"",""qb_posting"":"""",""account"":"""",""class"":"""",""reconciliation_status"":""Reconciled"",""ambiguous"":""false""}]","1","1299.91","1299.91"
"bdep_bab6648fb81a9781544194cc","bnk_bab6648fb81a9781544194cc","2023-01-17","4943.19","USD","","","BASIC            BASICCOBRA 230116                 The Wildflower Foundat","[]","0","0.00","[]","0","0.00","[]","0","0.00","[]","0","0.00","4943.19"
"bdep_ba32b97a0a900c6ed1eadc1e","bnk_ba32b97a0a900c6ed1eadc1e","2018-11-30","3000","USD","","","INTUIT PYMT SOLN DEPOSIT    181130 524771997507722 THE WILDFLOWER FOUNDAT 201811301","[]","0","0.00","[]","0","0.00","[]","0","0.00","[{""id"":""bdqr_bdep_ba32b97a0a900c6ed1eadc1e"",""bank_deposit_id"":""bdep_ba32b97a0a900c6ed1eadc1e"",""bank_transaction_id"":""bnk_339ea65feb74a3e296f56eae"",""amount"":""3000"",""deposit_date"":""2018-11-30"",""txn_date"":""2018-11-29"",""txn_type"":""Deposit"",""ref_no"":"""",""payee"":""Loan - Violeta"",""memo"":""System-recorded deposit for QuickBooks Payments"",""qb_posting"":"""",""account"":""1501 Undeposited Funds"",""class"":"""",""reconciliation_status"":""Reconciled"",""ambiguous"":""false""}]","1","3000.00","3000.00"
"bdep_087cc73a86af3ee8d56525cd","bnk_087cc73a86af3ee8d56525cd","2019-01-11","212.5","USD","","","INTUIT PYMT SOLN DEPOSIT    190111 524771997507722 THE WILDFLOWER FOUNDAT","[]","0","0.00","[]","0","0.00","[]","0","0.00","[{""id"":""bdqr_bdep_087cc73a86af3ee8d56525cd"",""bank_deposit_id"":""bdep_087cc73a86af3ee8d56525cd"",""bank_transaction_id"":""bnk_193b6c7ceedd88bb0e4967b2"",""amount"":""212.5"",""deposit_date"":""2019-01-11"",""txn_date"":""2019-01-10"",""txn_type"":""Deposit"",""ref_no"":"""",""payee"":""Loan - Tiger Lily"",""memo"":""System-recorded deposit for QuickBooks Payments"",""qb_posting"":"""",""account"":""1501 Undeposited Funds"",""class"":"""",""reconciliation_status"":""Reconciled"",""ambiguous"":""false""}]","1","212.50","212.50"
"bdep_88bbb54d7e85ba1412fd5c3c","bnk_88bbb54d7e85ba1412fd5c3c","2025-09-10","24965","USD","","","DC WILDFLOWER PU EFT PYMT   090925 Charter School  The Wildflower Foundat","[]","0","0.00","[]","0","0.00","[]","0","0.00","[]","0","0.00","24965.00"
"bdep_6587f7eb165949741a1640e9","bnk_6587f7eb165949741a1640e9","2022-10-04","99.27","USD","","","STRIPE           TRANSFER          ST-P9H0R2Y6T3K2 THE WILDFLOWER FOUNDAT","[]","0","0.00","[]","0","0.00","[{""stripe_payout_id"":""po_1Log1CAhXr9x8yiRUeV2RLWL"",""bank_deposit_id"":""bdep_6587f7eb165949741a1640e9"",""amount"":""99.27"",""currency"":""USD"",""arrival_date"":""2022-10-03"",""deposit_date"":""2022-10-04"",""ambiguous_bank_match"":""false"",""payer_name"":""""}]","1","99.27","[]","0","0.00","99.27"
"bdep_fbb441999dc7b7f9ad7048a5","bnk_fbb441999dc7b7f9ad7048a5","2026-04-10","142.35","USD","","","STRIPE           TRANSFER          ST-H2P7Q8Z1Y0U2 THE WILDFLOWER FOUNDAT","[]","0","0.00","[]","0","0.00","[{""stripe_payout_id"":""po_1TKTNIAhXr9x8yiR9eLcEI2O"",""bank_deposit_id"":""bdep_fbb441999dc7b7f9ad7048a5"",""amount"":""142.35"",""currency"":""USD"",""arrival_date"":""2026-04-09"",""deposit_date"":""2026-04-10"",""ambiguous_bank_match"":""false"",""payer_name"":""""}]","1","142.35","[]","0","0.00","142.35"
"bdep_7490b0235227af17d08d2bea","bnk_7490b0235227af17d08d2bea","2025-05-08","454.55","USD","","","Lilac Montessori Receivable        016GNWXWN3Q6HJL 016GNWXWN3Q6HJL Lilac Montessori Bill.com Inv #","[]","0","0.00","[]","0","0.00","[]","0","0.00","[]","0","0.00","454.55"
"bdep_b52a7a4a933b4334f0fb98ce","bnk_b52a7a4a933b4334f0fb98ce","2024-09-30","545.45","USD","","","Desert Peach Mon Bill.com          026KPMWYQ13G9SX Desert Peach Montessori School Bill.com 026KPMWY","[]","0","0.00","[]","0","0.00","[]","0","0.00","[]","0","0.00","545.45"
"bdep_8d34d8eefa396fbb2d69c183","bnk_8d34d8eefa396fbb2d69c183","2017-12-18","7281","USD","","","ATM CHECK DEPOSIT 12/18 3030 NICOLLET AVE MINNEAPOLIS MN 5813V 7365","[]","0","0.00","[]","0","0.00","[]","0","0.00","[]","0","0.00","7281.00"
"bdep_e61d883382eed1bcd3d820d1","bnk_e61d883382eed1bcd3d820d1","2023-01-24","49.48","USD","","","STRIPE           TRANSFER          ST-W8Z7Z0O9T2G1 THE WILDFLOWER FOUNDAT","[]","0","0.00","[]","0","0.00","[{""stripe_payout_id"":""po_1MTH9wAhXr9x8yiRnUhwSNKN"",""bank_deposit_id"":""bdep_e61d883382eed1bcd3d820d1"",""amount"":""49.48"",""currency"":""USD"",""arrival_date"":""2023-01-23"",""deposit_date"":""2023-01-24"",""ambiguous_bank_match"":""false"",""payer_name"":""""}]","1","49.48","[]","0","0.00","49.48"
"bdep_aa9a2cb474a25e6963fd5894","bnk_aa9a2cb474a25e6963fd5894","2018-12-13","4.97","USD","","","STRIPE           TRANSFER                          X 201812132","[]","0","0.00","[]","0","0.00","[{""stripe_payout_id"":""po_1DgOB7AhXr9x8yiR6TA9DUWv"",""bank_deposit_id"":""bdep_aa9a2cb474a25e6963fd5894"",""amount"":""4.97"",""currency"":""USD"",""arrival_date"":""2018-12-12"",""deposit_date"":""2018-12-13"",""ambiguous_bank_match"":""false"",""payer_name"":""""}]","1","4.97","[]","0","0.00","4.97"
"bdep_3bc02141708a474382b7aef2","bnk_3bc02141708a474382b7aef2","2022-01-05","38000","USD","","","ATM CHECK DEPOSIT              ON              01/05 1505 W Lake St            Minneapolis   MN  0009988           ATM ID 6991K    CARD 7365","[]","0","0.00","[]","0","0.00","[]","0","0.00","[]","0","0.00","38000.00"
"bdep_4786d907c1892dc2bc5cb62c","bnk_4786d907c1892dc2bc5cb62c","2019-03-15","868.27","USD","","","COBRA TRUST ACCT BASICPacif                        COBRA REMIT","[]","0","0.00","[]","0","0.00","[]","0","0.00","[]","0","0.00","868.27"
"bdep_1d9a436b23f813e2ed458aa6","bnk_1d9a436b23f813e2ed458aa6","2024-11-07","9.92","USD","","","STRIPE           TRANSFER          ST-X6X5P3V9I5C9 THE WILDFLOWER FOUNDAT","[]","0","0.00","[]","0","0.00","[{""stripe_payout_id"":""po_1QHzUYAhXr9x8yiRzGPeI1oN"",""bank_deposit_id"":""bdep_1d9a436b23f813e2ed458aa6"",""amount"":""9.92"",""currency"":""USD"",""arrival_date"":""2024-11-06"",""deposit_date"":""2024-11-07"",""ambiguous_bank_match"":""false"",""payer_name"":""""}]","1","9.92","[]","0","0.00","9.92"
"bdep_29c5a93f23e91720232149d6","bnk_29c5a93f23e91720232149d6","2019-04-08","2000","USD","","","INTUIT PYMT SOLN DEPOSIT    190406 524771997507722 THE WILDFLOWER FOUNDAT","[]","0","0.00","[]","0","0.00","[]","0","0.00","[{""id"":""bdqr_bdep_29c5a93f23e91720232149d6"",""bank_deposit_id"":""bdep_29c5a93f23e91720232149d6"",""bank_transaction_id"":""bnk_8af77abfe340f5813fdc4cfb"",""amount"":""2000"",""deposit_date"":""2019-04-08"",""txn_date"":""2019-04-05"",""txn_type"":""Deposit"",""ref_no"":"""",""payee"":""Loan - Snowdrop"",""memo"":""System-recorded deposit for QuickBooks Payments"",""qb_posting"":"""",""account"":""1501 Undeposited Funds"",""class"":"""",""reconciliation_status"":""Reconciled"",""ambiguous"":""false""}]","1","2000.00","2000.00"
"bdep_891cf690017babdec7b2cf62","bnk_891cf690017babdec7b2cf62","2020-07-07","1172.81","USD","","","STRIPE           TRANSFER          ST-P6X3V5X2Q8Y7 THE WILDFLOWER FOUNDAT","[]","0","0.00","[]","0","0.00","[]","0","0.00","[]","0","0.00","1172.81"
"bdep_38e11af400db4d6931fb0f62","bnk_38e11af400db4d6931fb0f62","2020-09-11","15000","USD","","","ATM CHECK DEPOSIT              ON              09/11 1505 WEST LAKE ST         Minneapolis   MN  0002231           ATM ID 6991J    CARD 7365","[]","0","0.00","[]","0","0.00","[]","0","0.00","[{""id"":""bdqr_bdep_38e11af400db4d6931fb0f62"",""bank_deposit_id"":""bdep_38e11af400db4d6931fb0f62"",""bank_transaction_id"":""bnk_7ad0444451a4a372afb46986"",""amount"":""15000"",""deposit_date"":""2020-09-11"",""txn_date"":""2020-09-11"",""txn_type"":""Payment"",""ref_no"":"""",""payee"":""Mortenson Family Foundation"",""memo"":"""",""qb_posting"":"""",""account"":""1503 Pledges/Services Receivable"",""class"":"""",""reconciliation_status"":""Reconciled"",""ambiguous"":""false""}]","1","15000.00","15000.00"
"bdep_92e2b0d45863d812ff826d7d","bnk_92e2b0d45863d812ff826d7d","2017-03-10","75000","USD","","","NONPROFITS ASSISTANCE F WT SEQ143419 /ORG=NONPROFITS ASSISTANCE FUND SRF# GW00000002232393 TRN#170310143419 RFB# 378","[]","0","0.00","[]","0","0.00","[]","0","0.00","[]","0","0.00","75000.00"
"bdep_48ae3d23ccd087b962653646","bnk_48ae3d23ccd087b962653646","2019-05-03","1665.28","USD","","","INTUIT PYMT SOLN DEPOSIT    190503 524771997507722 THE WILDFLOWER FOUNDAT","[]","0","0.00","[]","0","0.00","[]","0","0.00","[{""id"":""bdqr_bdep_48ae3d23ccd087b962653646"",""bank_deposit_id"":""bdep_48ae3d23ccd087b962653646"",""bank_transaction_id"":""bnk_48405726b351ab09c3d19498"",""amount"":""1665.28"",""deposit_date"":""2019-05-03"",""txn_date"":""2019-05-02"",""txn_type"":""Deposit"",""ref_no"":"""",""payee"":""Loan - Dandelion"",""memo"":""System-recorded deposit for QuickBooks Payments"",""qb_posting"":"""",""account"":""1501 Undeposited Funds"",""class"":"""",""reconciliation_status"":""Reconciled"",""ambiguous"":""false""}]","1","1665.28","1665.28"
"bdep_687dca060e89c7b3dedc2575","bnk_687dca060e89c7b3dedc2575","2017-12-04","499","USD","","","INTUIT PYMT SOLN DEPOSIT 171203 524771997507722 THE WILDFLOWER FOUNDAT","[]","0","0.00","[]","0","0.00","[]","0","0.00","[{""id"":""bdqr_bdep_687dca060e89c7b3dedc2575"",""bank_deposit_id"":""bdep_687dca060e89c7b3dedc2575"",""bank_transaction_id"":""bnk_a39b4f0c9d64bfc868175388"",""amount"":""499"",""deposit_date"":""2017-12-04"",""txn_date"":""2017-12-02"",""txn_type"":""Deposit"",""ref_no"":"""",""payee"":""Loan - Wild Rose"",""memo"":""System-recorded deposit for QuickBooks Payments"",""qb_posting"":"""",""account"":""1501 Undeposited Funds"",""class"":"""",""reconciliation_status"":""Reconciled"",""ambiguous"":""false""}]","1","499.00","499.00"
"bdep_25735b02a2ec9209c9a5513a","bnk_25735b02a2ec9209c9a5513a","2021-04-09","650","USD","","","ACH RETURNS       - THE WILDFLOWER F - FILE 7878782339 COID 1812826681","[]","0","0.00","[]","0","0.00","[]","0","0.00","[]","0","0.00","650.00"
"bdep_3fa82685ba446087b147c35e","bnk_3fa82685ba446087b147c35e","2021-03-02","33.68","USD","","","STRIPE           TRANSFER          ST-T5Y9C3D2P8L5 THE WILDFLOWER FOUNDAT","[]","0","0.00","[]","0","0.00","[]","0","0.00","[]","0","0.00","33.68"
"bdep_48a0a51ac2685835c24abc32","bnk_48a0a51ac2685835c24abc32","2020-01-09","2500","USD","","","ASTER MONTESSORI JAN2020                           Wildflower Foundation","[]","0","0.00","[]","0","0.00","[]","0","0.00","[{""id"":""bdqr_bdep_48a0a51ac2685835c24abc32"",""bank_deposit_id"":""bdep_48a0a51ac2685835c24abc32"",""bank_transaction_id"":""bnk_bb6e091f71e9f097da688657"",""amount"":""2500"",""deposit_date"":""2020-01-09"",""txn_date"":""2020-01-09"",""txn_type"":""Payment"",""ref_no"":"""",""payee"":""Loan - Aster"",""memo"":"""",""qb_posting"":"""",""account"":""1503 Pledges/Services Receivable"",""class"":"""",""reconciliation_status"":""Reconciled"",""ambiguous"":""false""}]","1","2500.00","2500.00"
"bdep_4003f65dc311b735a042c3e2","bnk_4003f65dc311b735a042c3e2","2019-06-05","1794","USD","","","ATM CHECK DEPOSIT              ON              06/05 1505 WEST LAKE ST         MINNEAPOLIS   MN  0002450           ATM ID 6991J    CARD 7365","[]","0","0.00","[]","0","0.00","[]","0","0.00","[{""id"":""bdqr_bdep_4003f65dc311b735a042c3e2"",""bank_deposit_id"":""bdep_4003f65dc311b735a042c3e2"",""bank_transaction_id"":""bnk_2d5085526c929db87663e292"",""amount"":""1794"",""deposit_date"":""2019-06-05"",""txn_date"":""2019-06-05"",""txn_type"":""Payment"",""ref_no"":"""",""payee"":""Loan - Aster"",""memo"":"""",""qb_posting"":"""",""account"":""1503 Pledges/Services Receivable"",""class"":"""",""reconciliation_status"":""Reconciled"",""ambiguous"":""false""}]","1","1794.00","1794.00"
"bdep_1ddd7c8430a70870973d4cd2","bnk_1ddd7c8430a70870973d4cd2","2020-12-10","271.86","USD","","","STRIPE           TRANSFER          ST-O5D2M5A9S3P7 THE WILDFLOWER FOUNDAT","[]","0","0.00","[]","0","0.00","[{""stripe_payout_id"":""po_1HwHQPAhXr9x8yiRGaIiY5wY"",""bank_deposit_id"":""bdep_1ddd7c8430a70870973d4cd2"",""amount"":""271.86"",""currency"":""USD"",""arrival_date"":""2020-12-09"",""deposit_date"":""2020-12-10"",""ambiguous_bank_match"":""false"",""payer_name"":""""}]","1","271.86","[]","0","0.00","271.86"
"bdep_df36daf1b6ce344108445e18","bnk_df36daf1b6ce344108445e18","2026-01-30","248.17","USD","","","STRIPE           TRANSFER          ST-Y8B9K1Z4S1Q1 THE WILDFLOWER FOUNDAT","[]","0","0.00","[]","0","0.00","[{""stripe_payout_id"":""po_1Sv5BiAhXr9x8yiRAUitilST"",""bank_deposit_id"":""bdep_df36daf1b6ce344108445e18"",""amount"":""248.17"",""currency"":""USD"",""arrival_date"":""2026-01-29"",""deposit_date"":""2026-01-30"",""ambiguous_bank_match"":""false"",""payer_name"":""""}]","1","248.17","[]","0","0.00","248.17"
"bdep_bcb0afdc8be2ec732aa87fea","bnk_bcb0afdc8be2ec732aa87fea","2020-08-13","6.36","USD","","","AMZN3G96BA5Y     AmazonSmil 200813 4ONT7YVPOP5MQJQ payments.amazon.com ID#4ONT7YVPOP5MQJQ","[{""component_id"":""bdc_l856Y7VI3iGKMAae6z-cu"",""payment_unit_id"":""pu_l856Y7VI3iGKMAae6z-cu"",""kind"":""other"",""amount"":""6.36"",""source"":""qbo_inferred"",""source_staged_payment_id"":""l856Y7VI3iGKMAae6z-cu"",""staged_payer"":""Amazon Smile"",""staged_date"":""2020-08-13"",""qb_deposit_id"":""13007"",""reconciliation_flag"":""ok"",""unit_kind"":""other"",""unit_evidence_id"":""l856Y7VI3iGKMAae6z-cu""}]","1","6.36","[{""id"":""pu_l856Y7VI3iGKMAae6z-cu"",""kind"":""other"",""evidence_id"":""l856Y7VI3iGKMAae6z-cu"",""stripe_charge_id"":"""",""source_staged_payment_id"":""l856Y7VI3iGKMAae6z-cu"",""gross_amount"":""6.36"",""fee_amount"":"""",""net_amount"":""6.36"",""currency"":""USD"",""received_date"":""2020-08-13"",""lifecycle"":""received""}]","1","6.36","[]","0","0.00","[]","0","0.00","0.00"
"bdep_6124d97711129d07e851eca4","bnk_6124d97711129d07e851eca4","2019-04-09","23.97","USD","","","STRIPE           TRANSFER          ST-F4E2J3E5O5P7 THE WILDFLOWER FOUNDAT","[]","0","0.00","[]","0","0.00","[]","0","0.00","[]","0","0.00","23.97"
"bdep_67ec101e0f478c216783147c","bnk_67ec101e0f478c216783147c","2019-06-24","1820","USD","","","INTUIT PYMT SOLN DEPOSIT    190622 524771997507722 THE WILDFLOWER FOUNDAT","[]","0","0.00","[]","0","0.00","[]","0","0.00","[{""id"":""bdqr_bdep_67ec101e0f478c216783147c"",""bank_deposit_id"":""bdep_67ec101e0f478c216783147c"",""bank_transaction_id"":""bnk_1a1a1b861b366965c960e8f9"",""amount"":""1820"",""deposit_date"":""2019-06-24"",""txn_date"":""2019-06-21"",""txn_type"":""Deposit"",""ref_no"":"""",""payee"":""Loan - Wild Rose"",""memo"":""System-recorded deposit for QuickBooks Payments"",""qb_posting"":"""",""account"":""1501 Undeposited Funds"",""class"":"""",""reconciliation_status"":""Reconciled"",""ambiguous"":""false""}]","1","1820.00","1820.00"
"bdep_0fc2e6740a66c770585246de","bnk_0fc2e6740a66c770585246de","2019-08-01","2500","USD","","","ASTER MONTESSORI LOAN 0819                         Wildflower Foundation","[]","0","0.00","[]","0","0.00","[]","0","0.00","[{""id"":""bdqr_bdep_0fc2e6740a66c770585246de"",""bank_deposit_id"":""bdep_0fc2e6740a66c770585246de"",""bank_transaction_id"":""bnk_8b7b9ba90e7aaad284505f3b"",""amount"":""2500"",""deposit_date"":""2019-08-01"",""txn_date"":""2019-08-01"",""txn_type"":""Payment"",""ref_no"":"""",""payee"":""Loan - Aster"",""memo"":"""",""qb_posting"":"""",""account"":""1503 Pledges/Services Receivable"",""class"":"""",""reconciliation_status"":""Reconciled"",""ambiguous"":""false""}]","1","2500.00","2500.00"
"bdep_e8f236d4e99fc1752e1a4df3","bnk_e8f236d4e99fc1752e1a4df3","2020-06-16","154.15","USD","","","STRIPE           TRANSFER          ST-Z8Q9V6R5K5H6 THE WILDFLOWER FOUNDAT","[]","0","0.00","[]","0","0.00","[]","0","0.00","[]","0","0.00","154.15"
"bdep_98506953e923d8688fdee260","bnk_98506953e923d8688fdee260","2019-02-15","250","USD","","","INTUIT PYMT SOLN DEPOSIT    190215 524771997507722 THE WILDFLOWER FOUNDAT","[]","0","0.00","[]","0","0.00","[]","0","0.00","[{""id"":""bdqr_bdep_98506953e923d8688fdee260"",""bank_deposit_id"":""bdep_98506953e923d8688fdee260"",""bank_transaction_id"":""bnk_929417ba79bf9aed23c4fbd3"",""amount"":""250"",""deposit_date"":""2019-02-15"",""txn_date"":""2019-02-14"",""txn_type"":""Deposit"",""ref_no"":"""",""payee"":""Loan - Capucine"",""memo"":""System-recorded deposit for QuickBooks Payments"",""qb_posting"":"""",""account"":""1501 Undeposited Funds"",""class"":"""",""reconciliation_status"":""Reconciled"",""ambiguous"":""false""}]","1","250.00","250.00"
"bdep_9d1fd782589933da3b36a94f","bnk_9d1fd782589933da3b36a94f","2022-09-26","1449.22","USD","","","STRIPE           TRANSFER          ST-B1Z4V0D8P4F9 THE WILDFLOWER FOUNDAT","[]","0","0.00","[]","0","0.00","[{""stripe_payout_id"":""po_1LlmFjAhXr9x8yiREGptCN6S"",""bank_deposit_id"":""bdep_9d1fd782589933da3b36a94f"",""amount"":""1449.22"",""currency"":""USD"",""arrival_date"":""2022-09-25"",""deposit_date"":""2022-09-26"",""ambiguous_bank_match"":""false"",""payer_name"":""""}]","1","1449.22","[]","0","0.00","1449.22"
"bdep_8ca9820e78865d8fe00196ae","bnk_8ca9820e78865d8fe00196ae","2020-12-30","49.64","USD","","","STRIPE           TRANSFER          ST-G7D1I1A4U2O9 THE WILDFLOWER FOUNDAT","[]","0","0.00","[]","0","0.00","[]","0","0.00","[]","0","0.00","49.64"
"bdep_a7a6de04b609da0b251a7123","bnk_a7a6de04b609da0b251a7123","2018-05-30","7120.2","USD","","","ATM CHECK DEPOSIT 05/30 1505 WEST LAKE ST MINNEAPOLIS MN 6991J 7365","[]","0","0.00","[]","0","0.00","[]","0","0.00","[]","0","0.00","7120.20"
"bdep_d29916101f6bd80e49c3e3b8","bnk_d29916101f6bd80e49c3e3b8","2019-08-23","2094.45","USD","","","INTUIT PYMT SOLN DEPOSIT    190823 524771997507722 THE WILDFLOWER FOUNDAT","[]","0","0.00","[]","0","0.00","[]","0","0.00","[{""id"":""bdqr_bdep_d29916101f6bd80e49c3e3b8"",""bank_deposit_id"":""bdep_d29916101f6bd80e49c3e3b8"",""bank_transaction_id"":""bnk_839671143ff71c6f3bddc07f"",""amount"":""2094.45"",""deposit_date"":""2019-08-23"",""txn_date"":""2019-08-22"",""txn_type"":""Deposit"",""ref_no"":"""",""payee"":"""",""memo"":""System-recorded deposit for QuickBooks Payments"",""qb_posting"":"""",""account"":"""",""class"":"""",""reconciliation_status"":""Reconciled"",""ambiguous"":""false""}]","1","2094.45","2094.45"
"bdep_2f44c0f66b353866dde0d535","bnk_2f44c0f66b353866dde0d535","2019-02-20","216.96","USD","","","STRIPE           TRANSFER                          X","[]","0","0.00","[]","0","0.00","[]","0","0.00","[]","0","0.00","216.96"
"bdep_7633424e83b4d84aed6f123d","bnk_7633424e83b4d84aed6f123d","2025-04-16","300000","USD","","","TRANSFER FROM BRK ****9888 REF# 578163177","[]","0","0.00","[]","0","0.00","[]","0","0.00","[]","0","0.00","300000.00"
"bdep_b07ce46145573acc523f093a","bnk_b07ce46145573acc523f093a","2023-07-07","1210.8","USD","","","WEWORK           WEWORK     230706 4741049         JENNIE *HOUGHTON","[]","0","0.00","[]","0","0.00","[]","0","0.00","[]","0","0.00","1210.80"
"bdep_4366b001262ad7d99994774e","bnk_4366b001262ad7d99994774e","2021-04-30","18705","USD","","","WT SEQ241390 WF RETURN WIRES IN PROC /ORG=                                            SRF#    2021042900185027 TRN#210430241390  RFB#","[]","0","0.00","[]","0","0.00","[]","0","0.00","[]","0","0.00","18705.00"
"bdep_1ebc15b9c9b347c2bb72c3c2","bnk_1ebc15b9c9b347c2bb72c3c2","2025-01-03","75","USD","","","TRF OPERATING IP IP-ACH            731334          012\GE*1*1\IEA*1*000000001\","[{""component_id"":""bdc_uT9LptVDEM4mBI-UMpa50"",""payment_unit_id"":""pu_uT9LptVDEM4mBI-UMpa50"",""kind"":""other"",""amount"":""75.00"",""source"":""qbo_inferred"",""source_staged_payment_id"":""uT9LptVDEM4mBI-UMpa50"",""staged_payer"":"""",""staged_date"":""2025-01-03"",""qb_deposit_id"":""32474"",""reconciliation_flag"":""ok"",""unit_kind"":""other"",""unit_evidence_id"":""uT9LptVDEM4mBI-UMpa50""}]","1","75.00","[{""id"":""pu_uT9LptVDEM4mBI-UMpa50"",""kind"":""other"",""evidence_id"":""uT9LptVDEM4mBI-UMpa50"",""stripe_charge_id"":"""",""source_staged_payment_id"":""uT9LptVDEM4mBI-UMpa50"",""gross_amount"":""75.00"",""fee_amount"":"""",""net_amount"":""75.00"",""currency"":""USD"",""received_date"":""2025-01-03"",""lifecycle"":""received""}]","1","75.00","[]","0","0.00","[]","0","0.00","0.00"
"bdep_2d951a66e94e7c6ad125ad1c","bnk_2d951a66e94e7c6ad125ad1c","2020-06-18","276.13","USD","","","STRIPE           TRANSFER          ST-V5P3D2G8C4M5 THE WILDFLOWER FOUNDAT","[]","0","0.00","[]","0","0.00","[]","0","0.00","[]","0","0.00","276.13"
"bdep_c7233de34acc146c3e110367","bnk_c7233de34acc146c3e110367","2019-08-22","38.6","USD","","","STRIPE           TRANSFER          ST-A2N5U1F7D4S6 THE WILDFLOWER FOUNDAT","[]","0","0.00","[]","0","0.00","[]","0","0.00","[]","0","0.00","38.60"
"bdep_eaa5bc4ca2d9eadf29a156a2","bnk_eaa5bc4ca2d9eadf29a156a2","2017-08-04","250000","USD","","","WT FED#00778 FIRST REPUBLIC BAN /ORG=NEW SCHOOLS FUND SRF# 170804075145H700 TRN#170804057954 RFB# PMT OF GRANT","[{""component_id"":""bdc_IZydHQLx3s_GU8xo44VLl"",""payment_unit_id"":""pu_IZydHQLx3s_GU8xo44VLl"",""kind"":""other"",""amount"":""250000.00"",""source"":""qbo_inferred"",""source_staged_payment_id"":""IZydHQLx3s_GU8xo44VLl"",""staged_payer"":""New Schools Venture Fund"",""staged_date"":""2017-08-04"",""qb_deposit_id"":""1278"",""reconciliation_flag"":""ok"",""unit_kind"":""other"",""unit_evidence_id"":""IZydHQLx3s_GU8xo44VLl""}]","1","250000.00","[{""id"":""pu_IZydHQLx3s_GU8xo44VLl"",""kind"":""other"",""evidence_id"":""IZydHQLx3s_GU8xo44VLl"",""stripe_charge_id"":"""",""source_staged_payment_id"":""IZydHQLx3s_GU8xo44VLl"",""gross_amount"":""250000.00"",""fee_amount"":"""",""net_amount"":""250000.00"",""currency"":""USD"",""received_date"":""2017-08-04"",""lifecycle"":""received""}]","1","250000.00","[]","0","0.00","[]","0","0.00","0.00"
"bdep_5db3ce89e44cee6d050faefc","bnk_5db3ce89e44cee6d050faefc","2025-11-05","119","USD","","","ESSP             HIST RTN   251105 874821        1             333487The","[]","0","0.00","[]","0","0.00","[]","0","0.00","[]","0","0.00","119.00"
"bdep_72330ae407442fbf9fd0c869","bnk_72330ae407442fbf9fd0c869","2020-05-20","117000","USD","","","WALTON FAM FDN   GRANTS            69715           SMSGRANT 00102589","[{""component_id"":""bdc_lwwqcgE4EvrIia3t9agYL"",""payment_unit_id"":""pu_lwwqcgE4EvrIia3t9agYL"",""kind"":""other"",""amount"":""117000.00"",""source"":""qbo_inferred"",""source_staged_payment_id"":""lwwqcgE4EvrIia3t9agYL"",""staged_payer"":""Walton Family Foundation"",""staged_date"":""2020-05-20"",""qb_deposit_id"":""12063"",""reconciliation_flag"":""ok"",""unit_kind"":""other"",""unit_evidence_id"":""lwwqcgE4EvrIia3t9agYL""}]","1","117000.00","[{""id"":""pu_lwwqcgE4EvrIia3t9agYL"",""kind"":""other"",""evidence_id"":""lwwqcgE4EvrIia3t9agYL"",""stripe_charge_id"":"""",""source_staged_payment_id"":""lwwqcgE4EvrIia3t9agYL"",""gross_amount"":""117000.00"",""fee_amount"":"""",""net_amount"":""117000.00"",""currency"":""USD"",""received_date"":""2020-05-20"",""lifecycle"":""received""}]","1","117000.00","[]","0","0.00","[]","0","0.00","0.00"
"bdep_6ed0e818b0e3a23333ace402","bnk_6ed0e818b0e3a23333ace402","2026-02-27","200000","USD","","","TRANSFER FROM BRK ****9888 REF# 615328531","[]","0","0.00","[]","0","0.00","[]","0","0.00","[{""id"":""bdqr_bdep_6ed0e818b0e3a23333ace402"",""bank_deposit_id"":""bdep_6ed0e818b0e3a23333ace402"",""bank_transaction_id"":""bnk_28c7af574403110730e32cd7"",""amount"":""200000"",""deposit_date"":""2026-02-27"",""txn_date"":""2026-02-27"",""txn_type"":""Transfer"",""ref_no"":"""",""payee"":"""",""memo"":""Transfer to operations account"",""qb_posting"":"""",""account"":""1004 BROKERAGE"",""class"":"""",""reconciliation_status"":""Reconciled"",""ambiguous"":""false""}]","1","200000.00","200000.00"
"bdep_ddf388c91970b284b44847e9","bnk_ddf388c91970b284b44847e9","2025-01-29","545.45","USD","","","Rain Lily Montes Receivable        016TZPQSC3MGIS5 016TZPQSC3MGIS5 Rain Lily Montes Bill.com Inv 17","[]","0","0.00","[]","0","0.00","[]","0","0.00","[]","0","0.00","545.45"
"bdep_6617c7a715114c2f59ffb9fa","bnk_6617c7a715114c2f59ffb9fa","2026-04-07","666.67","USD","","","Desert Peach Mon Bill.com          026LPIPXF1VYQLT Desert Peach Montessori School Bill.com 026LPIPX","[]","0","0.00","[]","0","0.00","[]","0","0.00","[{""id"":""bdqr_bdep_6617c7a715114c2f59ffb9fa"",""bank_deposit_id"":""bdep_6617c7a715114c2f59ffb9fa"",""bank_transaction_id"":""bnk_9d0437b6f98a4e179d7aadb2"",""amount"":""666.67"",""deposit_date"":""2026-04-07"",""txn_date"":""2026-04-06"",""txn_type"":""Payment"",""ref_no"":""P26040102 - 0893044"",""payee"":""Desert Peach Montessori"",""memo"":""Inv TWF MarchInvoice034"",""qb_posting"":"""",""account"":""1503 Pledges/Services Receivable"",""class"":"""",""reconciliation_status"":""Reconciled"",""ambiguous"":""false""}]","1","666.67","666.67"
"bdep_909d6b9e9122e415346663ec","bnk_909d6b9e9122e415346663ec","2023-07-07","23.46","USD","","","GUSTO            TAX 257344 230707 6semjukqncv     The Wildflower Foundat","[]","0","0.00","[]","0","0.00","[]","0","0.00","[]","0","0.00","23.46"
"bdep_7871da90df169cbce5ce9a5d","bnk_7871da90df169cbce5ce9a5d","2021-01-12","23.67","USD","","","STRIPE           TRANSFER          ST-Z3Q5T1Q6L7G8 THE WILDFLOWER FOUNDAT","[]","0","0.00","[]","0","0.00","[{""stripe_payout_id"":""po_1I8FS2AhXr9x8yiRyBDfBJIB"",""bank_deposit_id"":""bdep_7871da90df169cbce5ce9a5d"",""amount"":""23.67"",""currency"":""USD"",""arrival_date"":""2021-01-11"",""deposit_date"":""2021-01-12"",""ambiguous_bank_match"":""false"",""payer_name"":""""}]","1","23.67","[]","0","0.00","23.67"
"bdep_c5cfa8946b2f50298f046435","bnk_c5cfa8946b2f50298f046435","2016-08-01","465443.94","USD","","","TSNE WILDFLOWER TWF Wildflower Foundation","[]","0","0.00","[]","0","0.00","[]","0","0.00","[]","0","0.00","465443.94"
"bdep_9a4c2bec7c818c91e3cc986b","bnk_9a4c2bec7c818c91e3cc986b","2019-10-02","25250","USD","","","ATM CHECK DEPOSIT              ON              10/02 4712 CHICAGO AVE S        MINNEAPOLIS   MN  0003249           ATM ID 5819T    CARD 7365","[]","0","0.00","[]","0","0.00","[]","0","0.00","[]","0","0.00","25250.00"
"bdep_99639f456691aa3c7f185ed8","bnk_99639f456691aa3c7f185ed8","2024-12-23","3750","USD","","","The Sunlight Loa Receivable        016SPRCMI3L7Z2C 016SPRCMI3L7Z2C The Sunlight Loa Bill.com Inv G","[]","0","0.00","[]","0","0.00","[]","0","0.00","[]","0","0.00","3750.00"
"bdep_c4b5c12cae3a4679c1a849c2","bnk_c4b5c12cae3a4679c1a849c2","2017-12-12","380","USD","","","GUSTO CND 202837 171212 6semjmpp6fb The Wildflower Foundat","[]","0","0.00","[]","0","0.00","[]","0","0.00","[]","0","0.00","380.00"
"bdep_79b2f1559152754023e6e7e7","bnk_79b2f1559152754023e6e7e7","2019-03-14","1000","USD","","","eDeposit in Branch/Store 03/14/19 02:25:57 PM 4712 CHICAGO AVE MINNEAPOLIS MN 7365","[{""component_id"":""bdc_2BcUzCAPqEbecBfh2L7pN"",""payment_unit_id"":""pu_2BcUzCAPqEbecBfh2L7pN"",""kind"":""other"",""amount"":""1000.00"",""source"":""qbo_inferred"",""source_staged_payment_id"":""2BcUzCAPqEbecBfh2L7pN"",""staged_payer"":""JEMP-D Foundation"",""staged_date"":""2019-03-14"",""qb_deposit_id"":""6615"",""reconciliation_flag"":""ok"",""unit_kind"":""other"",""unit_evidence_id"":""2BcUzCAPqEbecBfh2L7pN""}]","1","1000.00","[{""id"":""pu_2BcUzCAPqEbecBfh2L7pN"",""kind"":""other"",""evidence_id"":""2BcUzCAPqEbecBfh2L7pN"",""stripe_charge_id"":"""",""source_staged_payment_id"":""2BcUzCAPqEbecBfh2L7pN"",""gross_amount"":""1000.00"",""fee_amount"":"""",""net_amount"":""1000.00"",""currency"":""USD"",""received_date"":""2019-03-14"",""lifecycle"":""received""}]","1","1000.00","[]","0","0.00","[]","0","0.00","0.00"
"bdep_1eaffcf4b6f867735cd82766","bnk_1eaffcf4b6f867735cd82766","2022-05-02","290.77","USD","","","BENEVITY FUND    DONATION   220331 7ZNZZ99HHD      WILDFLOWER FOUNDATION","[{""component_id"":""bdc_vxT5fTKYCuVk7Rw2wsU51"",""payment_unit_id"":""pu_vxT5fTKYCuVk7Rw2wsU51"",""kind"":""other"",""amount"":""290.77"",""source"":""qbo_inferred"",""source_staged_payment_id"":""vxT5fTKYCuVk7Rw2wsU51"",""staged_payer"":"""",""staged_date"":""2022-05-02"",""qb_deposit_id"":""20120"",""reconciliation_flag"":""ok"",""unit_kind"":""other"",""unit_evidence_id"":""vxT5fTKYCuVk7Rw2wsU51""}]","1","290.77","[{""id"":""pu_vxT5fTKYCuVk7Rw2wsU51"",""kind"":""other"",""evidence_id"":""vxT5fTKYCuVk7Rw2wsU51"",""stripe_charge_id"":"""",""source_staged_payment_id"":""vxT5fTKYCuVk7Rw2wsU51"",""gross_amount"":""290.77"",""fee_amount"":"""",""net_amount"":""290.77"",""currency"":""USD"",""received_date"":""2022-05-02"",""lifecycle"":""received""}]","1","290.77","[]","0","0.00","[]","0","0.00","0.00"
"bdep_892599f6c925b5aac1bd35e7","bnk_892599f6c925b5aac1bd35e7","2018-04-05","1710","USD","","","Bill.com VoidPaymnt 015XRTGTOHRFUTK Weston Stewart SK Consulting Group Bill.com 015X","[]","0","0.00","[]","0","0.00","[]","0","0.00","[]","0","0.00","1710.00"
"bdep_8714a9e68b8b88ccaa9a666c","bnk_8714a9e68b8b88ccaa9a666c","2017-09-18","3520","USD","","","Bill.com VoidPaymnt 015YBGRPFYNHBKP Shoreland Montessori LLC Bill.com 015YBGRPFYNHBK","[]","0","0.00","[]","0","0.00","[]","0","0.00","[]","0","0.00","3520.00"
"bdep_d72f5d674c42816acbdf3fa2","bnk_d72f5d674c42816acbdf3fa2","2020-03-27","20000","USD","","","CHARTER FUND INC 3.27RLCOVC        V000513         WM-F3-ER-OC-2020-1Q(GRANT1OF1)","[{""component_id"":""bdc_hIZ1HKjbqLcXMCeU_EoAc"",""payment_unit_id"":""pu_hIZ1HKjbqLcXMCeU_EoAc"",""kind"":""other"",""amount"":""20000.00"",""source"":""qbo_inferred"",""source_staged_payment_id"":""hIZ1HKjbqLcXMCeU_EoAc"",""staged_payer"":""DC Wildflower PCS - Service Revenue"",""staged_date"":""2020-03-27"",""qb_deposit_id"":""11580"",""reconciliation_flag"":""ok"",""unit_kind"":""other"",""unit_evidence_id"":""hIZ1HKjbqLcXMCeU_EoAc""}]","1","20000.00","[{""id"":""pu_hIZ1HKjbqLcXMCeU_EoAc"",""kind"":""other"",""evidence_id"":""hIZ1HKjbqLcXMCeU_EoAc"",""stripe_charge_id"":"""",""source_staged_payment_id"":""hIZ1HKjbqLcXMCeU_EoAc"",""gross_amount"":""20000.00"",""fee_amount"":"""",""net_amount"":""20000.00"",""currency"":""USD"",""received_date"":""2020-03-27"",""lifecycle"":""received""}]","1","20000.00","[]","0","0.00","[]","0","0.00","0.00"
"bdep_37fc5700dce75fece85d0369","bnk_37fc5700dce75fece85d0369","2024-04-30","25000","USD","","","Common Future    BILL PAY                          Common Future PAYING BILL VIA RAMP","[]","0","0.00","[]","0","0.00","[]","0","0.00","[{""id"":""bdqr_bdep_37fc5700dce75fece85d0369"",""bank_deposit_id"":""bdep_37fc5700dce75fece85d0369"",""bank_transaction_id"":""bnk_b4a1715ff10b5f8504dd9a26"",""amount"":""25000"",""deposit_date"":""2024-04-30"",""txn_date"":""2024-04-30"",""txn_type"":""Payment"",""ref_no"":"""",""payee"":""Common Future"",""memo"":"""",""qb_posting"":"""",""account"":""1503 Pledges/Services Receivable"",""class"":"""",""reconciliation_status"":""Reconciled"",""ambiguous"":""false""}]","1","25000.00","25000.00"
"bdep_d6538035383d7df725fa768e","bnk_d6538035383d7df725fa768e","2020-12-22","44000","USD","","","ATM CHECK DEPOSIT              ON              12/22 7900 XERXES AVE S         BLOOMINGTON   MN  0003734           ATM ID 9961Z    CARD 7365","[]","0","0.00","[]","0","0.00","[]","0","0.00","[]","0","0.00","44000.00"
"bdep_7b556a93c6755a64cb228c35","bnk_7b556a93c6755a64cb228c35","2020-09-04","33.68","USD","","","STRIPE           TRANSFER          ST-W4K3M9A6F1T8 THE WILDFLOWER FOUNDAT","[]","0","0.00","[]","0","0.00","[]","0","0.00","[]","0","0.00","33.68"
"bdep_a8e3cf9f6fa5dde9c7b5b860","bnk_a8e3cf9f6fa5dde9c7b5b860","2020-11-03","99.27","USD","","","STRIPE           TRANSFER          ST-U9Z4C3Q6O3C0 THE WILDFLOWER FOUNDAT","[]","0","0.00","[]","0","0.00","[{""stripe_payout_id"":""po_1His2vAhXr9x8yiRrZWfatyZ"",""bank_deposit_id"":""bdep_a8e3cf9f6fa5dde9c7b5b860"",""amount"":""99.27"",""currency"":""USD"",""arrival_date"":""2020-11-02"",""deposit_date"":""2020-11-03"",""ambiguous_bank_match"":""false"",""payer_name"":""""}]","1","99.27","[]","0","0.00","99.27"
"bdep_a960f7917e680f8a19da3854","bnk_a960f7917e680f8a19da3854","2021-12-17","4627.34","USD","","","WT FED#09434 JPMORGAN CHASE BAN    /ORG=NEW MARKETS SUPPORT CO LLC                    SRF#        7247900351JO TRN#211217212599  RFB#     ATS OF 21/12/17","[{""component_id"":""bdc_1GpL1msmlAYRbmqaPaEuw"",""payment_unit_id"":""pu_1GpL1msmlAYRbmqaPaEuw"",""kind"":""other"",""amount"":""4627.34"",""source"":""qbo_inferred"",""source_staged_payment_id"":""1GpL1msmlAYRbmqaPaEuw"",""staged_payer"":""New Markets Support"",""staged_date"":""2021-12-17"",""qb_deposit_id"":""18702"",""reconciliation_flag"":""ok"",""unit_kind"":""other"",""unit_evidence_id"":""1GpL1msmlAYRbmqaPaEuw""}]","1","4627.34","[{""id"":""pu_1GpL1msmlAYRbmqaPaEuw"",""kind"":""other"",""evidence_id"":""1GpL1msmlAYRbmqaPaEuw"",""stripe_charge_id"":"""",""source_staged_payment_id"":""1GpL1msmlAYRbmqaPaEuw"",""gross_amount"":""4627.34"",""fee_amount"":"""",""net_amount"":""4627.34"",""currency"":""USD"",""received_date"":""2021-12-17"",""lifecycle"":""received""}]","1","4627.34","[]","0","0.00","[]","0","0.00","0.00"
"bdep_69a2f573c32fec9c03b29c10","bnk_69a2f573c32fec9c03b29c10","2018-02-21","1500","USD","","","ATM CHECK DEPOSIT 02/21 3030 NICOLLET AVE MINNEAPOLIS MN 5813V 7365","[]","0","0.00","[]","0","0.00","[]","0","0.00","[{""id"":""bdqr_bdep_69a2f573c32fec9c03b29c10"",""bank_deposit_id"":""bdep_69a2f573c32fec9c03b29c10"",""bank_transaction_id"":""bnk_9af1133f16506b9a746c29a3"",""amount"":""1500"",""deposit_date"":""2018-02-21"",""txn_date"":""2018-02-21"",""txn_type"":""Payment"",""ref_no"":"""",""payee"":""Loan - Violeta"",""memo"":"""",""qb_posting"":"""",""account"":""1503 Pledges/Services Receivable"",""class"":"""",""reconciliation_status"":""Reconciled"",""ambiguous"":""false""}]","1","1500.00","1500.00"
"bdep_38b48fd991de562e7920d829","bnk_38b48fd991de562e7920d829","2025-12-03","3960.88","USD","","","Bill.com         Receivable        015MOIORDARLXWA Tiger Lily School Bill.com 015MOIORDARLXWA multi","[]","0","0.00","[]","0","0.00","[]","0","0.00","[{""id"":""bdqr_bdep_38b48fd991de562e7920d829"",""bank_deposit_id"":""bdep_38b48fd991de562e7920d829"",""bank_transaction_id"":""bnk_67c346fc4b0c5797eab00d40"",""amount"":""3960.88"",""deposit_date"":""2025-12-03"",""txn_date"":""2025-12-03"",""txn_type"":""Journal"",""ref_no"":""JE #CSP Aug 2032"",""payee"":"""",""memo"":""BILL 12/03/25 AR Payments"",""qb_posting"":"""",""account"":"""",""class"":"""",""reconciliation_status"":""Reconciled"",""ambiguous"":""false""}]","1","3960.88","3960.88"
"bdep_20864229574942ed36020860","bnk_20864229574942ed36020860","2021-10-12","350","USD","","","ATM CHECK DEPOSIT              ON              10/12 1505 W LAKE ST            Minneapolis   MN  0001787           ATM ID 6993M    CARD 7365","[{""component_id"":""bdc_UueMFRa4AR_f0d5-7fJs0"",""payment_unit_id"":""pu_UueMFRa4AR_f0d5-7fJs0"",""kind"":""other"",""amount"":""350.00"",""source"":""qbo_inferred"",""source_staged_payment_id"":""UueMFRa4AR_f0d5-7fJs0"",""staged_payer"":""Wells Fargo"",""staged_date"":""2021-10-12"",""qb_deposit_id"":""17653"",""reconciliation_flag"":""ok"",""unit_kind"":""other"",""unit_evidence_id"":""UueMFRa4AR_f0d5-7fJs0""}]","1","350.00","[{""id"":""pu_UueMFRa4AR_f0d5-7fJs0"",""kind"":""other"",""evidence_id"":""UueMFRa4AR_f0d5-7fJs0"",""stripe_charge_id"":"""",""source_staged_payment_id"":""UueMFRa4AR_f0d5-7fJs0"",""gross_amount"":""350.00"",""fee_amount"":"""",""net_amount"":""350.00"",""currency"":""USD"",""received_date"":""2021-10-12"",""lifecycle"":""received""}]","1","350.00","[]","0","0.00","[]","0","0.00","0.00"
"bdep_56980db288a08e0b59639265","bnk_56980db288a08e0b59639265","2019-02-12","600","USD","","","Sunny Hollow Mon Bill.com          015PUKJZTRZA4D5 Sunny Hollow Montessori Bill.com 015PUKJZTRZA4D5","[]","0","0.00","[]","0","0.00","[]","0","0.00","[]","0","0.00","600.00"
"bdep_d0eef333d38bbebbc4c597d2","bnk_d0eef333d38bbebbc4c597d2","2022-12-30","15000","USD","","","THE 20 22 ACT    PAYMENTS          WILDFLOWER SCHO WILDFLOWER SCHOOLS","[]","0","0.00","[]","0","0.00","[]","0","0.00","[{""id"":""bdqr_bdep_d0eef333d38bbebbc4c597d2"",""bank_deposit_id"":""bdep_d0eef333d38bbebbc4c597d2"",""bank_transaction_id"":""bnk_cce090eb268b188fcbca144e"",""amount"":""15000"",""deposit_date"":""2022-12-30"",""txn_date"":""2022-12-30"",""txn_type"":""Payment"",""ref_no"":"""",""payee"":""The 20 22 ACT Society"",""memo"":"""",""qb_posting"":"""",""account"":""1503 Pledges/Services Receivable"",""class"":"""",""reconciliation_status"":""Reconciled"",""ambiguous"":""false""}]","1","15000.00","15000.00"
"bdep_40ba9369e83b8560c816d154","bnk_40ba9369e83b8560c816d154","2026-04-10","937.22","USD","","","Bill.com         Receivable        015OTUAQFXY095M Echinacea Montessori School Bill.com 015OTUAQFXY","[]","0","0.00","[]","0","0.00","[]","0","0.00","[{""id"":""bdqr_bdep_40ba9369e83b8560c816d154"",""bank_deposit_id"":""bdep_40ba9369e83b8560c816d154"",""bank_transaction_id"":""bnk_ffe9c12f7c8224afb7a55a83"",""amount"":""937.22"",""deposit_date"":""2026-04-10"",""txn_date"":""2026-04-10"",""txn_type"":""Journal"",""ref_no"":""JE Bill 4.10.26 AR"",""payee"":"""",""memo"":""BILL 04/10/26 AR Payments"",""qb_posting"":"""",""account"":"""",""class"":"""",""reconciliation_status"":""Reconciled"",""ambiguous"":""false""}]","1","937.22","937.22"
"bdep_d6e97bdb40193900c37ec518","bnk_d6e97bdb40193900c37ec518","2024-08-28","454.55","USD","","","Wildflower Monte Receivable        016JYMXLV3GOYR7 016JYMXLV3GOYR7 Wildflower Monte Bill.com Inv 79","[]","0","0.00","[]","0","0.00","[]","0","0.00","[]","0","0.00","454.55"
"bdep_699bbdb89ef05861ee2b0907","bnk_699bbdb89ef05861ee2b0907","2024-03-13","45000","USD","","","MN State-MMB     ACH               XXXXXX8856      TRN*1*XXXXXX8856*XXXXXX7162\","[]","0","0.00","[]","0","0.00","[]","0","0.00","[{""id"":""bdqr_bdep_699bbdb89ef05861ee2b0907"",""bank_deposit_id"":""bdep_699bbdb89ef05861ee2b0907"",""bank_transaction_id"":""bnk_8c58057748e82d3b3d0ea4a8"",""amount"":""45000"",""deposit_date"":""2024-03-13"",""txn_date"":""2024-03-13"",""txn_type"":""Payment"",""ref_no"":"""",""payee"":""DEED (State of MN)"",""memo"":"""",""qb_posting"":"""",""account"":""1503 Pledges/Services Receivable"",""class"":"""",""reconciliation_status"":""Reconciled"",""ambiguous"":""false""}]","1","45000.00","45000.00"
"bdep_4a2bb7bc934445683717a7d2","bnk_4a2bb7bc934445683717a7d2","2024-12-24","4523.02","USD","","","Wildflower New Y Receivable        016VGTUFK3LA8UO 016VGTUFK3LA8UO Wildflower New Y Bill.com Inv G","[]","0","0.00","[]","0","0.00","[]","0","0.00","[]","0","0.00","4523.02"
"bdep_f6d7474c729816d10ad4e856","bnk_f6d7474c729816d10ad4e856","2023-03-22","49.48","USD","","","STRIPE           TRANSFER          ST-F1L2V7B8O0I4 THE WILDFLOWER FOUNDAT","[]","0","0.00","[]","0","0.00","[{""stripe_payout_id"":""po_1MnyUcAhXr9x8yiRNrJsGp7I"",""bank_deposit_id"":""bdep_f6d7474c729816d10ad4e856"",""amount"":""49.48"",""currency"":""USD"",""arrival_date"":""2023-03-21"",""deposit_date"":""2023-03-22"",""ambiguous_bank_match"":""false"",""payer_name"":""""}]","1","49.48","[]","0","0.00","49.48"
"bdep_53c7e822382e77aef4f700d3","bnk_53c7e822382e77aef4f700d3","2024-09-05","454.55","USD","","","DC WILDFLOWER PU EFT PYMT   090424 Charter School  The Wildflower Foundat","[]","0","0.00","[]","0","0.00","[]","0","0.00","[]","0","0.00","454.55"
"bdep_7129e3714ee6de09e7d2167f","bnk_7129e3714ee6de09e7d2167f","2020-05-26","485.2","USD","","","STRIPE           TRANSFER          ST-S5H6C1F7V4U7 THE WILDFLOWER FOUNDAT","[]","0","0.00","[]","0","0.00","[]","0","0.00","[]","0","0.00","485.20"
"bdep_280d81c846fd63db6d34dd8d","bnk_280d81c846fd63db6d34dd8d","2023-02-07","34471.51","USD","","","ATM CHECK DEPOSIT              ON              02/07 4712 Chicago Ave          Minneapolis   MN  0005606           ATM ID 5819T    CARD 7365","[]","0","0.00","[]","0","0.00","[]","0","0.00","[]","0","0.00","34471.51"
"bdep_3e6facd5489484a74f761c26","bnk_3e6facd5489484a74f761c26","2021-01-25","368.21","USD","","","COMM OF MASS EFT HIST RTN   210125       XXXXX0256 THE WILDFLOWER FOUNDAT","[]","0","0.00","[]","0","0.00","[]","0","0.00","[]","0","0.00","368.21"
"bdep_38faaaeab6f485ed1b8712cc","bnk_38faaaeab6f485ed1b8712cc","2017-10-20","101500","USD","","","ATM CHECK DEPOSIT 10/20 4712 CHICAGO AVE S MINNEAPOLIS MN 5819T 7365","[{""component_id"":""bdc_M2yePjj2UXi3RcNJoiHC5"",""payment_unit_id"":""pu_M2yePjj2UXi3RcNJoiHC5"",""kind"":""other"",""amount"":""100000.00"",""source"":""qbo_inferred"",""source_staged_payment_id"":""M2yePjj2UXi3RcNJoiHC5"",""staged_payer"":""Graves Foundation"",""staged_date"":""2017-10-20"",""qb_deposit_id"":""1871"",""reconciliation_flag"":""ok"",""unit_kind"":""other"",""unit_evidence_id"":""M2yePjj2UXi3RcNJoiHC5""}]","1","100000.00","[{""id"":""pu_M2yePjj2UXi3RcNJoiHC5"",""kind"":""other"",""evidence_id"":""M2yePjj2UXi3RcNJoiHC5"",""stripe_charge_id"":"""",""source_staged_payment_id"":""M2yePjj2UXi3RcNJoiHC5"",""gross_amount"":""100000.00"",""fee_amount"":"""",""net_amount"":""100000.00"",""currency"":""USD"",""received_date"":""2017-10-20"",""lifecycle"":""received""}]","1","100000.00","[]","0","0.00","[]","0","0.00","1500.00"
"bdep_35e83eb4c83992613c786c11","bnk_35e83eb4c83992613c786c11","2019-08-07","884.4","USD","","","1330 Lagoon Aven PAYMENTS   190805 EFT-00728487    NTE*ZZZ*POFV6338FZTD5NU5VG,POU2PGXA6S6UFVEW9K,PO","[]","0","0.00","[]","0","0.00","[]","0","0.00","[]","0","0.00","884.40"
"bdep_3015d2982c695f84850b3f2f","bnk_3015d2982c695f84850b3f2f","2023-05-04","7.57","USD","","","AMZNII0K4WBE     AmazonSmil 230504 4C3D492MTCV37LE payments.amazon.com ID#4C3D492MTCV37LE","[{""component_id"":""bdc_noxLWe2OFLp52F9jVEmZI"",""payment_unit_id"":""pu_noxLWe2OFLp52F9jVEmZI"",""kind"":""other"",""amount"":""7.57"",""source"":""qbo_inferred"",""source_staged_payment_id"":""noxLWe2OFLp52F9jVEmZI"",""staged_payer"":""Amazon Smile"",""staged_date"":""2023-05-04"",""qb_deposit_id"":""24571"",""reconciliation_flag"":""ok"",""unit_kind"":""other"",""unit_evidence_id"":""noxLWe2OFLp52F9jVEmZI""}]","1","7.57","[{""id"":""pu_noxLWe2OFLp52F9jVEmZI"",""kind"":""other"",""evidence_id"":""noxLWe2OFLp52F9jVEmZI"",""stripe_charge_id"":"""",""source_staged_payment_id"":""noxLWe2OFLp52F9jVEmZI"",""gross_amount"":""7.57"",""fee_amount"":"""",""net_amount"":""7.57"",""currency"":""USD"",""received_date"":""2023-05-04"",""lifecycle"":""received""}]","1","7.57","[]","0","0.00","[]","0","0.00","0.00"
"bdep_4ac1c5dda64eb2ddd93d16f0","bnk_4ac1c5dda64eb2ddd93d16f0","2020-06-01","970.7","USD","","","STRIPE           TRANSFER          ST-Y8G2M1T2Y3E8 THE WILDFLOWER FOUNDAT","[]","0","0.00","[]","0","0.00","[]","0","0.00","[]","0","0.00","970.70"
"bdep_d0004ab8440f1aeb617c8a38","bnk_d0004ab8440f1aeb617c8a38","2025-06-02","500000","USD","","","TRANSFER FROM BRK ****9888 REF# 583136411","[]","0","0.00","[]","0","0.00","[]","0","0.00","[]","0","0.00","500000.00"
"bdep_d2bf6b9303cdfd6733a802e8","bnk_d2bf6b9303cdfd6733a802e8","2020-06-19","7.58","USD","","","STRIPE           TRANSFER          ST-U5O6M0R3T5C2 THE WILDFLOWER FOUNDAT","[]","0","0.00","[]","0","0.00","[]","0","0.00","[]","0","0.00","7.58"
"bdep_42de29c9da7ca103178d8ce1","bnk_42de29c9da7ca103178d8ce1","2025-01-22","2900","USD","","","DEPOSIT MADE IN A BRANCH/STORE","[]","0","0.00","[]","0","0.00","[]","0","0.00","[]","0","0.00","2900.00"
"bdep_ed0f15c30dfda1fcd49c4fde","bnk_ed0f15c30dfda1fcd49c4fde","2024-11-21","4523.02","USD","","","Wildflower New Y Receivable        016XCUNHZ3K1QMC 016XCUNHZ3K1QMC Wildflower New Y Bill.com Inv CS","[]","0","0.00","[]","0","0.00","[]","0","0.00","[]","0","0.00","4523.02"
"bdep_26470942cf8fa4d496b14a85","bnk_26470942cf8fa4d496b14a85","2024-12-06","1102.1","USD","","","STRIPE           TRANSFER          ST-P0H2C7W7L6N8 THE WILDFLOWER FOUNDAT","[]","0","0.00","[]","0","0.00","[{""stripe_payout_id"":""po_1QSUopAhXr9x8yiRKLBraMLZ"",""bank_deposit_id"":""bdep_26470942cf8fa4d496b14a85"",""amount"":""1102.1"",""currency"":""USD"",""arrival_date"":""2024-12-05"",""deposit_date"":""2024-12-06"",""ambiguous_bank_match"":""false"",""payer_name"":""""}]","1","1102.10","[]","0","0.00","1102.10"
"bdep_5d4a63c106616e233f47d551","bnk_5d4a63c106616e233f47d551","2022-11-21","10.04","USD","","","AMZN0OSUHO4M     AmazonSmil 221121 2Q0BG10H0NR9SHN payments.amazon.com ID#2Q0BG10H0NR9SHN","[{""component_id"":""bdc_jVwrc7wJZrvRoppWCagOt"",""payment_unit_id"":""pu_jVwrc7wJZrvRoppWCagOt"",""kind"":""other"",""amount"":""10.04"",""source"":""qbo_inferred"",""source_staged_payment_id"":""jVwrc7wJZrvRoppWCagOt"",""staged_payer"":""Amazon Smile"",""staged_date"":""2022-11-21"",""qb_deposit_id"":""22396"",""reconciliation_flag"":""ok"",""unit_kind"":""other"",""unit_evidence_id"":""jVwrc7wJZrvRoppWCagOt""}]","1","10.04","[{""id"":""pu_jVwrc7wJZrvRoppWCagOt"",""kind"":""other"",""evidence_id"":""jVwrc7wJZrvRoppWCagOt"",""stripe_charge_id"":"""",""source_staged_payment_id"":""jVwrc7wJZrvRoppWCagOt"",""gross_amount"":""10.04"",""fee_amount"":"""",""net_amount"":""10.04"",""currency"":""USD"",""received_date"":""2022-11-21"",""lifecycle"":""received""}]","1","10.04","[]","0","0.00","[]","0","0.00","0.00"
"bdep_100bc08058cf6e71369848f6","bnk_100bc08058cf6e71369848f6","2020-06-10","1517.18","USD","","","COBRA TRUST ACCT BASICPacif                        COBRA REMIT","[]","0","0.00","[]","0","0.00","[]","0","0.00","[]","0","0.00","1517.18"
"bdep_5c026f33e0778d4859f3466f","bnk_5c026f33e0778d4859f3466f","2017-09-01","1000","USD","","","ATM CHECK DEPOSIT 09/01 1505 WEST LAKE ST MINNEAPOLIS MN 6993M 7365","[{""component_id"":""bdc_G2qaJhrpocRChJ4skrYuf"",""payment_unit_id"":""pu_G2qaJhrpocRChJ4skrYuf"",""kind"":""other"",""amount"":""1000.00"",""source"":""qbo_inferred"",""source_staged_payment_id"":""G2qaJhrpocRChJ4skrYuf"",""staged_payer"":""matthew.kramer@wildflowerschools.org"",""staged_date"":""2017-09-01"",""qb_deposit_id"":""1332"",""reconciliation_flag"":""ok"",""unit_kind"":""other"",""unit_evidence_id"":""G2qaJhrpocRChJ4skrYuf""}]","1","1000.00","[{""id"":""pu_G2qaJhrpocRChJ4skrYuf"",""kind"":""other"",""evidence_id"":""G2qaJhrpocRChJ4skrYuf"",""stripe_charge_id"":"""",""source_staged_payment_id"":""G2qaJhrpocRChJ4skrYuf"",""gross_amount"":""1000.00"",""fee_amount"":"""",""net_amount"":""1000.00"",""currency"":""USD"",""received_date"":""2017-09-01"",""lifecycle"":""received""}]","1","1000.00","[]","0","0.00","[]","0","0.00","0.00"
"bdep_c6c509c09286ab70c8c282a5","bnk_c6c509c09286ab70c8c282a5","2020-05-18","774.72","USD","","","CLIENT ANALYSIS  SRVC CHRG  200515  REV CHGE 0420  000005510788945","[]","0","0.00","[]","0","0.00","[]","0","0.00","[]","0","0.00","774.72"
"bdep_c9b61a63f6c54b372919bb1b","bnk_c9b61a63f6c54b372919bb1b","2021-06-09","6750","USD","","","ATM CHECK DEPOSIT              ON              06/09 1505 WEST LAKE ST         Minneapolis   MN  0000976           ATM ID 6991L    CARD 7365","[]","0","0.00","[]","0","0.00","[]","0","0.00","[{""id"":""bdqr_bdep_c9b61a63f6c54b372919bb1b"",""bank_deposit_id"":""bdep_c9b61a63f6c54b372919bb1b"",""bank_transaction_id"":""bnk_2a4345616d52d52634a53821"",""amount"":""6750"",""deposit_date"":""2021-06-09"",""txn_date"":""2021-06-09"",""txn_type"":""Payment"",""ref_no"":"""",""payee"":""Yu Ming Charter Schools"",""memo"":"""",""qb_posting"":"""",""account"":""1503 Pledges/Services Receivable"",""class"":"""",""reconciliation_status"":""Reconciled"",""ambiguous"":""false""}]","1","6750.00","6750.00"
"bdep_3c40a86a854de77149528184","bnk_3c40a86a854de77149528184","2020-09-09","485.2","USD","","","STRIPE           TRANSFER          ST-G3Y7L1Z9F2F5 THE WILDFLOWER FOUNDAT","[]","0","0.00","[]","0","0.00","[]","0","0.00","[]","0","0.00","485.20"
"bdep_99c5612541a63a842cb0b1bd","bnk_99c5612541a63a842cb0b1bd","2020-08-04","546.02","USD","","","STRIPE           TRANSFER          ST-M7S7L7N4X9B3 THE WILDFLOWER FOUNDAT","[]","0","0.00","[]","0","0.00","[]","0","0.00","[]","0","0.00","546.02"
"bdep_4f4757402e040708db17d65e","bnk_4f4757402e040708db17d65e","2019-04-24","629.25","USD","","","1330 Lagoon Aven PAYMENTS   190423 EFT-00563305    NTE*ZZZ*91ZJ1JMSP02-Feb19-Apr19,I699UTMSP02.Apr1","[]","0","0.00","[]","0","0.00","[]","0","0.00","[]","0","0.00","629.25"
"bdep_514d6e81eeea55d7f316beb9","bnk_514d6e81eeea55d7f316beb9","2026-03-13","4623.55","USD","","","Minnesota Wildfl Receivable        016ZODLZG41DWX4 016ZODLZG41DWX4 Minnesota Wildfl Bill.com Inv TW","[]","0","0.00","[]","0","0.00","[]","0","0.00","[{""id"":""bdqr_bdep_514d6e81eeea55d7f316beb9"",""bank_deposit_id"":""bdep_514d6e81eeea55d7f316beb9"",""bank_transaction_id"":""bnk_3b4c65025ed4b7c197667291"",""amount"":""4623.55"",""deposit_date"":""2026-03-13"",""txn_date"":""2026-03-13"",""txn_type"":""Payment"",""ref_no"":""P26031101 - 8086265"",""payee"":""Minnesota Wildflower Montessori School"",""memo"":""March Invoice Pymt via ACH"",""qb_posting"":"""",""account"":""1503 Pledges/Services Receivable"",""class"":"""",""reconciliation_status"":""Reconciled"",""ambiguous"":""false""}]","1","4623.55","4623.55"
"bdep_99ef81276f58c0ecddf164b1","bnk_99ef81276f58c0ecddf164b1","2024-09-06","3945.85","USD","","","DC WILDFLOWER PU EFT PYMT   090524 Charter School  The Wildflower Foundat","[]","0","0.00","[]","0","0.00","[]","0","0.00","[]","0","0.00","3945.85"
"bdep_6ccaa9f7f91a1911294a0100","bnk_6ccaa9f7f91a1911294a0100","2025-11-17","4864.55","USD","","","Bill.com         Receivable        015UWJZQAPQSGJE Multiple Payments Bill.com Receivables 015UWJZQA","[]","0","0.00","[]","0","0.00","[]","0","0.00","[{""id"":""bdqr_bdep_6ccaa9f7f91a1911294a0100"",""bank_deposit_id"":""bdep_6ccaa9f7f91a1911294a0100"",""bank_transaction_id"":""bnk_9f235c821eb839c5ecd35522"",""amount"":""4864.55"",""deposit_date"":""2025-11-17"",""txn_date"":""2025-11-17"",""txn_type"":""Journal"",""ref_no"":""BILL 11/17/25 AR Pmt"",""payee"":"""",""memo"":""BILL 11/17/25 AR Payments"",""qb_posting"":"""",""account"":"""",""class"":"""",""reconciliation_status"":""Reconciled"",""ambiguous"":""false""}]","1","4864.55","4864.55"
"bdep_0ac75a943e6564ae3df831c9","bnk_0ac75a943e6564ae3df831c9","2024-11-25","24.82","USD","","","STRIPE           TRANSFER          ST-R5D6J5Y9K2L9 THE WILDFLOWER FOUNDAT","[]","0","0.00","[]","0","0.00","[{""stripe_payout_id"":""po_1QOUp8AhXr9x8yiR7y3DBEdl"",""bank_deposit_id"":""bdep_0ac75a943e6564ae3df831c9"",""amount"":""24.82"",""currency"":""USD"",""arrival_date"":""2024-11-24"",""deposit_date"":""2024-11-25"",""ambiguous_bank_match"":""false"",""payer_name"":""""}]","1","24.82","[]","0","0.00","24.82"
"bdep_0c0766161e1eea729e3d5b62","bnk_0c0766161e1eea729e3d5b62","2020-02-27","240","USD","","","INTUIT PYMT SOLN DEPOSIT    200227 524771997507722 THE WILDFLOWER FOUNDAT","[]","0","0.00","[]","0","0.00","[]","0","0.00","[{""id"":""bdqr_bdep_0c0766161e1eea729e3d5b62"",""bank_deposit_id"":""bdep_0c0766161e1eea729e3d5b62"",""bank_transaction_id"":""bnk_c64cb6776125aabc6ad204f6"",""amount"":""240"",""deposit_date"":""2020-02-27"",""txn_date"":""2020-02-26"",""txn_type"":""Deposit"",""ref_no"":"""",""payee"":""Loan - Echinacea"",""memo"":""System-recorded deposit for QuickBooks Payments"",""qb_posting"":"""",""account"":""1501 Undeposited Funds"",""class"":"""",""reconciliation_status"":""Reconciled"",""ambiguous"":""false""}]","1","240.00","240.00"
"bdep_af35f9b7ab55fac9bc3d8138","bnk_af35f9b7ab55fac9bc3d8138","2020-05-29","2500","USD","","","ASTER MONTESSORI JUNE 2020                         Wildflower Foundation","[]","0","0.00","[]","0","0.00","[]","0","0.00","[]","0","0.00","2500.00"
"bdep_da70f9d3607e30f1d4784f93","bnk_da70f9d3607e30f1d4784f93","2025-10-17","4623.66","USD","","","Minnesota Wildfl Receivable        016BOAYFC3W4QM1 016BOAYFC3W4QM1 Minnesota Wildfl Bill.com For In","[]","0","0.00","[]","0","0.00","[]","0","0.00","[]","0","0.00","4623.66"
"bdep_3202c0832ca13a3034028bfd","bnk_3202c0832ca13a3034028bfd","2022-07-01","12245.3","USD","","","DC WILDFLOWER PU EFT PYMT   063022 Charter School  The Wildflower Foundat","[]","0","0.00","[]","0","0.00","[]","0","0.00","[]","0","0.00","12245.30"
"bdep_91b4b52b78753bbe8be55fbf","bnk_91b4b52b78753bbe8be55fbf","2020-07-31","49.62","USD","","","PAYPAL           TRANSFER   200731 1009846174581   THE WILDFLOWER FOUNDAT","[]","0","0.00","[]","0","0.00","[]","0","0.00","[]","0","0.00","49.62"
"bdep_eeb1036c9bb6dffaa5a503d1","bnk_eeb1036c9bb6dffaa5a503d1","2025-11-05","50","USD","","","WT FED#02L01 JPMORGAN CHASE BAN    /ORG=BROADSTREET IMPACT SERVICES, LLC              SRF#        XXXXXX0309JO TRN#XXXXXXXX9094  RFB#        XXXXXX0309JO","[]","0","0.00","[]","0","0.00","[]","0","0.00","[]","0","0.00","50.00"
"bdep_23a72ed89a444f7f85da3142","bnk_23a72ed89a444f7f85da3142","2025-06-06","454.55","USD","","","Lilac Montessori Receivable        016JPQLNH3R9HA4 016JPQLNH3R9HA4 Lilac Montessori Bill.com Inv TW","[]","0","0.00","[]","0","0.00","[]","0","0.00","[]","0","0.00","454.55"
"bdep_5b5a83053105e6186ee46764","bnk_5b5a83053105e6186ee46764","2020-06-09","1124.56","USD","","","STRIPE           TRANSFER          ST-A8A6B9I9O7L8 THE WILDFLOWER FOUNDAT","[]","0","0.00","[]","0","0.00","[]","0","0.00","[]","0","0.00","1124.56"
"bdep_f1f55dbae834c25368d16e9b","bnk_f1f55dbae834c25368d16e9b","2019-02-13","237.5","USD","","","INTUIT PYMT SOLN DEPOSIT    190213 524771997507722 THE WILDFLOWER FOUNDAT","[]","0","0.00","[]","0","0.00","[]","0","0.00","[{""id"":""bdqr_bdep_f1f55dbae834c25368d16e9b"",""bank_deposit_id"":""bdep_f1f55dbae834c25368d16e9b"",""bank_transaction_id"":""bnk_5484ac15c71c32bbc80914aa"",""amount"":""237.5"",""deposit_date"":""2019-02-13"",""txn_date"":""2019-02-12"",""txn_type"":""Deposit"",""ref_no"":"""",""payee"":""Loan - Sweet Pea Montessori"",""memo"":""System-recorded deposit for QuickBooks Payments"",""qb_posting"":"""",""account"":""1501 Undeposited Funds"",""class"":"""",""reconciliation_status"":""Reconciled"",""ambiguous"":""false""}]","1","237.50","237.50"
"bdep_c19b06a6793c05dea9b73a5f","bnk_c19b06a6793c05dea9b73a5f","2022-04-12","60.62","USD","","","GUSTO            TAX 077877 220412 6semjrhfelf     The Wildflower Foundat","[]","0","0.00","[]","0","0.00","[]","0","0.00","[]","0","0.00","60.62"
"bdep_d5f8f132c53150ea14add392","bnk_d5f8f132c53150ea14add392","2022-07-27","694.93","USD","","","STRIPE           TRANSFER          ST-U6U6G8Z2X0L4 THE WILDFLOWER FOUNDAT","[]","0","0.00","[]","0","0.00","[{""stripe_payout_id"":""po_1LPdo3AhXr9x8yiRwQyyyDkn"",""bank_deposit_id"":""bdep_d5f8f132c53150ea14add392"",""amount"":""694.93"",""currency"":""USD"",""arrival_date"":""2022-07-26"",""deposit_date"":""2022-07-27"",""ambiguous_bank_match"":""false"",""payer_name"":""""}]","1","694.93","[]","0","0.00","694.93"
"bdep_4f0fa91363c77f4b9afa8ce2","bnk_4f0fa91363c77f4b9afa8ce2","2025-01-27","2522.44","USD","","","Wild Rose Montes Receivable        016AUHZCI3MD1TF 016AUHZCI3MD1TF Wild Rose Montes Bill.com Inv 17","[]","0","0.00","[]","0","0.00","[]","0","0.00","[]","0","0.00","2522.44"
"bdep_2ef8dfddcce119831b353c60","bnk_2ef8dfddcce119831b353c60","2024-12-19","75000","USD","","","Bainum Family Fo Receivable        016KPZTMI3L3MJ0 016KPZTMI3L3MJ0 Bainum Family Fo Bill.com Inv G","[{""component_id"":""bdc_6PbCI2djPRmGLSbn4NrZV"",""payment_unit_id"":""pu_6PbCI2djPRmGLSbn4NrZV"",""kind"":""check"",""amount"":""75000.00"",""source"":""qbo_inferred"",""source_staged_payment_id"":""6PbCI2djPRmGLSbn4NrZV"",""staged_payer"":""Bainum Family Foundation"",""staged_date"":""2024-12-18"",""qb_deposit_id"":""31642"",""reconciliation_flag"":""ok"",""unit_kind"":""check"",""unit_evidence_id"":""6PbCI2djPRmGLSbn4NrZV""}]","1","75000.00","[{""id"":""pu_6PbCI2djPRmGLSbn4NrZV"",""kind"":""check"",""evidence_id"":""6PbCI2djPRmGLSbn4NrZV"",""stripe_charge_id"":"""",""source_staged_payment_id"":""6PbCI2djPRmGLSbn4NrZV"",""gross_amount"":""75000.00"",""fee_amount"":"""",""net_amount"":""75000.00"",""currency"":""USD"",""received_date"":""2024-12-18"",""lifecycle"":""received""}]","1","75000.00","[]","0","0.00","[]","0","0.00","0.00"
"bdep_a33014ee5183a98a12d82dc2","bnk_a33014ee5183a98a12d82dc2","2020-02-13","237.5","USD","","","INTUIT PYMT SOLN DEPOSIT    200213 524771997507722 THE WILDFLOWER FOUNDAT","[]","0","0.00","[]","0","0.00","[]","0","0.00","[{""id"":""bdqr_bdep_a33014ee5183a98a12d82dc2"",""bank_deposit_id"":""bdep_a33014ee5183a98a12d82dc2"",""bank_transaction_id"":""bnk_d6fadc977a7c4d63780eb0bc"",""amount"":""237.5"",""deposit_date"":""2020-02-13"",""txn_date"":""2020-02-12"",""txn_type"":""Deposit"",""ref_no"":"""",""payee"":""Loan - Sweet Pea Montessori"",""memo"":""System-recorded deposit for QuickBooks Payments"",""qb_posting"":"""",""account"":""1501 Undeposited Funds"",""class"":"""",""reconciliation_status"":""Reconciled"",""ambiguous"":""false""}]","1","237.50","237.50"
"bdep_f2990d3346a6a2c3ba6bcf92","bnk_f2990d3346a6a2c3ba6bcf92","2025-05-23","4523.02","USD","","","Wildflower New Y Receivable        016TPFBUH3QQV36 016TPFBUH3QQV36 Wildflower New Y Bill.com Inv TW","[]","0","0.00","[]","0","0.00","[]","0","0.00","[]","0","0.00","4523.02"
"bdep_8fa6ad6193cee9f570dd0e45","bnk_8fa6ad6193cee9f570dd0e45","2026-02-17","500","USD","","","STRIPE           TRANSFER          ST-H0E0A5U4X8L1 THE WILDFLOWER FOUNDAT","[]","0","0.00","[]","0","0.00","[{""stripe_payout_id"":""po_1T1cD1AhXr9x8yiRQT1LN97U"",""bank_deposit_id"":""bdep_8fa6ad6193cee9f570dd0e45"",""amount"":""500"",""currency"":""USD"",""arrival_date"":""2026-02-16"",""deposit_date"":""2026-02-17"",""ambiguous_bank_match"":""false"",""payer_name"":""""}]","1","500.00","[]","0","0.00","500.00"
"bdep_7efda554fcac52ac30d1d524","bnk_7efda554fcac52ac30d1d524","2024-08-28","545.45","USD","","","Rain Lily Montes Receivable        016LUDNUP3GOYR8 016LUDNUP3GOYR8 Rain Lily Montes Bill.com Inv 79","[]","0","0.00","[]","0","0.00","[]","0","0.00","[]","0","0.00","545.45"
"bdep_16460fd6a993964887a30ae9","bnk_16460fd6a993964887a30ae9","2018-01-08","1741.67","USD","","","INTUIT PYMT SOLN DEPOSIT 180107 524771997507722 THE WILDFLOWER FOUNDAT","[]","0","0.00","[]","0","0.00","[]","0","0.00","[{""id"":""bdqr_bdep_16460fd6a993964887a30ae9"",""bank_deposit_id"":""bdep_16460fd6a993964887a30ae9"",""bank_transaction_id"":""bnk_f6d387ca3f0a9471d6d23e66"",""amount"":""1741.67"",""deposit_date"":""2018-01-08"",""txn_date"":""2018-01-06"",""txn_type"":""Deposit"",""ref_no"":"""",""payee"":"""",""memo"":""System-recorded deposit for QuickBooks Payments"",""qb_posting"":"""",""account"":"""",""class"":"""",""reconciliation_status"":""Reconciled"",""ambiguous"":""false""}]","1","1741.67","1741.67"
"bdep_c1d2b6288ffcc8d527f825b7","bnk_c1d2b6288ffcc8d527f825b7","2024-08-28","1282.33","USD","","","Urban Village Mo Receivable        016QOCEWP3GOYR9 016QOCEWP3GOYR9 Urban Village Mo Bill.com Inv 79","[]","0","0.00","[]","0","0.00","[]","0","0.00","[]","0","0.00","1282.33"
"bdep_50b2b0ad970b6bd620bfd3c9","bnk_50b2b0ad970b6bd620bfd3c9","2026-02-04","50","USD","","","WT FED#02M02 JPMORGAN CHASE BAN    /ORG=BROADSTREET IMPACT SERVICES, LLC              SRF#        XXXXXX0035JO TRN#XXXXXXXX0048  RFB#     ATS OF 26/02/04","[]","0","0.00","[]","0","0.00","[]","0","0.00","[]","0","0.00","50.00"
"bdep_98720bda3d8b595af2128348","bnk_98720bda3d8b595af2128348","2020-07-24","975.57","USD","","","STRIPE           TRANSFER          ST-D7U6K2Z1O9Z6 THE WILDFLOWER FOUNDAT","[]","0","0.00","[]","0","0.00","[]","0","0.00","[]","0","0.00","975.57"
"bdep_c6ed395c75ad99cd7fa1c2fd","bnk_c6ed395c75ad99cd7fa1c2fd","2020-04-13","500000","USD","","","WT FED#04834 OUTGOING MASTER TR    /ORG=ARTHUR ROCK 2000 TR - HLDGS                   SRF#    2020041300707481 TRN#200413145226  RFB#           471584001","[]","0","0.00","[]","0","0.00","[]","0","0.00","[]","0","0.00","500000.00"
"bdep_8e4cc11dd3b7f2407365b6ed","bnk_8e4cc11dd3b7f2407365b6ed","2023-08-30","133.6","USD","","","MBI              SETL       230829 MED-I-BANK      MED-I-BANK","[]","0","0.00","[]","0","0.00","[]","0","0.00","[]","0","0.00","133.60"
"bdep_705688631a11e2adc7540897","bnk_705688631a11e2adc7540897","2021-12-13","2912.59","USD","","","ATM CHECK DEPOSIT              ON              12/13 1505 W Lake St            Minneapolis   MN  0009524           ATM ID 6991J    CARD 7365","[]","0","0.00","[]","0","0.00","[]","0","0.00","[]","0","0.00","2912.59"
"bdep_33055963661b328fec6f24d0","bnk_33055963661b328fec6f24d0","2026-06-12","4990.56","USD","","","Wildflower New Y Receivable        016XOFLGR454VYW 016XOFLGR454VYW Wildflower New Y Bill.com Inv TW","[]","0","0.00","[]","0","0.00","[]","0","0.00","[{""id"":""bdqr_bdep_33055963661b328fec6f24d0"",""bank_deposit_id"":""bdep_33055963661b328fec6f24d0"",""bank_transaction_id"":""bnk_0da7125a660443e39c494326"",""amount"":""4990.56"",""deposit_date"":""2026-06-12"",""txn_date"":""2026-06-11"",""txn_type"":""Payment"",""ref_no"":""P26061002 - 9801339"",""payee"":""Wildflower New York Charter School"",""memo"":""Inv TWF - May Invoice037"",""qb_posting"":"""",""account"":""1503 Pledges/Services Receivable"",""class"":"""",""reconciliation_status"":""Reconciled"",""ambiguous"":""false""}]","1","4990.56","4990.56"
"bdep_0250b6a42129c140aeff3fa7","bnk_0250b6a42129c140aeff3fa7","2019-11-29","2500","USD","","","ASTER MONTESSORI DEC19                             Wildflower Foundation","[]","0","0.00","[]","0","0.00","[]","0","0.00","[{""id"":""bdqr_bdep_0250b6a42129c140aeff3fa7"",""bank_deposit_id"":""bdep_0250b6a42129c140aeff3fa7"",""bank_transaction_id"":""bnk_77363324e9e05ed86e563c18"",""amount"":""2500"",""deposit_date"":""2019-11-29"",""txn_date"":""2019-11-29"",""txn_type"":""Payment"",""ref_no"":"""",""payee"":""Loan - Aster"",""memo"":"""",""qb_posting"":"""",""account"":""1503 Pledges/Services Receivable"",""class"":"""",""reconciliation_status"":""Reconciled"",""ambiguous"":""false""}]","1","2500.00","2500.00"
"bdep_8de2c318df96517a3ccfb58f","bnk_8de2c318df96517a3ccfb58f","2026-07-01","300000","USD","","","TRANSFER FROM BRK ****9888 REF# 631507914","[]","0","0.00","[]","0","0.00","[]","0","0.00","[]","0","0.00","300000.00"
"bdep_89a315f57ba0313a211fee5d","bnk_89a315f57ba0313a211fee5d","2025-01-08","6780","USD","","","WT FED#08174 PERSHING LLC          /ORG=TIMBER CAPITAL, LLC 5835 E. 1200 S.           SRF#    F3SXXXXXXXX11700 TRN#XXXXXXXX4092  RFB#","[]","0","0.00","[]","0","0.00","[]","0","0.00","[{""id"":""bdqr_bdep_89a315f57ba0313a211fee5d"",""bank_deposit_id"":""bdep_89a315f57ba0313a211fee5d"",""bank_transaction_id"":""bnk_497860924c81aea4c0a08387"",""amount"":""6780"",""deposit_date"":""2025-01-08"",""txn_date"":""2025-01-08"",""txn_type"":""Payment"",""ref_no"":"""",""payee"":""Timber Capital"",""memo"":"""",""qb_posting"":"""",""account"":""1503 Pledges/Services Receivable"",""class"":"""",""reconciliation_status"":""Reconciled"",""ambiguous"":""false""}]","1","6780.00","6780.00"
"bdep_84d369468200dd3eebffcebf","bnk_84d369468200dd3eebffcebf","2021-02-25","198114.04","USD","","","ATM CHECK DEPOSIT              ON              02/25 1505 WEST LAKE ST         Minneapolis   MN  0001211           ATM ID 6991J    CARD 7365","[]","0","0.00","[]","0","0.00","[]","0","0.00","[]","0","0.00","198114.04"
"bdep_a4faac8ec741ca4540a67be2","bnk_a4faac8ec741ca4540a67be2","2021-02-19","9.92","USD","","","STRIPE           TRANSFER          ST-A7A6D7K7P6R4 THE WILDFLOWER FOUNDAT","[]","0","0.00","[]","0","0.00","[]","0","0.00","[]","0","0.00","9.92"
"bdep_e2f7d2ccbbc7beae35042888","bnk_e2f7d2ccbbc7beae35042888","2021-03-10","70000","USD","","","NEXUS COMMUNITY  BVC PYMT   210310                 TBLMF GRANT","[]","0","0.00","[]","0","0.00","[]","0","0.00","[{""id"":""bdqr_bdep_e2f7d2ccbbc7beae35042888"",""bank_deposit_id"":""bdep_e2f7d2ccbbc7beae35042888"",""bank_transaction_id"":""bnk_55a2c12b84481571d02b92b1"",""amount"":""70000"",""deposit_date"":""2021-03-10"",""txn_date"":""2021-03-10"",""txn_type"":""Payment"",""ref_no"":"""",""payee"":""Nexus Community"",""memo"":"""",""qb_posting"":"""",""account"":""1503 Pledges/Services Receivable"",""class"":"""",""reconciliation_status"":""Reconciled"",""ambiguous"":""false""}]","1","70000.00","70000.00"
"bdep_f95b7adb662cd419adee93b6","bnk_f95b7adb662cd419adee93b6","2019-02-14","121.8","USD","","","MSP02 - 1330 Lag PAYMENTS   190213 EFT-00465656    NTE*ZZZ*91ZJ1JMSP02-Jan19,\","[]","0","0.00","[]","0","0.00","[]","0","0.00","[]","0","0.00","121.80"
"bdep_6f1da83480f2c919547cefc0","bnk_6f1da83480f2c919547cefc0","2025-06-25","500000","USD","","","ATM CHECK DEPOSIT              ON              06/25 4712 Chicago Ave          Minneapolis   MN  0009735           ATM ID 5819T    CARD 0628","[]","0","0.00","[]","0","0.00","[]","0","0.00","[{""id"":""bdqr_bdep_6f1da83480f2c919547cefc0"",""bank_deposit_id"":""bdep_6f1da83480f2c919547cefc0"",""bank_transaction_id"":""bnk_eb38bd7229f5688ecba8d546"",""amount"":""500000"",""deposit_date"":""2025-06-25"",""txn_date"":""2025-06-25"",""txn_type"":""Payment"",""ref_no"":"""",""payee"":""Stand Together Trust"",""memo"":"""",""qb_posting"":"""",""account"":""1503 Pledges/Services Receivable"",""class"":"""",""reconciliation_status"":""Reconciled"",""ambiguous"":""false""}]","1","500000.00","500000.00"
"bdep_8622c5fcb1253958ba600599","bnk_8622c5fcb1253958ba600599","2025-11-03","125000","USD","","","FIDELITY INVESTM GrantPaymt Date   3223645         WILDFLOWER FOUNDATION","[{""component_id"":""bdc_avmnGV8NYqWhX_b8E4QbD"",""payment_unit_id"":""pu_avmnGV8NYqWhX_b8E4QbD"",""kind"":""other"",""amount"":""125000.00"",""source"":""qbo_inferred"",""source_staged_payment_id"":""avmnGV8NYqWhX_b8E4QbD"",""staged_payer"":""Anonymous"",""staged_date"":""2025-11-03"",""qb_deposit_id"":""36581"",""reconciliation_flag"":""ok"",""unit_kind"":""other"",""unit_evidence_id"":""avmnGV8NYqWhX_b8E4QbD""}]","1","125000.00","[{""id"":""pu_avmnGV8NYqWhX_b8E4QbD"",""kind"":""other"",""evidence_id"":""avmnGV8NYqWhX_b8E4QbD"",""stripe_charge_id"":"""",""source_staged_payment_id"":""avmnGV8NYqWhX_b8E4QbD"",""gross_amount"":""125000.00"",""fee_amount"":"""",""net_amount"":""125000.00"",""currency"":""USD"",""received_date"":""2025-11-03"",""lifecycle"":""received""}]","1","125000.00","[]","0","0.00","[]","0","0.00","0.00"
"bdep_6799ba890b1ac783bd14c19d","bnk_6799ba890b1ac783bd14c19d","2021-04-29","582.56","USD","","","IRS              HIST RTN   210429 270151750907867 WILDFLOWER FOUNDATION","[]","0","0.00","[]","0","0.00","[]","0","0.00","[]","0","0.00","582.56"
"bdep_1e3f5c11279d5279992b76c5","bnk_1e3f5c11279d5279992b76c5","2019-04-02","1212.85","USD","","","STRIPE           TRANSFER          ST-H3T9L7S0G0B2 X","[]","0","0.00","[]","0","0.00","[]","0","0.00","[]","0","0.00","1212.85"
"bdep_defd0be9a60676a48cfdffc9","bnk_defd0be9a60676a48cfdffc9","2018-08-17","284375","USD","","","WALTON FAM FDN GRANT PMT 62054 GRANT 2017-1205","[{""component_id"":""bdc_-H-SjZsuUmbtrUpxWOEBb"",""payment_unit_id"":""pu_-H-SjZsuUmbtrUpxWOEBb"",""kind"":""other"",""amount"":""284375.00"",""source"":""qbo_inferred"",""source_staged_payment_id"":""-H-SjZsuUmbtrUpxWOEBb"",""staged_payer"":""Walton Family Foundation"",""staged_date"":""2018-08-17"",""qb_deposit_id"":""4115"",""reconciliation_flag"":""ok"",""unit_kind"":""other"",""unit_evidence_id"":""-H-SjZsuUmbtrUpxWOEBb""}]","1","284375.00","[{""id"":""pu_-H-SjZsuUmbtrUpxWOEBb"",""kind"":""other"",""evidence_id"":""-H-SjZsuUmbtrUpxWOEBb"",""stripe_charge_id"":"""",""source_staged_payment_id"":""-H-SjZsuUmbtrUpxWOEBb"",""gross_amount"":""284375.00"",""fee_amount"":"""",""net_amount"":""284375.00"",""currency"":""USD"",""received_date"":""2018-08-17"",""lifecycle"":""received""}]","1","284375.00","[]","0","0.00","[]","0","0.00","0.00"
"bdep_ad015efd7ebf40b0b342c57b","bnk_ad015efd7ebf40b0b342c57b","2026-03-11","191.99","USD","","","STRIPE           TRANSFER          ST-N5X7Q1T6S0B3 THE WILDFLOWER FOUNDAT","[]","0","0.00","[]","0","0.00","[{""stripe_payout_id"":""po_1T9afVAhXr9x8yiRskDL4F35"",""bank_deposit_id"":""bdep_ad015efd7ebf40b0b342c57b"",""amount"":""191.99"",""currency"":""USD"",""arrival_date"":""2026-03-10"",""deposit_date"":""2026-03-11"",""ambiguous_bank_match"":""false"",""payer_name"":""""}]","1","191.99","[]","0","0.00","191.99"
"bdep_68dbba68a64cd81103ec1adf","bnk_68dbba68a64cd81103ec1adf","2022-01-24","1611.67","USD","","","BasicBenef4347   BASICCOBRA                        The Wildflower Foundat","[]","0","0.00","[]","0","0.00","[]","0","0.00","[]","0","0.00","1611.67"
"bdep_b954843e6217256f84cea423","bnk_b954843e6217256f84cea423","2019-01-23","1604.17","USD","","","INTUIT PYMT SOLN DEPOSIT    190123 524771997507722 THE WILDFLOWER FOUNDAT","[]","0","0.00","[]","0","0.00","[]","0","0.00","[{""id"":""bdqr_bdep_b954843e6217256f84cea423"",""bank_deposit_id"":""bdep_b954843e6217256f84cea423"",""bank_transaction_id"":""bnk_6b69d10c325dc96b4f597e53"",""amount"":""1604.17"",""deposit_date"":""2019-01-23"",""txn_date"":""2019-01-22"",""txn_type"":""Deposit"",""ref_no"":"""",""payee"":""Loan - Wildflower"",""memo"":""System-recorded deposit for QuickBooks Payments"",""qb_posting"":"""",""account"":""1501 Undeposited Funds"",""class"":"""",""reconciliation_status"":""Reconciled"",""ambiguous"":""false""}]","1","1604.17","1604.17"
"bdep_117a92ab70504a5698351946","bnk_117a92ab70504a5698351946","2026-01-26","103599.75","USD","","","ONLINE TRANSFER OCT 2025 PAYROLL CSP REF #BB0WLW8DPR","[]","0","0.00","[]","0","0.00","[]","0","0.00","[{""id"":""bdqr_bdep_117a92ab70504a5698351946"",""bank_deposit_id"":""bdep_117a92ab70504a5698351946"",""bank_transaction_id"":""bnk_8eef6bf11516484f976a9d69"",""amount"":""103599.75"",""deposit_date"":""2026-01-26"",""txn_date"":""2026-01-26"",""txn_type"":""Transfer"",""ref_no"":"""",""payee"":"""",""memo"":""Transfer from CSP"",""qb_posting"":"""",""account"":""TWF CSP Rep grant (1340) - 2"",""class"":"""",""reconciliation_status"":""Reconciled"",""ambiguous"":""false""}]","1","103599.75","103599.75"
"bdep_26d0e079e6302024110ec9ef","bnk_26d0e079e6302024110ec9ef","2020-03-10","1517.18","USD","","","COBRA TRUST ACCT BASICPacif                        COBRA REMIT","[]","0","0.00","[]","0","0.00","[]","0","0.00","[]","0","0.00","1517.18"
"bdep_a9c4ce23b4a725ed5fdb9475","bnk_a9c4ce23b4a725ed5fdb9475","2018-11-01","1820","USD","","","INTUIT PYMT SOLN DEPOSIT    181101 524771997507722 THE WILDFLOWER FOUNDAT 201811011","[]","0","0.00","[]","0","0.00","[]","0","0.00","[{""id"":""bdqr_bdep_a9c4ce23b4a725ed5fdb9475"",""bank_deposit_id"":""bdep_a9c4ce23b4a725ed5fdb9475"",""bank_transaction_id"":""bnk_6c75ca2880caa079247bb1d3"",""amount"":""1820"",""deposit_date"":""2018-11-01"",""txn_date"":""2018-10-31"",""txn_type"":""Deposit"",""ref_no"":"""",""payee"":""Loan - Wild Rose"",""memo"":""System-recorded deposit for QuickBooks Payments"",""qb_posting"":"""",""account"":""1501 Undeposited Funds"",""class"":"""",""reconciliation_status"":""Reconciled"",""ambiguous"":""false""}]","1","1820.00","1820.00"
"bdep_e03791e8053d447abcae93cb","bnk_e03791e8053d447abcae93cb","2021-03-30","10000","USD","","","ATM CHECK DEPOSIT              ON              03/30 1505 WEST LAKE ST         Minneapolis   MN  0007345           ATM ID 6991J    CARD 7365","[]","0","0.00","[]","0","0.00","[]","0","0.00","[]","0","0.00","10000.00"
"bdep_62f4cbcc3908bf354577def9","bnk_62f4cbcc3908bf354577def9","2025-12-24","4621.9","USD","","","Bill.com         VoidPaymnt        015JILHFGXSOZN9   Fab Ideas Coop Bill.com 015JILHFGXSOZN9 Inv 25","[]","0","0.00","[]","0","0.00","[]","0","0.00","[{""id"":""bdqr_bdep_62f4cbcc3908bf354577def9"",""bank_deposit_id"":""bdep_62f4cbcc3908bf354577def9"",""bank_transaction_id"":""bnk_e6850848f4b62624ced660cd"",""amount"":""4621.9"",""deposit_date"":""2025-12-24"",""txn_date"":""2025-12-24"",""txn_type"":""Journal"",""ref_no"":""JE# CSP Oct 2028"",""payee"":"""",""memo"":""BILL 12/24/25 Credit P25100701 - 9802447"",""qb_posting"":"""",""account"":"""",""class"":"""",""reconciliation_status"":""Reconciled"",""ambiguous"":""false""}]","1","4621.90","4621.90"
"bdep_334c7e1a76918376c3506842","bnk_334c7e1a76918376c3506842","2018-01-19","120000","USD","","","WALTON FAM FDN GRANT PMT 59589 GRANT 2017-430","[]","0","0.00","[]","0","0.00","[]","0","0.00","[{""id"":""bdqr_bdep_334c7e1a76918376c3506842"",""bank_deposit_id"":""bdep_334c7e1a76918376c3506842"",""bank_transaction_id"":""bnk_9090458a03d15ed49ac59a46"",""amount"":""120000"",""deposit_date"":""2018-01-19"",""txn_date"":""2018-01-19"",""txn_type"":""Payment"",""ref_no"":"""",""payee"":""Walton Family Foundation"",""memo"":"""",""qb_posting"":"""",""account"":""1503 Pledges/Services Receivable"",""class"":"""",""reconciliation_status"":""Reconciled"",""ambiguous"":""false""}]","1","120000.00","120000.00"
"bdep_8601a1212cfad8243ecb3433","bnk_8601a1212cfad8243ecb3433","2023-10-19","500000","USD","","","WT FED#06680 BANK OF AMERICA, N    /ORG=IMAGINABLE FUTURES FOUNDATION                 SRF#    2023101900496944 TRN#231019174262  RFB#    23AHB4419LJQ2387","[]","0","0.00","[]","0","0.00","[]","0","0.00","[{""id"":""bdqr_bdep_8601a1212cfad8243ecb3433"",""bank_deposit_id"":""bdep_8601a1212cfad8243ecb3433"",""bank_transaction_id"":""bnk_b21b253337fbe0268d0330dd"",""amount"":""500000"",""deposit_date"":""2023-10-19"",""txn_date"":""2023-10-19"",""txn_type"":""Payment"",""ref_no"":"""",""payee"":""Imaginable Futures"",""memo"":"""",""qb_posting"":"""",""account"":""1503 Pledges/Services Receivable"",""class"":"""",""reconciliation_status"":""Reconciled"",""ambiguous"":""false""}]","1","500000.00","500000.00"
"bdep_1c8ad89166baff6607b9a82d","bnk_1c8ad89166baff6607b9a82d","2023-01-17","5000","USD","","","MDRC             CREDITS           ACH1112202      THE WILDFLOWER FOUNDAT","[{""component_id"":""bdc_323KhGAmwVaZyXVy5IHMH"",""payment_unit_id"":""pu_323KhGAmwVaZyXVy5IHMH"",""kind"":""other"",""amount"":""5000.00"",""source"":""qbo_inferred"",""source_staged_payment_id"":""323KhGAmwVaZyXVy5IHMH"",""staged_payer"":"""",""staged_date"":""2023-01-17"",""qb_deposit_id"":""23279"",""reconciliation_flag"":""ok"",""unit_kind"":""other"",""unit_evidence_id"":""323KhGAmwVaZyXVy5IHMH""}]","1","5000.00","[{""id"":""pu_323KhGAmwVaZyXVy5IHMH"",""kind"":""other"",""evidence_id"":""323KhGAmwVaZyXVy5IHMH"",""stripe_charge_id"":"""",""source_staged_payment_id"":""323KhGAmwVaZyXVy5IHMH"",""gross_amount"":""5000.00"",""fee_amount"":"""",""net_amount"":""5000.00"",""currency"":""USD"",""received_date"":""2023-01-17"",""lifecycle"":""received""}]","1","5000.00","[]","0","0.00","[]","0","0.00","0.00"
"bdep_57be570b56e6aadb9b51dd4c","bnk_57be570b56e6aadb9b51dd4c","2017-11-24","1604.17","USD","","","INTUIT PYMT SOLN DEPOSIT 171123 524771997507722 THE WILDFLOWER FOUNDAT","[]","0","0.00","[]","0","0.00","[]","0","0.00","[{""id"":""bdqr_bdep_57be570b56e6aadb9b51dd4c"",""bank_deposit_id"":""bdep_57be570b56e6aadb9b51dd4c"",""bank_transaction_id"":""bnk_307140c32fa6085dbab89099"",""amount"":""1604.17"",""deposit_date"":""2017-11-24"",""txn_date"":""2017-11-22"",""txn_type"":""Deposit"",""ref_no"":"""",""payee"":""Loan - Wildflower"",""memo"":""System-recorded deposit for QuickBooks Payments"",""qb_posting"":"""",""account"":""1501 Undeposited Funds"",""class"":"""",""reconciliation_status"":""Reconciled"",""ambiguous"":""false""}]","1","1604.17","1604.17"
"bdep_d3d13e00dd9393d3b05e5e66","bnk_d3d13e00dd9393d3b05e5e66","2018-11-29","47.94","USD","","","STRIPE           TRANSFER                          X 201811291","[]","0","0.00","[]","0","0.00","[]","0","0.00","[]","0","0.00","47.94"
"bdep_872b3c06e7db9b59fbbcda2f","bnk_872b3c06e7db9b59fbbcda2f","2025-10-16","1347.33","USD","","","Roxbury Roots Mo Receivable        016TGHERD3W2PQT 016TGHERD3W2PQT Roxbury Roots Mo Bill.com Inv TW","[]","0","0.00","[]","0","0.00","[]","0","0.00","[]","0","0.00","1347.33"
"bdep_e6964e5fd6d27e3b65ff85e9","bnk_e6964e5fd6d27e3b65ff85e9","2025-01-27","49.63","USD","","","STRIPE           TRANSFER          ST-O6D0L2L9Y6F5 THE WILDFLOWER FOUNDAT","[]","0","0.00","[]","0","0.00","[{""stripe_payout_id"":""po_1QlKdvAhXr9x8yiR4xVXrQpp"",""bank_deposit_id"":""bdep_e6964e5fd6d27e3b65ff85e9"",""amount"":""49.63"",""currency"":""USD"",""arrival_date"":""2025-01-26"",""deposit_date"":""2025-01-27"",""ambiguous_bank_match"":""false"",""payer_name"":""""}]","1","49.63","[]","0","0.00","49.63"
"bdep_48b7da708a63f189f95232cb","bnk_48b7da708a63f189f95232cb","2023-06-21","433.27","USD","","","Bill.com         Receivable        016QPVRXT2ORRBX         Hyacinth Bill.com 016QPVRXT2ORRBX Inv #7","[]","0","0.00","[]","0","0.00","[]","0","0.00","[{""id"":""bdqr_bdep_48b7da708a63f189f95232cb"",""bank_deposit_id"":""bdep_48b7da708a63f189f95232cb"",""bank_transaction_id"":""bnk_962ea4c3304b96af438c0529"",""amount"":""433.27"",""deposit_date"":""2023-06-21"",""txn_date"":""2023-06-21"",""txn_type"":""Payment"",""ref_no"":"""",""payee"":""Hyacinth Montessori"",""memo"":"""",""qb_posting"":"""",""account"":""1503 Pledges/Services Receivable"",""class"":"""",""reconciliation_status"":""Reconciled"",""ambiguous"":""false""}]","1","433.27","433.27"
"bdep_ca0921dc81607a6e58b6e6fe","bnk_ca0921dc81607a6e58b6e6fe","2024-01-30","3750","USD","","","The Sunlight Loa Bill.com          025NHVDMEYRYPG0 The Sunlight Loan Fund, LLC Bill.com 025NHVDMEYR","[]","0","0.00","[]","0","0.00","[]","0","0.00","[]","0","0.00","3750.00"
"bdep_d3d5f0e8ba99b8823b7005d1","bnk_d3d5f0e8ba99b8823b7005d1","2018-10-16","10000","USD","","","ATM CHECK DEPOSIT 10/16 3030 NICOLLET AVE MINNEAPOLIS MN 5813V 7365","[]","0","0.00","[]","0","0.00","[]","0","0.00","[]","0","0.00","10000.00"
"bdep_6ce36cad804a9d5856e72d14","bnk_6ce36cad804a9d5856e72d14","2026-06-16","666.67","USD","","","Orchid Montessor Bill.com          016QXQAYN4588PE Orchid Montessori Bill.com 016QXQAYN4588PE Inv T","[]","0","0.00","[]","0","0.00","[]","0","0.00","[{""id"":""bdqr_bdep_6ce36cad804a9d5856e72d14"",""bank_deposit_id"":""bdep_6ce36cad804a9d5856e72d14"",""bank_transaction_id"":""bnk_5e66cd6eb9838d0ce78be640"",""amount"":""666.67"",""deposit_date"":""2026-06-16"",""txn_date"":""2026-06-15"",""txn_type"":""Payment"",""ref_no"":""P26061001 - 6522743"",""payee"":""Orchid Montessori School"",""memo"":""Inv TWF - DecInv123"",""qb_posting"":"""",""account"":""1503 Pledges/Services Receivable"",""class"":"""",""reconciliation_status"":""Reconciled"",""ambiguous"":""false""}]","1","666.67","666.67"
"bdep_d9cd5979fc9bf56e6257cbab","bnk_d9cd5979fc9bf56e6257cbab","2020-12-29","47.65","USD","","","STRIPE           TRANSFER          ST-X5I4O4Z5X3X4 THE WILDFLOWER FOUNDAT","[]","0","0.00","[]","0","0.00","[]","0","0.00","[]","0","0.00","47.65"
"bdep_e49dda140679e33bcf5ecfb1","bnk_e49dda140679e33bcf5ecfb1","2026-02-25","47.25","USD","","","STRIPE           TRANSFER          ST-E3W5P2I6E7Z9 THE WILDFLOWER FOUNDAT","[]","0","0.00","[]","0","0.00","[{""stripe_payout_id"":""po_1T4VmHAhXr9x8yiRWzJO2XdX"",""bank_deposit_id"":""bdep_e49dda140679e33bcf5ecfb1"",""amount"":""47.25"",""currency"":""USD"",""arrival_date"":""2026-02-24"",""deposit_date"":""2026-02-25"",""ambiguous_bank_match"":""false"",""payer_name"":""""}]","1","47.25","[]","0","0.00","47.25"
"bdep_94679106f1a19334398a72af","bnk_94679106f1a19334398a72af","2017-02-28","853","USD","","","ATM CHECK DEPOSIT 02/28 4712 CHICAGO AVE S MINNEAPOLIS MN 5819T 7365","[]","0","0.00","[]","0","0.00","[]","0","0.00","[]","0","0.00","853.00"
"bdep_755a84e7b24f03d178156a87","bnk_755a84e7b24f03d178156a87","2020-01-10","1993","USD","","","ATM CHECK DEPOSIT              ON              01/10 1505 WEST LAKE ST         MINNEAPOLIS   MN  0006856           ATM ID 6991J    CARD 7365","[]","0","0.00","[]","0","0.00","[]","0","0.00","[]","0","0.00","1993.00"
"bdep_d2cccaf7fa737d335af19324","bnk_d2cccaf7fa737d335af19324","2020-08-26","33.68","USD","","","STRIPE           TRANSFER          ST-V8A5O2Z9R3V1 THE WILDFLOWER FOUNDAT","[]","0","0.00","[]","0","0.00","[]","0","0.00","[]","0","0.00","33.68"
"bdep_5135cfffcc5d048a22c87134","bnk_5135cfffcc5d048a22c87134","2024-08-12","17534.21","USD","","","ATM CHECK DEPOSIT              ON              08/10 4712 Chicago Ave          Minneapolis   MN  0001575           ATM ID 5819T    CARD 0628","[]","0","0.00","[]","0","0.00","[]","0","0.00","[]","0","0.00","17534.21"
"bdep_0642e15c387f34259bdb4c2d","bnk_0642e15c387f34259bdb4c2d","2026-01-09","666.67","USD","","","Desert Peach Mon Bill.com          026MRUGVN1RAB0T Desert Peach Montessori School Bill.com 026MRUGV","[]","0","0.00","[]","0","0.00","[]","0","0.00","[{""id"":""bdqr_bdep_0642e15c387f34259bdb4c2d"",""bank_deposit_id"":""bdep_0642e15c387f34259bdb4c2d"",""bank_transaction_id"":""bnk_7e6532ddafca55b61420a431"",""amount"":""666.67"",""deposit_date"":""2026-01-09"",""txn_date"":""2026-01-09"",""txn_type"":""Payment"",""ref_no"":""P26010502 - 8051893"",""payee"":""Desert Peach Montessori"",""memo"":""Inv TWF - Dec 17 Invoice"",""qb_posting"":"""",""account"":""1503 Pledges/Services Receivable"",""class"":"""",""reconciliation_status"":""Reconciled"",""ambiguous"":""false""}]","1","666.67","666.67"
"bdep_c372f84d07555016c423ed5d","bnk_c372f84d07555016c423ed5d","2020-05-13","750000","USD","","","WT FED#00178 BREMER BANK, NATIO    /ORG=THE WILDFLOWER FOUNDATION                     SRF#    P202005130001439 TRN#200513151431  RFB#","[]","0","0.00","[]","0","0.00","[]","0","0.00","[]","0","0.00","750000.00"
"bdep_071ab55cffecf3a5d8d009b9","bnk_071ab55cffecf3a5d8d009b9","2025-02-28","1282.33","USD","","","Urban Village Mo Receivable        016RCWXWE3NL5XB 016RCWXWE3NL5XB Urban Village Mo Bill.com Inv TC","[]","0","0.00","[]","0","0.00","[]","0","0.00","[]","0","0.00","1282.33"
"bdep_475fd1346b57e508f8ef28d7","bnk_475fd1346b57e508f8ef28d7","2021-07-08","95000","USD","","","EDUCATION FORWAR ACH Pmt    210708 5294295931      Grant WF-2104 payment #1 of 4","[]","0","0.00","[]","0","0.00","[]","0","0.00","[{""id"":""bdqr_bdep_475fd1346b57e508f8ef28d7"",""bank_deposit_id"":""bdep_475fd1346b57e508f8ef28d7"",""bank_transaction_id"":""bnk_ece63059dbf83e25529de05b"",""amount"":""95000"",""deposit_date"":""2021-07-08"",""txn_date"":""2021-07-08"",""txn_type"":""Payment"",""ref_no"":"""",""payee"":""Education Forward DC"",""memo"":"""",""qb_posting"":"""",""account"":""1503 Pledges/Services Receivable"",""class"":"""",""reconciliation_status"":""Reconciled"",""ambiguous"":""false""}]","1","95000.00","95000.00"
"bdep_19c354d2f20972581d7c6bb6","bnk_19c354d2f20972581d7c6bb6","2025-12-19","14864.26","USD","","","ATM CHECK DEPOSIT              ON              12/19 1505 W Lake St            Minneapolis   MN  0000879           ATM ID 6991J    CARD 0628","[]","0","0.00","[]","0","0.00","[]","0","0.00","[]","0","0.00","14864.26"
"bdep_c3a64076b330b147bdcb94b2","bnk_c3a64076b330b147bdcb94b2","2019-11-13","2626.07","USD","","","COBRA TRUST ACCT BASICPacif                        COBRA REMIT","[]","0","0.00","[]","0","0.00","[]","0","0.00","[]","0","0.00","2626.07"
"bdep_e3b8984705cd2ff5ad7694ef","bnk_e3b8984705cd2ff5ad7694ef","2020-04-15","48.25","USD","","","STRIPE           TRANSFER          ST-B0S3Y8K4E1H7 THE WILDFLOWER FOUNDAT","[]","0","0.00","[]","0","0.00","[{""stripe_payout_id"":""po_1GXduUAhXr9x8yiRjJXpD8ND"",""bank_deposit_id"":""bdep_e3b8984705cd2ff5ad7694ef"",""amount"":""48.25"",""currency"":""USD"",""arrival_date"":""2020-04-14"",""deposit_date"":""2020-04-15"",""ambiguous_bank_match"":""false"",""payer_name"":""""}]","1","48.25","[]","0","0.00","48.25"
"bdep_8db030cf71f4162b43d70cfe","bnk_8db030cf71f4162b43d70cfe","2024-04-11","17750","USD","","","LISC             ACH PAYMEN 041124 569399          THE WILDFLOWER FOUNDAT","[]","0","0.00","[]","0","0.00","[]","0","0.00","[{""id"":""bdqr_bdep_8db030cf71f4162b43d70cfe"",""bank_deposit_id"":""bdep_8db030cf71f4162b43d70cfe"",""bank_transaction_id"":""bnk_484cee615f66ed26d1a955d8"",""amount"":""17750"",""deposit_date"":""2024-04-11"",""txn_date"":""2024-04-11"",""txn_type"":""Payment"",""ref_no"":"""",""payee"":""Local Initiatives Support Corporation (LISC)"",""memo"":"""",""qb_posting"":"""",""account"":""1503 Pledges/Services Receivable"",""class"":"""",""reconciliation_status"":""Reconciled"",""ambiguous"":""false""}]","1","17750.00","17750.00"
"bdep_40397995a48718f28237de53","bnk_40397995a48718f28237de53","2020-07-10","1517.18","USD","","","COBRA TRUST ACCT BASICPacif                        COBRA REMIT","[]","0","0.00","[]","0","0.00","[]","0","0.00","[]","0","0.00","1517.18"
"bdep_e876f1122a29a0bb067e0e72","bnk_e876f1122a29a0bb067e0e72","2020-09-01","33.68","USD","","","STRIPE           TRANSFER          ST-D7X6A5F4K7J2 THE WILDFLOWER FOUNDAT","[]","0","0.00","[]","0","0.00","[]","0","0.00","[]","0","0.00","33.68"
"bdep_486c310d286530ed61200e76","bnk_486c310d286530ed61200e76","2019-12-18","954.6","USD","","","1330 Lagoon Aven PAYMENTS   191218 EFT-00955027    NTE*ZZZ*POV5ESWG7JRSQXG8C5,PO69RHWSZ2QXKN9XJ5,91","[]","0","0.00","[]","0","0.00","[]","0","0.00","[]","0","0.00","954.60"
"bdep_ebdd6fd63bf21434bda6bacd","bnk_ebdd6fd63bf21434bda6bacd","2018-12-28","15000","USD","","","WT FED#07131 JPMORGAN CHASE BAN    /ORG=BENJAMIN D STATZ OR KATHERINE L               SRF#        4587800362ES TRN#181228099445  RFB#     BMG OF 18/12/28","[{""component_id"":""bdc_R6r7TtF52v4z-KF0lPwxH"",""payment_unit_id"":""pu_R6r7TtF52v4z-KF0lPwxH"",""kind"":""other"",""amount"":""15000.00"",""source"":""qbo_inferred"",""source_staged_payment_id"":""R6r7TtF52v4z-KF0lPwxH"",""staged_payer"":""Benjamin Statz"",""staged_date"":""2018-12-28"",""qb_deposit_id"":""5719"",""reconciliation_flag"":""ok"",""unit_kind"":""other"",""unit_evidence_id"":""R6r7TtF52v4z-KF0lPwxH""}]","1","15000.00","[{""id"":""pu_R6r7TtF52v4z-KF0lPwxH"",""kind"":""other"",""evidence_id"":""R6r7TtF52v4z-KF0lPwxH"",""stripe_charge_id"":"""",""source_staged_payment_id"":""R6r7TtF52v4z-KF0lPwxH"",""gross_amount"":""15000.00"",""fee_amount"":"""",""net_amount"":""15000.00"",""currency"":""USD"",""received_date"":""2018-12-28"",""lifecycle"":""received""}]","1","15000.00","[]","0","0.00","[]","0","0.00","0.00"
"bdep_7355f469004e2a350003eaad","bnk_7355f469004e2a350003eaad","2020-05-18","1625.22","USD","","","STRIPE           TRANSFER          ST-D1O3K2N7V4E4 THE WILDFLOWER FOUNDAT","[]","0","0.00","[]","0","0.00","[]","0","0.00","[]","0","0.00","1625.22"
"bdep_8aa3a7a40e2d2c7bde6d7a55","bnk_8aa3a7a40e2d2c7bde6d7a55","2021-09-16","2.06","USD","","","GUSTO            TLR 341786 210916 6semjqci5bs     The Wildflower Foundat","[]","0","0.00","[]","0","0.00","[]","0","0.00","[]","0","0.00","2.06"
"bdep_acad9dfb684c94b9184cb066","bnk_acad9dfb684c94b9184cb066","2025-10-22","3708.66","USD","","","Bill.com         Receivable        015OJPQHILPHGPE Multiple Payments Bill.com Receivables 015OJPQHI","[]","0","0.00","[]","0","0.00","[]","0","0.00","[{""id"":""bdqr_bdep_acad9dfb684c94b9184cb066"",""bank_deposit_id"":""bdep_acad9dfb684c94b9184cb066"",""bank_transaction_id"":""bnk_04f423feb651b4ef7ccc4861"",""amount"":""3708.66"",""deposit_date"":""2025-10-22"",""txn_date"":""2025-10-22"",""txn_type"":""Journal"",""ref_no"":""PPD Exp Sep 2026"",""payee"":"""",""memo"":""BILL 10/22/25 AR Payments"",""qb_posting"":"""",""account"":"""",""class"":"""",""reconciliation_status"":""Reconciled"",""ambiguous"":""false""}]","1","3708.66","3708.66"
"bdep_7d5cdcb390a861c80f45044e","bnk_7d5cdcb390a861c80f45044e","2018-12-28","87583.48","USD","","","TRANSFER FROM BRK ****9888 REF# 258174675","[{""component_id"":""bdc_opolygF4GmAwIco_HIlAv"",""payment_unit_id"":""pu_opolygF4GmAwIco_HIlAv"",""kind"":""other"",""amount"":""87583.48"",""source"":""qbo_inferred"",""source_staged_payment_id"":""opolygF4GmAwIco_HIlAv"",""staged_payer"":""Nancy Peretsman"",""staged_date"":""2018-12-28"",""qb_deposit_id"":""5694"",""reconciliation_flag"":""ok"",""unit_kind"":""other"",""unit_evidence_id"":""opolygF4GmAwIco_HIlAv""}]","1","87583.48","[{""id"":""pu_opolygF4GmAwIco_HIlAv"",""kind"":""other"",""evidence_id"":""opolygF4GmAwIco_HIlAv"",""stripe_charge_id"":"""",""source_staged_payment_id"":""opolygF4GmAwIco_HIlAv"",""gross_amount"":""87583.48"",""fee_amount"":"""",""net_amount"":""87583.48"",""currency"":""USD"",""received_date"":""2018-12-28"",""lifecycle"":""received""}]","1","87583.48","[]","0","0.00","[]","0","0.00","0.00"
"bdep_0f3632ac5e1948ed9d4e7f45","bnk_0f3632ac5e1948ed9d4e7f45","2020-02-25","1625","USD","","","INTUIT PYMT SOLN DEPOSIT    200225 524771997507722 THE WILDFLOWER FOUNDAT","[]","0","0.00","[]","0","0.00","[]","0","0.00","[{""id"":""bdqr_bdep_0f3632ac5e1948ed9d4e7f45"",""bank_deposit_id"":""bdep_0f3632ac5e1948ed9d4e7f45"",""bank_transaction_id"":""bnk_03d696e89d80fdab262c08e6"",""amount"":""1625"",""deposit_date"":""2020-02-25"",""txn_date"":""2020-02-24"",""txn_type"":""Deposit"",""ref_no"":"""",""payee"":"""",""memo"":""System-recorded deposit for QuickBooks Payments"",""qb_posting"":"""",""account"":"""",""class"":"""",""reconciliation_status"":""Reconciled"",""ambiguous"":""false""}]","1","1625.00","1625.00"
"bdep_1d93710773a86349cb0556e9","bnk_1d93710773a86349cb0556e9","2026-02-04","400000","USD","","","TRANSFER FROM BRK ****9888 REF# 612560826","[]","0","0.00","[]","0","0.00","[]","0","0.00","[{""id"":""bdqr_bdep_1d93710773a86349cb0556e9"",""bank_deposit_id"":""bdep_1d93710773a86349cb0556e9"",""bank_transaction_id"":""bnk_bc38330cb8850f20bc75cf77"",""amount"":""400000"",""deposit_date"":""2026-02-04"",""txn_date"":""2026-02-04"",""txn_type"":""Transfer"",""ref_no"":"""",""payee"":"""",""memo"":""Transfer to monthly operations"",""qb_posting"":"""",""account"":""1004 BROKERAGE"",""class"":"""",""reconciliation_status"":""Reconciled"",""ambiguous"":""false""}]","1","400000.00","400000.00"
"bdep_49f528bcdd3142762e54ef45","bnk_49f528bcdd3142762e54ef45","2021-03-12","14.89","USD","","","STRIPE           TRANSFER          ST-Q5B5H7Y9A0H8 THE WILDFLOWER FOUNDAT","[]","0","0.00","[]","0","0.00","[{""stripe_payout_id"":""po_1ITe4mAhXr9x8yiRbmlTxQGh"",""bank_deposit_id"":""bdep_49f528bcdd3142762e54ef45"",""amount"":""14.89"",""currency"":""USD"",""arrival_date"":""2021-03-11"",""deposit_date"":""2021-03-12"",""ambiguous_bank_match"":""false"",""payer_name"":""""}]","1","14.89","[]","0","0.00","14.89"
"bdep_bd678d82906115edb127e535","bnk_bd678d82906115edb127e535","2019-08-26","95.71","USD","","","STRIPE           TRANSFER          ST-L1K6C9R7N5P3 THE WILDFLOWER FOUNDAT","[]","0","0.00","[]","0","0.00","[]","0","0.00","[]","0","0.00","95.71"
"bdep_662f4bca3fd7de37d4417bee","bnk_662f4bca3fd7de37d4417bee","2026-01-22","40000","USD","","","TEMPLE HOYNE BUE GRANTS A   260122 8670            THE WILDFLOWER FOUNDAT","[{""component_id"":""bdc_Kd5N5NKVlPkENnM1JAsen"",""payment_unit_id"":""pu_Kd5N5NKVlPkENnM1JAsen"",""kind"":""direct_ach"",""amount"":""40000.00"",""source"":""qbo_inferred"",""source_staged_payment_id"":""Kd5N5NKVlPkENnM1JAsen"",""staged_payer"":""Temple Hoyne Buell Foundation"",""staged_date"":""2026-01-22"",""qb_deposit_id"":""37497"",""reconciliation_flag"":""ok"",""unit_kind"":""direct_ach"",""unit_evidence_id"":""Kd5N5NKVlPkENnM1JAsen""}]","1","40000.00","[{""id"":""pu_Kd5N5NKVlPkENnM1JAsen"",""kind"":""direct_ach"",""evidence_id"":""Kd5N5NKVlPkENnM1JAsen"",""stripe_charge_id"":"""",""source_staged_payment_id"":""Kd5N5NKVlPkENnM1JAsen"",""gross_amount"":""40000.00"",""fee_amount"":"""",""net_amount"":""40000.00"",""currency"":""USD"",""received_date"":""2026-01-22"",""lifecycle"":""received""}]","1","40000.00","[]","0","0.00","[]","0","0.00","0.00"
"bdep_aae9eb2322fc091e33b4ab53","bnk_aae9eb2322fc091e33b4ab53","2025-04-28","2522.44","USD","","","Wild Rose Montes Receivable        016BTZOXG3PQGXL 016BTZOXG3PQGXL Wild Rose Montes Bill.com Inv 50","[]","0","0.00","[]","0","0.00","[]","0","0.00","[]","0","0.00","2522.44"
"bdep_3f489b13110ad391462b177a","bnk_3f489b13110ad391462b177a","2018-08-01","12300","USD","","","ATM CHECK DEPOSIT 08/01 4712 CHICAGO AVE S MINNEAPOLIS MN 5819T 7365","[]","0","0.00","[]","0","0.00","[]","0","0.00","[]","0","0.00","12300.00"
"bdep_0a6d29268046dff9c7e017eb","bnk_0a6d29268046dff9c7e017eb","2025-11-13","1347.33","USD","","","Roxbury Roots Mo Receivable        016UELKII3X33YK 016UELKII3X33YK Roxbury Roots Mo Bill.com Inv TW","[]","0","0.00","[]","0","0.00","[]","0","0.00","[]","0","0.00","1347.33"
"bdep_5e67f333dd9f9d6c5388ab41","bnk_5e67f333dd9f9d6c5388ab41","2019-05-28","3000","USD","","","INTUIT PYMT SOLN DEPOSIT    190525 524771997507722 THE WILDFLOWER FOUNDAT","[]","0","0.00","[]","0","0.00","[]","0","0.00","[]","0","0.00","3000.00"
"bdep_8b5db3a0bb0fe3d41726c18e","bnk_8b5db3a0bb0fe3d41726c18e","2022-04-06","800000","USD","","","WT FED#00698 JPMORGAN CHASE BAN    /ORG=VALHALLA FOUNDATION                           SRF#        6299700094JO TRN#220406015827  RFB#     ATS OF 22/04/04","[{""component_id"":""bdc_PhKz52t0LosjJhdQmJKTX"",""payment_unit_id"":""pu_PhKz52t0LosjJhdQmJKTX"",""kind"":""other"",""amount"":""800000.00"",""source"":""qbo_inferred"",""source_staged_payment_id"":""PhKz52t0LosjJhdQmJKTX"",""staged_payer"":""Valhalla Charitable Fnd"",""staged_date"":""2022-04-06"",""qb_deposit_id"":""19539"",""reconciliation_flag"":""ok"",""unit_kind"":""other"",""unit_evidence_id"":""PhKz52t0LosjJhdQmJKTX""}]","1","800000.00","[{""id"":""pu_PhKz52t0LosjJhdQmJKTX"",""kind"":""other"",""evidence_id"":""PhKz52t0LosjJhdQmJKTX"",""stripe_charge_id"":"""",""source_staged_payment_id"":""PhKz52t0LosjJhdQmJKTX"",""gross_amount"":""800000.00"",""fee_amount"":"""",""net_amount"":""800000.00"",""currency"":""USD"",""received_date"":""2022-04-06"",""lifecycle"":""received""}]","1","800000.00","[]","0","0.00","[]","0","0.00","0.00"
"bdep_5a93d4963d1746a25a8496ca","bnk_5a93d4963d1746a25a8496ca","2020-12-31","191.5","USD","","","STRIPE           TRANSFER          ST-M5R3G9H9Q2F0 THE WILDFLOWER FOUNDAT","[]","0","0.00","[]","0","0.00","[]","0","0.00","[]","0","0.00","191.50"
"bdep_efda6a340f46488d347e334c","bnk_efda6a340f46488d347e334c","2023-06-07","400","USD","","","NBT LBX NONPT    CASHCD     230607                 THE WILDFLOWER FOUNDAT","[{""component_id"":""bdc_8-iX2oQ5Ge7blnK7frGAw"",""payment_unit_id"":""pu_8-iX2oQ5Ge7blnK7frGAw"",""kind"":""other"",""amount"":""400.00"",""source"":""qbo_inferred"",""source_staged_payment_id"":""8-iX2oQ5Ge7blnK7frGAw"",""staged_payer"":"""",""staged_date"":""2023-06-07"",""qb_deposit_id"":""25713"",""reconciliation_flag"":""ok"",""unit_kind"":""other"",""unit_evidence_id"":""8-iX2oQ5Ge7blnK7frGAw""}]","1","400.00","[{""id"":""pu_8-iX2oQ5Ge7blnK7frGAw"",""kind"":""other"",""evidence_id"":""8-iX2oQ5Ge7blnK7frGAw"",""stripe_charge_id"":"""",""source_staged_payment_id"":""8-iX2oQ5Ge7blnK7frGAw"",""gross_amount"":""400.00"",""fee_amount"":"""",""net_amount"":""400.00"",""currency"":""USD"",""received_date"":""2023-06-07"",""lifecycle"":""received""}]","1","400.00","[]","0","0.00","[]","0","0.00","0.00"
"bdep_456fbe1592b7176faea418c0","bnk_456fbe1592b7176faea418c0","2022-03-01","250","USD","","","Morgan Stanley   ACH CREDIT 220228 10120855310jezj The Wildflower Foundat","[]","0","0.00","[]","0","0.00","[]","0","0.00","[]","0","0.00","250.00"
"bdep_56d2e56005a332c68fe97675","bnk_56d2e56005a332c68fe97675","2024-08-22","3491.3","USD","","","DC WILDFLOWER PU EFT PYMT   082124 Charter School  The Wildflower Foundat","[]","0","0.00","[]","0","0.00","[]","0","0.00","[]","0","0.00","3491.30"
"bdep_20bcbf3c2697f1f596efd763","bnk_20bcbf3c2697f1f596efd763","2025-02-26","545.45","USD","","","Rain Lily Montes Receivable        016VFVKFN3NH6NM 016VFVKFN3NH6NM Rain Lily Montes Bill.com Inv TC","[]","0","0.00","[]","0","0.00","[]","0","0.00","[]","0","0.00","545.45"
"bdep_447866a62e959a1985de56bf","bnk_447866a62e959a1985de56bf","2026-05-07","1212.12","USD","","","Desert Peach Mon Bill.com          026ENZYGC1XL2IT Desert Peach Montessori School Bill.com 026ENZYG","[]","0","0.00","[]","0","0.00","[]","0","0.00","[{""id"":""bdqr_bdep_447866a62e959a1985de56bf"",""bank_deposit_id"":""bdep_447866a62e959a1985de56bf"",""bank_transaction_id"":""bnk_4fed287fa5e9d5fbe709310f"",""amount"":""1212.12"",""deposit_date"":""2026-05-07"",""txn_date"":""2026-05-06"",""txn_type"":""Payment"",""ref_no"":""P26050102 - 9260382"",""payee"":""Desert Peach Montessori"",""memo"":""Multiple invoices"",""qb_posting"":"""",""account"":""1503 Pledges/Services Receivable"",""class"":"""",""reconciliation_status"":""Reconciled"",""ambiguous"":""false""}]","1","1212.12","1212.12"
"bdep_2950ee48554e3ccb45f1a1e2","bnk_2950ee48554e3ccb45f1a1e2","2019-01-09","2000","USD","","","INTUIT PYMT SOLN DEPOSIT    190109 524771997507722 THE WILDFLOWER FOUNDAT","[]","0","0.00","[]","0","0.00","[]","0","0.00","[{""id"":""bdqr_bdep_2950ee48554e3ccb45f1a1e2"",""bank_deposit_id"":""bdep_2950ee48554e3ccb45f1a1e2"",""bank_transaction_id"":""bnk_09e64dc2e1291c64cc5d0d54"",""amount"":""2000"",""deposit_date"":""2019-01-09"",""txn_date"":""2019-01-08"",""txn_type"":""Deposit"",""ref_no"":"""",""payee"":""Loan - Snowdrop"",""memo"":""System-recorded deposit for QuickBooks Payments"",""qb_posting"":"""",""account"":""1501 Undeposited Funds"",""class"":"""",""reconciliation_status"":""Reconciled"",""ambiguous"":""false""}]","1","2000.00","2000.00"
"bdep_bc747148a426924e1f549513","bnk_bc747148a426924e1f549513","2019-03-12","485.2","USD","","","STRIPE           TRANSFER                          X","[]","0","0.00","[]","0","0.00","[]","0","0.00","[]","0","0.00","485.20"
"bdep_34c86ac9d8c52c650a8be940","bnk_34c86ac9d8c52c650a8be940","2019-10-22","1450","USD","","","INTUIT PYMT SOLN DEPOSIT    191022 524771997507722 THE WILDFLOWER FOUNDAT","[]","0","0.00","[]","0","0.00","[]","0","0.00","[{""id"":""bdqr_bdep_34c86ac9d8c52c650a8be940"",""bank_deposit_id"":""bdep_34c86ac9d8c52c650a8be940"",""bank_transaction_id"":""bnk_74b403d754754012ef04e1ec"",""amount"":""1450"",""deposit_date"":""2019-10-22"",""txn_date"":""2019-10-21"",""txn_type"":""Deposit"",""ref_no"":"""",""payee"":"""",""memo"":""System-recorded deposit for QuickBooks Payments"",""qb_posting"":"""",""account"":"""",""class"":"""",""reconciliation_status"":""Reconciled"",""ambiguous"":""false""}]","1","1450.00","1450.00"
"bdep_5cf776407242cafb0661bb82","bnk_5cf776407242cafb0661bb82","2026-07-10","142.35","USD","","","STRIPE           TRANSFER          ST-Y7W2H9Z8Y5U4 THE WILDFLOWER FOUNDAT","[]","0","0.00","[]","0","0.00","[{""stripe_payout_id"":""po_1TrSVJAhXr9x8yiRU84eePbK"",""bank_deposit_id"":""bdep_5cf776407242cafb0661bb82"",""amount"":""142.35"",""currency"":""USD"",""arrival_date"":""2026-07-09"",""deposit_date"":""2026-07-10"",""ambiguous_bank_match"":""false"",""payer_name"":""""}]","1","142.35","[]","0","0.00","142.35"
"bdep_2a08bb97ec8885410edad44c","bnk_2a08bb97ec8885410edad44c","2024-12-09","4","USD","","","GUSTO            TAX 398153 241209 6semk3177h8     The Wildflower Foundat","[]","0","0.00","[]","0","0.00","[]","0","0.00","[]","0","0.00","4.00"
"bdep_8cef5b03b5023a8a0d34c137","bnk_8cef5b03b5023a8a0d34c137","2026-07-06","25000","USD","","","WT XXXXXX0187ES     JPMORGAN CHASE B /ORG=1/THE SCULLY PERETSMAN FOUNDATION           SRF#        XXXXXX0187ES TRN#XXXXXXXX1845  RFB#     OS1 OF 26/07/06","[]","0","0.00","[]","0","0.00","[]","0","0.00","[]","0","0.00","25000.00"
"bdep_67029ae0748100078c690fae","bnk_67029ae0748100078c690fae","2020-08-06","1257.11","USD","","","STRIPE           TRANSFER          ST-R0O9P7F6A8Y3 THE WILDFLOWER FOUNDAT","[]","0","0.00","[]","0","0.00","[]","0","0.00","[]","0","0.00","1257.11"
"bdep_1f3df60cd31a314302adf00e","bnk_1f3df60cd31a314302adf00e","2025-07-31","45172.76","USD","","","ONLINE TRANSFER CSP TRANSFER REF #BB0TC9WJ32","[]","0","0.00","[]","0","0.00","[]","0","0.00","[{""id"":""bdqr_bdep_1f3df60cd31a314302adf00e"",""bank_deposit_id"":""bdep_1f3df60cd31a314302adf00e"",""bank_transaction_id"":""bnk_51c6f47e9f37add4b639fdd7"",""amount"":""45172.76"",""deposit_date"":""2025-07-31"",""txn_date"":""2025-07-31"",""txn_type"":""Transfer"",""ref_no"":"""",""payee"":"""",""memo"":""Tfr from CSP to Operating Acccount"",""qb_posting"":"""",""account"":""TWF CSP Rep grant (1340) - 2"",""class"":"""",""reconciliation_status"":""Reconciled"",""ambiguous"":""false""}]","1","45172.76","45172.76"
"bdep_7d991dac4337091d51be89d1","bnk_7d991dac4337091d51be89d1","2024-08-06","1282.33","USD","","","Urban Village Mo Receivable        016DOVEDP3FRLYW 016DOVEDP3FRLYW Urban Village Mo Bill.com Inv 79","[]","0","0.00","[]","0","0.00","[]","0","0.00","[]","0","0.00","1282.33"
"bdep_9ad2c2b45923e179be27f878","bnk_9ad2c2b45923e179be27f878","2025-10-07","666.67","USD","","","Desert Peach Mon Bill.com          026DIITGZ1M5MV8 Desert Peach Montessori School Bill.com 026DIITG","[]","0","0.00","[]","0","0.00","[]","0","0.00","[]","0","0.00","666.67"
"bdep_f68619486cb252e9c85a03cb","bnk_f68619486cb252e9c85a03cb","2025-07-11","1500000","USD","","","VANGRDCHARITABLE GRANTPYMNT        GOP103178       WILDFLOWER FOUNDATION","[]","0","0.00","[]","0","0.00","[]","0","0.00","[{""id"":""bdqr_bdep_f68619486cb252e9c85a03cb"",""bank_deposit_id"":""bdep_f68619486cb252e9c85a03cb"",""bank_transaction_id"":""bnk_de6c38725ad77f2f7cc7f2f3"",""amount"":""1500000"",""deposit_date"":""2025-07-11"",""txn_date"":""2025-07-11"",""txn_type"":""Payment"",""ref_no"":"""",""payee"":""Arthur Rock Foundation"",""memo"":"""",""qb_posting"":"""",""account"":""1503 Pledges/Services Receivable"",""class"":"""",""reconciliation_status"":""Reconciled"",""ambiguous"":""false""}]","1","1500000.00","1500000.00"
"bdep_b324de40c4ec24460ce12dd5","bnk_b324de40c4ec24460ce12dd5","2023-04-03","15000","USD","","","MDRC             CREDITS           ACH0330203      THE WILDFLOWER FOUNDAT","[]","0","0.00","[]","0","0.00","[]","0","0.00","[{""id"":""bdqr_bdep_b324de40c4ec24460ce12dd5"",""bank_deposit_id"":""bdep_b324de40c4ec24460ce12dd5"",""bank_transaction_id"":""bnk_e0055f67937c9643f24b899d"",""amount"":""15000"",""deposit_date"":""2023-04-03"",""txn_date"":""2023-04-03"",""txn_type"":""Payment"",""ref_no"":"""",""payee"":""MDRC"",""memo"":"""",""qb_posting"":"""",""account"":""1503 Pledges/Services Receivable"",""class"":"""",""reconciliation_status"":""Reconciled"",""ambiguous"":""false""}]","1","15000.00","15000.00"
"bdep_f4dcd3219dd60382975885a9","bnk_f4dcd3219dd60382975885a9","2019-07-09","25000","USD","","","ATM CHECK DEPOSIT              ON              07/09 3030 NICOLLET AVE         MINNEAPOLIS   MN  0005264           ATM ID 5813V    CARD 7365","[{""component_id"":""bdc_206jdtJJa4i1y-s2Il9yR"",""payment_unit_id"":""pu_206jdtJJa4i1y-s2Il9yR"",""kind"":""other"",""amount"":""25000.00"",""source"":""qbo_inferred"",""source_staged_payment_id"":""206jdtJJa4i1y-s2Il9yR"",""staged_payer"":""JP Morgan Charitable Giving Fund"",""staged_date"":""2019-07-09"",""qb_deposit_id"":""7926"",""reconciliation_flag"":""ok"",""unit_kind"":""other"",""unit_evidence_id"":""206jdtJJa4i1y-s2Il9yR""}]","1","25000.00","[{""id"":""pu_206jdtJJa4i1y-s2Il9yR"",""kind"":""other"",""evidence_id"":""206jdtJJa4i1y-s2Il9yR"",""stripe_charge_id"":"""",""source_staged_payment_id"":""206jdtJJa4i1y-s2Il9yR"",""gross_amount"":""25000.00"",""fee_amount"":"""",""net_amount"":""25000.00"",""currency"":""USD"",""received_date"":""2019-07-09"",""lifecycle"":""received""}]","1","25000.00","[]","0","0.00","[]","0","0.00","0.00"
"bdep_bb72bfad1b2a098b37a5f254","bnk_bb72bfad1b2a098b37a5f254","2019-06-14","2000","USD","","","INTUIT PYMT SOLN DEPOSIT    190614 524771997507722 THE WILDFLOWER FOUNDAT","[]","0","0.00","[]","0","0.00","[]","0","0.00","[]","0","0.00","2000.00"
"bdep_8b92cc891bf135aaa0bfc090","bnk_8b92cc891bf135aaa0bfc090","2025-08-05","60000","USD","","","WT XXXXXX5217ES     JPMORGAN CHASE B /ORG=EXCELLENT SCHOOLS NEW MEXICO                SRF#        XXXXXX5217ES TRN#XXXXXXXX5880  RFB#        XXXXXX5217ES","[{""component_id"":""bdc_WkhS6YAYglDGWePEgKEFo"",""payment_unit_id"":""pu_WkhS6YAYglDGWePEgKEFo"",""kind"":""wire"",""amount"":""60000.00"",""source"":""qbo_inferred"",""source_staged_payment_id"":""WkhS6YAYglDGWePEgKEFo"",""staged_payer"":""Jpmorgan Chase"",""staged_date"":""2025-08-05"",""qb_deposit_id"":""35623"",""reconciliation_flag"":""ok"",""unit_kind"":""wire"",""unit_evidence_id"":""WkhS6YAYglDGWePEgKEFo""}]","1","60000.00","[{""id"":""pu_WkhS6YAYglDGWePEgKEFo"",""kind"":""wire"",""evidence_id"":""WkhS6YAYglDGWePEgKEFo"",""stripe_charge_id"":"""",""source_staged_payment_id"":""WkhS6YAYglDGWePEgKEFo"",""gross_amount"":""60000.00"",""fee_amount"":"""",""net_amount"":""60000.00"",""currency"":""USD"",""received_date"":""2025-08-05"",""lifecycle"":""received""}]","1","60000.00","[]","0","0.00","[]","0","0.00","0.00"
"bdep_754cd0515c69ad852399014b","bnk_754cd0515c69ad852399014b","2026-03-27","1854.33","USD","","","Bill.com         Receivable        015HMKBMNEX98RN Aster Montessori School Inc Bill.com 015HMKBMNEX","[]","0","0.00","[]","0","0.00","[]","0","0.00","[{""id"":""bdqr_bdep_754cd0515c69ad852399014b"",""bank_deposit_id"":""bdep_754cd0515c69ad852399014b"",""bank_transaction_id"":""bnk_07c2df39b5f8b37394c15ef7"",""amount"":""1854.33"",""deposit_date"":""2026-03-27"",""txn_date"":""2026-03-27"",""txn_type"":""Journal"",""ref_no"":""JE CSP Feb_2028"",""payee"":"""",""memo"":""BILL 03/27/26 AR Payments"",""qb_posting"":"""",""account"":"""",""class"":"""",""reconciliation_status"":""Reconciled"",""ambiguous"":""false""}]","1","1854.33","1854.33"
"bdep_75cb64ca917ea625bf5bb630","bnk_75cb64ca917ea625bf5bb630","2021-12-13","194.87","USD","","","STRIPE           TRANSFER          ST-L7D9M6T8N5R4 THE WILDFLOWER FOUNDAT","[]","0","0.00","[]","0","0.00","[{""stripe_payout_id"":""po_1K5hzCAhXr9x8yiRCsRkbmMq"",""bank_deposit_id"":""bdep_75cb64ca917ea625bf5bb630"",""amount"":""194.87"",""currency"":""USD"",""arrival_date"":""2021-12-12"",""deposit_date"":""2021-12-13"",""ambiguous_bank_match"":""false"",""payer_name"":""""}]","1","194.87","[]","0","0.00","194.87"
"bdep_554166dd1a488ab225ed6313","bnk_554166dd1a488ab225ed6313","2023-01-12","28.62","USD","","","MBI              SETL       230111 MED-I-BANK      MED-I-BANK","[]","0","0.00","[]","0","0.00","[]","0","0.00","[]","0","0.00","28.62"
"bdep_278464f8d6a169267553d0ca","bnk_278464f8d6a169267553d0ca","2025-11-20","9745","USD","","","AMER ONLINE GIV1 EDI PAYMNT NOV 17 1PY7WDKRDA      REF*TN*1PY7WDKRDA*Donation from AOGFcauses.benev","[{""component_id"":""bdc_erVW8ztCPgYGZU-R36PpC"",""payment_unit_id"":""pu_erVW8ztCPgYGZU-R36PpC"",""kind"":""other"",""amount"":""9745.00"",""source"":""qbo_inferred"",""source_staged_payment_id"":""erVW8ztCPgYGZU-R36PpC"",""staged_payer"":"""",""staged_date"":""2025-11-20"",""qb_deposit_id"":""36570"",""reconciliation_flag"":""ok"",""unit_kind"":""other"",""unit_evidence_id"":""erVW8ztCPgYGZU-R36PpC""}]","1","9745.00","[{""id"":""pu_erVW8ztCPgYGZU-R36PpC"",""kind"":""other"",""evidence_id"":""erVW8ztCPgYGZU-R36PpC"",""stripe_charge_id"":"""",""source_staged_payment_id"":""erVW8ztCPgYGZU-R36PpC"",""gross_amount"":""9745.00"",""fee_amount"":"""",""net_amount"":""9745.00"",""currency"":""USD"",""received_date"":""2025-11-20"",""lifecycle"":""received""}]","1","9745.00","[]","0","0.00","[]","0","0.00","0.00"
"bdep_6054923893ff01f1b9aa3825","bnk_6054923893ff01f1b9aa3825","2022-10-12","514.17","USD","","","BASIC            BASICCOBRA 221011                 The Wildflower Foundat","[]","0","0.00","[]","0","0.00","[]","0","0.00","[]","0","0.00","514.17"
"bdep_9f1aa9def6ce5593a4c33285","bnk_9f1aa9def6ce5593a4c33285","2021-06-21","36361.56","USD","","","ATM CHECK DEPOSIT              ON              06/21 1505 W LAKE ST            Minneapolis   MN  0001572           ATM ID 6991J    CARD 7365","[]","0","0.00","[]","0","0.00","[]","0","0.00","[]","0","0.00","36361.56"
"bdep_18de2a5dfa25b5eff3ffe84b","bnk_18de2a5dfa25b5eff3ffe84b","2020-03-02","450","USD","","","INTUIT PYMT SOLN DEPOSIT    200229 524771997507722 THE WILDFLOWER FOUNDAT","[]","0","0.00","[]","0","0.00","[]","0","0.00","[{""id"":""bdqr_bdep_18de2a5dfa25b5eff3ffe84b"",""bank_deposit_id"":""bdep_18de2a5dfa25b5eff3ffe84b"",""bank_transaction_id"":""bnk_5d22da03b5981163b3a4b096"",""amount"":""450"",""deposit_date"":""2020-03-02"",""txn_date"":""2020-02-28"",""txn_type"":""Deposit"",""ref_no"":"""",""payee"":"""",""memo"":""System-recorded deposit for QuickBooks Payments"",""qb_posting"":"""",""account"":"""",""class"":"""",""reconciliation_status"":""Reconciled"",""ambiguous"":""false""}]","1","450.00","450.00"
"bdep_a06d0a90700b06d8023a9220","bnk_a06d0a90700b06d8023a9220","2024-11-18","190.4","USD","","","STRIPE           TRANSFER          ST-O2R1O5T4F6C1 THE WILDFLOWER FOUNDAT","[]","0","0.00","[]","0","0.00","[{""stripe_payout_id"":""po_1QM18VAhXr9x8yiRA7PFpc7m"",""bank_deposit_id"":""bdep_a06d0a90700b06d8023a9220"",""amount"":""190.4"",""currency"":""USD"",""arrival_date"":""2024-11-17"",""deposit_date"":""2024-11-18"",""ambiguous_bank_match"":""false"",""payer_name"":""""}]","1","190.40","[]","0","0.00","190.40"
"bdep_319bd8afd1844752e4f90779","bnk_319bd8afd1844752e4f90779","2021-01-15","970.4","USD","","","STRIPE           TRANSFER          ST-O5N7Z6M8S8N6 THE WILDFLOWER FOUNDAT","[]","0","0.00","[]","0","0.00","[]","0","0.00","[]","0","0.00","970.40"
"bdep_fde18a885bbbccc66c30bc3e","bnk_fde18a885bbbccc66c30bc3e","2020-01-28","250","USD","","","INTUIT PYMT SOLN DEPOSIT    200128 524771997507722 THE WILDFLOWER FOUNDAT","[]","0","0.00","[]","0","0.00","[]","0","0.00","[{""id"":""bdqr_bdep_fde18a885bbbccc66c30bc3e"",""bank_deposit_id"":""bdep_fde18a885bbbccc66c30bc3e"",""bank_transaction_id"":""bnk_97651ef06fd7eebedf8b2cb4"",""amount"":""250"",""deposit_date"":""2020-01-28"",""txn_date"":""2020-01-27"",""txn_type"":""Deposit"",""ref_no"":"""",""payee"":""Loan - Capucine"",""memo"":""System-recorded deposit for QuickBooks Payments"",""qb_posting"":"""",""account"":""1501 Undeposited Funds"",""class"":"""",""reconciliation_status"":""Reconciled"",""ambiguous"":""false""}]","1","250.00","250.00"
"bdep_75ed6bf3e3280b289018c95f","bnk_75ed6bf3e3280b289018c95f","2021-12-01","212.5","USD","","","Morgan Stanley   ACH CREDIT 211130 101208553z5ibo  The Wildflower Foundat","[]","0","0.00","[]","0","0.00","[]","0","0.00","[]","0","0.00","212.50"
"bdep_9a86ee893d05a620e3fb115f","bnk_9a86ee893d05a620e3fb115f","2026-06-08","8469.3","USD","","","ONLINE TRANSFER IC MARCH PAYROLL REF #BB0YFTJ88V","[]","0","0.00","[]","0","0.00","[]","0","0.00","[{""id"":""bdqr_bdep_9a86ee893d05a620e3fb115f"",""bank_deposit_id"":""bdep_9a86ee893d05a620e3fb115f"",""bank_transaction_id"":""bnk_4ec1504beb85026f48a14551"",""amount"":""8469.3"",""deposit_date"":""2026-06-08"",""txn_date"":""2026-06-08"",""txn_type"":""Transfer"",""ref_no"":"""",""payee"":"""",""memo"":""Transfer from CSP to Operating - CSP reimbursement"",""qb_posting"":"""",""account"":""TWF CSP Rep grant (1340) - 2"",""class"":"""",""reconciliation_status"":""Reconciled"",""ambiguous"":""false""}]","1","8469.30","8469.30"
"bdep_d26dc015609e73f11650dc1a","bnk_d26dc015609e73f11650dc1a","2022-10-26","400000","USD","","","WT MAAQE4802J6O42C2 PNC BANK, N.A.   /ORG=SPRING POINT PARTNERS LLC                   SRF#    MAAQE4802J6O42C2 TRN#221026128794  RFB#                 SPP","[{""component_id"":""bdc_jPH2hJ62Wwm7CPMbghV0V"",""payment_unit_id"":""pu_jPH2hJ62Wwm7CPMbghV0V"",""kind"":""other"",""amount"":""400000.00"",""source"":""qbo_inferred"",""source_staged_payment_id"":""jPH2hJ62Wwm7CPMbghV0V"",""staged_payer"":""Spring Point Partners"",""staged_date"":""2022-10-26"",""qb_deposit_id"":""21974"",""reconciliation_flag"":""ok"",""unit_kind"":""other"",""unit_evidence_id"":""jPH2hJ62Wwm7CPMbghV0V""}]","1","400000.00","[{""id"":""pu_jPH2hJ62Wwm7CPMbghV0V"",""kind"":""other"",""evidence_id"":""jPH2hJ62Wwm7CPMbghV0V"",""stripe_charge_id"":"""",""source_staged_payment_id"":""jPH2hJ62Wwm7CPMbghV0V"",""gross_amount"":""400000.00"",""fee_amount"":"""",""net_amount"":""400000.00"",""currency"":""USD"",""received_date"":""2022-10-26"",""lifecycle"":""received""}]","1","400000.00","[]","0","0.00","[]","0","0.00","0.00"
"bdep_25c72f7208af44dc9f224289","bnk_25c72f7208af44dc9f224289","2017-01-09","48.88","USD","","","GUSTO TAX 786957 170109 6semjmf7vfv The Wildflower Foundat","[]","0","0.00","[]","0","0.00","[]","0","0.00","[]","0","0.00","48.88"
"bdep_ae3d3ac841a9260b4191b90f","bnk_ae3d3ac841a9260b4191b90f","2020-07-30","800000","USD","","","WALTON FAM FDN   GRANTS            70317           SMSGRANT 00000134","[]","0","0.00","[]","0","0.00","[]","0","0.00","[]","0","0.00","800000.00"
"bdep_7eb7411307908b3e7fdd1215","bnk_7eb7411307908b3e7fdd1215","2020-01-28","10","USD","","","ATM CASH DEPOSIT               ON              01/28 1505 WEST LAKE ST         MINNEAPOLIS   MN  0008317           ATM ID 6991J    CARD 7365","[{""component_id"":""bdc_BTLwPtMoRWThw_mu_q2WZ"",""payment_unit_id"":""pu_BTLwPtMoRWThw_mu_q2WZ"",""kind"":""other"",""amount"":""10.00"",""source"":""qbo_inferred"",""source_staged_payment_id"":""BTLwPtMoRWThw_mu_q2WZ"",""staged_payer"":"""",""staged_date"":""2020-01-28"",""qb_deposit_id"":""10962"",""reconciliation_flag"":""ok"",""unit_kind"":""other"",""unit_evidence_id"":""BTLwPtMoRWThw_mu_q2WZ""}]","1","10.00","[{""id"":""pu_BTLwPtMoRWThw_mu_q2WZ"",""kind"":""other"",""evidence_id"":""BTLwPtMoRWThw_mu_q2WZ"",""stripe_charge_id"":"""",""source_staged_payment_id"":""BTLwPtMoRWThw_mu_q2WZ"",""gross_amount"":""10.00"",""fee_amount"":"""",""net_amount"":""10.00"",""currency"":""USD"",""received_date"":""2020-01-28"",""lifecycle"":""received""}]","1","10.00","[]","0","0.00","[]","0","0.00","0.00"
"bdep_2fded38f010ede190861731d","bnk_2fded38f010ede190861731d","2026-03-06","1090.9","USD","","","Desert Peach Mon Bill.com          026TVMYSP1UBQOP Desert Peach Montessori School Bill.com 026TVMYS","[]","0","0.00","[]","0","0.00","[]","0","0.00","[{""id"":""bdqr_bdep_2fded38f010ede190861731d"",""bank_deposit_id"":""bdep_2fded38f010ede190861731d"",""bank_transaction_id"":""bnk_2e1446d7a17643a19b02b9b4"",""amount"":""1090.9"",""deposit_date"":""2026-03-06"",""txn_date"":""2026-03-05"",""txn_type"":""Payment"",""ref_no"":""P26030202 - 2908526"",""payee"":""Desert Peach Montessori"",""memo"":""Multiple invoices"",""qb_posting"":"""",""account"":""1503 Pledges/Services Receivable"",""class"":"""",""reconciliation_status"":""Reconciled"",""ambiguous"":""false""}]","1","1090.90","1090.90"
"bdep_d32f76f3a64ceeeebf01e256","bnk_d32f76f3a64ceeeebf01e256","2025-12-31","5100","USD","","","ATM CHECK DEPOSIT              ON              12/31 4712 Chicago Ave          Minneapolis   MN  0003628           ATM ID 5819T    CARD 0628","[]","0","0.00","[]","0","0.00","[]","0","0.00","[]","0","0.00","5100.00"
"bdep_f87345c66a02b0cf69a41e8f","bnk_f87345c66a02b0cf69a41e8f","2024-06-12","19.86","USD","","","GUSTO            TLR 925920 240612 6semk1cspvq     The Wildflower Foundat","[]","0","0.00","[]","0","0.00","[]","0","0.00","[]","0","0.00","19.86"
"bdep_39e1870c99083e2d9ed879ca","bnk_39e1870c99083e2d9ed879ca","2024-08-30","5879.68","USD","","","ATM CHECK DEPOSIT              ON              08/30 7900 Xerxes Ave S Ste 201 Bloomington   MN  0001184           ATM ID 9961Z    CARD 0628","[]","0","0.00","[]","0","0.00","[]","0","0.00","[]","0","0.00","5879.68"
"bdep_190d44ffe6287c67ae48b690","bnk_190d44ffe6287c67ae48b690","2024-07-15","3750","USD","","","The Sunlight Loa Receivable        016BUHQFN3ET4BC 016BUHQFN3ET4BC The Sunlight Loa Bill.com Inv 79","[]","0","0.00","[]","0","0.00","[]","0","0.00","[]","0","0.00","3750.00"
"bdep_d2fc7a36b3fcaacf6454ede0","bnk_d2fc7a36b3fcaacf6454ede0","2017-11-09","1822.08","USD","","","BUSINESS CHECKIN Expensify 5FD7D2 Report 23058386 BUSINESS CHECKING","[]","0","0.00","[]","0","0.00","[]","0","0.00","[]","0","0.00","1822.08"
"bdep_5c7434f889861043a88db07e","bnk_5c7434f889861043a88db07e","2017-07-19","2955","USD","","","WF RETURN WIRES IN PROC WT SEQ#50806 /ORG= SRF# 2017071900034161 TRN#170719050806 RFB#","[]","0","0.00","[]","0","0.00","[]","0","0.00","[]","0","0.00","2955.00"
"bdep_099ece4d790f43e87d428011","bnk_099ece4d790f43e87d428011","2021-09-02","52500","USD","","","WT FED#00412 JPMC INTERNAL ACCO    /ORG=OVERDECK FAMILY FOUNDATION, INC               SRF#        1160900245ES TRN#210902124353  RFB#     OS1 OF 21/09/02","[{""component_id"":""bdc_m1m6w-YgopvOTdzfhK4Vx"",""payment_unit_id"":""pu_m1m6w-YgopvOTdzfhK4Vx"",""kind"":""other"",""amount"":""52500.00"",""source"":""qbo_inferred"",""source_staged_payment_id"":""m1m6w-YgopvOTdzfhK4Vx"",""staged_payer"":""Overdeck Family Foundation"",""staged_date"":""2021-09-02"",""qb_deposit_id"":""17259"",""reconciliation_flag"":""ok"",""unit_kind"":""other"",""unit_evidence_id"":""m1m6w-YgopvOTdzfhK4Vx""}]","1","52500.00","[{""id"":""pu_m1m6w-YgopvOTdzfhK4Vx"",""kind"":""other"",""evidence_id"":""m1m6w-YgopvOTdzfhK4Vx"",""stripe_charge_id"":"""",""source_staged_payment_id"":""m1m6w-YgopvOTdzfhK4Vx"",""gross_amount"":""52500.00"",""fee_amount"":"""",""net_amount"":""52500.00"",""currency"":""USD"",""received_date"":""2021-09-02"",""lifecycle"":""received""}]","1","52500.00","[]","0","0.00","[]","0","0.00","0.00"
"bdep_6a231c7eeaf56f69aa64095b","bnk_6a231c7eeaf56f69aa64095b","2020-07-15","405.96","USD","","","STRIPE           TRANSFER          ST-O5R7F9F6Y1M8 THE WILDFLOWER FOUNDAT","[]","0","0.00","[]","0","0.00","[]","0","0.00","[]","0","0.00","405.96"
"bdep_5d777095e5f834e1893cee7d","bnk_5d777095e5f834e1893cee7d","2021-04-26","18705","USD","","","WT SEQ129061 WF RETURN WIRES IN PROC /ORG=                                            SRF#    2021040600059105 TRN#210426129061  RFB#","[]","0","0.00","[]","0","0.00","[]","0","0.00","[]","0","0.00","18705.00"
"bdep_b398893a6bb00c8ad323d715","bnk_b398893a6bb00c8ad323d715","2020-04-01","35.18","USD","","","STRIPE           TRANSFER          ST-H4R2M2A0E1N3 THE WILDFLOWER FOUNDAT","[]","0","0.00","[]","0","0.00","[{""stripe_payout_id"":""po_1GSYlwAhXr9x8yiRiAAFdQZw"",""bank_deposit_id"":""bdep_b398893a6bb00c8ad323d715"",""amount"":""35.18"",""currency"":""USD"",""arrival_date"":""2020-03-31"",""deposit_date"":""2020-04-01"",""ambiguous_bank_match"":""false"",""payer_name"":""""}]","1","35.18","[]","0","0.00","35.18"
"bdep_506828560588c20233a8984d","bnk_506828560588c20233a8984d","2024-09-24","454.55","USD","","","Wildflower Monte Receivable        016YZKCMQ3HST5I 016YZKCMQ3HST5I Wildflower Monte Bill.com Inv 79","[]","0","0.00","[]","0","0.00","[]","0","0.00","[{""id"":""bdqr_bdep_506828560588c20233a8984d"",""bank_deposit_id"":""bdep_506828560588c20233a8984d"",""bank_transaction_id"":""bnk_6a26e2229462515918be087f"",""amount"":""454.55"",""deposit_date"":""2024-09-24"",""txn_date"":""2024-09-24"",""txn_type"":""Payment"",""ref_no"":"""",""payee"":""Meadow Rue (C)"",""memo"":""Membership fee Oct payment - came in via WMPSC Bill acct"",""qb_posting"":"""",""account"":""1503 Pledges/Services Receivable"",""class"":"""",""reconciliation_status"":""Reconciled"",""ambiguous"":""false""}]","1","454.55","454.55"
"bdep_3a53340fa9fbfd2d5ce261f9","bnk_3a53340fa9fbfd2d5ce261f9","2026-06-26","39648.42","USD","","","ONLINE TRANSFER INDIRECT COSTS APRIL  REF #BB0YP2WMTC","[]","0","0.00","[]","0","0.00","[]","0","0.00","[{""id"":""bdqr_bdep_3a53340fa9fbfd2d5ce261f9"",""bank_deposit_id"":""bdep_3a53340fa9fbfd2d5ce261f9"",""bank_transaction_id"":""bnk_bf390d1ef5c44d0cbe505dda"",""amount"":""39648.42"",""deposit_date"":""2026-06-26"",""txn_date"":""2026-06-26"",""txn_type"":""Transfer"",""ref_no"":"""",""payee"":"""",""memo"":""Transfer from CSP to Operating - CSP reimbursement"",""qb_posting"":"""",""account"":""TWF CSP Rep grant (1340) - 2"",""class"":"""",""reconciliation_status"":""Reconciled"",""ambiguous"":""false""}]","1","39648.42","39648.42"
"bdep_b3485eb75ed3fcefee95043a","bnk_b3485eb75ed3fcefee95043a","2025-10-21","76365.75","USD","","","ONLINE TRANSFER FROM THE WILDFLOWER FOUNDATION REF #IB0VDBPQP5 COMMERCIAL BUSINESS CHECKIN SEP 25 REIMBURSEMENT NO PAYROLL","[]","0","0.00","[]","0","0.00","[]","0","0.00","[{""id"":""bdqr_bdep_b3485eb75ed3fcefee95043a"",""bank_deposit_id"":""bdep_b3485eb75ed3fcefee95043a"",""bank_transaction_id"":""bnk_b0a417d1dccc85bbe7bf91db"",""amount"":""76365.75"",""deposit_date"":""2025-10-21"",""txn_date"":""2025-10-21"",""txn_type"":""Transfer"",""ref_no"":"""",""payee"":"""",""memo"":"""",""qb_posting"":"""",""account"":""TWF CSP Rep grant (1340) - 2"",""class"":"""",""reconciliation_status"":""Reconciled"",""ambiguous"":""false""}]","1","76365.75","76365.75"
"bdep_37ec1746a8e61926d5023e4c","bnk_37ec1746a8e61926d5023e4c","2019-07-24","2129.09","USD","","","INTUIT PYMT SOLN DEPOSIT    190724 524771997507722 THE WILDFLOWER FOUNDAT","[]","0","0.00","[]","0","0.00","[]","0","0.00","[{""id"":""bdqr_bdep_37ec1746a8e61926d5023e4c"",""bank_deposit_id"":""bdep_37ec1746a8e61926d5023e4c"",""bank_transaction_id"":""bnk_fe05b72434924ccf6e6393d6"",""amount"":""2129.09"",""deposit_date"":""2019-07-24"",""txn_date"":""2019-07-23"",""txn_type"":""Deposit"",""ref_no"":"""",""payee"":"""",""memo"":""System-recorded deposit for QuickBooks Payments"",""qb_posting"":"""",""account"":"""",""class"":"""",""reconciliation_status"":""Reconciled"",""ambiguous"":""false""}]","1","2129.09","2129.09"
"bdep_3e0858074bb5cfed40959ae8","bnk_3e0858074bb5cfed40959ae8","2024-11-08","992.71","USD","","","STRIPE           TRANSFER          ST-U8L6K2H6G1S3 THE WILDFLOWER FOUNDAT","[]","0","0.00","[]","0","0.00","[{""stripe_payout_id"":""po_1QIPzmAhXr9x8yiRsGQAAsEl"",""bank_deposit_id"":""bdep_3e0858074bb5cfed40959ae8"",""amount"":""992.71"",""currency"":""USD"",""arrival_date"":""2024-11-07"",""deposit_date"":""2024-11-08"",""ambiguous_bank_match"":""false"",""payer_name"":""""}]","1","992.71","[]","0","0.00","992.71"
"bdep_72baded309a6cf648709ef04","bnk_72baded309a6cf648709ef04","2021-03-12","12000","USD","","","NEW SCHOOLS 1310 PAYMENTS          VEN000829       WILDFLOWER FOUNDATION","[]","0","0.00","[]","0","0.00","[]","0","0.00","[{""id"":""bdqr_bdep_72baded309a6cf648709ef04"",""bank_deposit_id"":""bdep_72baded309a6cf648709ef04"",""bank_transaction_id"":""bnk_949a56f40cea8d5d2e86edd4"",""amount"":""12000"",""deposit_date"":""2021-03-12"",""txn_date"":""2021-03-12"",""txn_type"":""Payment"",""ref_no"":"""",""payee"":""New Schools Venture Fund"",""memo"":"""",""qb_posting"":"""",""account"":""1503 Pledges/Services Receivable"",""class"":"""",""reconciliation_status"":""Reconciled"",""ambiguous"":""false""}]","1","12000.00","12000.00"
"bdep_38c39181b352e267cd7e2056","bnk_38c39181b352e267cd7e2056","2020-06-25","33.68","USD","","","STRIPE           TRANSFER          ST-W8E7F6G0A6F8 THE WILDFLOWER FOUNDAT","[]","0","0.00","[]","0","0.00","[]","0","0.00","[]","0","0.00","33.68"
"bdep_1585438062b7fc3698591384","bnk_1585438062b7fc3698591384","2021-02-05","496.38","USD","","","STRIPE           TRANSFER          ST-O0R4D5A6L6K1 THE WILDFLOWER FOUNDAT","[]","0","0.00","[]","0","0.00","[{""stripe_payout_id"":""po_1IGxPLAhXr9x8yiR8hj5Hz4Q"",""bank_deposit_id"":""bdep_1585438062b7fc3698591384"",""amount"":""496.38"",""currency"":""USD"",""arrival_date"":""2021-02-04"",""deposit_date"":""2021-02-05"",""ambiguous_bank_match"":""false"",""payer_name"":""""}]","1","496.38","[]","0","0.00","496.38"
"bdep_2a59e8fd777ca2d450453241","bnk_2a59e8fd777ca2d450453241","2021-01-12","491.2","USD","","","STRIPE           TRANSFER          ST-Q9Y6O1F6C8J0 THE WILDFLOWER FOUNDAT","[]","0","0.00","[]","0","0.00","[]","0","0.00","[]","0","0.00","491.20"
"bdep_21e666fef38decde56f58a99","bnk_21e666fef38decde56f58a99","2019-02-26","75","USD","","","INTUIT PYMT SOLN DEPOSIT    190226 524771997507722 THE WILDFLOWER FOUNDAT","[]","0","0.00","[]","0","0.00","[]","0","0.00","[{""id"":""bdqr_bdep_21e666fef38decde56f58a99"",""bank_deposit_id"":""bdep_21e666fef38decde56f58a99"",""bank_transaction_id"":""bnk_0caada4780ad81ceee2c5258"",""amount"":""75"",""deposit_date"":""2019-02-26"",""txn_date"":""2019-02-25"",""txn_type"":""Deposit"",""ref_no"":"""",""payee"":""Loan - Cosmos"",""memo"":""System-recorded deposit for QuickBooks Payments"",""qb_posting"":"""",""account"":""1501 Undeposited Funds"",""class"":"""",""reconciliation_status"":""Reconciled"",""ambiguous"":""false""}]","1","75.00","75.00"
"bdep_4a45577f6e884f46095c35dc","bnk_4a45577f6e884f46095c35dc","2020-01-10","1767.42","USD","","","COBRA TRUST ACCT BASICPacif                        COBRA REMIT","[]","0","0.00","[]","0","0.00","[]","0","0.00","[]","0","0.00","1767.42"
"bdep_27f94f74558e4b583a5c8986","bnk_27f94f74558e4b583a5c8986","2020-12-31","15000","USD","","","WT FED#03377 JPMORGAN CHASE BAN    /ORG=BENJAMIN D STATZ OR KATHERINE L               SRF#        3374650366ES TRN#201231109271  RFB#     BMG OF 20/12/31","[{""component_id"":""bdc_dY_09QYkB-Axu7ZFYmJuR"",""payment_unit_id"":""pu_dY_09QYkB-Axu7ZFYmJuR"",""kind"":""other"",""amount"":""15000.00"",""source"":""qbo_inferred"",""source_staged_payment_id"":""dY_09QYkB-Axu7ZFYmJuR"",""staged_payer"":""Benjamin Statz"",""staged_date"":""2020-12-31"",""qb_deposit_id"":""14254"",""reconciliation_flag"":""ok"",""unit_kind"":""other"",""unit_evidence_id"":""dY_09QYkB-Axu7ZFYmJuR""}]","1","15000.00","[{""id"":""pu_dY_09QYkB-Axu7ZFYmJuR"",""kind"":""other"",""evidence_id"":""dY_09QYkB-Axu7ZFYmJuR"",""stripe_charge_id"":"""",""source_staged_payment_id"":""dY_09QYkB-Axu7ZFYmJuR"",""gross_amount"":""15000.00"",""fee_amount"":"""",""net_amount"":""15000.00"",""currency"":""USD"",""received_date"":""2020-12-31"",""lifecycle"":""received""}]","1","15000.00","[]","0","0.00","[]","0","0.00","0.00"
"bdep_456b38bc93fe4e260702ab9d","bnk_456b38bc93fe4e260702ab9d","2025-05-21","454.55","USD","","","The Girasol Scho Receivable        016AGXKZE3QN4J2 016AGXKZE3QN4J2 The Girasol Scho Bill.com Inv 13","[]","0","0.00","[]","0","0.00","[]","0","0.00","[]","0","0.00","454.55"
"bdep_b471f7eb1b52caa2f92cd49f","bnk_b471f7eb1b52caa2f92cd49f","2024-07-08","1500000","USD","","","VANGRDCHARITABLE GRANTPYMNT        41790448        WILDFLOWER FOUNDATION","[{""component_id"":""bdc_8r4tQubAh23RqksEG7OU-"",""payment_unit_id"":""pu_8r4tQubAh23RqksEG7OU-"",""kind"":""other"",""amount"":""750000.00"",""source"":""qbo_inferred"",""source_staged_payment_id"":""8r4tQubAh23RqksEG7OU-"",""staged_payer"":""Arthur Rock Foundation"",""staged_date"":""2024-07-08"",""qb_deposit_id"":""29390"",""reconciliation_flag"":""ok"",""unit_kind"":""other"",""unit_evidence_id"":""8r4tQubAh23RqksEG7OU-""},{""component_id"":""bdc_fe20NzJrK3GYkpymmM9VD"",""payment_unit_id"":""pu_fe20NzJrK3GYkpymmM9VD"",""kind"":""other"",""amount"":""750000.00"",""source"":""qbo_inferred"",""source_staged_payment_id"":""fe20NzJrK3GYkpymmM9VD"",""staged_payer"":""Arthur Rock Foundation"",""staged_date"":""2024-07-08"",""qb_deposit_id"":""29390"",""reconciliation_flag"":""ok"",""unit_kind"":""other"",""unit_evidence_id"":""fe20NzJrK3GYkpymmM9VD""}]","2","1500000.00","[{""id"":""pu_8r4tQubAh23RqksEG7OU-"",""kind"":""other"",""evidence_id"":""8r4tQubAh23RqksEG7OU-"",""stripe_charge_id"":"""",""source_staged_payment_id"":""8r4tQubAh23RqksEG7OU-"",""gross_amount"":""750000.00"",""fee_amount"":"""",""net_amount"":""750000.00"",""currency"":""USD"",""received_date"":""2024-07-08"",""lifecycle"":""received""},{""id"":""pu_fe20NzJrK3GYkpymmM9VD"",""kind"":""other"",""evidence_id"":""fe20NzJrK3GYkpymmM9VD"",""stripe_charge_id"":"""",""source_staged_payment_id"":""fe20NzJrK3GYkpymmM9VD"",""gross_amount"":""750000.00"",""fee_amount"":"""",""net_amount"":""750000.00"",""currency"":""USD"",""received_date"":""2024-07-08"",""lifecycle"":""received""}]","2","1500000.00","[]","0","0.00","[]","0","0.00","0.00"
"bdep_de4a58a56d789e47a25bec9e","bnk_de4a58a56d789e47a25bec9e","2021-03-02","27000","USD","","","Telluray Foundat Bill.com          016YHVGDG1PNVNJ Telluray Foundation Bill.com 016YHVGDG1PNVNJ Inv","[]","0","0.00","[]","0","0.00","[]","0","0.00","[{""id"":""bdqr_bdep_de4a58a56d789e47a25bec9e"",""bank_deposit_id"":""bdep_de4a58a56d789e47a25bec9e"",""bank_transaction_id"":""bnk_d499257c141f806b6865a92a"",""amount"":""27000"",""deposit_date"":""2021-03-02"",""txn_date"":""2021-03-02"",""txn_type"":""Payment"",""ref_no"":"""",""payee"":""Telluray Foundation"",""memo"":"""",""qb_posting"":"""",""account"":""1503 Pledges/Services Receivable"",""class"":"""",""reconciliation_status"":""Reconciled"",""ambiguous"":""false""}]","1","27000.00","27000.00"
"bdep_47435a6f6b9418f214dcbeb0","bnk_47435a6f6b9418f214dcbeb0","2018-12-14","129.75","USD","","","MSP02 - 1330 Lag PAYMENTS   181213 EFT-00400797    NTE*ZZZ*PO36HR5JQDXSJNEWAH,\ 201812141","[]","0","0.00","[]","0","0.00","[]","0","0.00","[]","0","0.00","129.75"
"bdep_cfeca27ce280889c4ea82493","bnk_cfeca27ce280889c4ea82493","2021-01-22","4416.67","USD","","","INTUIT PYMT SOLN DEPOSIT    210122 524771990592861 THE WILDFLOWER FOUNDAT","[]","0","0.00","[]","0","0.00","[]","0","0.00","[{""id"":""bdqr_bdep_cfeca27ce280889c4ea82493"",""bank_deposit_id"":""bdep_cfeca27ce280889c4ea82493"",""bank_transaction_id"":""bnk_604d1967f3ba15723d50e2c3"",""amount"":""4416.67"",""deposit_date"":""2021-01-22"",""txn_date"":""2021-01-21"",""txn_type"":""Deposit"",""ref_no"":"""",""payee"":"""",""memo"":""System-recorded deposit for QuickBooks Payments"",""qb_posting"":"""",""account"":"""",""class"":"""",""reconciliation_status"":""Reconciled"",""ambiguous"":""false""}]","1","4416.67","4416.67"
"bdep_5ae36271519ead53f670281b","bnk_5ae36271519ead53f670281b","2024-04-18","350000","USD","","","WT FED#01398 NATIONAL FINANCIAL    /ORG=1/FIDELITY FOUNDATION                         SRF#        XXXXXX2109FS TRN#XXXXXXXX3216  RFB#     SWF OF 24/04/18","[{""component_id"":""bdc_d5A4_QbGYCJ7xCcp1VZ1b"",""payment_unit_id"":""pu_d5A4_QbGYCJ7xCcp1VZ1b"",""kind"":""other"",""amount"":""350000.00"",""source"":""qbo_inferred"",""source_staged_payment_id"":""d5A4_QbGYCJ7xCcp1VZ1b"",""staged_payer"":""Anonymous"",""staged_date"":""2024-04-18"",""qb_deposit_id"":""28315"",""reconciliation_flag"":""ok"",""unit_kind"":""other"",""unit_evidence_id"":""d5A4_QbGYCJ7xCcp1VZ1b""}]","1","350000.00","[{""id"":""pu_d5A4_QbGYCJ7xCcp1VZ1b"",""kind"":""other"",""evidence_id"":""d5A4_QbGYCJ7xCcp1VZ1b"",""stripe_charge_id"":"""",""source_staged_payment_id"":""d5A4_QbGYCJ7xCcp1VZ1b"",""gross_amount"":""350000.00"",""fee_amount"":"""",""net_amount"":""350000.00"",""currency"":""USD"",""received_date"":""2024-04-18"",""lifecycle"":""received""}]","1","350000.00","[]","0","0.00","[]","0","0.00","0.00"
"bdep_a6e7cfda51410e6419f18d9a","bnk_a6e7cfda51410e6419f18d9a","2018-11-08","1665.28","USD","","","INTUIT PYMT SOLN DEPOSIT    181108 524771997507722 THE WILDFLOWER FOUNDAT 201811081","[]","0","0.00","[]","0","0.00","[]","0","0.00","[{""id"":""bdqr_bdep_a6e7cfda51410e6419f18d9a"",""bank_deposit_id"":""bdep_a6e7cfda51410e6419f18d9a"",""bank_transaction_id"":""bnk_89e8def7d916a2697445fae8"",""amount"":""1665.28"",""deposit_date"":""2018-11-08"",""txn_date"":""2018-11-07"",""txn_type"":""Deposit"",""ref_no"":"""",""payee"":""Loan - Dandelion"",""memo"":""System-recorded deposit for QuickBooks Payments"",""qb_posting"":"""",""account"":""1501 Undeposited Funds"",""class"":"""",""reconciliation_status"":""Reconciled"",""ambiguous"":""false""}]","1","1665.28","1665.28"
"bdep_5def2b427be720fd43aa1792","bnk_5def2b427be720fd43aa1792","2021-09-22","21494.95","USD","","","ATM CHECK DEPOSIT              ON              09/22 1505 W LAKE ST            Minneapolis   MN  0000068           ATM ID 6993M    CARD 7365","[]","0","0.00","[]","0","0.00","[]","0","0.00","[]","0","0.00","21494.95"
"bdep_d143712fe1d91ec1b9f2348c","bnk_d143712fe1d91ec1b9f2348c","2021-02-25","9000","USD","","","ATM CHECK DEPOSIT              ON              02/25 1505 WEST LAKE ST         Minneapolis   MN  0001212           ATM ID 6991J    CARD 7365","[]","0","0.00","[]","0","0.00","[]","0","0.00","[{""id"":""bdqr_bdep_d143712fe1d91ec1b9f2348c"",""bank_deposit_id"":""bdep_d143712fe1d91ec1b9f2348c"",""bank_transaction_id"":""bnk_0d30af48b5552065605f1131"",""amount"":""9000"",""deposit_date"":""2021-02-25"",""txn_date"":""2021-02-25"",""txn_type"":""Payment"",""ref_no"":"""",""payee"":""Academy of Hope Adult Public Charter School"",""memo"":"""",""qb_posting"":"""",""account"":""1503 Pledges/Services Receivable"",""class"":"""",""reconciliation_status"":""Reconciled"",""ambiguous"":""false""}]","1","9000.00","9000.00"
"bdep_0a6853fe6692c8a1f0626dc3","bnk_0a6853fe6692c8a1f0626dc3","2021-12-23","200000","USD","","","ATM CHECK DEPOSIT              ON              12/23 1505 W Lake St            Minneapolis   MN  0001048           ATM ID 6991J    CARD 7365","[]","0","0.00","[]","0","0.00","[]","0","0.00","[]","0","0.00","200000.00"
"bdep_1ddf079b1018d49a7e5356ea","bnk_1ddf079b1018d49a7e5356ea","2021-01-06","2200","USD","","","INTUIT PYMT SOLN DEPOSIT    210106 524771990592861 THE WILDFLOWER FOUNDAT","[]","0","0.00","[]","0","0.00","[]","0","0.00","[{""id"":""bdqr_bdep_1ddf079b1018d49a7e5356ea"",""bank_deposit_id"":""bdep_1ddf079b1018d49a7e5356ea"",""bank_transaction_id"":""bnk_fac44bfc632e48cb93d53363"",""amount"":""2200"",""deposit_date"":""2021-01-06"",""txn_date"":""2021-01-05"",""txn_type"":""Deposit"",""ref_no"":"""",""payee"":""Seward Montessori"",""memo"":""System-recorded deposit for QuickBooks Payments"",""qb_posting"":"""",""account"":""1501 Undeposited Funds"",""class"":"""",""reconciliation_status"":""Reconciled"",""ambiguous"":""false""}]","1","2200.00","2200.00"
"bdep_0b8c4f8d4b4ba73e72d7b15e","bnk_0b8c4f8d4b4ba73e72d7b15e","2025-02-10","714.83","USD","","","STRIPE           TRANSFER          ST-Z9Z0C8K9N5J6 THE WILDFLOWER FOUNDAT","[]","0","0.00","[]","0","0.00","[{""stripe_payout_id"":""po_1QqPQtAhXr9x8yiRrBYkZc4a"",""bank_deposit_id"":""bdep_0b8c4f8d4b4ba73e72d7b15e"",""amount"":""714.83"",""currency"":""USD"",""arrival_date"":""2025-02-09"",""deposit_date"":""2025-02-10"",""ambiguous_bank_match"":""false"",""payer_name"":""""}]","1","714.83","[]","0","0.00","714.83"
"bdep_76b8b4a24f4bf6c4a57bbe32","bnk_76b8b4a24f4bf6c4a57bbe32","2025-12-22","24255.47","USD","","","ONLINE TRANSFER CSP INDIRECT COSTS THROUGH SEPT 2025 REF #BB0W6P7Q25","[]","0","0.00","[]","0","0.00","[]","0","0.00","[{""id"":""bdqr_bdep_76b8b4a24f4bf6c4a57bbe32"",""bank_deposit_id"":""bdep_76b8b4a24f4bf6c4a57bbe32"",""bank_transaction_id"":""bnk_23d5d7a40bed48a9a71b35ab"",""amount"":""24255.47"",""deposit_date"":""2025-12-22"",""txn_date"":""2025-12-22"",""txn_type"":""Transfer"",""ref_no"":"""",""payee"":"""",""memo"":"""",""qb_posting"":"""",""account"":""TWF CSP Rep grant (1340) - 2"",""class"":"""",""reconciliation_status"":""Reconciled"",""ambiguous"":""false""}]","1","24255.47","24255.47"
"bdep_8d51c07a4462832e3371a889","bnk_8d51c07a4462832e3371a889","2024-04-09","5544","USD","","","DC WILDFLOWER PU EFT PYMT   040824 Charter School  The Wildflower Foundat","[]","0","0.00","[]","0","0.00","[]","0","0.00","[{""id"":""bdqr_bdep_8d51c07a4462832e3371a889"",""bank_deposit_id"":""bdep_8d51c07a4462832e3371a889"",""bank_transaction_id"":""bnk_b09448007effd3c3ee700aa6"",""amount"":""5544"",""deposit_date"":""2024-04-09"",""txn_date"":""2024-04-09"",""txn_type"":""Payment"",""ref_no"":"""",""payee"":""DC Wildflower Public Charter School"",""memo"":"""",""qb_posting"":"""",""account"":""1503 Pledges/Services Receivable"",""class"":"""",""reconciliation_status"":""Reconciled"",""ambiguous"":""false""}]","1","5544.00","5544.00"
"bdep_6452be9f0e6293cb6a0aa38f","bnk_6452be9f0e6293cb6a0aa38f","2017-11-03","700000","USD","","","WALTON FAM FDN GRANT PMT 58399 GRANT 2017-1205","[{""component_id"":""bdc_obZdI7xecWrODbiqkc2TA"",""payment_unit_id"":""pu_obZdI7xecWrODbiqkc2TA"",""kind"":""other"",""amount"":""700000.00"",""source"":""qbo_inferred"",""source_staged_payment_id"":""obZdI7xecWrODbiqkc2TA"",""staged_payer"":""Walton Family Foundation"",""staged_date"":""2017-11-03"",""qb_deposit_id"":""2107"",""reconciliation_flag"":""ok"",""unit_kind"":""other"",""unit_evidence_id"":""obZdI7xecWrODbiqkc2TA""}]","1","700000.00","[{""id"":""pu_obZdI7xecWrODbiqkc2TA"",""kind"":""other"",""evidence_id"":""obZdI7xecWrODbiqkc2TA"",""stripe_charge_id"":"""",""source_staged_payment_id"":""obZdI7xecWrODbiqkc2TA"",""gross_amount"":""700000.00"",""fee_amount"":"""",""net_amount"":""700000.00"",""currency"":""USD"",""received_date"":""2017-11-03"",""lifecycle"":""received""}]","1","700000.00","[]","0","0.00","[]","0","0.00","0.00"
"bdep_421d83392a6922037c4e955d","bnk_421d83392a6922037c4e955d","2022-07-06","1000","USD","","","ATM CHECK DEPOSIT              ON              07/06 1505 W Lake St            Minneapolis   MN  0007946           ATM ID 6991J    CARD 7365","[]","0","0.00","[]","0","0.00","[]","0","0.00","[]","0","0.00","1000.00"
"bdep_b7f6f0dcd4526ae018267444","bnk_b7f6f0dcd4526ae018267444","2019-03-27","75","USD","","","INTUIT PYMT SOLN DEPOSIT    190327 524771997507722 THE WILDFLOWER FOUNDAT","[]","0","0.00","[]","0","0.00","[]","0","0.00","[{""id"":""bdqr_bdep_b7f6f0dcd4526ae018267444"",""bank_deposit_id"":""bdep_b7f6f0dcd4526ae018267444"",""bank_transaction_id"":""bnk_3256e853c3e65c119cd03544"",""amount"":""75"",""deposit_date"":""2019-03-27"",""txn_date"":""2019-03-26"",""txn_type"":""Deposit"",""ref_no"":"""",""payee"":""Loan - Cosmos"",""memo"":""System-recorded deposit for QuickBooks Payments"",""qb_posting"":"""",""account"":""1501 Undeposited Funds"",""class"":"""",""reconciliation_status"":""Reconciled"",""ambiguous"":""false""}]","1","75.00","75.00"
"bdep_3b0a9258e7f2ab1523d1a168","bnk_3b0a9258e7f2ab1523d1a168","2025-08-11","3945.85","USD","","","DC WILDFLOWER PU EFT PYMT   080825 Charter School  The Wildflower Foundat","[]","0","0.00","[]","0","0.00","[]","0","0.00","[]","0","0.00","3945.85"
"bdep_d8010ba79a4546a835bf2750","bnk_d8010ba79a4546a835bf2750","2026-03-06","3280","USD","","","ONLINE TRANSFER CSP JM CONTRACT NOV 25  REF #BB0X5FGS5C","[]","0","0.00","[]","0","0.00","[]","0","0.00","[{""id"":""bdqr_bdep_d8010ba79a4546a835bf2750"",""bank_deposit_id"":""bdep_d8010ba79a4546a835bf2750"",""bank_transaction_id"":""bnk_8413a3fcf1f8bcb0b55d48b9"",""amount"":""3280"",""deposit_date"":""2026-03-06"",""txn_date"":""2026-03-06"",""txn_type"":""Transfer"",""ref_no"":"""",""payee"":"""",""memo"":""Transfer from CSP account"",""qb_posting"":"""",""account"":""TWF CSP Rep grant (1340) - 2"",""class"":"""",""reconciliation_status"":""Reconciled"",""ambiguous"":""false""}]","1","3280.00","3280.00"
"bdep_d1ed34343cb6f830e84448c3","bnk_d1ed34343cb6f830e84448c3","2021-02-09","4000","USD","","","MELIO PAYMENTS   Snowdrop M 210209 t6404901        Snowdrop Montessori SchoolSnowdrop Montessori Ja","[]","0","0.00","[]","0","0.00","[]","0","0.00","[]","0","0.00","4000.00"
"bdep_631e33068d5216bc9c1e80b1","bnk_631e33068d5216bc9c1e80b1","2020-12-21","9.92","USD","","","STRIPE           TRANSFER          ST-A9L0I7L7I8Y3 THE WILDFLOWER FOUNDAT","[]","0","0.00","[]","0","0.00","[]","0","0.00","[]","0","0.00","9.92"
"bdep_1f3c6d36caea7871fd9a6344","bnk_1f3c6d36caea7871fd9a6344","2023-11-10","60000","USD","","","WT FED#07867 JPMC INTERNAL ACCO    /ORG=OVERDECK FAMILY FOUNDATION, INC               SRF#        1153800314ES TRN#231110081782  RFB#     OS1 OF 23/11/10","[]","0","0.00","[]","0","0.00","[]","0","0.00","[{""id"":""bdqr_bdep_1f3c6d36caea7871fd9a6344"",""bank_deposit_id"":""bdep_1f3c6d36caea7871fd9a6344"",""bank_transaction_id"":""bnk_ce1d6037ae2528c95cd36d4c"",""amount"":""60000"",""deposit_date"":""2023-11-10"",""txn_date"":""2023-11-10"",""txn_type"":""Payment"",""ref_no"":"""",""payee"":""Overdeck Family Foundation"",""memo"":"""",""qb_posting"":"""",""account"":""1503 Pledges/Services Receivable"",""class"":"""",""reconciliation_status"":""Reconciled"",""ambiguous"":""false""}]","1","60000.00","60000.00"
"bdep_215b89b57dd6601991a5fbd1","bnk_215b89b57dd6601991a5fbd1","2026-07-15","122687.35","USD","","","ONLINE TRANSFER JUNE OPEX 2 BUT DRAW WAS FOR 126K  REF #BB0YXLPK8T","[]","0","0.00","[]","0","0.00","[]","0","0.00","[]","0","0.00","122687.35"
"bdep_b1a9115b79febc01863b65ee","bnk_b1a9115b79febc01863b65ee","2023-02-06","1.99","USD","","","The Sunlight Loa Bill.com          025SNAQRNIEWJNF The Sunlight Loan Fund, LLC Bill.com 025SNAQRNIE","[]","0","0.00","[]","0","0.00","[]","0","0.00","[]","0","0.00","1.99"
"bdep_13b2c18459eb174d92b04e23","bnk_13b2c18459eb174d92b04e23","2025-12-09","666.67","USD","","","Desert Peach Mon Bill.com          026NAJZEI1PMEV5 Desert Peach Montessori School Bill.com 026NAJZE","[]","0","0.00","[]","0","0.00","[]","0","0.00","[{""id"":""bdqr_bdep_13b2c18459eb174d92b04e23"",""bank_deposit_id"":""bdep_13b2c18459eb174d92b04e23"",""bank_transaction_id"":""bnk_b1ebcd0138638a0871c5c3cf"",""amount"":""666.67"",""deposit_date"":""2025-12-09"",""txn_date"":""2025-12-08"",""txn_type"":""Payment"",""ref_no"":""P25120302 - 9717894"",""payee"":""Desert Peach Montessori"",""memo"":""Inv # TWF - Nov Invoice109"",""qb_posting"":"""",""account"":""1503 Pledges/Services Receivable"",""class"":"""",""reconciliation_status"":""Reconciled"",""ambiguous"":""false""}]","1","666.67","666.67"
"bdep_4134ffddcecf0f937b60cd82","bnk_4134ffddcecf0f937b60cd82","2023-11-24","1933.05","USD","","","EWALLET - DIVVYP HIST RTN   231124 tIdxB62FtI7QyR  Wildflower Schools","[]","0","0.00","[]","0","0.00","[]","0","0.00","[]","0","0.00","1933.05"
"bdep_26f1cf1b4f4d77f7ff047518","bnk_26f1cf1b4f4d77f7ff047518","2019-01-04","28.83","USD","","","STRIPE           TRANSFER                          X","[]","0","0.00","[]","0","0.00","[]","0","0.00","[]","0","0.00","28.83"
"bdep_35ba6195d6ecabc47b572cbd","bnk_35ba6195d6ecabc47b572cbd","2020-08-31","225000","USD","","","WT SEQ249266 SILICON VALLEY COMMUNIT /ORG=SILICON VALLEY COMMUNITY FOUNDATIO          SRF#    GW00000035745686 TRN#200831249266  RFB#               12963","[{""component_id"":""bdc_HR7gMUbvoxLgxUHei9dYG"",""payment_unit_id"":""pu_HR7gMUbvoxLgxUHei9dYG"",""kind"":""other"",""amount"":""225000.00"",""source"":""qbo_inferred"",""source_staged_payment_id"":""HR7gMUbvoxLgxUHei9dYG"",""staged_payer"":""Silicon Valley Community Foundation"",""staged_date"":""2020-08-31"",""qb_deposit_id"":""13175"",""reconciliation_flag"":""ok"",""unit_kind"":""other"",""unit_evidence_id"":""HR7gMUbvoxLgxUHei9dYG""}]","1","225000.00","[{""id"":""pu_HR7gMUbvoxLgxUHei9dYG"",""kind"":""other"",""evidence_id"":""HR7gMUbvoxLgxUHei9dYG"",""stripe_charge_id"":"""",""source_staged_payment_id"":""HR7gMUbvoxLgxUHei9dYG"",""gross_amount"":""225000.00"",""fee_amount"":"""",""net_amount"":""225000.00"",""currency"":""USD"",""received_date"":""2020-08-31"",""lifecycle"":""received""}]","1","225000.00","[]","0","0.00","[]","0","0.00","0.00"
"bdep_db2e1e231b098ce706abdcc1","bnk_db2e1e231b098ce706abdcc1","2019-03-01","30","USD","","","MONEY TRANSFER                          AUTHORIZED ON   03/01 FROM Cameron Leonard                    MN  S00469060553740904 CARD 7365","[]","0","0.00","[]","0","0.00","[]","0","0.00","[]","0","0.00","30.00"
"bdep_a164682baa0b66a5f19c9108","bnk_a164682baa0b66a5f19c9108","2024-10-22","858.18","USD","","","Minnesota Wildfl Receivable        016PUIMEB3IVR5S 016PUIMEB3IVR5S Minnesota Wildfl Bill.com Inv 79","[]","0","0.00","[]","0","0.00","[]","0","0.00","[{""id"":""bdqr_bdep_a164682baa0b66a5f19c9108"",""bank_deposit_id"":""bdep_a164682baa0b66a5f19c9108"",""bank_transaction_id"":""bnk_3888e78266b5ace4e8022c82"",""amount"":""858.18"",""deposit_date"":""2024-10-22"",""txn_date"":""2024-10-22"",""txn_type"":""Payment"",""ref_no"":""P24101801 - 2016134"",""payee"":""Water Lily (C)"",""memo"":""Oct 2024 School Contributions. Sent via MWMS Bill."",""qb_posting"":"""",""account"":""1503 Pledges/Services Receivable"",""class"":"""",""reconciliation_status"":""Reconciled"",""ambiguous"":""false""}]","1","858.18","858.18"
"bdep_9334eab19acb634c443bc246","bnk_9334eab19acb634c443bc246","2022-09-15","3223.34","USD","","","BASIC            BASICCOBRA 220909                 The Wildflower Foundat","[]","0","0.00","[]","0","0.00","[]","0","0.00","[]","0","0.00","3223.34"
"bdep_7a2e8d1007a9331fbfece64d","bnk_7a2e8d1007a9331fbfece64d","2020-01-02","970.7","USD","","","STRIPE           TRANSFER          ST-N9X5N7O7V1D8 THE WILDFLOWER FOUNDAT","[]","0","0.00","[]","0","0.00","[{""stripe_payout_id"":""po_1Fvw3nAhXr9x8yiRSAzagv77"",""bank_deposit_id"":""bdep_7a2e8d1007a9331fbfece64d"",""amount"":""970.7"",""currency"":""USD"",""arrival_date"":""2020-01-01"",""deposit_date"":""2020-01-02"",""ambiguous_bank_match"":""false"",""payer_name"":""""}]","1","970.70","[]","0","0.00","970.70"
"bdep_e9d22e2ec827808d043ca80e","bnk_e9d22e2ec827808d043ca80e","2019-01-24","1745","USD","","","INTUIT PYMT SOLN DEPOSIT    190124 524771997507722 THE WILDFLOWER FOUNDAT","[]","0","0.00","[]","0","0.00","[]","0","0.00","[{""id"":""bdqr_bdep_e9d22e2ec827808d043ca80e"",""bank_deposit_id"":""bdep_e9d22e2ec827808d043ca80e"",""bank_transaction_id"":""bnk_63d1a66fd8c6af6b221bf713"",""amount"":""1745"",""deposit_date"":""2019-01-24"",""txn_date"":""2019-01-23"",""txn_type"":""Deposit"",""ref_no"":"""",""payee"":""Loan - Wild Rose"",""memo"":""System-recorded deposit for QuickBooks Payments"",""qb_posting"":"""",""account"":""1501 Undeposited Funds"",""class"":"""",""reconciliation_status"":""Reconciled"",""ambiguous"":""false""}]","1","1745.00","1745.00"
"bdep_11e71082c46227b8255402a2","bnk_11e71082c46227b8255402a2","2019-02-27","2000","USD","","","INTUIT PYMT SOLN DEPOSIT    190227 524771997507722 THE WILDFLOWER FOUNDAT","[]","0","0.00","[]","0","0.00","[]","0","0.00","[{""id"":""bdqr_bdep_11e71082c46227b8255402a2"",""bank_deposit_id"":""bdep_11e71082c46227b8255402a2"",""bank_transaction_id"":""bnk_a91bd6139e145ddbb038ddb0"",""amount"":""2000"",""deposit_date"":""2019-02-27"",""txn_date"":""2019-02-26"",""txn_type"":""Deposit"",""ref_no"":"""",""payee"":""Loan - Snowdrop"",""memo"":""System-recorded deposit for QuickBooks Payments"",""qb_posting"":"""",""account"":""1501 Undeposited Funds"",""class"":"""",""reconciliation_status"":""Reconciled"",""ambiguous"":""false""}]","1","2000.00","2000.00"
"bdep_4a49a1c3288b283cec0ca531","bnk_4a49a1c3288b283cec0ca531","2021-03-18","548.73","USD","","","STRIPE           TRANSFER          ST-X6D8Q9R1J4I7 THE WILDFLOWER FOUNDAT","[]","0","0.00","[]","0","0.00","[]","0","0.00","[]","0","0.00","548.73"
"bdep_b93f579c04696eee2507f006","bnk_b93f579c04696eee2507f006","2018-06-20","3630","USD","","","Bill.com VoidPaymnt 015PGMBLCDT7RQJ Annette McCarty Bill.com 015PGMBLCDT7RQJ Inv #2","[]","0","0.00","[]","0","0.00","[]","0","0.00","[]","0","0.00","3630.00"
"bdep_4c5c77cc47019f5f72b215b5","bnk_4c5c77cc47019f5f72b215b5","2017-09-27","0.2","USD","","","PAYPAL VERIFYBANK 170927 2042D2222MRHM7Q THE WILDFLOWER FOUNDAT","[]","0","0.00","[]","0","0.00","[]","0","0.00","[]","0","0.00","0.20"
"bdep_092f20b3e79c91863a82a50b","bnk_092f20b3e79c91863a82a50b","2018-01-22","1604.17","USD","","","INTUIT PYMT SOLN DEPOSIT 180120 524771997507722 THE WILDFLOWER FOUNDAT","[]","0","0.00","[]","0","0.00","[]","0","0.00","[]","0","0.00","1604.17"
"bdep_69c934fac1391ffa828d62c9","bnk_69c934fac1391ffa828d62c9","2021-08-16","13.91","USD","","","AMZNRXVI6QI7     AmazonSmil 210816 6XGUHSD4FZ5SQQG payments.amazon.com ID#6XGUHSD4FZ5SQQG","[{""component_id"":""bdc_4Bntuqkg0MOTA6vp7dC7k"",""payment_unit_id"":""pu_4Bntuqkg0MOTA6vp7dC7k"",""kind"":""other"",""amount"":""13.91"",""source"":""qbo_inferred"",""source_staged_payment_id"":""4Bntuqkg0MOTA6vp7dC7k"",""staged_payer"":""Amazon Smile"",""staged_date"":""2021-08-16"",""qb_deposit_id"":""17078"",""reconciliation_flag"":""ok"",""unit_kind"":""other"",""unit_evidence_id"":""4Bntuqkg0MOTA6vp7dC7k""}]","1","13.91","[{""id"":""pu_4Bntuqkg0MOTA6vp7dC7k"",""kind"":""other"",""evidence_id"":""4Bntuqkg0MOTA6vp7dC7k"",""stripe_charge_id"":"""",""source_staged_payment_id"":""4Bntuqkg0MOTA6vp7dC7k"",""gross_amount"":""13.91"",""fee_amount"":"""",""net_amount"":""13.91"",""currency"":""USD"",""received_date"":""2021-08-16"",""lifecycle"":""received""}]","1","13.91","[]","0","0.00","[]","0","0.00","0.00"
"bdep_512e995ba9429019db256bec","bnk_512e995ba9429019db256bec","2025-06-24","3750","USD","","","The Sunlight Loa Receivable        016RUPVFF3RUXCG 016RUPVFF3RUXCG The Sunlight Loa Bill.com Inv TW","[]","0","0.00","[]","0","0.00","[]","0","0.00","[]","0","0.00","3750.00"
"bdep_ea38cb40a5dd11831b7c4341","bnk_ea38cb40a5dd11831b7c4341","2018-04-05","5000","USD","","","Bill.com VoidPaymnt 015CSSASYCRFUTL Weston Stewart SK Consulting Group Bill.com 015C","[]","0","0.00","[]","0","0.00","[]","0","0.00","[]","0","0.00","5000.00"
"bdep_fc6eb65beb86c7823c9f3ea5","bnk_fc6eb65beb86c7823c9f3ea5","2018-10-12","28.83","USD","","","STRIPE TRANSFER X","[]","0","0.00","[]","0","0.00","[]","0","0.00","[]","0","0.00","28.83"
"bdep_d4db601ca2137a2e25b3e915","bnk_d4db601ca2137a2e25b3e915","2025-02-28","454.55","USD","","","Lilac Montessori Receivable        016SBMSSE3NL5XA 016SBMSSE3NL5XA Lilac Montessori Bill.com Inv #","[]","0","0.00","[]","0","0.00","[]","0","0.00","[]","0","0.00","454.55"
"bdep_4a597252f752a140a4d5dcc9","bnk_4a597252f752a140a4d5dcc9","2022-04-06","1611.67","USD","","","BASIC            BASICCOBRA 220406                 The Wildflower Foundat","[]","0","0.00","[]","0","0.00","[]","0","0.00","[]","0","0.00","1611.67"
"bdep_8d717731a2f874d808f93e7b","bnk_8d717731a2f874d808f93e7b","2018-12-20","53.1","USD","","","STRIPE           TRANSFER                          X 201812201","[]","0","0.00","[]","0","0.00","[]","0","0.00","[]","0","0.00","53.10"
"bdep_0bb0a5d1a7d34eff201c0e98","bnk_0bb0a5d1a7d34eff201c0e98","2022-01-26","1.33","USD","","","GUSTO            TLR 195268 220125 6semjr33rfg     The Wildflower Foundat","[]","0","0.00","[]","0","0.00","[]","0","0.00","[]","0","0.00","1.33"
"bdep_e751f97c795dc7ebf1eb5341","bnk_e751f97c795dc7ebf1eb5341","2020-03-17","33.68","USD","","","STRIPE           TRANSFER          ST-U1P1X3A7I6Z6 THE WILDFLOWER FOUNDAT","[]","0","0.00","[]","0","0.00","[]","0","0.00","[]","0","0.00","33.68"
"bdep_a7d5b1ab1e3496eef19d054e","bnk_a7d5b1ab1e3496eef19d054e","2024-09-24","545.45","USD","","","Wildflower Monte Receivable        016MDNHIJ3HST5J 016MDNHIJ3HST5J Wildflower Monte Bill.com Inv 79","[]","0","0.00","[]","0","0.00","[]","0","0.00","[]","0","0.00","545.45"
"bdep_a2f5d9821436187b5bd3043d","bnk_a2f5d9821436187b5bd3043d","2025-11-19","47.25","USD","","","STRIPE           TRANSFER          ST-S9F6C6B1K4E2 THE WILDFLOWER FOUNDAT","[]","0","0.00","[]","0","0.00","[{""stripe_payout_id"":""po_1SUyqzAhXr9x8yiRwVrdNUC0"",""bank_deposit_id"":""bdep_a2f5d9821436187b5bd3043d"",""amount"":""47.25"",""currency"":""USD"",""arrival_date"":""2025-11-18"",""deposit_date"":""2025-11-19"",""ambiguous_bank_match"":""false"",""payer_name"":""""}]","1","47.25","[]","0","0.00","47.25"
"bdep_80df09f53b5d483fe1b1004b","bnk_80df09f53b5d483fe1b1004b","2026-01-06","99.27","USD","","","STRIPE           TRANSFER          ST-S2X4L6N9T0F5 THE WILDFLOWER FOUNDAT","[]","0","0.00","[]","0","0.00","[{""stripe_payout_id"":""po_1SmNpiAhXr9x8yiRRnFKOz4s"",""bank_deposit_id"":""bdep_80df09f53b5d483fe1b1004b"",""amount"":""99.27"",""currency"":""USD"",""arrival_date"":""2026-01-05"",""deposit_date"":""2026-01-06"",""ambiguous_bank_match"":""false"",""payer_name"":""""}]","1","99.27","[]","0","0.00","99.27"
"bdep_96632953c3d9dea5c77e7813","bnk_96632953c3d9dea5c77e7813","2018-06-22","2886.67","USD","","","INTUIT PYMT SOLN DEPOSIT 180622 524771997507722 THE WILDFLOWER FOUNDAT","[]","0","0.00","[]","0","0.00","[]","0","0.00","[{""id"":""bdqr_bdep_96632953c3d9dea5c77e7813"",""bank_deposit_id"":""bdep_96632953c3d9dea5c77e7813"",""bank_transaction_id"":""bnk_be58f64ba1b978b2ba96152c"",""amount"":""2886.67"",""deposit_date"":""2018-06-22"",""txn_date"":""2018-06-21"",""txn_type"":""Deposit"",""ref_no"":"""",""payee"":"""",""memo"":""System-recorded deposit for QuickBooks Payments"",""qb_posting"":"""",""account"":"""",""class"":"""",""reconciliation_status"":""Reconciled"",""ambiguous"":""false""}]","1","2886.67","2886.67"
"bdep_52661bde297de1e13df67ff7","bnk_52661bde297de1e13df67ff7","2023-07-07","4451.44","USD","","","Snowdrop Montess Bill.com          025ZDPBBQHK186V Snowdrop Montessori School, Inc. Bill.com 025ZDP","[]","0","0.00","[]","0","0.00","[]","0","0.00","[]","0","0.00","4451.44"
"bdep_c0000b74ed8a027729a6bde8","bnk_c0000b74ed8a027729a6bde8","2022-12-29","238.7","USD","","","STRIPE           TRANSFER          ST-H7G1N9L5C2D3 THE WILDFLOWER FOUNDAT","[]","0","0.00","[]","0","0.00","[{""stripe_payout_id"":""po_1MJrAoAhXr9x8yiRedhs0Bxg"",""bank_deposit_id"":""bdep_c0000b74ed8a027729a6bde8"",""amount"":""238.7"",""currency"":""USD"",""arrival_date"":""2022-12-28"",""deposit_date"":""2022-12-29"",""ambiguous_bank_match"":""false"",""payer_name"":""""}]","1","238.70","[]","0","0.00","238.70"
"bdep_07a575f91ccb02d4db2dfab9","bnk_07a575f91ccb02d4db2dfab9","2018-10-05","2000","USD","","","INTUIT PYMT SOLN DEPOSIT 181005 524771997507722 THE WILDFLOWER FOUNDAT","[]","0","0.00","[]","0","0.00","[]","0","0.00","[{""id"":""bdqr_bdep_07a575f91ccb02d4db2dfab9"",""bank_deposit_id"":""bdep_07a575f91ccb02d4db2dfab9"",""bank_transaction_id"":""bnk_948923084337e6898dc7a54b"",""amount"":""2000"",""deposit_date"":""2018-10-05"",""txn_date"":""2018-10-04"",""txn_type"":""Deposit"",""ref_no"":"""",""payee"":""Loan - Snowdrop"",""memo"":""System-recorded deposit for QuickBooks Payments"",""qb_posting"":"""",""account"":""1501 Undeposited Funds"",""class"":"""",""reconciliation_status"":""Reconciled"",""ambiguous"":""false""}]","1","2000.00","2000.00"
"bdep_269ea5b1cc8dc8ad1f62a7a5","bnk_269ea5b1cc8dc8ad1f62a7a5","2020-01-31","22.13","USD","","","ATM CHECK DEPOSIT              ON              01/31 1505 WEST LAKE ST         MINNEAPOLIS   MN  0008573           ATM ID 6991J    CARD 7365","[]","0","0.00","[]","0","0.00","[]","0","0.00","[]","0","0.00","22.13"
"bdep_3aab0c758d3df08aae5dbef8","bnk_3aab0c758d3df08aae5dbef8","2020-09-10","628.12","USD","","","COBRA TRUST ACCT BASICPacif                        COBRA REMIT","[]","0","0.00","[]","0","0.00","[]","0","0.00","[]","0","0.00","628.12"
"bdep_d451f715b352072fba94bf5d","bnk_d451f715b352072fba94bf5d","2025-03-27","1282.33","USD","","","Urban Village Mo Receivable        016HYNRUN3OL2KU 016HYNRUN3OL2KU Urban Village Mo Bill.com Inv 12","[]","0","0.00","[]","0","0.00","[]","0","0.00","[]","0","0.00","1282.33"
"bdep_a9daab3cb7a41a759f463c98","bnk_a9daab3cb7a41a759f463c98","2020-02-07","450","USD","","","INTUIT PYMT SOLN DEPOSIT    200207 524771997507722 THE WILDFLOWER FOUNDAT","[]","0","0.00","[]","0","0.00","[]","0","0.00","[{""id"":""bdqr_bdep_a9daab3cb7a41a759f463c98"",""bank_deposit_id"":""bdep_a9daab3cb7a41a759f463c98"",""bank_transaction_id"":""bnk_ceb63e5aaf4be181e56dea68"",""amount"":""450"",""deposit_date"":""2020-02-07"",""txn_date"":""2020-02-06"",""txn_type"":""Deposit"",""ref_no"":"""",""payee"":""Loan - Echinacea"",""memo"":""System-recorded deposit for QuickBooks Payments"",""qb_posting"":"""",""account"":""1501 Undeposited Funds"",""class"":"""",""reconciliation_status"":""Reconciled"",""ambiguous"":""false""}]","1","450.00","450.00"
"bdep_f661409a9a2be177085ce767","bnk_f661409a9a2be177085ce767","2019-05-23","3511.67","USD","","","INTUIT PYMT SOLN DEPOSIT    190523 524771997507722 THE WILDFLOWER FOUNDAT","[]","0","0.00","[]","0","0.00","[]","0","0.00","[{""id"":""bdqr_bdep_f661409a9a2be177085ce767"",""bank_deposit_id"":""bdep_f661409a9a2be177085ce767"",""bank_transaction_id"":""bnk_af6e228bd26a053384e4a627"",""amount"":""3511.67"",""deposit_date"":""2019-05-23"",""txn_date"":""2019-05-22"",""txn_type"":""Deposit"",""ref_no"":"""",""payee"":"""",""memo"":""System-recorded deposit for QuickBooks Payments"",""qb_posting"":"""",""account"":"""",""class"":"""",""reconciliation_status"":""Reconciled"",""ambiguous"":""false""}]","1","3511.67","3511.67"
"bdep_2ee9d2559c604b1ccc936e0e","bnk_2ee9d2559c604b1ccc936e0e","2024-10-04","2611.82","USD","","","Minnesota Wildfl Receivable        016QOFFDC3I8V3E 016QOFFDC3I8V3E Minnesota Wildfl Bill.com Multip","[]","0","0.00","[]","0","0.00","[]","0","0.00","[]","0","0.00","2611.82"
"bdep_ed25c12ae223f1a65262f162","bnk_ed25c12ae223f1a65262f162","2026-06-08","292165.52","USD","","","ONLINE TRANSFER CSP MAY NON PAYROLL REF #BB0YFTHQLB","[]","0","0.00","[]","0","0.00","[]","0","0.00","[{""id"":""bdqr_bdep_ed25c12ae223f1a65262f162"",""bank_deposit_id"":""bdep_ed25c12ae223f1a65262f162"",""bank_transaction_id"":""bnk_55e9816a9ea66c0573ffc6a1"",""amount"":""292165.52"",""deposit_date"":""2026-06-08"",""txn_date"":""2026-06-08"",""txn_type"":""Transfer"",""ref_no"":"""",""payee"":"""",""memo"":""Transfer from CSP to Operating - CSP reimbursement"",""qb_posting"":"""",""account"":""TWF CSP Rep grant (1340) - 2"",""class"":"""",""reconciliation_status"":""Reconciled"",""ambiguous"":""false""}]","1","292165.52","292165.52"
"bdep_c426a5fda17c1938d6298f10","bnk_c426a5fda17c1938d6298f10","2019-06-07","1740.28","USD","","","INTUIT PYMT SOLN DEPOSIT    190607 524771997507722 THE WILDFLOWER FOUNDAT","[]","0","0.00","[]","0","0.00","[]","0","0.00","[{""id"":""bdqr_bdep_c426a5fda17c1938d6298f10"",""bank_deposit_id"":""bdep_c426a5fda17c1938d6298f10"",""bank_transaction_id"":""bnk_43af473514580bf371ef9891"",""amount"":""1740.28"",""deposit_date"":""2019-06-07"",""txn_date"":""2019-06-06"",""txn_type"":""Deposit"",""ref_no"":"""",""payee"":"""",""memo"":""System-recorded deposit for QuickBooks Payments"",""qb_posting"":"""",""account"":"""",""class"":"""",""reconciliation_status"":""Reconciled"",""ambiguous"":""false""}]","1","1740.28","1740.28"
"bdep_903d03a612713dcdfff1a909","bnk_903d03a612713dcdfff1a909","2020-09-11","743.7","USD","","","GUSTO            TAX 548166 200911 6semjos7uqr     The Wildflower Foundat","[]","0","0.00","[]","0","0.00","[]","0","0.00","[]","0","0.00","743.70"
"bdep_ac0072a6da757dd3856c33cc","bnk_ac0072a6da757dd3856c33cc","2024-12-30","148.9","USD","","","STRIPE           TRANSFER          ST-V5K0D5G7Q9W5 THE WILDFLOWER FOUNDAT","[]","0","0.00","[]","0","0.00","[{""stripe_payout_id"":""po_1QbB1YAhXr9x8yiRvekYilfK"",""bank_deposit_id"":""bdep_ac0072a6da757dd3856c33cc"",""amount"":""148.9"",""currency"":""USD"",""arrival_date"":""2024-12-29"",""deposit_date"":""2024-12-30"",""ambiguous_bank_match"":""false"",""payer_name"":""""}]","1","148.90","[]","0","0.00","148.90"
"bdep_44025274156b01d27ae4707b","bnk_44025274156b01d27ae4707b","2020-12-24","479.2","USD","","","STRIPE           TRANSFER          ST-I4L0K2K0K1H8 THE WILDFLOWER FOUNDAT","[]","0","0.00","[]","0","0.00","[{""stripe_payout_id"":""po_1I1M8UAhXr9x8yiRtITT7LoX"",""bank_deposit_id"":""bdep_44025274156b01d27ae4707b"",""amount"":""479.2"",""currency"":""USD"",""arrival_date"":""2020-12-23"",""deposit_date"":""2020-12-24"",""ambiguous_bank_match"":""false"",""payer_name"":""""}]","1","479.20","[]","0","0.00","479.20"
"bdep_d9755e5c17d9525dfc98670c","bnk_d9755e5c17d9525dfc98670c","2018-04-23","1045","USD","","","INTUIT PYMT SOLN DEPOSIT 180422 524771997507722 THE WILDFLOWER FOUNDAT","[]","0","0.00","[]","0","0.00","[]","0","0.00","[{""id"":""bdqr_bdep_d9755e5c17d9525dfc98670c"",""bank_deposit_id"":""bdep_d9755e5c17d9525dfc98670c"",""bank_transaction_id"":""bnk_4b88257646812349ef712b22"",""amount"":""1045"",""deposit_date"":""2018-04-23"",""txn_date"":""2018-04-21"",""txn_type"":""Deposit"",""ref_no"":"""",""payee"":""Loan - Wild Rose"",""memo"":""System-recorded deposit for QuickBooks Payments"",""qb_posting"":"""",""account"":""1501 Undeposited Funds"",""class"":"""",""reconciliation_status"":""Reconciled"",""ambiguous"":""false""}]","1","1045.00","1045.00"
"bdep_927c5aaa68037ff1fc1d8294","bnk_927c5aaa68037ff1fc1d8294","2026-02-10","4859.96","USD","","","Bill.com         Receivable        015RVSVYQJUWU2T Multiple Payments Bill.com Receivables 015RVSVYQ","[]","0","0.00","[]","0","0.00","[]","0","0.00","[{""id"":""bdqr_bdep_927c5aaa68037ff1fc1d8294"",""bank_deposit_id"":""bdep_927c5aaa68037ff1fc1d8294"",""bank_transaction_id"":""bnk_8aea3475319afddfdd9e0b87"",""amount"":""4859.96"",""deposit_date"":""2026-02-10"",""txn_date"":""2026-02-10"",""txn_type"":""Journal"",""ref_no"":""JE CSP # Dec 2027"",""payee"":"""",""memo"":""BILL 02/10/26 AR Payments"",""qb_posting"":"""",""account"":"""",""class"":"""",""reconciliation_status"":""Reconciled"",""ambiguous"":""false""}]","1","4859.96","4859.96"
"bdep_1e753ca23f1f30cdbd05f95a","bnk_1e753ca23f1f30cdbd05f95a","2020-08-17","496.38","USD","","","STRIPE           TRANSFER          ST-X4L9E3U8T8Q0 THE WILDFLOWER FOUNDAT","[]","0","0.00","[]","0","0.00","[]","0","0.00","[]","0","0.00","496.38"
"bdep_34b254634eccc770e6b059a9","bnk_34b254634eccc770e6b059a9","2024-04-26","40.57","USD","","","GUSTO            TLR 597884 240426 6semk104vb8     The Wildflower Foundat","[]","0","0.00","[]","0","0.00","[]","0","0.00","[]","0","0.00","40.57"
"bdep_c5833794849b9e71e6b89dc3","bnk_c5833794849b9e71e6b89dc3","2020-01-31","3700","USD","","","ATM CHECK DEPOSIT              ON              01/31 1505 WEST LAKE ST         MINNEAPOLIS   MN  0008572           ATM ID 6991J    CARD 7365","[]","0","0.00","[]","0","0.00","[]","0","0.00","[{""id"":""bdqr_bdep_c5833794849b9e71e6b89dc3"",""bank_deposit_id"":""bdep_c5833794849b9e71e6b89dc3"",""bank_transaction_id"":""bnk_e65c41e39d052617dc8e837d"",""amount"":""3700"",""deposit_date"":""2020-01-31"",""txn_date"":""2020-01-31"",""txn_type"":""Payment"",""ref_no"":"""",""payee"":""Boston Collegiate"",""memo"":"""",""qb_posting"":"""",""account"":""1503 Pledges/Services Receivable"",""class"":"""",""reconciliation_status"":""Reconciled"",""ambiguous"":""false""}]","1","3700.00","3700.00"
"bdep_cf63128580a25cade9e73e31","bnk_cf63128580a25cade9e73e31","2021-03-11","6314.55","USD","","","STRIPE           TRANSFER          ST-C9Y5L0D5Q3S0 THE WILDFLOWER FOUNDAT","[]","0","0.00","[]","0","0.00","[]","0","0.00","[]","0","0.00","6314.55"
"bdep_77e06d31b867e423a2d424e0","bnk_77e06d31b867e423a2d424e0","2025-02-10","7462.36","USD","","","Minnesota Wildfl Receivable        016JCNQDC3MW3MB 016JCNQDC3MW3MB Minnesota Wildfl Bill.com Multip","[]","0","0.00","[]","0","0.00","[]","0","0.00","[]","0","0.00","7462.36"
"bdep_0c55b25cf368f6373d3c7a5a","bnk_0c55b25cf368f6373d3c7a5a","2017-07-12","853","USD","","","ATM CHECK DEPOSIT 07/12 4712 CHICAGO AVE S MINNEAPOLIS MN 5819T 7365","[]","0","0.00","[]","0","0.00","[]","0","0.00","[]","0","0.00","853.00"
"bdep_742abec24050100941337f90","bnk_742abec24050100941337f90","2018-03-16","5000","USD","","","THE MIND TRUST BILL PMT 031518 5510788945 WELLS FARGO BANK","[{""component_id"":""bdc_2sbtkRgJTTUZioPUm750O"",""payment_unit_id"":""pu_2sbtkRgJTTUZioPUm750O"",""kind"":""other"",""amount"":""5000.00"",""source"":""qbo_inferred"",""source_staged_payment_id"":""2sbtkRgJTTUZioPUm750O"",""staged_payer"":"""",""staged_date"":""2018-03-16"",""qb_deposit_id"":""3012"",""reconciliation_flag"":""ok"",""unit_kind"":""other"",""unit_evidence_id"":""2sbtkRgJTTUZioPUm750O""}]","1","5000.00","[{""id"":""pu_2sbtkRgJTTUZioPUm750O"",""kind"":""other"",""evidence_id"":""2sbtkRgJTTUZioPUm750O"",""stripe_charge_id"":"""",""source_staged_payment_id"":""2sbtkRgJTTUZioPUm750O"",""gross_amount"":""5000.00"",""fee_amount"":"""",""net_amount"":""5000.00"",""currency"":""USD"",""received_date"":""2018-03-16"",""lifecycle"":""received""}]","1","5000.00","[]","0","0.00","[]","0","0.00","0.00"
"bdep_f8de2667d731574be89ab9ae","bnk_f8de2667d731574be89ab9ae","2018-01-18","187.5","USD","","","INTUIT PYMT SOLN DEPOSIT 180118 524771997507722 THE WILDFLOWER FOUNDAT","[]","0","0.00","[]","0","0.00","[]","0","0.00","[{""id"":""bdqr_bdep_f8de2667d731574be89ab9ae"",""bank_deposit_id"":""bdep_f8de2667d731574be89ab9ae"",""bank_transaction_id"":""bnk_5209016369986ec9d1ad588e"",""amount"":""187.5"",""deposit_date"":""2018-01-18"",""txn_date"":""2018-01-17"",""txn_type"":""Deposit"",""ref_no"":"""",""payee"":""Loan - Tiger Lily"",""memo"":""System-recorded deposit for QuickBooks Payments"",""qb_posting"":"""",""account"":""1501 Undeposited Funds"",""class"":"""",""reconciliation_status"":""Reconciled"",""ambiguous"":""false""}]","1","187.50","187.50"
"bdep_cb2d198ad7ea1a3efcd1c2e3","bnk_cb2d198ad7ea1a3efcd1c2e3","2024-02-09","3750","USD","","","The Sunlight Loa Bill.com          025NCPVALBSF8T4 The Sunlight Loan Fund, LLC Bill.com 025NCPVALBS","[]","0","0.00","[]","0","0.00","[]","0","0.00","[]","0","0.00","3750.00"
"bdep_4b8e395fc5b7e660dd6a49f2","bnk_4b8e395fc5b7e660dd6a49f2","2023-05-09","65000","USD","","","Peter Alfond Fou Bill.com          025MXBIXHAHXH9G Peter Alfond Foundation Bill.com 025MXBIXHAHXH9G","[]","0","0.00","[]","0","0.00","[]","0","0.00","[{""id"":""bdqr_bdep_4b8e395fc5b7e660dd6a49f2"",""bank_deposit_id"":""bdep_4b8e395fc5b7e660dd6a49f2"",""bank_transaction_id"":""bnk_8fce61e1ddeefded745ca002"",""amount"":""65000"",""deposit_date"":""2023-05-09"",""txn_date"":""2023-05-09"",""txn_type"":""Payment"",""ref_no"":"""",""payee"":""Peter Alfond Foundation"",""memo"":"""",""qb_posting"":"""",""account"":""1503 Pledges/Services Receivable"",""class"":"""",""reconciliation_status"":""Reconciled"",""ambiguous"":""false""}]","1","65000.00","65000.00"
"bdep_d5d15ec245ceae043cb9160a","bnk_d5d15ec245ceae043cb9160a","2026-03-04","50","USD","","","WT FED#02M03 JPMORGAN CHASE BAN    /ORG=BROADSTREET IMPACT SERVICES, LLC              SRF#        XXXXXX0063JO TRN#XXXXXXXX7597  RFB#     ATS OF 26/03/04","[]","0","0.00","[]","0","0.00","[]","0","0.00","[]","0","0.00","50.00"
"bdep_ed23522fe3c2edb6de2f9e43","bnk_ed23522fe3c2edb6de2f9e43","2017-11-03","499","USD","","","INTUIT PYMT SOLN DEPOSIT 171103 524771997507722 THE WILDFLOWER FOUNDAT","[]","0","0.00","[]","0","0.00","[]","0","0.00","[{""id"":""bdqr_bdep_ed23522fe3c2edb6de2f9e43"",""bank_deposit_id"":""bdep_ed23522fe3c2edb6de2f9e43"",""bank_transaction_id"":""bnk_1bbc892642528825479889e5"",""amount"":""499"",""deposit_date"":""2017-11-03"",""txn_date"":""2017-11-02"",""txn_type"":""Deposit"",""ref_no"":"""",""payee"":""Loan - Wild Rose"",""memo"":""System-recorded deposit for QuickBooks Payments"",""qb_posting"":"""",""account"":""1501 Undeposited Funds"",""class"":"""",""reconciliation_status"":""Reconciled"",""ambiguous"":""false""}]","1","499.00","499.00"
"bdep_3aa64e74d52d34fb4259e242","bnk_3aa64e74d52d34fb4259e242","2020-03-19","608.4","USD","","","1330 Lagoon Aven PAYMENTS   200319 EFT-01095881    NTE*ZZZ*POTPC4HJDR8ZA285VC,\","[]","0","0.00","[]","0","0.00","[]","0","0.00","[]","0","0.00","608.40"
"bdep_7027c05c13550af7d673cd62","bnk_7027c05c13550af7d673cd62","2025-07-03","550","USD","","","WT FED#02759 JPMORGAN CHASE BAN    /ORG=BROADSTREET IMPACT SERVICES, LLC              SRF#        XXXXXX0184JO TRN#XXXXXXXX1059  RFB#     ATS OF 25/07/03","[]","0","0.00","[]","0","0.00","[]","0","0.00","[{""id"":""bdqr_bdep_7027c05c13550af7d673cd62"",""bank_deposit_id"":""bdep_7027c05c13550af7d673cd62"",""bank_transaction_id"":""bnk_ad5691ac6e3b106f5075197f"",""amount"":""550"",""deposit_date"":""2025-07-03"",""txn_date"":""2025-07-05"",""txn_type"":""Journal"",""ref_no"":""Guarantee rev July 25"",""payee"":"""",""memo"":""July Guaranty Fee"",""qb_posting"":"""",""account"":"""",""class"":"""",""reconciliation_status"":""Reconciled"",""ambiguous"":""false""}]","1","550.00","550.00"
"bdep_a1898e020374391240d2727d","bnk_a1898e020374391240d2727d","2022-10-24","49.48","USD","","","STRIPE           TRANSFER          ST-K3I8Q9E6V9Z8 THE WILDFLOWER FOUNDAT","[]","0","0.00","[]","0","0.00","[{""stripe_payout_id"":""po_1LvvkrAhXr9x8yiR9rrH6bSl"",""bank_deposit_id"":""bdep_a1898e020374391240d2727d"",""amount"":""49.48"",""currency"":""USD"",""arrival_date"":""2022-10-23"",""deposit_date"":""2022-10-24"",""ambiguous_bank_match"":""false"",""payer_name"":""""}]","1","49.48","[]","0","0.00","49.48"
"bdep_05d6da43e03a28bba5cb593b","bnk_05d6da43e03a28bba5cb593b","2022-09-14","937.66","USD","","","BUSINESS CHECKIN Expensify         E16644059       BUSINESS CHECKING","[]","0","0.00","[]","0","0.00","[]","0","0.00","[]","0","0.00","937.66"
"bdep_03344d08ebc814be4a2e0177","bnk_03344d08ebc814be4a2e0177","2021-01-14","2911.2","USD","","","STRIPE           TRANSFER          ST-L0A2P6Q6I6L3 THE WILDFLOWER FOUNDAT","[]","0","0.00","[]","0","0.00","[]","0","0.00","[]","0","0.00","2911.20"
"bdep_66ccd399e36584b0c6b42296","bnk_66ccd399e36584b0c6b42296","2020-10-21","57.57","USD","","","STRIPE           TRANSFER          ST-N7G5H0H3R5O9 THE WILDFLOWER FOUNDAT","[]","0","0.00","[]","0","0.00","[]","0","0.00","[]","0","0.00","57.57"
"bdep_1d85ed076b81067956988f9c","bnk_1d85ed076b81067956988f9c","2020-03-10","2500","USD","","","ASTER MONTESSORI MARCH 2020                        Wildflower Foundation","[]","0","0.00","[]","0","0.00","[]","0","0.00","[{""id"":""bdqr_bdep_1d85ed076b81067956988f9c"",""bank_deposit_id"":""bdep_1d85ed076b81067956988f9c"",""bank_transaction_id"":""bnk_bbcda80bd06330c78d5b06e6"",""amount"":""2500"",""deposit_date"":""2020-03-10"",""txn_date"":""2020-03-10"",""txn_type"":""Payment"",""ref_no"":"""",""payee"":""Loan - Aster"",""memo"":"""",""qb_posting"":"""",""account"":""1503 Pledges/Services Receivable"",""class"":"""",""reconciliation_status"":""Reconciled"",""ambiguous"":""false""}]","1","2500.00","2500.00"
"bdep_5173f0fceba71a8363fc7695","bnk_5173f0fceba71a8363fc7695","2019-08-09","2000","USD","","","INTUIT PYMT SOLN DEPOSIT    190809 524771997507722 THE WILDFLOWER FOUNDAT","[]","0","0.00","[]","0","0.00","[]","0","0.00","[{""id"":""bdqr_bdep_5173f0fceba71a8363fc7695"",""bank_deposit_id"":""bdep_5173f0fceba71a8363fc7695"",""bank_transaction_id"":""bnk_616c91bf13ae5b36eea213a9"",""amount"":""2000"",""deposit_date"":""2019-08-09"",""txn_date"":""2019-08-08"",""txn_type"":""Deposit"",""ref_no"":"""",""payee"":""Loan - Snowdrop"",""memo"":""System-recorded deposit for QuickBooks Payments"",""qb_posting"":"""",""account"":""1501 Undeposited Funds"",""class"":"""",""reconciliation_status"":""Reconciled"",""ambiguous"":""false""}]","1","2000.00","2000.00"
"bdep_0bb529bd24fe9c81939477ad","bnk_0bb529bd24fe9c81939477ad","2017-10-27","1604.17","USD","","","INTUIT PYMT SOLN DEPOSIT 171027 524771997507722 THE WILDFLOWER FOUNDAT","[]","0","0.00","[]","0","0.00","[]","0","0.00","[{""id"":""bdqr_bdep_0bb529bd24fe9c81939477ad"",""bank_deposit_id"":""bdep_0bb529bd24fe9c81939477ad"",""bank_transaction_id"":""bnk_2cad15fcbd6b74ad9b1a7e29"",""amount"":""1604.17"",""deposit_date"":""2017-10-27"",""txn_date"":""2017-10-26"",""txn_type"":""Deposit"",""ref_no"":"""",""payee"":""Loan - Wildflower"",""memo"":""System-recorded deposit for QuickBooks Payments"",""qb_posting"":"""",""account"":""1501 Undeposited Funds"",""class"":"""",""reconciliation_status"":""Reconciled"",""ambiguous"":""false""}]","1","1604.17","1604.17"
"bdep_f52a600fccf59e7aaa4848af","bnk_f52a600fccf59e7aaa4848af","2019-03-25","485.2","USD","","","STRIPE           TRANSFER                          X","[]","0","0.00","[]","0","0.00","[]","0","0.00","[]","0","0.00","485.20"
"bdep_188700e0845fb67d20507532","bnk_188700e0845fb67d20507532","2026-01-27","1347.33","USD","","","Roxbury Roots Mo Receivable        016EJQHSU3ZNMOI 016EJQHSU3ZNMOI Roxbury Roots Mo Bill.com Inv TW","[]","0","0.00","[]","0","0.00","[]","0","0.00","[{""id"":""bdqr_bdep_188700e0845fb67d20507532"",""bank_deposit_id"":""bdep_188700e0845fb67d20507532"",""bank_transaction_id"":""bnk_3577b6f95abc5c96ca854884"",""amount"":""1347.33"",""deposit_date"":""2026-01-27"",""txn_date"":""2026-01-26"",""txn_type"":""Payment"",""ref_no"":""P26012302 - 3001706"",""payee"":""Roxbury Roots Montessori, Inc."",""memo"":""Inv TWF - Dec 10 Invoice"",""qb_posting"":"""",""account"":""1503 Pledges/Services Receivable"",""class"":"""",""reconciliation_status"":""Reconciled"",""ambiguous"":""false""}]","1","1347.33","1347.33"
"bdep_09b2eea83f02932ce1ba9bbf","bnk_09b2eea83f02932ce1ba9bbf","2026-06-05","3960.88","USD","","","Bill.com         Receivable        016UVWJOM115BMY Multiple Payments Bill.com Receivables 016UVWJOM","[]","0","0.00","[]","0","0.00","[]","0","0.00","[{""id"":""bdqr_bdep_09b2eea83f02932ce1ba9bbf"",""bank_deposit_id"":""bdep_09b2eea83f02932ce1ba9bbf"",""bank_transaction_id"":""bnk_ce5a34a0e70733e93f0d57d2"",""amount"":""3960.88"",""deposit_date"":""2026-06-05"",""txn_date"":""2026-06-05"",""txn_type"":""Journal"",""ref_no"":""JE CSP Alloc Apr 34"",""payee"":"""",""memo"":""BILL 06/05/26 AR Payments"",""qb_posting"":"""",""account"":"""",""class"":"""",""reconciliation_status"":""Reconciled"",""ambiguous"":""false""}]","1","3960.88","3960.88"
"bdep_9e08c9fef5b6ac3e1f201b99","bnk_9e08c9fef5b6ac3e1f201b99","2021-03-17","480.2","USD","","","STRIPE           TRANSFER          ST-T8N5L4E9W1Z0 THE WILDFLOWER FOUNDAT","[]","0","0.00","[]","0","0.00","[]","0","0.00","[]","0","0.00","480.20"
"bdep_93ad3aae0c9b87c0b26bec51","bnk_93ad3aae0c9b87c0b26bec51","2025-04-28","454.55","USD","","","Bergamot Montess Bill.com          026EWLNVR1DFX8W Bergamot Montessori Bill.com 026EWLNVR1DFX8W Inv","[]","0","0.00","[]","0","0.00","[]","0","0.00","[]","0","0.00","454.55"
"bdep_af241a50e4069ca137935606","bnk_af241a50e4069ca137935606","2025-01-29","653.68","USD","","","Sundrops Montess Receivable        016ZHQUDB3MGIS6 016ZHQUDB3MGIS6 Sundrops Montess Bill.com Inv 17","[]","0","0.00","[]","0","0.00","[]","0","0.00","[]","0","0.00","653.68"
"bdep_46f5e223111367189d31f0f0","bnk_46f5e223111367189d31f0f0","2019-09-09","35611.11","USD","","","INTUIT PYMT SOLN DEPOSIT    190907 524771997507722 THE WILDFLOWER FOUNDAT","[]","0","0.00","[]","0","0.00","[]","0","0.00","[{""id"":""bdqr_bdep_46f5e223111367189d31f0f0"",""bank_deposit_id"":""bdep_46f5e223111367189d31f0f0"",""bank_transaction_id"":""bnk_e8255c107c786cbc2e4d1e71"",""amount"":""35611.11"",""deposit_date"":""2019-09-09"",""txn_date"":""2019-09-06"",""txn_type"":""Deposit"",""ref_no"":"""",""payee"":"""",""memo"":""System-recorded deposit for QuickBooks Payments"",""qb_posting"":"""",""account"":"""",""class"":"""",""reconciliation_status"":""Reconciled"",""ambiguous"":""false""}]","1","35611.11","35611.11"
"bdep_766b636b7bb6eb88bb22ac51","bnk_766b636b7bb6eb88bb22ac51","2026-06-08","23168.51","USD","","","ONLINE TRANSFER CSP GROVE DEC 25 AND JAN 26 GRANT REF #BB0YFTKWTB","[]","0","0.00","[]","0","0.00","[]","0","0.00","[{""id"":""bdqr_bdep_766b636b7bb6eb88bb22ac51"",""bank_deposit_id"":""bdep_766b636b7bb6eb88bb22ac51"",""bank_transaction_id"":""bnk_4b81da98102f6241c0650364"",""amount"":""23168.51"",""deposit_date"":""2026-06-08"",""txn_date"":""2026-06-08"",""txn_type"":""Transfer"",""ref_no"":"""",""payee"":"""",""memo"":""Transfer from CSP to Operating - CSP reimbursement"",""qb_posting"":"""",""account"":""TWF CSP Rep grant (1340) - 2"",""class"":"""",""reconciliation_status"":""Reconciled"",""ambiguous"":""false""}]","1","23168.51","23168.51"
"bdep_f7793948c5b78790fb51d279","bnk_f7793948c5b78790fb51d279","2016-11-25","350000","USD","","","WALTON FAM FDN GRANT PMT 54053 GRANT 2016-1724","[]","0","0.00","[]","0","0.00","[]","0","0.00","[{""id"":""bdqr_bdep_f7793948c5b78790fb51d279"",""bank_deposit_id"":""bdep_f7793948c5b78790fb51d279"",""bank_transaction_id"":""bnk_c7a8dd8c5c13bed2b68ce679"",""amount"":""350000"",""deposit_date"":""2016-11-25"",""txn_date"":""2016-11-23"",""txn_type"":""Payment"",""ref_no"":"""",""payee"":""Walton Family Foundation"",""memo"":"""",""qb_posting"":"""",""account"":""1503 Pledges/Services Receivable"",""class"":"""",""reconciliation_status"":""Reconciled"",""ambiguous"":""false""}]","1","350000.00","350000.00"
"bdep_cabc103072e5c9e5baf1608c","bnk_cabc103072e5c9e5baf1608c","2024-09-26","545.45","USD","","","Rain Lily Montes Receivable        016INNJHG3HW7AK 016INNJHG3HW7AK Rain Lily Montes Bill.com Inv 79","[]","0","0.00","[]","0","0.00","[]","0","0.00","[]","0","0.00","545.45"
"bdep_a0ae27ba11055b41a1c2d15a","bnk_a0ae27ba11055b41a1c2d15a","2022-02-11","350","USD","","","ATM CHECK DEPOSIT              ON              02/11 1505 W Lake St            Minneapolis   MN  0009283           ATM ID 6991L    CARD 7365","[]","0","0.00","[]","0","0.00","[]","0","0.00","[]","0","0.00","350.00"
"bdep_cc536a5e259f9ea74d48a5c1","bnk_cc536a5e259f9ea74d48a5c1","2026-02-17","5154","USD","","","STRIPE           TRANSFER          ST-T7G7X0P4G9A1 THE WILDFLOWER FOUNDAT","[]","0","0.00","[]","0","0.00","[{""stripe_payout_id"":""po_1T1cDOAhXr9x8yiRVWlrF59U"",""bank_deposit_id"":""bdep_cc536a5e259f9ea74d48a5c1"",""amount"":""5154"",""currency"":""USD"",""arrival_date"":""2026-02-16"",""deposit_date"":""2026-02-17"",""ambiguous_bank_match"":""false"",""payer_name"":""""}]","1","5154.00","[]","0","0.00","5154.00"
"bdep_81f0ef2bc29f80214802d5f8","bnk_81f0ef2bc29f80214802d5f8","2025-12-15","3708.66","USD","","","Bill.com         Receivable        015QAOIHNMS7ND7 Multiple Payments Bill.com Receivables 015QAOIHN","[]","0","0.00","[]","0","0.00","[]","0","0.00","[{""id"":""bdqr_bdep_81f0ef2bc29f80214802d5f8"",""bank_deposit_id"":""bdep_81f0ef2bc29f80214802d5f8"",""bank_transaction_id"":""bnk_cac7d67043bf5ae06eda672e"",""amount"":""3708.66"",""deposit_date"":""2025-12-15"",""txn_date"":""2025-12-15"",""txn_type"":""Journal"",""ref_no"":""Tax_PPE10_12 PD10_20"",""payee"":"""",""memo"":""BILL 12/15/25 AR Payments"",""qb_posting"":"""",""account"":"""",""class"":"""",""reconciliation_status"":""Reconciled"",""ambiguous"":""false""}]","1","3708.66","3708.66"
"bdep_ae805c62b718913eb9c3f3ec","bnk_ae805c62b718913eb9c3f3ec","2025-07-31","107587.12","USD","","","ONLINE TRANSFER CSP TRANSFER  REF #BB0TC9W7PF","[]","0","0.00","[]","0","0.00","[]","0","0.00","[{""id"":""bdqr_bdep_ae805c62b718913eb9c3f3ec"",""bank_deposit_id"":""bdep_ae805c62b718913eb9c3f3ec"",""bank_transaction_id"":""bnk_f3db7929f9f93ccda819eccd"",""amount"":""107587.12"",""deposit_date"":""2025-07-31"",""txn_date"":""2025-07-31"",""txn_type"":""Transfer"",""ref_no"":"""",""payee"":"""",""memo"":""Tfr from CSP to Operating Account"",""qb_posting"":"""",""account"":""TWF CSP Rep grant (1340) - 2"",""class"":"""",""reconciliation_status"":""Reconciled"",""ambiguous"":""false""}]","1","107587.12","107587.12"
"bdep_6f96a307c0f35c73d25861bf","bnk_6f96a307c0f35c73d25861bf","2019-10-31","153.07","USD","","","STRIPE           TRANSFER          ST-Q7P7E5T3W1P8 THE WILDFLOWER FOUNDAT","[]","0","0.00","[]","0","0.00","[]","0","0.00","[]","0","0.00","153.07"
"bdep_90456f0be030a385bbb1def4","bnk_90456f0be030a385bbb1def4","2020-06-18","485.2","USD","","","STRIPE           TRANSFER          ST-Z3W8Y6V5O8W1 THE WILDFLOWER FOUNDAT","[]","0","0.00","[]","0","0.00","[{""stripe_payout_id"":""po_1GuqqFAhXr9x8yiRjWA50JGQ"",""bank_deposit_id"":""bdep_90456f0be030a385bbb1def4"",""amount"":""485.2"",""currency"":""USD"",""arrival_date"":""2020-06-17"",""deposit_date"":""2020-06-18"",""ambiguous_bank_match"":""false"",""payer_name"":""""}]","1","485.20","[]","0","0.00","485.20"
"bdep_7b697d7ae022392d7514f003","bnk_7b697d7ae022392d7514f003","2025-07-18","80693.73","USD","","","The Sunlight Loa Receivable        016NBSCBU3SSHT1 016NBSCBU3SSHT1 The Sunlight Loa Bill.com Inv 11","[]","0","0.00","[]","0","0.00","[]","0","0.00","[{""id"":""bdqr_bdep_7b697d7ae022392d7514f003"",""bank_deposit_id"":""bdep_7b697d7ae022392d7514f003"",""bank_transaction_id"":""bnk_ff0752b99f818e93af2c707f"",""amount"":""80693.73"",""deposit_date"":""2025-07-18"",""txn_date"":""2025-07-17"",""txn_type"":""Payment"",""ref_no"":""P25071602 - 2994288"",""payee"":""The Sunlight Loan Fund, LLC"",""memo"":""Inv 11-SL-June2025"",""qb_posting"":"""",""account"":""1503 Pledges/Services Receivable"",""class"":"""",""reconciliation_status"":""Reconciled"",""ambiguous"":""false""}]","1","80693.73","80693.73"
"bdep_038e442344b319cb1d133533","bnk_038e442344b319cb1d133533","2020-07-10","656.8","USD","","","STRIPE           TRANSFER          ST-B0Y6X2E4A0P6 THE WILDFLOWER FOUNDAT","[]","0","0.00","[]","0","0.00","[]","0","0.00","[]","0","0.00","656.80"
"bdep_2936f861f642b30109589621","bnk_2936f861f642b30109589621","2024-04-04","3750","USD","","","The Sunlight Loa Bill.com          014UMKJUKTVQM4G The Sunlight Loan Fund, LLC Bill.com 014UMKJUKTV","[]","0","0.00","[]","0","0.00","[]","0","0.00","[]","0","0.00","3750.00"
"bdep_d011792a465970ba9ffa3a05","bnk_d011792a465970ba9ffa3a05","2023-03-08","4188","USD","","","ATM CHECK DEPOSIT              ON              03/08 1505 W Lake St            Minneapolis   MN  0007251           ATM ID 6991J    CARD 7365","[]","0","0.00","[]","0","0.00","[]","0","0.00","[]","0","0.00","4188.00"
"bdep_3938f2af7857928afe26f3b2","bnk_3938f2af7857928afe26f3b2","2026-05-18","4623.55","USD","","","Minnesota Wildfl Receivable        016XANTZJ440Z31 016XANTZJ440Z31 Minnesota Wildfl Bill.com Inv TW","[]","0","0.00","[]","0","0.00","[]","0","0.00","[{""id"":""bdqr_bdep_3938f2af7857928afe26f3b2"",""bank_deposit_id"":""bdep_3938f2af7857928afe26f3b2"",""bank_transaction_id"":""bnk_26a1475b4063543fa90a46c4"",""amount"":""4623.55"",""deposit_date"":""2026-05-18"",""txn_date"":""2026-05-15"",""txn_type"":""Payment"",""ref_no"":""P26051401 - 1169192"",""payee"":""Minnesota Wildflower Montessori School"",""memo"":""Inv TWF - May Invoice034"",""qb_posting"":"""",""account"":""1503 Pledges/Services Receivable"",""class"":"""",""reconciliation_status"":""Reconciled"",""ambiguous"":""false""}]","1","4623.55","4623.55"
"bdep_291996c6e15f4c5ed8953abb","bnk_291996c6e15f4c5ed8953abb","2019-04-29","19814.92","USD","","","ATM CHECK DEPOSIT              ON              04/29 1505 WEST LAKE ST         MINNEAPOLIS   MN  0001907           ATM ID 6991J    CARD 7365","[]","0","0.00","[]","0","0.00","[]","0","0.00","[]","0","0.00","19814.92"
"bdep_4c36e121b63c3d0ec01b590c","bnk_4c36e121b63c3d0ec01b590c","2025-09-08","666.67","USD","","","Desert Peach Mon Bill.com          026UUENVY1KIUI8 Desert Peach Montessori School Bill.com 026UUENV","[]","0","0.00","[]","0","0.00","[]","0","0.00","[]","0","0.00","666.67"
"bdep_600745f4915aef0c1420d0b3","bnk_600745f4915aef0c1420d0b3","2020-07-30","2500","USD","","","ASTER MONTESSORI AUGUST2020                        Wildflower Foundation","[]","0","0.00","[]","0","0.00","[]","0","0.00","[]","0","0.00","2500.00"
"bdep_1531ca67d22d50c36c4a7b0a","bnk_1531ca67d22d50c36c4a7b0a","2021-11-22","13.29","USD","","","AMZNMEXAV1RN     AmazonSmil 211122 1SSJPF1BVF6R5UF payments.amazon.com ID#1SSJPF1BVF6R5UF","[{""component_id"":""bdc_RioxxfvidDeVO8AA48ccI"",""payment_unit_id"":""pu_RioxxfvidDeVO8AA48ccI"",""kind"":""other"",""amount"":""13.29"",""source"":""qbo_inferred"",""source_staged_payment_id"":""RioxxfvidDeVO8AA48ccI"",""staged_payer"":""Amazon Smile"",""staged_date"":""2021-11-22"",""qb_deposit_id"":""18083"",""reconciliation_flag"":""ok"",""unit_kind"":""other"",""unit_evidence_id"":""RioxxfvidDeVO8AA48ccI""}]","1","13.29","[{""id"":""pu_RioxxfvidDeVO8AA48ccI"",""kind"":""other"",""evidence_id"":""RioxxfvidDeVO8AA48ccI"",""stripe_charge_id"":"""",""source_staged_payment_id"":""RioxxfvidDeVO8AA48ccI"",""gross_amount"":""13.29"",""fee_amount"":"""",""net_amount"":""13.29"",""currency"":""USD"",""received_date"":""2021-11-22"",""lifecycle"":""received""}]","1","13.29","[]","0","0.00","[]","0","0.00","0.00"
"bdep_cc5555fb73cc809c4fd48e6c","bnk_cc5555fb73cc809c4fd48e6c","2018-12-13","75","USD","","","INTUIT PYMT SOLN DEPOSIT    181213 524771997507722 THE WILDFLOWER FOUNDAT 201812131","[]","0","0.00","[]","0","0.00","[]","0","0.00","[{""id"":""bdqr_bdep_cc5555fb73cc809c4fd48e6c"",""bank_deposit_id"":""bdep_cc5555fb73cc809c4fd48e6c"",""bank_transaction_id"":""bnk_1b254aeaed202fdef939335d"",""amount"":""75"",""deposit_date"":""2018-12-13"",""txn_date"":""2018-12-12"",""txn_type"":""Deposit"",""ref_no"":"""",""payee"":""Ginkgo - Customer"",""memo"":""System-recorded deposit for QuickBooks Payments"",""qb_posting"":"""",""account"":""1501 Undeposited Funds"",""class"":"""",""reconciliation_status"":""Reconciled"",""ambiguous"":""false""}]","1","75.00","75.00"
"bdep_0ec8e71742463c9898bd7515","bnk_0ec8e71742463c9898bd7515","2022-08-16","35500","USD","","","WT SEQ#54881 THE WILDFLOWER LOAN FUN /ORG=                                            SRF#    OW00002440548120 TRN#220816054881  RFB#    OW00002440548120","[]","0","0.00","[]","0","0.00","[]","0","0.00","[]","0","0.00","35500.00"
"bdep_7878e184f5c52656a5659af8","bnk_7878e184f5c52656a5659af8","2019-05-16","36391","USD","","","ATM CHECK DEPOSIT              ON              05/16 3030 NICOLLET AVE         MINNEAPOLIS   MN  0007049           ATM ID 5813V    CARD 7365","[]","0","0.00","[]","0","0.00","[]","0","0.00","[]","0","0.00","36391.00"
"bdep_43ecba5e8328e68c0851a15b","bnk_43ecba5e8328e68c0851a15b","2019-08-12","67.36","USD","","","STRIPE           TRANSFER          ST-M6O9D8C0M8I8 THE WILDFLOWER FOUNDAT","[]","0","0.00","[]","0","0.00","[]","0","0.00","[]","0","0.00","67.36"
"bdep_1e28a585ef42085de13fc32b","bnk_1e28a585ef42085de13fc32b","2019-03-11","237.5","USD","","","INTUIT PYMT SOLN DEPOSIT    190309 524771997507722 THE WILDFLOWER FOUNDAT","[]","0","0.00","[]","0","0.00","[]","0","0.00","[{""id"":""bdqr_bdep_1e28a585ef42085de13fc32b"",""bank_deposit_id"":""bdep_1e28a585ef42085de13fc32b"",""bank_transaction_id"":""bnk_5d57bf078fefe92e6af78b62"",""amount"":""237.5"",""deposit_date"":""2019-03-11"",""txn_date"":""2019-03-08"",""txn_type"":""Deposit"",""ref_no"":"""",""payee"":""Loan - Sweet Pea Montessori"",""memo"":""System-recorded deposit for QuickBooks Payments"",""qb_posting"":"""",""account"":""1501 Undeposited Funds"",""class"":"""",""reconciliation_status"":""Reconciled"",""ambiguous"":""false""}]","1","237.50","237.50"
"bdep_a45f149e328435edc876e0a8","bnk_a45f149e328435edc876e0a8","2020-12-10","5000","USD","","","ATM CHECK DEPOSIT              ON              12/10 1505 WEST LAKE ST         Minneapolis   MN  0005881           ATM ID 6991J    CARD 7365","[]","0","0.00","[]","0","0.00","[]","0","0.00","[{""id"":""bdqr_bdep_a45f149e328435edc876e0a8"",""bank_deposit_id"":""bdep_a45f149e328435edc876e0a8"",""bank_transaction_id"":""bnk_24ae6a200cbf5c855d1048e2"",""amount"":""5000"",""deposit_date"":""2020-12-10"",""txn_date"":""2020-12-10"",""txn_type"":""Payment"",""ref_no"":"""",""payee"":""Diverse Charter Schools Coalition"",""memo"":"""",""qb_posting"":"""",""account"":""1503 Pledges/Services Receivable"",""class"":"""",""reconciliation_status"":""Reconciled"",""ambiguous"":""false""}]","1","5000.00","5000.00"
"bdep_46d4933b62099803d405a0a6","bnk_46d4933b62099803d405a0a6","2019-07-10","868.27","USD","","","COBRA TRUST ACCT BASICPacif                        COBRA REMIT","[]","0","0.00","[]","0","0.00","[]","0","0.00","[]","0","0.00","868.27"
"bdep_1c6ebea3e0f7d3b86faa893c","bnk_1c6ebea3e0f7d3b86faa893c","2023-08-11","552.48","USD","","","BASIC            BASICCOBRA 230811                 The Wildflower Foundat","[]","0","0.00","[]","0","0.00","[]","0","0.00","[]","0","0.00","552.48"
"bdep_d16e083963448bb03e238860","bnk_d16e083963448bb03e238860","2021-05-04","304992.62","USD","","","WT SEQ153259 THE WILDFLOWER LOAN FUN /ORG=                                            SRF#    0009532124196888 TRN#210504153259  RFB#","[]","0","0.00","[]","0","0.00","[]","0","0.00","[]","0","0.00","304992.62"
"bdep_12841c68448fcb492c65ec6f","bnk_12841c68448fcb492c65ec6f","2025-09-18","94.8","USD","","","STRIPE           TRANSFER          ST-Z8E2C2P5J5A2 THE WILDFLOWER FOUNDAT","[]","0","0.00","[]","0","0.00","[{""stripe_payout_id"":""po_1S8VftAhXr9x8yiRIFYpzI3Y"",""bank_deposit_id"":""bdep_12841c68448fcb492c65ec6f"",""amount"":""94.8"",""currency"":""USD"",""arrival_date"":""2025-09-17"",""deposit_date"":""2025-09-18"",""ambiguous_bank_match"":""false"",""payer_name"":""""}]","1","94.80","[]","0","0.00","94.80"
"bdep_28735fac8f5e1d35ca64adf3","bnk_28735fac8f5e1d35ca64adf3","2025-06-06","1622.16","USD","","","Snowdrop Montess Receivable        016FYFGJI3R9HA5 016FYFGJI3R9HA5 Snowdrop Montess Bill.com Multip","[]","0","0.00","[]","0","0.00","[]","0","0.00","[]","0","0.00","1622.16"
"bdep_bdb28ad92dcb95597fcfcefb","bnk_bdb28ad92dcb95597fcfcefb","2024-08-14","25000","USD","","","Common Future    BILL PAY                          Common Future PAYING BILL VIA RAMP","[{""component_id"":""bdc_Unzd69-h-2PTEimuPORJ-"",""payment_unit_id"":""pu_Unzd69-h-2PTEimuPORJ-"",""kind"":""other"",""amount"":""25000.00"",""source"":""qbo_inferred"",""source_staged_payment_id"":""Unzd69-h-2PTEimuPORJ-"",""staged_payer"":""Common Future"",""staged_date"":""2024-08-14"",""qb_deposit_id"":""30100"",""reconciliation_flag"":""ok"",""unit_kind"":""other"",""unit_evidence_id"":""Unzd69-h-2PTEimuPORJ-""}]","1","25000.00","[{""id"":""pu_Unzd69-h-2PTEimuPORJ-"",""kind"":""other"",""evidence_id"":""Unzd69-h-2PTEimuPORJ-"",""stripe_charge_id"":"""",""source_staged_payment_id"":""Unzd69-h-2PTEimuPORJ-"",""gross_amount"":""25000.00"",""fee_amount"":"""",""net_amount"":""25000.00"",""currency"":""USD"",""received_date"":""2024-08-14"",""lifecycle"":""received""}]","1","25000.00","[]","0","0.00","[]","0","0.00","0.00"
"bdep_35e81f534ece214c686eeec2","bnk_35e81f534ece214c686eeec2","2024-11-22","30000","USD","","","FUNDACION BPPR   CREDITS           THE WILDFLOWER  THE WILDFLOWER FOUNDAT","[{""component_id"":""bdc_XyszZpI2syHOTJlsAEjKg"",""payment_unit_id"":""pu_XyszZpI2syHOTJlsAEjKg"",""kind"":""other"",""amount"":""30000.00"",""source"":""qbo_inferred"",""source_staged_payment_id"":""XyszZpI2syHOTJlsAEjKg"",""staged_payer"":""Fundación Banco Popular"",""staged_date"":""2024-11-22"",""qb_deposit_id"":""30923"",""reconciliation_flag"":""ok"",""unit_kind"":""other"",""unit_evidence_id"":""XyszZpI2syHOTJlsAEjKg""}]","1","30000.00","[{""id"":""pu_XyszZpI2syHOTJlsAEjKg"",""kind"":""other"",""evidence_id"":""XyszZpI2syHOTJlsAEjKg"",""stripe_charge_id"":"""",""source_staged_payment_id"":""XyszZpI2syHOTJlsAEjKg"",""gross_amount"":""30000.00"",""fee_amount"":"""",""net_amount"":""30000.00"",""currency"":""USD"",""received_date"":""2024-11-22"",""lifecycle"":""received""}]","1","30000.00","[]","0","0.00","[]","0","0.00","0.00"
"bdep_1107962101cf6117d426e360","bnk_1107962101cf6117d426e360","2020-09-18","22500","USD","","","NEW SCHOOLS 1310 PAYMENTS          VEN000829       WILDFLOWER FOUNDATION","[]","0","0.00","[]","0","0.00","[]","0","0.00","[]","0","0.00","22500.00"
"bdep_99fc547a03a0dca86b0a08a3","bnk_99fc547a03a0dca86b0a08a3","2018-11-19","468.75","USD","","","INTUIT PYMT SOLN DEPOSIT    181118 524771997507722 THE WILDFLOWER FOUNDAT 201811191","[]","0","0.00","[]","0","0.00","[]","0","0.00","[{""id"":""bdqr_bdep_99fc547a03a0dca86b0a08a3"",""bank_deposit_id"":""bdep_99fc547a03a0dca86b0a08a3"",""bank_transaction_id"":""bnk_a5c94d00101cd8f02953c7dc"",""amount"":""468.75"",""deposit_date"":""2018-11-19"",""txn_date"":""2018-11-17"",""txn_type"":""Deposit"",""ref_no"":"""",""payee"":""Wild Rose Montessori School Inc"",""memo"":""System-recorded deposit for QuickBooks Payments"",""qb_posting"":"""",""account"":""1501 Undeposited Funds"",""class"":"""",""reconciliation_status"":""Reconciled"",""ambiguous"":""false""}]","1","468.75","468.75"
"bdep_0d3207e650978cd618d9131a","bnk_0d3207e650978cd618d9131a","2018-08-23","1604.17","USD","","","INTUIT PYMT SOLN DEPOSIT 180823 524771997507722 THE WILDFLOWER FOUNDAT","[]","0","0.00","[]","0","0.00","[]","0","0.00","[{""id"":""bdqr_bdep_0d3207e650978cd618d9131a"",""bank_deposit_id"":""bdep_0d3207e650978cd618d9131a"",""bank_transaction_id"":""bnk_6cacffdcebccb0cc800c3c49"",""amount"":""1604.17"",""deposit_date"":""2018-08-23"",""txn_date"":""2018-08-22"",""txn_type"":""Deposit"",""ref_no"":"""",""payee"":""Loan - Wildflower"",""memo"":""System-recorded deposit for QuickBooks Payments"",""qb_posting"":"""",""account"":""1501 Undeposited Funds"",""class"":"""",""reconciliation_status"":""Reconciled"",""ambiguous"":""false""}]","1","1604.17","1604.17"
"bdep_d79213c061b917877676fc66","bnk_d79213c061b917877676fc66","2025-04-24","1901.7","USD","","","STRIPE           TRANSFER          ST-P9N4T0D8L3L4 THE WILDFLOWER FOUNDAT","[]","0","0.00","[]","0","0.00","[{""stripe_payout_id"":""po_1RGrr3AhXr9x8yiRlYOFugKA"",""bank_deposit_id"":""bdep_d79213c061b917877676fc66"",""amount"":""1901.7"",""currency"":""USD"",""arrival_date"":""2025-04-23"",""deposit_date"":""2025-04-24"",""ambiguous_bank_match"":""false"",""payer_name"":""""}]","1","1901.70","[]","0","0.00","1901.70"
"bdep_0897b8f1a1c30c9b9af2eb70","bnk_0897b8f1a1c30c9b9af2eb70","2022-01-04","248.19","USD","","","STRIPE           TRANSFER          ST-G5P2R9C9E6C7 THE WILDFLOWER FOUNDAT","[]","0","0.00","[]","0","0.00","[{""stripe_payout_id"":""po_1KDfq8AhXr9x8yiRB4VD0UHv"",""bank_deposit_id"":""bdep_0897b8f1a1c30c9b9af2eb70"",""amount"":""248.19"",""currency"":""USD"",""arrival_date"":""2022-01-03"",""deposit_date"":""2022-01-04"",""ambiguous_bank_match"":""false"",""payer_name"":""""}]","1","248.19","[]","0","0.00","248.19"
"bdep_3b20c2c2a3c44d347564c629","bnk_3b20c2c2a3c44d347564c629","2020-06-24","126.81","USD","","","STRIPE           TRANSFER          ST-J5X7B9J3U5R6 THE WILDFLOWER FOUNDAT","[]","0","0.00","[]","0","0.00","[]","0","0.00","[]","0","0.00","126.81"
"bdep_662fa77b5b341885e1cccb34","bnk_662fa77b5b341885e1cccb34","2023-01-13","12040","USD","","","Wild Rose Montes Bill.com          025TIFBOVPE946M Wild Rose Montessori School Bill.com 025TIFBOVPE","[]","0","0.00","[]","0","0.00","[]","0","0.00","[]","0","0.00","12040.00"
"bdep_32566b559fb5b5b30558cf29","bnk_32566b559fb5b5b30558cf29","2019-09-04","4.55","USD","","","STRIPE           TRANSFER          ST-P2W5W4Z3U7E6 THE WILDFLOWER FOUNDAT","[]","0","0.00","[]","0","0.00","[]","0","0.00","[]","0","0.00","4.55"
"bdep_b60fbbd187636499d9fb7f02","bnk_b60fbbd187636499d9fb7f02","2022-07-28","580000","USD","","","WT FED#03594 NATIONAL FINANCIAL    /ORG=1/FIDELITY FOUNDATION                         SRF#        2866998209FS TRN#220728106005  RFB#     SWF OF 22/07/28","[{""component_id"":""bdc_tlEdjPxM_ZFjvfRGK0Eyg"",""payment_unit_id"":""pu_tlEdjPxM_ZFjvfRGK0Eyg"",""kind"":""other"",""amount"":""580000.00"",""source"":""qbo_inferred"",""source_staged_payment_id"":""tlEdjPxM_ZFjvfRGK0Eyg"",""staged_payer"":""Anonymous"",""staged_date"":""2022-07-28"",""qb_deposit_id"":""20844"",""reconciliation_flag"":""ok"",""unit_kind"":""other"",""unit_evidence_id"":""tlEdjPxM_ZFjvfRGK0Eyg""}]","1","580000.00","[{""id"":""pu_tlEdjPxM_ZFjvfRGK0Eyg"",""kind"":""other"",""evidence_id"":""tlEdjPxM_ZFjvfRGK0Eyg"",""stripe_charge_id"":"""",""source_staged_payment_id"":""tlEdjPxM_ZFjvfRGK0Eyg"",""gross_amount"":""580000.00"",""fee_amount"":"""",""net_amount"":""580000.00"",""currency"":""USD"",""received_date"":""2022-07-28"",""lifecycle"":""received""}]","1","580000.00","[]","0","0.00","[]","0","0.00","0.00"
"bdep_ec876b48bda9816978576342","bnk_ec876b48bda9816978576342","2021-06-10","23.67","USD","","","STRIPE           TRANSFER          ST-J7Y3Z0G7S0B0 THE WILDFLOWER FOUNDAT","[]","0","0.00","[]","0","0.00","[{""stripe_payout_id"":""po_1J0H91AhXr9x8yiRozfRhOGr"",""bank_deposit_id"":""bdep_ec876b48bda9816978576342"",""amount"":""23.67"",""currency"":""USD"",""arrival_date"":""2021-06-09"",""deposit_date"":""2021-06-10"",""ambiguous_bank_match"":""false"",""payer_name"":""""}]","1","23.67","[]","0","0.00","23.67"
"bdep_ea3d761ce7d7ebd77a6ac729","bnk_ea3d761ce7d7ebd77a6ac729","2021-12-31","250","USD","","","Morgan Stanley   ACH CREDIT 211230 101208553zmhlz  The Wildflower Foundat","[]","0","0.00","[]","0","0.00","[]","0","0.00","[{""id"":""bdqr_bdep_ea3d761ce7d7ebd77a6ac729"",""bank_deposit_id"":""bdep_ea3d761ce7d7ebd77a6ac729"",""bank_transaction_id"":""bnk_28e2ce52e644e778ccb6de12"",""amount"":""250"",""deposit_date"":""2021-12-31"",""txn_date"":""2021-12-31"",""txn_type"":""Payment"",""ref_no"":"""",""payee"":""Morgan Stanley"",""memo"":"""",""qb_posting"":"""",""account"":""1503 Pledges/Services Receivable"",""class"":"""",""reconciliation_status"":""Reconciled"",""ambiguous"":""false""}]","1","250.00","250.00"
"bdep_4abfe6970f5335bca9d0aa69","bnk_4abfe6970f5335bca9d0aa69","2019-08-02","1781.95","USD","","","INTUIT PYMT SOLN DEPOSIT    190802 524771997507722 THE WILDFLOWER FOUNDAT","[]","0","0.00","[]","0","0.00","[]","0","0.00","[{""id"":""bdqr_bdep_4abfe6970f5335bca9d0aa69"",""bank_deposit_id"":""bdep_4abfe6970f5335bca9d0aa69"",""bank_transaction_id"":""bnk_bb30c89c334766616708741b"",""amount"":""1781.95"",""deposit_date"":""2019-08-02"",""txn_date"":""2019-08-01"",""txn_type"":""Deposit"",""ref_no"":"""",""payee"":"""",""memo"":""System-recorded deposit for QuickBooks Payments"",""qb_posting"":"""",""account"":"""",""class"":"""",""reconciliation_status"":""Reconciled"",""ambiguous"":""false""}]","1","1781.95","1781.95"
"bdep_8eea860e0cfb2cf905531f24","bnk_8eea860e0cfb2cf905531f24","2024-04-01","6317","USD","","","DC WILDFLOWER PU EFT PYMT   032924 Charter School  The Wildflower Foundat","[]","0","0.00","[]","0","0.00","[]","0","0.00","[{""id"":""bdqr_bdep_8eea860e0cfb2cf905531f24"",""bank_deposit_id"":""bdep_8eea860e0cfb2cf905531f24"",""bank_transaction_id"":""bnk_ad28888f994cdf58b91b9da1"",""amount"":""6317"",""deposit_date"":""2024-04-01"",""txn_date"":""2024-04-01"",""txn_type"":""Payment"",""ref_no"":"""",""payee"":""DC Wildflower Public Charter School"",""memo"":"""",""qb_posting"":"""",""account"":""1503 Pledges/Services Receivable"",""class"":"""",""reconciliation_status"":""Reconciled"",""ambiguous"":""false""}]","1","6317.00","6317.00"
"bdep_78067bfb0e9e3c9b6fb5eb64","bnk_78067bfb0e9e3c9b6fb5eb64","2021-04-21","63.02","USD","","","STRIPE           TRANSFER          ST-U1E1O4V4B9V3 THE WILDFLOWER FOUNDAT","[]","0","0.00","[]","0","0.00","[]","0","0.00","[]","0","0.00","63.02"
"bdep_6ef2bbcbfc34ba362824392e","bnk_6ef2bbcbfc34ba362824392e","2023-02-13","14.65","USD","","","AMZNGNVV36HM     AmazonSmil 230213 4LO12RKG9TATVB9 payments.amazon.com ID#4LO12RKG9TATVB9","[{""component_id"":""bdc_Ne0LFzjH0GPpCDaqi7T6o"",""payment_unit_id"":""pu_Ne0LFzjH0GPpCDaqi7T6o"",""kind"":""other"",""amount"":""14.65"",""source"":""qbo_inferred"",""source_staged_payment_id"":""Ne0LFzjH0GPpCDaqi7T6o"",""staged_payer"":""Amazon Smile"",""staged_date"":""2023-02-13"",""qb_deposit_id"":""23550"",""reconciliation_flag"":""ok"",""unit_kind"":""other"",""unit_evidence_id"":""Ne0LFzjH0GPpCDaqi7T6o""}]","1","14.65","[{""id"":""pu_Ne0LFzjH0GPpCDaqi7T6o"",""kind"":""other"",""evidence_id"":""Ne0LFzjH0GPpCDaqi7T6o"",""stripe_charge_id"":"""",""source_staged_payment_id"":""Ne0LFzjH0GPpCDaqi7T6o"",""gross_amount"":""14.65"",""fee_amount"":"""",""net_amount"":""14.65"",""currency"":""USD"",""received_date"":""2023-02-13"",""lifecycle"":""received""}]","1","14.65","[]","0","0.00","[]","0","0.00","0.00"
"bdep_5f67ef89d0a0617d8d09cfbb","bnk_5f67ef89d0a0617d8d09cfbb","2025-07-23","2659.75","USD","","","BILL Divvy Finan HIST RTN   250723 gD5v7cFbHpNurH  Wildflower Schools","[]","0","0.00","[]","0","0.00","[]","0","0.00","[]","0","0.00","2659.75"
"bdep_90b99962fb8b5e827055a463","bnk_90b99962fb8b5e827055a463","2024-08-22","1002.7","USD","","","Bill.com         Receivable        015BBFZUVI57XWH Inv #79252461-93","[]","0","0.00","[]","0","0.00","[]","0","0.00","[{""id"":""bdqr_bdep_90b99962fb8b5e827055a463"",""bank_deposit_id"":""bdep_90b99962fb8b5e827055a463"",""bank_transaction_id"":""bnk_a4b0100c0c081235840359c4"",""amount"":""1002.7"",""deposit_date"":""2024-08-22"",""txn_date"":""2024-08-19"",""txn_type"":""Payment"",""ref_no"":""R24081601 - 9359195"",""payee"":""Alyssum Montessori"",""memo"":"""",""qb_posting"":"""",""account"":""1503 Pledges/Services Receivable"",""class"":"""",""reconciliation_status"":""Reconciled"",""ambiguous"":""false""}]","1","1002.70","1002.70"
"bdep_5471f2e4180ef10f57e0455d","bnk_5471f2e4180ef10f57e0455d","2020-10-05","5000","USD","","","ACH RETURNS       - THE WILDFLOWER F - FILE 7878782339 COID 1812826681","[]","0","0.00","[]","0","0.00","[]","0","0.00","[]","0","0.00","5000.00"
"bdep_47b59cbd0dbec4189ee25d5d","bnk_47b59cbd0dbec4189ee25d5d","2019-09-13","7553.12","USD","","","ATM CHECK DEPOSIT              ON              09/13 4712 CHICAGO AVE S        MINNEAPOLIS   MN  0008218           ATM ID 5819T    CARD 7365","[{""component_id"":""bdc_LVa4iZ58WIQFBa75htzVY"",""payment_unit_id"":""pu_LVa4iZ58WIQFBa75htzVY"",""kind"":""other"",""amount"":""7553.12"",""source"":""qbo_inferred"",""source_staged_payment_id"":""LVa4iZ58WIQFBa75htzVY"",""staged_payer"":""Keres Children's Learning Center -customer"",""staged_date"":""2019-09-13"",""qb_deposit_id"":""8955"",""reconciliation_flag"":""ok"",""unit_kind"":""other"",""unit_evidence_id"":""LVa4iZ58WIQFBa75htzVY""}]","1","7553.12","[{""id"":""pu_LVa4iZ58WIQFBa75htzVY"",""kind"":""other"",""evidence_id"":""LVa4iZ58WIQFBa75htzVY"",""stripe_charge_id"":"""",""source_staged_payment_id"":""LVa4iZ58WIQFBa75htzVY"",""gross_amount"":""7553.12"",""fee_amount"":"""",""net_amount"":""7553.12"",""currency"":""USD"",""received_date"":""2019-09-13"",""lifecycle"":""received""}]","1","7553.12","[]","0","0.00","[]","0","0.00","0.00"
"bdep_87ad374555e6c8bdd39eadf3","bnk_87ad374555e6c8bdd39eadf3","2025-08-12","6000","USD","","","Bill.com         VoidPaymnt        015JZQHXBALYR7T Center for Guided Montessori Studies Bill.com 01","[]","0","0.00","[]","0","0.00","[]","0","0.00","[{""id"":""bdqr_bdep_87ad374555e6c8bdd39eadf3"",""bank_deposit_id"":""bdep_87ad374555e6c8bdd39eadf3"",""bank_transaction_id"":""bnk_846cbe85e5d2b7a8afe30873"",""amount"":""6000"",""deposit_date"":""2025-08-12"",""txn_date"":""2025-08-12"",""txn_type"":""Journal"",""ref_no"":""BILL.com 08/12/25 CR"",""payee"":"""",""memo"":""BILL 08/12/25 Credit P25050801 - 0877632"",""qb_posting"":"""",""account"":"""",""class"":"""",""reconciliation_status"":""Reconciled"",""ambiguous"":""false""}]","1","6000.00","6000.00"
"bdep_64e7aa16823fa8f5fdeece1a","bnk_64e7aa16823fa8f5fdeece1a","2019-06-26","222.56","USD","","","STRIPE           TRANSFER          ST-T9U8X0X0O1B8 THE WILDFLOWER FOUNDAT","[]","0","0.00","[]","0","0.00","[]","0","0.00","[]","0","0.00","222.56"
"bdep_7b8119b30f2f5f51975f9b28","bnk_7b8119b30f2f5f51975f9b28","2024-11-01","4.46","USD","","","STRIPE           TRANSFER          ST-V0Z6N3P9L1Q7 THE WILDFLOWER FOUNDAT","[]","0","0.00","[]","0","0.00","[{""stripe_payout_id"":""po_1QFulkAhXr9x8yiRnGqGxTok"",""bank_deposit_id"":""bdep_7b8119b30f2f5f51975f9b28"",""amount"":""4.46"",""currency"":""USD"",""arrival_date"":""2024-10-31"",""deposit_date"":""2024-11-01"",""ambiguous_bank_match"":""false"",""payer_name"":""""}]","1","4.46","[]","0","0.00","4.46"
"bdep_73554212dd4caa3d0cc991d1","bnk_73554212dd4caa3d0cc991d1","2018-04-20","10200","USD","","","ATM CHECK DEPOSIT 04/20 3030 NICOLLET AVE MINNEAPOLIS MN 5813V 7365","[{""component_id"":""bdc_pNAH9MtNYy65T5opC3vsd"",""payment_unit_id"":""pu_pNAH9MtNYy65T5opC3vsd"",""kind"":""other"",""amount"":""10200.00"",""source"":""qbo_inferred"",""source_staged_payment_id"":""pNAH9MtNYy65T5opC3vsd"",""staged_payer"":""Educause"",""staged_date"":""2018-04-20"",""qb_deposit_id"":""3086"",""reconciliation_flag"":""ok"",""unit_kind"":""other"",""unit_evidence_id"":""pNAH9MtNYy65T5opC3vsd""}]","1","10200.00","[{""id"":""pu_pNAH9MtNYy65T5opC3vsd"",""kind"":""other"",""evidence_id"":""pNAH9MtNYy65T5opC3vsd"",""stripe_charge_id"":"""",""source_staged_payment_id"":""pNAH9MtNYy65T5opC3vsd"",""gross_amount"":""10200.00"",""fee_amount"":"""",""net_amount"":""10200.00"",""currency"":""USD"",""received_date"":""2018-04-20"",""lifecycle"":""received""}]","1","10200.00","[]","0","0.00","[]","0","0.00","0.00"
"bdep_d98967c40acfde64b69bded5","bnk_d98967c40acfde64b69bded5","2024-02-08","12.84","USD","","","MBI              SETL       240207 MED-I-BANK      MED-I-BANK","[]","0","0.00","[]","0","0.00","[]","0","0.00","[]","0","0.00","12.84"
"bdep_b996089fce44175f5837f81e","bnk_b996089fce44175f5837f81e","2022-06-29","983","USD","","","STRIPE           TRANSFER          ST-G4V7Y1E4S3A5 THE WILDFLOWER FOUNDAT","[]","0","0.00","[]","0","0.00","[{""stripe_payout_id"":""po_1LFT3IAhXr9x8yiR6SFcZozl"",""bank_deposit_id"":""bdep_b996089fce44175f5837f81e"",""amount"":""983"",""currency"":""USD"",""arrival_date"":""2022-06-28"",""deposit_date"":""2022-06-29"",""ambiguous_bank_match"":""false"",""payer_name"":""""}]","1","983.00","[]","0","0.00","983.00"
"bdep_d61721dea6fc7c9226a84b69","bnk_d61721dea6fc7c9226a84b69","2024-12-10","47.37","USD","","","STRIPE           TRANSFER          ST-Y9S5P4B0J6Y6 THE WILDFLOWER FOUNDAT","[]","0","0.00","[]","0","0.00","[{""stripe_payout_id"":""po_1QTwJZAhXr9x8yiRvP2PdBwP"",""bank_deposit_id"":""bdep_d61721dea6fc7c9226a84b69"",""amount"":""47.37"",""currency"":""USD"",""arrival_date"":""2024-12-09"",""deposit_date"":""2024-12-10"",""ambiguous_bank_match"":""false"",""payer_name"":""""}]","1","47.37","[]","0","0.00","47.37"
"bdep_76c3e36b669c34fd209dece2","bnk_76c3e36b669c34fd209dece2","2021-12-17","239.45","USD","","","STRIPE           TRANSFER          ST-J0J9N4B6S7E5 THE WILDFLOWER FOUNDAT","[]","0","0.00","[]","0","0.00","[{""stripe_payout_id"":""po_1K7AjnAhXr9x8yiRYymoKL3e"",""bank_deposit_id"":""bdep_76c3e36b669c34fd209dece2"",""amount"":""239.45"",""currency"":""USD"",""arrival_date"":""2021-12-16"",""deposit_date"":""2021-12-17"",""ambiguous_bank_match"":""false"",""payer_name"":""""}]","1","239.45","[]","0","0.00","239.45"
"bdep_0ef2fd85298f889a72a94ce3","bnk_0ef2fd85298f889a72a94ce3","2020-09-04","1000000","USD","","","WEND LLC         GRANT             0348            GRANT 2020-162","[]","0","0.00","[]","0","0.00","[]","0","0.00","[]","0","0.00","1000000.00"
"bdep_f5f142b24b01132430d39646","bnk_f5f142b24b01132430d39646","2024-07-10","3182","USD","","","DC WILDFLOWER PU EFT PYMT   070924 Charter School  The Wildflower Foundat","[]","0","0.00","[]","0","0.00","[]","0","0.00","[]","0","0.00","3182.00"
"bdep_5924e4e1b2321e08917514dc","bnk_5924e4e1b2321e08917514dc","2025-05-14","653.68","USD","","","Sundrops Montess Receivable        016MQDOOK3QDZIZ 016MQDOOK3QDZIZ Sundrops Montess Bill.com Inv 16","[]","0","0.00","[]","0","0.00","[]","0","0.00","[]","0","0.00","653.68"
"bdep_88b01007fa36bf122ec04058","bnk_88b01007fa36bf122ec04058","2018-10-29","30000","USD","","","eDeposit in Branch/Store 10/29/18 09:37:27 AM 1505 W LAKE ST MINNEAPOLIS MN 8945 201810291","[]","0","0.00","[]","0","0.00","[]","0","0.00","[]","0","0.00","30000.00"
"bdep_dada722127b9c5ab931e2f27","bnk_dada722127b9c5ab931e2f27","2021-02-16","19.64","USD","","","STRIPE           TRANSFER          ST-T8J8Q8A5X1C4 THE WILDFLOWER FOUNDAT","[]","0","0.00","[]","0","0.00","[]","0","0.00","[]","0","0.00","19.64"
"bdep_0dc520054b5e7392b5ed494d","bnk_0dc520054b5e7392b5ed494d","2024-10-08","15.59","USD","","","GUSTO            TAX 521153 241008 6semk2eq237     The Wildflower Foundat","[]","0","0.00","[]","0","0.00","[]","0","0.00","[]","0","0.00","15.59"
"bdep_634de6e02fa202af5813ef6a","bnk_634de6e02fa202af5813ef6a","2016-12-09","1666.67","USD","","","MOBILE DEPOSIT : REF NUMBER :012090441886","[]","0","0.00","[]","0","0.00","[]","0","0.00","[]","0","0.00","1666.67"
"bdep_8efb1ac1587efcc0d5202626","bnk_8efb1ac1587efcc0d5202626","2020-09-02","416.67","USD","","","INTUIT PYMT SOLN DEPOSIT    200902 524771997507722 THE WILDFLOWER FOUNDAT","[]","0","0.00","[]","0","0.00","[]","0","0.00","[{""id"":""bdqr_bdep_8efb1ac1587efcc0d5202626"",""bank_deposit_id"":""bdep_8efb1ac1587efcc0d5202626"",""bank_transaction_id"":""bnk_4a132e511acca796eeec9c05"",""amount"":""416.67"",""deposit_date"":""2020-09-02"",""txn_date"":""2020-09-01"",""txn_type"":""Deposit"",""ref_no"":"""",""payee"":""Loan - Capucine"",""memo"":""System-recorded deposit for QuickBooks Payments"",""qb_posting"":"""",""account"":""1501 Undeposited Funds"",""class"":"""",""reconciliation_status"":""Reconciled"",""ambiguous"":""false""}]","1","416.67","416.67"
"bdep_cabe7742ee31f6ecdee5fba0","bnk_cabe7742ee31f6ecdee5fba0","2020-12-23","496.38","USD","","","STRIPE           TRANSFER          ST-S4T9J4M5A1C7 THE WILDFLOWER FOUNDAT","[]","0","0.00","[]","0","0.00","[{""stripe_payout_id"":""po_1I10aWAhXr9x8yiRlFU9Xg67"",""bank_deposit_id"":""bdep_cabe7742ee31f6ecdee5fba0"",""amount"":""496.38"",""currency"":""USD"",""arrival_date"":""2020-12-22"",""deposit_date"":""2020-12-23"",""ambiguous_bank_match"":""false"",""payer_name"":""""}]","1","496.38","[]","0","0.00","496.38"
"bdep_2ca7841eedf3ce17bfc81595","bnk_2ca7841eedf3ce17bfc81595","2025-04-16","43056","USD","","","The Sunlight Loa Receivable        016TPPJVY3PCHMD 016TPPJVY3PCHMD The Sunlight Loa Bill.com Multip","[]","0","0.00","[]","0","0.00","[]","0","0.00","[]","0","0.00","43056.00"
"bdep_67e0ea68985b878cce24444c","bnk_67e0ea68985b878cce24444c","2022-06-29","39.71","USD","","","STRIPE           TRANSFER          ST-Z8J9N0M8J8X5 THE WILDFLOWER FOUNDAT","[]","0","0.00","[]","0","0.00","[{""stripe_payout_id"":""po_1LFUoNAhXr9x8yiR967bca3X"",""bank_deposit_id"":""bdep_67e0ea68985b878cce24444c"",""amount"":""39.71"",""currency"":""USD"",""arrival_date"":""2022-06-28"",""deposit_date"":""2022-06-29"",""ambiguous_bank_match"":""false"",""payer_name"":""""}]","1","39.71","[]","0","0.00","39.71"
"bdep_9046319d9b8f463c35fe9dc3","bnk_9046319d9b8f463c35fe9dc3","2019-08-30","250","USD","","","INTUIT PYMT SOLN DEPOSIT    190830 524771997507722 THE WILDFLOWER FOUNDAT","[]","0","0.00","[]","0","0.00","[]","0","0.00","[{""id"":""bdqr_bdep_9046319d9b8f463c35fe9dc3"",""bank_deposit_id"":""bdep_9046319d9b8f463c35fe9dc3"",""bank_transaction_id"":""bnk_b422e65fb2cbe10203df3066"",""amount"":""250"",""deposit_date"":""2019-08-30"",""txn_date"":""2019-08-29"",""txn_type"":""Deposit"",""ref_no"":"""",""payee"":""Loan - Capucine"",""memo"":""System-recorded deposit for QuickBooks Payments"",""qb_posting"":"""",""account"":""1501 Undeposited Funds"",""class"":"""",""reconciliation_status"":""Reconciled"",""ambiguous"":""false""}]","1","250.00","250.00"
"bdep_afff9f987671d1fb6cfd0904","bnk_afff9f987671d1fb6cfd0904","2024-07-05","1746.29","USD","","","ATM CHECK DEPOSIT              ON              07/05 7900 Xerxes Ave S Ste 201 Bloomington   MN  0003968           ATM ID 0981F    CARD 0628","[]","0","0.00","[]","0","0.00","[]","0","0.00","[]","0","0.00","1746.29"
"bdep_e0d3397d4b9f64fa6869154c","bnk_e0d3397d4b9f64fa6869154c","2019-09-23","437.5","USD","","","INTUIT PYMT SOLN DEPOSIT    190921 524771997507722 THE WILDFLOWER FOUNDAT","[]","0","0.00","[]","0","0.00","[]","0","0.00","[{""id"":""bdqr_bdep_e0d3397d4b9f64fa6869154c"",""bank_deposit_id"":""bdep_e0d3397d4b9f64fa6869154c"",""bank_transaction_id"":""bnk_0243d4faddeb878f9364df28"",""amount"":""437.5"",""deposit_date"":""2019-09-23"",""txn_date"":""2019-09-20"",""txn_type"":""Deposit"",""ref_no"":"""",""payee"":"""",""memo"":""System-recorded deposit for QuickBooks Payments"",""qb_posting"":"""",""account"":"""",""class"":"""",""reconciliation_status"":""Reconciled"",""ambiguous"":""false""}]","1","437.50","437.50"
"bdep_5abb39a2c97f5eff5ca88e7a","bnk_5abb39a2c97f5eff5ca88e7a","2025-07-30","11247.37","USD","","","BILL Divvy Finan HIST RTN   250730 GwnsIiLrECJ5EH  Wildflower Schools","[]","0","0.00","[]","0","0.00","[]","0","0.00","[]","0","0.00","11247.37"
"bdep_107035ac6a2770ffe3914b1d","bnk_107035ac6a2770ffe3914b1d","2021-03-29","485.2","USD","","","STRIPE           TRANSFER          ST-Z7N3H3S0T0J6 THE WILDFLOWER FOUNDAT","[]","0","0.00","[]","0","0.00","[]","0","0.00","[]","0","0.00","485.20"
"bdep_9634bb52e9114b062a0aa6c3","bnk_9634bb52e9114b062a0aa6c3","2017-06-13","250853","USD","","","ATM CHECK DEPOSIT 06/13 4712 CHICAGO AVE S MINNEAPOLIS MN 5819T 7365","[{""component_id"":""bdc_GYBF4RJ6O8_zbGAcqbvef"",""payment_unit_id"":""pu_GYBF4RJ6O8_zbGAcqbvef"",""kind"":""other"",""amount"":""250000.00"",""source"":""qbo_inferred"",""source_staged_payment_id"":""GYBF4RJ6O8_zbGAcqbvef"",""staged_payer"":""Chan / Zuckerberg Foundation"",""staged_date"":""2017-06-13"",""qb_deposit_id"":""1029"",""reconciliation_flag"":""ok"",""unit_kind"":""other"",""unit_evidence_id"":""GYBF4RJ6O8_zbGAcqbvef""}]","1","250000.00","[{""id"":""pu_GYBF4RJ6O8_zbGAcqbvef"",""kind"":""other"",""evidence_id"":""GYBF4RJ6O8_zbGAcqbvef"",""stripe_charge_id"":"""",""source_staged_payment_id"":""GYBF4RJ6O8_zbGAcqbvef"",""gross_amount"":""250000.00"",""fee_amount"":"""",""net_amount"":""250000.00"",""currency"":""USD"",""received_date"":""2017-06-13"",""lifecycle"":""received""}]","1","250000.00","[]","0","0.00","[]","0","0.00","853.00"
"bdep_dfc630136bc6c257aac67540","bnk_dfc630136bc6c257aac67540","2024-06-21","25","USD","","","MBI              SETL       240619 MED-I-BANK      MED-I-BANK","[]","0","0.00","[]","0","0.00","[]","0","0.00","[]","0","0.00","25.00"
"bdep_fd4101d26c6364e069904641","bnk_fd4101d26c6364e069904641","2020-07-24","100","USD","","","WA DEPT REVENUE  HIST RTN   200724 4929393         THE WILDFLOWER FOUNDAT","[]","0","0.00","[]","0","0.00","[]","0","0.00","[]","0","0.00","100.00"
"bdep_8296d2026bd8f7fbf48134e0","bnk_8296d2026bd8f7fbf48134e0","2022-06-23","247.05","USD","","","STRIPE           TRANSFER          ST-B6O3A6E7S2I8 THE WILDFLOWER FOUNDAT","[]","0","0.00","[]","0","0.00","[{""stripe_payout_id"":""po_1LDJxKAhXr9x8yiRM4hbuhEz"",""bank_deposit_id"":""bdep_8296d2026bd8f7fbf48134e0"",""amount"":""247.05"",""currency"":""USD"",""arrival_date"":""2022-06-22"",""deposit_date"":""2022-06-23"",""ambiguous_bank_match"":""false"",""payer_name"":""""}]","1","247.05","[]","0","0.00","247.05"
"bdep_67a194cd3c67f4285242cd52","bnk_67a194cd3c67f4285242cd52","2025-12-10","2500","USD","","","FIDELITY INVESTM GrantPaymt Date   3361072         WILDFLOWER FOUNDATION","[{""component_id"":""bdc_wdhIueXAjKqqF1tZZ6tQx"",""payment_unit_id"":""pu_wdhIueXAjKqqF1tZZ6tQx"",""kind"":""other"",""amount"":""2500.00"",""source"":""qbo_inferred"",""source_staged_payment_id"":""wdhIueXAjKqqF1tZZ6tQx"",""staged_payer"":""Melanie Dukes"",""staged_date"":""2025-12-10"",""qb_deposit_id"":""37040"",""reconciliation_flag"":""ok"",""unit_kind"":""other"",""unit_evidence_id"":""wdhIueXAjKqqF1tZZ6tQx""}]","1","2500.00","[{""id"":""pu_wdhIueXAjKqqF1tZZ6tQx"",""kind"":""other"",""evidence_id"":""wdhIueXAjKqqF1tZZ6tQx"",""stripe_charge_id"":"""",""source_staged_payment_id"":""wdhIueXAjKqqF1tZZ6tQx"",""gross_amount"":""2500.00"",""fee_amount"":"""",""net_amount"":""2500.00"",""currency"":""USD"",""received_date"":""2025-12-10"",""lifecycle"":""received""}]","1","2500.00","[]","0","0.00","[]","0","0.00","0.00"
"bdep_6900094941c5fd5ab42b9a8f","bnk_6900094941c5fd5ab42b9a8f","2021-02-11","681.3","USD","","","COBRA TRUST ACCT BASICPacif                        COBRA REMIT","[]","0","0.00","[]","0","0.00","[]","0","0.00","[]","0","0.00","681.30"
"bdep_331c523316b86f4d3defce1e","bnk_331c523316b86f4d3defce1e","2023-02-15","498.79","USD","","","BASIC            BASICCOBRA 230215                 The Wildflower Foundat","[]","0","0.00","[]","0","0.00","[]","0","0.00","[]","0","0.00","498.79"
"bdep_a334a1a7ca102c6dcb52f2f6","bnk_a334a1a7ca102c6dcb52f2f6","2025-07-03","454.55","USD","","","The Girasol Scho Receivable        016UBPEOX3S94CE 016UBPEOX3S94CE The Girasol Scho Bill.com Inv 12","[]","0","0.00","[]","0","0.00","[]","0","0.00","[]","0","0.00","454.55"
"bdep_90c0521cecb039b040b626e0","bnk_90c0521cecb039b040b626e0","2018-10-09","325","USD","","","INTUIT PYMT SOLN DEPOSIT 181009 524771997507722 THE WILDFLOWER FOUNDAT","[]","0","0.00","[]","0","0.00","[]","0","0.00","[{""id"":""bdqr_bdep_90c0521cecb039b040b626e0"",""bank_deposit_id"":""bdep_90c0521cecb039b040b626e0"",""bank_transaction_id"":""bnk_eb6dfb817020ee4184251ebf"",""amount"":""325"",""deposit_date"":""2018-10-09"",""txn_date"":""2018-10-08"",""txn_type"":""Deposit"",""ref_no"":"""",""payee"":""Violeta Montessori - Customer"",""memo"":""System-recorded deposit for QuickBooks Payments"",""qb_posting"":"""",""account"":""1501 Undeposited Funds"",""class"":"""",""reconciliation_status"":""Reconciled"",""ambiguous"":""false""}]","1","325.00","325.00"
"bdep_c607914a7055adc309367e91","bnk_c607914a7055adc309367e91","2020-07-24","30000","USD","","","CHARTER FUND INC RL7.24.20         WILDFLOWER FOUN WM-F3-ER-OC-2020-3Q (GRANT1OF1)","[]","0","0.00","[]","0","0.00","[]","0","0.00","[{""id"":""bdqr_bdep_c607914a7055adc309367e91"",""bank_deposit_id"":""bdep_c607914a7055adc309367e91"",""bank_transaction_id"":""bnk_687ac2e3521645627ec2bc19"",""amount"":""30000"",""deposit_date"":""2020-07-24"",""txn_date"":""2020-07-24"",""txn_type"":""Payment"",""ref_no"":"""",""payee"":""DC Wildflower PCS - Service Revenue"",""memo"":"""",""qb_posting"":"""",""account"":""1503 Pledges/Services Receivable"",""class"":"""",""reconciliation_status"":""Reconciled"",""ambiguous"":""false""}]","1","30000.00","30000.00"
"bdep_529b15c1bac28f2ed9a78755","bnk_529b15c1bac28f2ed9a78755","2025-04-04","811.08","USD","","","Snowdrop Montess Receivable        016ZYPMQJ3OX8UZ 016ZYPMQJ3OX8UZ Snowdrop Montess Bill.com Inv 14","[]","0","0.00","[]","0","0.00","[]","0","0.00","[]","0","0.00","811.08"
"bdep_cf9c09b6faf61e0c60212a9a","bnk_cf9c09b6faf61e0c60212a9a","2019-05-13","25000","USD","","","ATM CHECK DEPOSIT              ON              05/13 3030 NICOLLET AVE         MINNEAPOLIS   MN  0005993           ATM ID 5813V    CARD 7365","[{""component_id"":""bdc_Ybc-L_X549nQVf3lBGHgL"",""payment_unit_id"":""pu_Ybc-L_X549nQVf3lBGHgL"",""kind"":""other"",""amount"":""25000.00"",""source"":""qbo_inferred"",""source_staged_payment_id"":""Ybc-L_X549nQVf3lBGHgL"",""staged_payer"":""The Sauer Family Foundation"",""staged_date"":""2019-05-13"",""qb_deposit_id"":""7478"",""reconciliation_flag"":""ok"",""unit_kind"":""other"",""unit_evidence_id"":""Ybc-L_X549nQVf3lBGHgL""}]","1","25000.00","[{""id"":""pu_Ybc-L_X549nQVf3lBGHgL"",""kind"":""other"",""evidence_id"":""Ybc-L_X549nQVf3lBGHgL"",""stripe_charge_id"":"""",""source_staged_payment_id"":""Ybc-L_X549nQVf3lBGHgL"",""gross_amount"":""25000.00"",""fee_amount"":"""",""net_amount"":""25000.00"",""currency"":""USD"",""received_date"":""2019-05-13"",""lifecycle"":""received""}]","1","25000.00","[]","0","0.00","[]","0","0.00","0.00"
"bdep_328c6714fe8a0b3b69f74c32","bnk_328c6714fe8a0b3b69f74c32","2026-02-06","1212.12","USD","","","Desert Peach Mon Bill.com          026HIITKI1SSETV Desert Peach Montessori School Bill.com 026HIITK","[]","0","0.00","[]","0","0.00","[]","0","0.00","[{""id"":""bdqr_bdep_328c6714fe8a0b3b69f74c32"",""bank_deposit_id"":""bdep_328c6714fe8a0b3b69f74c32"",""bank_transaction_id"":""bnk_f689f219c7a6f0b8da14e8ea"",""amount"":""1212.12"",""deposit_date"":""2026-02-06"",""txn_date"":""2026-02-05"",""txn_type"":""Payment"",""ref_no"":""P26020302 - 5421007"",""payee"":""Desert Peach Montessori"",""memo"":""Multiple invoices"",""qb_posting"":"""",""account"":""1503 Pledges/Services Receivable"",""class"":"""",""reconciliation_status"":""Reconciled"",""ambiguous"":""false""}]","1","1212.12","1212.12"
"bdep_3b636c249c4fbcc5be9f4427","bnk_3b636c249c4fbcc5be9f4427","2021-02-24","23.97","USD","","","STRIPE           TRANSFER          ST-A7C4D9V1Q7T1 THE WILDFLOWER FOUNDAT","[]","0","0.00","[]","0","0.00","[]","0","0.00","[]","0","0.00","23.97"
"bdep_e01647576e641b6e6d6ebc9c","bnk_e01647576e641b6e6d6ebc9c","2019-06-21","35000","USD","","","WT SEQ185072 WF RETURN WIRES IN PROC /ORG=                                            SRF#    2019062100174136 TRN#190621185072  RFB#","[]","0","0.00","[]","0","0.00","[]","0","0.00","[]","0","0.00","35000.00"
"bdep_08c6893fb35afe0bff0aaccf","bnk_08c6893fb35afe0bff0aaccf","2019-07-01","884.4","USD","","","1330 Lagoon Aven PAYMENTS   190701 EFT-00662162    NTE*ZZZ*POBJHSZ62N3W4EU6R8,PO5SHFNZGAAR64QV2A,PO","[]","0","0.00","[]","0","0.00","[]","0","0.00","[]","0","0.00","884.40"
"bdep_160e8ec2ed4c594b26ff2e8a","bnk_160e8ec2ed4c594b26ff2e8a","2021-12-20","47.65","USD","","","STRIPE           TRANSFER          ST-T1Y9R9B6Z7T3 THE WILDFLOWER FOUNDAT","[]","0","0.00","[]","0","0.00","[{""stripe_payout_id"":""po_1K8FIlAhXr9x8yiRyCqaceRw"",""bank_deposit_id"":""bdep_160e8ec2ed4c594b26ff2e8a"",""amount"":""47.65"",""currency"":""USD"",""arrival_date"":""2021-12-19"",""deposit_date"":""2021-12-20"",""ambiguous_bank_match"":""false"",""payer_name"":""""}]","1","47.65","[]","0","0.00","47.65"
"bdep_55859a446b1cc48189435e23","bnk_55859a446b1cc48189435e23","2020-06-05","1979.03","USD","","","STRIPE           TRANSFER          ST-R7Z8W1O4P1T5 THE WILDFLOWER FOUNDAT","[]","0","0.00","[]","0","0.00","[]","0","0.00","[]","0","0.00","1979.03"
"bdep_960eb5fd9d5b1739d8510c24","bnk_960eb5fd9d5b1739d8510c24","2019-08-28","89.24","USD","","","MBI              SETL       190827 MED-I-BANK      MED-I-BANK","[]","0","0.00","[]","0","0.00","[]","0","0.00","[]","0","0.00","89.24"
"bdep_f6cb7dbdb0ec093b7755545a","bnk_f6cb7dbdb0ec093b7755545a","2019-04-17","57.66","USD","","","STRIPE           TRANSFER          ST-N9W2I4L8Y7I7 THE WILDFLOWER FOUNDAT","[]","0","0.00","[]","0","0.00","[]","0","0.00","[]","0","0.00","57.66"
"bdep_c93dad1f72f32bba02e56856","bnk_c93dad1f72f32bba02e56856","2025-01-29","1282.33","USD","","","Urban Village Mo Receivable        016YNWDNX3MGIS8 016YNWDNX3MGIS8 Urban Village Mo Bill.com Inv 17","[]","0","0.00","[]","0","0.00","[]","0","0.00","[]","0","0.00","1282.33"
"bdep_a3a71fac297bc5e8d0a9f140","bnk_a3a71fac297bc5e8d0a9f140","2025-01-31","3500","USD","","","AMER ONLINE GIV1 EDI PAYMNT JAN 28 F8G4LTF2BD      REF*TN*F8G4LTF2BD*Donation from AOGFcauses.benev","[{""component_id"":""bdc_WWbM-Xk_oxrSHO4zm6NT6"",""payment_unit_id"":""pu_WWbM-Xk_oxrSHO4zm6NT6"",""kind"":""other"",""amount"":""3500.00"",""source"":""qbo_inferred"",""source_staged_payment_id"":""WWbM-Xk_oxrSHO4zm6NT6"",""staged_payer"":""America Online Giving Fund"",""staged_date"":""2025-01-31"",""qb_deposit_id"":""32233"",""reconciliation_flag"":""ok"",""unit_kind"":""other"",""unit_evidence_id"":""WWbM-Xk_oxrSHO4zm6NT6""}]","1","3500.00","[{""id"":""pu_WWbM-Xk_oxrSHO4zm6NT6"",""kind"":""other"",""evidence_id"":""WWbM-Xk_oxrSHO4zm6NT6"",""stripe_charge_id"":"""",""source_staged_payment_id"":""WWbM-Xk_oxrSHO4zm6NT6"",""gross_amount"":""3500.00"",""fee_amount"":"""",""net_amount"":""3500.00"",""currency"":""USD"",""received_date"":""2025-01-31"",""lifecycle"":""received""}]","1","3500.00","[]","0","0.00","[]","0","0.00","0.00"
"bdep_4c4d88d73e8a432383b449f8","bnk_4c4d88d73e8a432383b449f8","2019-11-13","2250","USD","","","INTUIT PYMT SOLN DEPOSIT    191113 524771997507722 THE WILDFLOWER FOUNDAT","[]","0","0.00","[]","0","0.00","[]","0","0.00","[{""id"":""bdqr_bdep_4c4d88d73e8a432383b449f8"",""bank_deposit_id"":""bdep_4c4d88d73e8a432383b449f8"",""bank_transaction_id"":""bnk_bd05457069677d5f6d988e5d"",""amount"":""2250"",""deposit_date"":""2019-11-13"",""txn_date"":""2019-11-12"",""txn_type"":""Deposit"",""ref_no"":"""",""payee"":"""",""memo"":""System-recorded deposit for QuickBooks Payments"",""qb_posting"":"""",""account"":"""",""class"":"""",""reconciliation_status"":""Reconciled"",""ambiguous"":""false""}]","1","2250.00","2250.00"
"bdep_f5c4763446669566d355ef53","bnk_f5c4763446669566d355ef53","2018-02-26","1604.17","USD","","","INTUIT PYMT SOLN DEPOSIT 180224 524771997507722 THE WILDFLOWER FOUNDAT","[]","0","0.00","[]","0","0.00","[]","0","0.00","[]","0","0.00","1604.17"
"bdep_4c404a289963b4d01ed82536","bnk_4c404a289963b4d01ed82536","2021-02-18","383.3","USD","","","STRIPE           TRANSFER          ST-G0C6L3K2S5O5 THE WILDFLOWER FOUNDAT","[]","0","0.00","[]","0","0.00","[]","0","0.00","[]","0","0.00","383.30"
"bdep_817db2d5e92a967d2fde74ee","bnk_817db2d5e92a967d2fde74ee","2021-11-10","23.67","USD","","","STRIPE           TRANSFER          ST-H1Z4B0C2H7Z4 THE WILDFLOWER FOUNDAT","[]","0","0.00","[]","0","0.00","[{""stripe_payout_id"":""po_1JtkrIAhXr9x8yiR3Uv6JGK1"",""bank_deposit_id"":""bdep_817db2d5e92a967d2fde74ee"",""amount"":""23.67"",""currency"":""USD"",""arrival_date"":""2021-11-09"",""deposit_date"":""2021-11-10"",""ambiguous_bank_match"":""false"",""payer_name"":""""}]","1","23.67","[]","0","0.00","23.67"
"bdep_97332f28f6faf359999f8c10","bnk_97332f28f6faf359999f8c10","2021-01-06","24.82","USD","","","STRIPE           TRANSFER          ST-P8F5G0M6C5J5 THE WILDFLOWER FOUNDAT","[]","0","0.00","[]","0","0.00","[{""stripe_payout_id"":""po_1I64YuAhXr9x8yiRQ89ltowM"",""bank_deposit_id"":""bdep_97332f28f6faf359999f8c10"",""amount"":""24.82"",""currency"":""USD"",""arrival_date"":""2021-01-05"",""deposit_date"":""2021-01-06"",""ambiguous_bank_match"":""false"",""payer_name"":""""}]","1","24.82","[]","0","0.00","24.82"
"bdep_9f4e2ed6e94ec90252f256f3","bnk_9f4e2ed6e94ec90252f256f3","2026-05-08","192414.68","USD","","","ONLINE TRANSFER CSP NONPAYROLL APRIL 2026 REF #BB0XZH34DQ","[]","0","0.00","[]","0","0.00","[]","0","0.00","[{""id"":""bdqr_bdep_9f4e2ed6e94ec90252f256f3"",""bank_deposit_id"":""bdep_9f4e2ed6e94ec90252f256f3"",""bank_transaction_id"":""bnk_7e63026fd370805adb0adec6"",""amount"":""192414.68"",""deposit_date"":""2026-05-08"",""txn_date"":""2026-05-06"",""txn_type"":""Transfer"",""ref_no"":"""",""payee"":"""",""memo"":""To record transfer of CSP grant receipt"",""qb_posting"":"""",""account"":""TWF CSP Rep grant (1340) - 2"",""class"":"""",""reconciliation_status"":""Reconciled"",""ambiguous"":""false""}]","1","192414.68","192414.68"
"bdep_f3122ab1395b6adb8f328e38","bnk_f3122ab1395b6adb8f328e38","2026-04-17","1854.33","USD","","","Bill.com         Receivable        015OREXNEOYD9CN Aster Montessori School Inc Bill.com 015OREXNEOY","[]","0","0.00","[]","0","0.00","[]","0","0.00","[{""id"":""bdqr_bdep_f3122ab1395b6adb8f328e38"",""bank_deposit_id"":""bdep_f3122ab1395b6adb8f328e38"",""bank_transaction_id"":""bnk_f140d0be06f1f012d31f76ef"",""amount"":""1854.33"",""deposit_date"":""2026-04-17"",""txn_date"":""2026-04-17"",""txn_type"":""Journal"",""ref_no"":""JE Bill 4.17.26 AR"",""payee"":"""",""memo"":""BILL 04/17/26 AR Payments"",""qb_posting"":"""",""account"":"""",""class"":"""",""reconciliation_status"":""Reconciled"",""ambiguous"":""false""}]","1","1854.33","1854.33"
"bdep_50f840ab9fc3361401179763","bnk_50f840ab9fc3361401179763","2026-03-05","175000","USD","","","WT FED#02L02 NATIONAL FINANCIAL    /ORG=FIDELITY FOUNDATION                           SRF#        XXXXXX3064JS TRN#XXXXXXXX7295  RFB#          WD88741132","[{""component_id"":""bdc_SFu_PO3eWBSm-5Dq6xDMz"",""payment_unit_id"":""pu_SFu_PO3eWBSm-5Dq6xDMz"",""kind"":""direct_ach"",""amount"":""175000.00"",""source"":""qbo_inferred"",""source_staged_payment_id"":""SFu_PO3eWBSm-5Dq6xDMz"",""staged_payer"":""Anonymous"",""staged_date"":""2026-03-05"",""qb_deposit_id"":""38617"",""reconciliation_flag"":""ok"",""unit_kind"":""direct_ach"",""unit_evidence_id"":""SFu_PO3eWBSm-5Dq6xDMz""}]","1","175000.00","[{""id"":""pu_SFu_PO3eWBSm-5Dq6xDMz"",""kind"":""direct_ach"",""evidence_id"":""SFu_PO3eWBSm-5Dq6xDMz"",""stripe_charge_id"":"""",""source_staged_payment_id"":""SFu_PO3eWBSm-5Dq6xDMz"",""gross_amount"":""175000.00"",""fee_amount"":"""",""net_amount"":""175000.00"",""currency"":""USD"",""received_date"":""2026-03-05"",""lifecycle"":""received""}]","1","175000.00","[]","0","0.00","[]","0","0.00","0.00"
"bdep_e49368c39bbc96eba59571fb","bnk_e49368c39bbc96eba59571fb","2020-09-10","142.86","USD","","","STRIPE           TRANSFER          ST-N5T2Q4C4S1N9 THE WILDFLOWER FOUNDAT","[]","0","0.00","[]","0","0.00","[]","0","0.00","[]","0","0.00","142.86"
"bdep_f9d764f20d1b947e8836892f","bnk_f9d764f20d1b947e8836892f","2020-11-05","99.27","USD","","","STRIPE           TRANSFER          ST-G6V4I2H2R5Y5 THE WILDFLOWER FOUNDAT","[]","0","0.00","[]","0","0.00","[{""stripe_payout_id"":""po_1HjbR6AhXr9x8yiRzMxCWtDK"",""bank_deposit_id"":""bdep_f9d764f20d1b947e8836892f"",""amount"":""99.27"",""currency"":""USD"",""arrival_date"":""2020-11-04"",""deposit_date"":""2020-11-05"",""ambiguous_bank_match"":""false"",""payer_name"":""""}]","1","99.27","[]","0","0.00","99.27"
"bdep_b4d2a0e247dde54b2145b483","bnk_b4d2a0e247dde54b2145b483","2024-02-08","88514.6","USD","","","BUSINESS TO BUSINESS ACH DR REVERSAL","[]","0","0.00","[]","0","0.00","[]","0","0.00","[]","0","0.00","88514.60"
"bdep_e985f95087414e5b193d49d2","bnk_e985f95087414e5b193d49d2","2022-12-15","10800","USD","","","Early Milestones Bill.com          025YNAUKPRDFLVT Early Milestones Colorado Circle Bill.com 025YNA","[{""component_id"":""bdc_dE1j8U53PkqghLPlNKExl"",""payment_unit_id"":""pu_dE1j8U53PkqghLPlNKExl"",""kind"":""check"",""amount"":""10800.00"",""source"":""qbo_inferred"",""source_staged_payment_id"":""dE1j8U53PkqghLPlNKExl"",""staged_payer"":""Early Milestones Colorado Circle"",""staged_date"":""2022-12-15"",""qb_deposit_id"":""22760"",""reconciliation_flag"":""ok"",""unit_kind"":""check"",""unit_evidence_id"":""dE1j8U53PkqghLPlNKExl""}]","1","10800.00","[{""id"":""pu_dE1j8U53PkqghLPlNKExl"",""kind"":""check"",""evidence_id"":""dE1j8U53PkqghLPlNKExl"",""stripe_charge_id"":"""",""source_staged_payment_id"":""dE1j8U53PkqghLPlNKExl"",""gross_amount"":""10800.00"",""fee_amount"":"""",""net_amount"":""10800.00"",""currency"":""USD"",""received_date"":""2022-12-15"",""lifecycle"":""received""}]","1","10800.00","[]","0","0.00","[]","0","0.00","0.00"
"bdep_be2eb9808d1b10c96eeaa527","bnk_be2eb9808d1b10c96eeaa527","2020-09-23","191.5","USD","","","STRIPE           TRANSFER          ST-X9E9G4P2M6D8 THE WILDFLOWER FOUNDAT","[]","0","0.00","[]","0","0.00","[{""stripe_payout_id"":""po_1HU0hKAhXr9x8yiRs9pJnXWL"",""bank_deposit_id"":""bdep_be2eb9808d1b10c96eeaa527"",""amount"":""191.5"",""currency"":""USD"",""arrival_date"":""2020-09-22"",""deposit_date"":""2020-09-23"",""ambiguous_bank_match"":""false"",""payer_name"":""""}]","1","191.50","[]","0","0.00","191.50"
"bdep_02360b6e20abbeeb0874bf65","bnk_02360b6e20abbeeb0874bf65","2024-11-25","4753","USD","","","ATM CHECK DEPOSIT              ON              11/25 7900 Xerxes Ave S Ste 201 Bloomington   MN  0003337           ATM ID 9961Z    CARD 0628","[]","0","0.00","[]","0","0.00","[]","0","0.00","[]","0","0.00","4753.00"
"bdep_a3074a65fedd7fa1c38193b5","bnk_a3074a65fedd7fa1c38193b5","2021-02-03","74","USD","","","GUSTO            HIST RTN   210203 6semjpcbhru     The Wildflower Foundat","[]","0","0.00","[]","0","0.00","[]","0","0.00","[]","0","0.00","74.00"
"bdep_22dd49cabef05651dfd70b49","bnk_22dd49cabef05651dfd70b49","2024-12-26","953.2","USD","","","STRIPE           TRANSFER          ST-D2N8O6Z3J2W0 THE WILDFLOWER FOUNDAT","[]","0","0.00","[]","0","0.00","[{""stripe_payout_id"":""po_1QZj0vAhXr9x8yiReABDeog3"",""bank_deposit_id"":""bdep_22dd49cabef05651dfd70b49"",""amount"":""953.2"",""currency"":""USD"",""arrival_date"":""2024-12-25"",""deposit_date"":""2024-12-26"",""ambiguous_bank_match"":""false"",""payer_name"":""""}]","1","953.20","[]","0","0.00","953.20"
"bdep_d7b3cd4f06463290d10d8b7c","bnk_d7b3cd4f06463290d10d8b7c","2019-02-06","28.83","USD","","","STRIPE           TRANSFER                          X","[]","0","0.00","[]","0","0.00","[]","0","0.00","[]","0","0.00","28.83"
"bdep_2938f4c79984323faaf6739f","bnk_2938f4c79984323faaf6739f","2021-07-02","629.28","USD","","","GUSTO            TLR 012259 210702 6semjq0l2gd     The Wildflower Foundat","[]","0","0.00","[]","0","0.00","[]","0","0.00","[]","0","0.00","629.28"
"bdep_c89aff84b0579886866ca480","bnk_c89aff84b0579886866ca480","2020-12-02","53.1","USD","","","STRIPE           TRANSFER          ST-N5W7I5U1R5O3 THE WILDFLOWER FOUNDAT","[]","0","0.00","[]","0","0.00","[]","0","0.00","[]","0","0.00","53.10"
"bdep_5370d00364455c9d91d37114","bnk_5370d00364455c9d91d37114","2019-06-27","3000","USD","","","INTUIT PYMT SOLN DEPOSIT    190627 524771997507722 THE WILDFLOWER FOUNDAT","[]","0","0.00","[]","0","0.00","[]","0","0.00","[{""id"":""bdqr_bdep_5370d00364455c9d91d37114"",""bank_deposit_id"":""bdep_5370d00364455c9d91d37114"",""bank_transaction_id"":""bnk_64b30de4e88bbc0a1dd9f27a"",""amount"":""3000"",""deposit_date"":""2019-06-27"",""txn_date"":""2019-06-26"",""txn_type"":""Deposit"",""ref_no"":"""",""payee"":""Loan - Violeta"",""memo"":""System-recorded deposit for QuickBooks Payments"",""qb_posting"":"""",""account"":""1501 Undeposited Funds"",""class"":"""",""reconciliation_status"":""Reconciled"",""ambiguous"":""false""}]","1","3000.00","3000.00"
"bdep_21a0ea3125d1404c2f3e65a1","bnk_21a0ea3125d1404c2f3e65a1","2022-12-22","49.48","USD","","","STRIPE           TRANSFER          ST-M4H4W9M6M7J9 THE WILDFLOWER FOUNDAT","[]","0","0.00","[]","0","0.00","[{""stripe_payout_id"":""po_1MHLQPAhXr9x8yiR0MNVQBnb"",""bank_deposit_id"":""bdep_21a0ea3125d1404c2f3e65a1"",""amount"":""49.48"",""currency"":""USD"",""arrival_date"":""2022-12-21"",""deposit_date"":""2022-12-22"",""ambiguous_bank_match"":""false"",""payer_name"":""""}]","1","49.48","[]","0","0.00","49.48"
"bdep_4ba9171dda86f0efefce69cb","bnk_4ba9171dda86f0efefce69cb","2021-03-02","25000","USD","","","WT FED#07144 JPMORGAN CHASE BAN    /ORG=THE BURKE FOUNDATION, INC                     SRF#        3338441061ES TRN#210302116472  RFB#     PVB OF 21/03/02","[]","0","0.00","[]","0","0.00","[]","0","0.00","[{""id"":""bdqr_bdep_4ba9171dda86f0efefce69cb"",""bank_deposit_id"":""bdep_4ba9171dda86f0efefce69cb"",""bank_transaction_id"":""bnk_18238e06cd257297629286f6"",""amount"":""25000"",""deposit_date"":""2021-03-02"",""txn_date"":""2021-03-02"",""txn_type"":""Payment"",""ref_no"":"""",""payee"":""Burke Foundation"",""memo"":"""",""qb_posting"":"""",""account"":""1503 Pledges/Services Receivable"",""class"":"""",""reconciliation_status"":""Reconciled"",""ambiguous"":""false""}]","1","25000.00","25000.00"
"bdep_5ec3aa3b0fab1dfaf6fd765d","bnk_5ec3aa3b0fab1dfaf6fd765d","2020-12-23","350000","USD","","","WT FED#00561 PNC BANK, N.A.        /ORG=SPRING POINT PARTNERS LLC                     SRF#    20CNI1739N841S2Y TRN#201223176037  RFB#                 SPP","[{""component_id"":""bdc_CRtv5rc-lclh4k9BZ7HUQ"",""payment_unit_id"":""pu_CRtv5rc-lclh4k9BZ7HUQ"",""kind"":""other"",""amount"":""350000.00"",""source"":""qbo_inferred"",""source_staged_payment_id"":""CRtv5rc-lclh4k9BZ7HUQ"",""staged_payer"":""Spring Point Partners"",""staged_date"":""2020-12-23"",""qb_deposit_id"":""14152"",""reconciliation_flag"":""ok"",""unit_kind"":""other"",""unit_evidence_id"":""CRtv5rc-lclh4k9BZ7HUQ""}]","1","350000.00","[{""id"":""pu_CRtv5rc-lclh4k9BZ7HUQ"",""kind"":""other"",""evidence_id"":""CRtv5rc-lclh4k9BZ7HUQ"",""stripe_charge_id"":"""",""source_staged_payment_id"":""CRtv5rc-lclh4k9BZ7HUQ"",""gross_amount"":""350000.00"",""fee_amount"":"""",""net_amount"":""350000.00"",""currency"":""USD"",""received_date"":""2020-12-23"",""lifecycle"":""received""}]","1","350000.00","[]","0","0.00","[]","0","0.00","0.00"
"bdep_5d51777dfde8d1a76d0ed3c1","bnk_5d51777dfde8d1a76d0ed3c1","2023-01-17","12497.26","USD","","","225 South 6th St PAYMENTS   230116 4FNTM6011323138 NTE*ZZZ*4FNTM6\","[]","0","0.00","[]","0","0.00","[]","0","0.00","[]","0","0.00","12497.26"
"bdep_2461380420816bcffa079acc","bnk_2461380420816bcffa079acc","2019-09-25","20","USD","","","MBI              SETL       190924 MED-I-BANK      MED-I-BANK","[]","0","0.00","[]","0","0.00","[]","0","0.00","[]","0","0.00","20.00"
"bdep_bfddbfbecb6d0ff74abc159b","bnk_bfddbfbecb6d0ff74abc159b","2020-07-27","694.93","USD","","","STRIPE           TRANSFER          ST-S6O0W9W4H6D0 THE WILDFLOWER FOUNDAT","[]","0","0.00","[]","0","0.00","[]","0","0.00","[]","0","0.00","694.93"
"bdep_d287c7c988f8002d4faa2ce0","bnk_d287c7c988f8002d4faa2ce0","2024-11-19","238.07","USD","","","STRIPE           TRANSFER          ST-Q8V9N5L7P8K6 THE WILDFLOWER FOUNDAT","[]","0","0.00","[]","0","0.00","[{""stripe_payout_id"":""po_1QMM3UAhXr9x8yiREq2zgQEh"",""bank_deposit_id"":""bdep_d287c7c988f8002d4faa2ce0"",""amount"":""238.07"",""currency"":""USD"",""arrival_date"":""2024-11-18"",""deposit_date"":""2024-11-19"",""ambiguous_bank_match"":""false"",""payer_name"":""""}]","1","238.07","[]","0","0.00","238.07"
"bdep_a3eb8d1d39d0a281776d2b24","bnk_a3eb8d1d39d0a281776d2b24","2019-01-10","250","USD","","","Varde Management Wells Farg 190109 0000000566      RMR*IV*Contribution 201**250\","[{""component_id"":""bdc_pvn2FrAdgfyfFsLPxTzbP"",""payment_unit_id"":""pu_pvn2FrAdgfyfFsLPxTzbP"",""kind"":""other"",""amount"":""250.00"",""source"":""qbo_inferred"",""source_staged_payment_id"":""pvn2FrAdgfyfFsLPxTzbP"",""staged_payer"":""AMY HERTEL"",""staged_date"":""2019-01-10"",""qb_deposit_id"":""6069"",""reconciliation_flag"":""ok"",""unit_kind"":""other"",""unit_evidence_id"":""pvn2FrAdgfyfFsLPxTzbP""}]","1","250.00","[{""id"":""pu_pvn2FrAdgfyfFsLPxTzbP"",""kind"":""other"",""evidence_id"":""pvn2FrAdgfyfFsLPxTzbP"",""stripe_charge_id"":"""",""source_staged_payment_id"":""pvn2FrAdgfyfFsLPxTzbP"",""gross_amount"":""250.00"",""fee_amount"":"""",""net_amount"":""250.00"",""currency"":""USD"",""received_date"":""2019-01-10"",""lifecycle"":""received""}]","1","250.00","[]","0","0.00","[]","0","0.00","0.00"
"bdep_717b787886a5fc2ceae00ff3","bnk_717b787886a5fc2ceae00ff3","2018-06-18","1604.17","USD","","","INTUIT PYMT SOLN DEPOSIT 180617 524771997507722 THE WILDFLOWER FOUNDAT","[]","0","0.00","[]","0","0.00","[]","0","0.00","[{""id"":""bdqr_bdep_717b787886a5fc2ceae00ff3"",""bank_deposit_id"":""bdep_717b787886a5fc2ceae00ff3"",""bank_transaction_id"":""bnk_674c118bc80ed829587cba87"",""amount"":""1604.17"",""deposit_date"":""2018-06-18"",""txn_date"":""2018-06-16"",""txn_type"":""Deposit"",""ref_no"":"""",""payee"":""Loan - Wildflower"",""memo"":""System-recorded deposit for QuickBooks Payments"",""qb_posting"":"""",""account"":""1501 Undeposited Funds"",""class"":"""",""reconciliation_status"":""Reconciled"",""ambiguous"":""false""}]","1","1604.17","1604.17"
"bdep_2b6cb927274e578715f2e1ea","bnk_2b6cb927274e578715f2e1ea","2024-12-05","1004.56","USD","","","STRIPE           TRANSFER          ST-R8Q7I9Y2I5D5 THE WILDFLOWER FOUNDAT","[]","0","0.00","[]","0","0.00","[{""stripe_payout_id"":""po_1QSB6jAhXr9x8yiRAuux0yaB"",""bank_deposit_id"":""bdep_2b6cb927274e578715f2e1ea"",""amount"":""1004.56"",""currency"":""USD"",""arrival_date"":""2024-12-04"",""deposit_date"":""2024-12-05"",""ambiguous_bank_match"":""false"",""payer_name"":""""}]","1","1004.56","[]","0","0.00","1004.56"
"bdep_d37079fe5d02a1c0044ebaca","bnk_d37079fe5d02a1c0044ebaca","2024-10-03","3945.85","USD","","","DC WILDFLOWER PU EFT PYMT   100224 Charter School  The Wildflower Foundat","[]","0","0.00","[]","0","0.00","[]","0","0.00","[]","0","0.00","3945.85"
"bdep_79b1e52606e71bbddd8be66b","bnk_79b1e52606e71bbddd8be66b","2025-01-28","811.08","USD","","","Snowdrop Montess Receivable        016MZHKHY3MEUIJ 016MZHKHY3MEUIJ Snowdrop Montess Bill.com Inv G","[]","0","0.00","[]","0","0.00","[]","0","0.00","[]","0","0.00","811.08"
"bdep_cdd9d86b8b1a88ab5d5a66ea","bnk_cdd9d86b8b1a88ab5d5a66ea","2016-11-18","0.16","USD","","","guideline 401(k) TRANSFER AMNTS:16,23 X","[]","0","0.00","[]","0","0.00","[]","0","0.00","[]","0","0.00","0.16"
"bdep_a7243460833609d4e85a9e56","bnk_a7243460833609d4e85a9e56","2025-07-07","19539.19","USD","","","ATM CHECK DEPOSIT              ON              07/04 1505 W Lake St            Minneapolis   MN  0008587           ATM ID 6991L    CARD 0628","[]","0","0.00","[]","0","0.00","[]","0","0.00","[]","0","0.00","19539.19"
"bdep_d9d5cdb7c9b67966600f5516","bnk_d9d5cdb7c9b67966600f5516","2026-02-09","8964.89","USD","","","Bill.com         Receivable        015RBDZKYBUU8O9 Multiple Payments Bill.com Receivables 015RBDZKY","[]","0","0.00","[]","0","0.00","[]","0","0.00","[{""id"":""bdqr_bdep_d9d5cdb7c9b67966600f5516"",""bank_deposit_id"":""bdep_d9d5cdb7c9b67966600f5516"",""bank_transaction_id"":""bnk_1c52e2c9d7843eb772be15eb"",""amount"":""8964.89"",""deposit_date"":""2026-02-09"",""txn_date"":""2026-02-09"",""txn_type"":""Journal"",""ref_no"":""6"",""payee"":"""",""memo"":""BILL 02/09/26 AR Payments"",""qb_posting"":"""",""account"":"""",""class"":"""",""reconciliation_status"":""Reconciled"",""ambiguous"":""false""}]","1","8964.89","8964.89"
"bdep_1ab5c1107974350d7dc77e91","bnk_1ab5c1107974350d7dc77e91","2025-11-04","25000","USD","","","Flor de Loto Mon Receivable        016QGXSUM3WR3KP 016QGXSUM3WR3KP Flor de Loto Mon Bill.com Inv TW","[]","0","0.00","[]","0","0.00","[]","0","0.00","[]","0","0.00","25000.00"
"bdep_dd7579f22525a08f503ba817","bnk_dd7579f22525a08f503ba817","2019-12-11","33.68","USD","","","STRIPE           TRANSFER          ST-X2F1G9P3B5M5 THE WILDFLOWER FOUNDAT","[]","0","0.00","[]","0","0.00","[]","0","0.00","[]","0","0.00","33.68"
"bdep_d81038e44c2a77393ed2bb9c","bnk_d81038e44c2a77393ed2bb9c","2022-03-01","212.5","USD","","","Morgan Stanley   ACH CREDIT 220228 10120855310jf3y The Wildflower Foundat","[]","0","0.00","[]","0","0.00","[]","0","0.00","[]","0","0.00","212.50"
"bdep_68f98fb97a5aaea2e8819763","bnk_68f98fb97a5aaea2e8819763","2021-09-16","514.88","USD","","","GUSTO            TLR 341786 210916 6semjqcnn3r     The Wildflower Foundat","[]","0","0.00","[]","0","0.00","[]","0","0.00","[]","0","0.00","514.88"
"bdep_144c90ed90f3ade9897be0ff","bnk_144c90ed90f3ade9897be0ff","2019-08-29","1404","USD","","","INTUIT PYMT SOLN DEPOSIT    190829 524771997507722 THE WILDFLOWER FOUNDAT","[]","0","0.00","[]","0","0.00","[]","0","0.00","[{""id"":""bdqr_bdep_144c90ed90f3ade9897be0ff"",""bank_deposit_id"":""bdep_144c90ed90f3ade9897be0ff"",""bank_transaction_id"":""bnk_bce6a11414939c93c90760a3"",""amount"":""1404"",""deposit_date"":""2019-08-29"",""txn_date"":""2019-08-28"",""txn_type"":""Deposit"",""ref_no"":"""",""payee"":""Loan - Wild Rose"",""memo"":""System-recorded deposit for QuickBooks Payments"",""qb_posting"":"""",""account"":""1501 Undeposited Funds"",""class"":"""",""reconciliation_status"":""Reconciled"",""ambiguous"":""false""}]","1","1404.00","1404.00"
"bdep_0146265c94da82afb45d5c5d","bnk_0146265c94da82afb45d5c5d","2023-02-14","50000","USD","","","Temple Hoyne Bue ACH29             Grantee         Grant 131 - Wildflower Foundation Colorado ECE e","[]","0","0.00","[]","0","0.00","[]","0","0.00","[{""id"":""bdqr_bdep_0146265c94da82afb45d5c5d"",""bank_deposit_id"":""bdep_0146265c94da82afb45d5c5d"",""bank_transaction_id"":""bnk_573545a88fb520f6d03ff6c6"",""amount"":""50000"",""deposit_date"":""2023-02-14"",""txn_date"":""2023-02-14"",""txn_type"":""Payment"",""ref_no"":"""",""payee"":""Temple Hoyne Buell Foundation"",""memo"":"""",""qb_posting"":"""",""account"":""1503 Pledges/Services Receivable"",""class"":"""",""reconciliation_status"":""Reconciled"",""ambiguous"":""false""}]","1","50000.00","50000.00"
"bdep_a2b05da3183d3580070e8f85","bnk_a2b05da3183d3580070e8f85","2023-12-14","30000","USD","","","FUNDACION BPPR   CREDITS           THE WILDFLOWER  THE WILDFLOWER FOUNDAT","[]","0","0.00","[]","0","0.00","[]","0","0.00","[{""id"":""bdqr_bdep_a2b05da3183d3580070e8f85"",""bank_deposit_id"":""bdep_a2b05da3183d3580070e8f85"",""bank_transaction_id"":""bnk_f24105554c11f605c0c4a65f"",""amount"":""30000"",""deposit_date"":""2023-12-14"",""txn_date"":""2023-12-14"",""txn_type"":""Payment"",""ref_no"":"""",""payee"":""Fundación Banco Popular"",""memo"":"""",""qb_posting"":"""",""account"":""1503 Pledges/Services Receivable"",""class"":"""",""reconciliation_status"":""Reconciled"",""ambiguous"":""false""}]","1","30000.00","30000.00"
"bdep_8676394f25780081e1185c27","bnk_8676394f25780081e1185c27","2020-02-26","200","USD","","","INTUIT PYMT SOLN DEPOSIT    200226 524771997507722 THE WILDFLOWER FOUNDAT","[]","0","0.00","[]","0","0.00","[]","0","0.00","[{""id"":""bdqr_bdep_8676394f25780081e1185c27"",""bank_deposit_id"":""bdep_8676394f25780081e1185c27"",""bank_transaction_id"":""bnk_a21d344e74dfb2af20eb9aa4"",""amount"":""200"",""deposit_date"":""2020-02-26"",""txn_date"":""2020-02-25"",""txn_type"":""Deposit"",""ref_no"":"""",""payee"":""Loan - Fox Flower"",""memo"":""System-recorded deposit for QuickBooks Payments"",""qb_posting"":"""",""account"":""1501 Undeposited Funds"",""class"":"""",""reconciliation_status"":""Reconciled"",""ambiguous"":""false""}]","1","200.00","200.00"
"bdep_d365451cbe0e1d37c61dddb7","bnk_d365451cbe0e1d37c61dddb7","2021-12-02","943.07","USD","","","TIGER LILY MONTE SENDER     211202       XXXXX5506 0000WILDFLOWER FOUND","[]","0","0.00","[]","0","0.00","[]","0","0.00","[]","0","0.00","943.07"
"bdep_0010009662ba00508350afc8","bnk_0010009662ba00508350afc8","2020-01-23","26400","USD","","","ATM CHECK DEPOSIT              ON              01/23 1505 WEST LAKE ST         MINNEAPOLIS   MN  0007906           ATM ID 6991J    CARD 7365","[]","0","0.00","[]","0","0.00","[]","0","0.00","[]","0","0.00","26400.00"
"bdep_00aff8661a349510456605dd","bnk_00aff8661a349510456605dd","2025-08-05","1050","USD","","","WT XXXXXX0217JO     JPMORGAN CHASE B /ORG=BROADSTREET IMPACT SERVICES, LLC            SRF#        XXXXXX0217JO TRN#XXXXXXXX9522  RFB#        XXXXXX0217JO","[]","0","0.00","[]","0","0.00","[]","0","0.00","[]","0","0.00","1050.00"
"bdep_a7192886e42f98cbdff1d4b2","bnk_a7192886e42f98cbdff1d4b2","2017-09-28","162.5","USD","","","INTUIT PYMT SOLN DEPOSIT 170928 524771997507722 THE WILDFLOWER FOUNDAT","[]","0","0.00","[]","0","0.00","[]","0","0.00","[{""id"":""bdqr_bdep_a7192886e42f98cbdff1d4b2"",""bank_deposit_id"":""bdep_a7192886e42f98cbdff1d4b2"",""bank_transaction_id"":""bnk_ed0f0fee389b4adae44881ee"",""amount"":""162.5"",""deposit_date"":""2017-09-28"",""txn_date"":""2017-09-27"",""txn_type"":""Deposit"",""ref_no"":"""",""payee"":""Loan - Tiger Lily"",""memo"":""System-recorded deposit for QuickBooks Payments"",""qb_posting"":"""",""account"":""1501 Undeposited Funds"",""class"":"""",""reconciliation_status"":""Reconciled"",""ambiguous"":""false""}]","1","162.50","162.50"
"bdep_8c2e6564cdc37b4e21a02286","bnk_8c2e6564cdc37b4e21a02286","2024-08-26","454.55","USD","","","Wildflower Monte Receivable        016NYWMFG3GL1FC 016NYWMFG3GL1FC Wildflower Monte Bill.com Inv 79","[]","0","0.00","[]","0","0.00","[]","0","0.00","[]","0","0.00","454.55"
"bdep_e799327440fb91a2cb19fa1a","bnk_e799327440fb91a2cb19fa1a","2017-04-14","853","USD","","","ATM CHECK DEPOSIT 04/14 4712 CHICAGO AVE S MINNEAPOLIS MN 5819T 7365","[]","0","0.00","[]","0","0.00","[]","0","0.00","[]","0","0.00","853.00"
"bdep_facdeb14cf832e251cde1f4b","bnk_facdeb14cf832e251cde1f4b","2018-12-28","250","USD","","","INTUIT PYMT SOLN DEPOSIT    181228 524771997507722 THE WILDFLOWER FOUNDAT","[]","0","0.00","[]","0","0.00","[]","0","0.00","[{""id"":""bdqr_bdep_facdeb14cf832e251cde1f4b"",""bank_deposit_id"":""bdep_facdeb14cf832e251cde1f4b"",""bank_transaction_id"":""bnk_9314e8e7acaeb7b1319247a6"",""amount"":""250"",""deposit_date"":""2018-12-28"",""txn_date"":""2018-12-27"",""txn_type"":""Deposit"",""ref_no"":"""",""payee"":""Loan - Capucine"",""memo"":""System-recorded deposit for QuickBooks Payments"",""qb_posting"":"""",""account"":""1501 Undeposited Funds"",""class"":"""",""reconciliation_status"":""Reconciled"",""ambiguous"":""false""}]","1","250.00","250.00"
"bdep_81af792c146f6ed12b48ed36","bnk_81af792c146f6ed12b48ed36","2026-04-07","1212.12","USD","","","Desert Peach Mon Bill.com          026TEZRQW1VYQLU Desert Peach Montessori School Bill.com 026TEZRQ","[]","0","0.00","[]","0","0.00","[]","0","0.00","[{""id"":""bdqr_bdep_81af792c146f6ed12b48ed36"",""bank_deposit_id"":""bdep_81af792c146f6ed12b48ed36"",""bank_transaction_id"":""bnk_05b5faf8a2fde81f30105f56"",""amount"":""1212.12"",""deposit_date"":""2026-04-07"",""txn_date"":""2026-04-06"",""txn_type"":""Payment"",""ref_no"":""P26040102 - 0891622"",""payee"":""Desert Peach Montessori"",""memo"":""Multiple invoices"",""qb_posting"":"""",""account"":""1503 Pledges/Services Receivable"",""class"":"""",""reconciliation_status"":""Reconciled"",""ambiguous"":""false""}]","1","1212.12","1212.12"
"bdep_9021670bed5f6f41618183b2","bnk_9021670bed5f6f41618183b2","2024-08-29","4523.02","USD","","","Wildflower New Y Receivable        016TKEGDS3GR3X7 016TKEGDS3GR3X7 Wildflower New Y Bill.com Inv 79","[]","0","0.00","[]","0","0.00","[]","0","0.00","[{""id"":""bdqr_bdep_9021670bed5f6f41618183b2"",""bank_deposit_id"":""bdep_9021670bed5f6f41618183b2"",""bank_transaction_id"":""bnk_1704f1b353a6a649e6f31b67"",""amount"":""4523.02"",""deposit_date"":""2024-08-29"",""txn_date"":""2024-08-29"",""txn_type"":""Payment"",""ref_no"":"""",""payee"":""Wildflower New York Charter School"",""memo"":"""",""qb_posting"":"""",""account"":""1503 Pledges/Services Receivable"",""class"":"""",""reconciliation_status"":""Reconciled"",""ambiguous"":""false""}]","1","4523.02","4523.02"
"bdep_18d0c40cf379dcf3cd0cbfc8","bnk_18d0c40cf379dcf3cd0cbfc8","2017-06-15","2.74","USD","","","FROM BRK ****9888 TRANSFER REF 202366177","[]","0","0.00","[]","0","0.00","[]","0","0.00","[{""id"":""bdqr_bdep_18d0c40cf379dcf3cd0cbfc8"",""bank_deposit_id"":""bdep_18d0c40cf379dcf3cd0cbfc8"",""bank_transaction_id"":""bnk_20ae0a7a2b1b10bfb136c32b"",""amount"":""2.74"",""deposit_date"":""2017-06-15"",""txn_date"":""2017-06-12"",""txn_type"":""Payment"",""ref_no"":"""",""payee"":""Cam Leonard"",""memo"":""Donation"",""qb_posting"":"""",""account"":""1503 Pledges/Services Receivable"",""class"":"""",""reconciliation_status"":""Reconciled"",""ambiguous"":""false""}]","1","2.74","2.74"
"bdep_b4321c4d732928ac70a42acd","bnk_b4321c4d732928ac70a42acd","2026-04-08","57925.52","USD","","","ONLINE TRANSFER FEB 26 PAYROLL CSP  REF #BB0XLBTP49","[]","0","0.00","[]","0","0.00","[]","0","0.00","[{""id"":""bdqr_bdep_b4321c4d732928ac70a42acd"",""bank_deposit_id"":""bdep_b4321c4d732928ac70a42acd"",""bank_transaction_id"":""bnk_5afe5deeee985aa94e56da45"",""amount"":""57925.52"",""deposit_date"":""2026-04-08"",""txn_date"":""2026-04-08"",""txn_type"":""Transfer"",""ref_no"":"""",""payee"":"""",""memo"":""Transfer from CSP to TWF Operations"",""qb_posting"":"""",""account"":""TWF CSP Rep grant (1340) - 2"",""class"":"""",""reconciliation_status"":""Reconciled"",""ambiguous"":""false""}]","1","57925.52","57925.52"
"bdep_1c0bb8f5a7a9667c95ba88b6","bnk_1c0bb8f5a7a9667c95ba88b6","2018-08-20","237.5","USD","","","INTUIT PYMT SOLN DEPOSIT 180819 524771997507722 THE WILDFLOWER FOUNDAT","[]","0","0.00","[]","0","0.00","[]","0","0.00","[{""id"":""bdqr_bdep_1c0bb8f5a7a9667c95ba88b6"",""bank_deposit_id"":""bdep_1c0bb8f5a7a9667c95ba88b6"",""bank_transaction_id"":""bnk_475dad6a42c359002a92b137"",""amount"":""237.5"",""deposit_date"":""2018-08-20"",""txn_date"":""2018-08-18"",""txn_type"":""Deposit"",""ref_no"":"""",""payee"":""Loan - Sweet Pea Montessori"",""memo"":""System-recorded deposit for QuickBooks Payments"",""qb_posting"":"""",""account"":""1501 Undeposited Funds"",""class"":"""",""reconciliation_status"":""Reconciled"",""ambiguous"":""false""}]","1","237.50","237.50"
"bdep_9b952c9a113d943e9d09f9e6","bnk_9b952c9a113d943e9d09f9e6","2018-12-06","6806.69","USD","","","GUSTO            CND 811913 181206 6semjnaapp7     The Wildflower Foundat 201812061","[]","0","0.00","[]","0","0.00","[]","0","0.00","[]","0","0.00","6806.69"
"bdep_49e4b0ff14aadef303b8a5ce","bnk_49e4b0ff14aadef303b8a5ce","2019-10-08","107553.13","USD","","","ATM CHECK DEPOSIT              ON              10/08 1505 WEST LAKE ST         MINNEAPOLIS   MN  0004918           ATM ID 6993M    CARD 7365","[]","0","0.00","[]","0","0.00","[]","0","0.00","[]","0","0.00","107553.13"
"bdep_6bfda3399e80b56b7d0930c4","bnk_6bfda3399e80b56b7d0930c4","2026-06-03","50","USD","","","WT FED#02N03 JPMORGAN CHASE BAN    /ORG=BROADSTREET IMPACT SERVICES, LLC              SRF#        XXXXXX0154JO TRN#XXXXXXXX3810  RFB#     ATS OF 26/06/03","[]","0","0.00","[]","0","0.00","[]","0","0.00","[]","0","0.00","50.00"
"bdep_f50aa467eccef0029b9ecfa3","bnk_f50aa467eccef0029b9ecfa3","2020-10-28","67.36","USD","","","STRIPE           TRANSFER          ST-X1Q1I5I0L3P5 THE WILDFLOWER FOUNDAT","[]","0","0.00","[]","0","0.00","[]","0","0.00","[]","0","0.00","67.36"
"bdep_75d54f0399690f71dc5b19fe","bnk_75d54f0399690f71dc5b19fe","2025-10-03","4990.56","USD","","","Wildflower New Y Receivable        016OIGOKJ3VM94G 016OIGOKJ3VM94G Wildflower New Y Bill.com Inv TW","[]","0","0.00","[]","0","0.00","[]","0","0.00","[]","0","0.00","4990.56"
"bdep_a56a07a978e5645bf33bfc21","bnk_a56a07a978e5645bf33bfc21","2019-07-22","1665.28","USD","","","INTUIT PYMT SOLN DEPOSIT    190720 524771997507722 THE WILDFLOWER FOUNDAT","[]","0","0.00","[]","0","0.00","[]","0","0.00","[{""id"":""bdqr_bdep_a56a07a978e5645bf33bfc21"",""bank_deposit_id"":""bdep_a56a07a978e5645bf33bfc21"",""bank_transaction_id"":""bnk_ef55a7fc8dde58fbe67a7c0a"",""amount"":""1665.28"",""deposit_date"":""2019-07-22"",""txn_date"":""2019-07-19"",""txn_type"":""Deposit"",""ref_no"":"""",""payee"":""Loan - Dandelion"",""memo"":""System-recorded deposit for QuickBooks Payments"",""qb_posting"":"""",""account"":""1501 Undeposited Funds"",""class"":"""",""reconciliation_status"":""Reconciled"",""ambiguous"":""false""}]","1","1665.28","1665.28"
"bdep_e96e677dfaae13bc6463a614","bnk_e96e677dfaae13bc6463a614","2021-04-02","2025","USD","","","ACH RETURNS       - THE WILDFLOWER F - FILE 7878782339 COID 1812826681","[]","0","0.00","[]","0","0.00","[]","0","0.00","[]","0","0.00","2025.00"
"bdep_bf246569446e438a827b52d6","bnk_bf246569446e438a827b52d6","2026-04-03","50","USD","","","WT FED#02M02 JPMORGAN CHASE BAN    /ORG=BROADSTREET IMPACT SERVICES, LLC              SRF#        XXXXXX0093JO TRN#XXXXXXXX5062  RFB#     ATS OF 26/04/03","[]","0","0.00","[]","0","0.00","[]","0","0.00","[]","0","0.00","50.00"
"bdep_07d293dea86a3c3ef6f869f7","bnk_07d293dea86a3c3ef6f869f7","2020-01-22","405.6","USD","","","1330 Lagoon Aven PAYMENTS   200122 EFT-01013136    NTE*ZZZ*POQE8MVWARA2HFZW5K,\","[]","0","0.00","[]","0","0.00","[]","0","0.00","[]","0","0.00","405.60"
"bdep_fbf5c729c5e7a9b9193201fc","bnk_fbf5c729c5e7a9b9193201fc","2022-08-15","500000","USD","","","WEND LLC         PAYMENTS          0835            GRANT 2020-162_5","[]","0","0.00","[]","0","0.00","[]","0","0.00","[]","0","0.00","500000.00"
"bdep_e9386079bfe9e5a954a59ff4","bnk_e9386079bfe9e5a954a59ff4","2022-12-07","5075.38","USD","","","STRIPE           TRANSFER          ST-Q1Y7G7H6E0F6 THE WILDFLOWER FOUNDAT","[]","0","0.00","[]","0","0.00","[{""stripe_payout_id"":""po_1MBv3qAhXr9x8yiR7s00xKnU"",""bank_deposit_id"":""bdep_e9386079bfe9e5a954a59ff4"",""amount"":""5075.38"",""currency"":""USD"",""arrival_date"":""2022-12-06"",""deposit_date"":""2022-12-07"",""ambiguous_bank_match"":""false"",""payer_name"":""""}]","1","5075.38","[]","0","0.00","5075.38"
"bdep_22114c9b85f3a34a2b2fb49b","bnk_22114c9b85f3a34a2b2fb49b","2026-05-22","1600000","USD","","","VANGRDCHARITABLE GRANTPYMNT        GOP103178       WILDFLOWER FOUNDATION","[]","0","0.00","[]","0","0.00","[]","0","0.00","[]","0","0.00","1600000.00"
"bdep_4ef280e1d597136f79900a25","bnk_4ef280e1d597136f79900a25","2026-04-09","12380.84","USD","","","SSBTRUSTOPS      HIST RTN   260409                 THE WILDFLOWER","[]","0","0.00","[]","0","0.00","[]","0","0.00","[]","0","0.00","12380.84"
"bdep_8643c60b188d865d8a4caa1a","bnk_8643c60b188d865d8a4caa1a","2018-05-29","100000","USD","","","WT FED#02077 CAPITAL ONE, NA /ORG=THE PITON FOUNDATION SRF# US180529916016 TRN#180529153978 RFB# 0003382507","[{""component_id"":""bdc_pCFw5YiH6fJVw9zFhXv9l"",""payment_unit_id"":""pu_pCFw5YiH6fJVw9zFhXv9l"",""kind"":""other"",""amount"":""100000.00"",""source"":""qbo_inferred"",""source_staged_payment_id"":""pCFw5YiH6fJVw9zFhXv9l"",""staged_payer"":""Piton Foundation"",""staged_date"":""2018-05-29"",""qb_deposit_id"":""3419"",""reconciliation_flag"":""ok"",""unit_kind"":""other"",""unit_evidence_id"":""pCFw5YiH6fJVw9zFhXv9l""}]","1","100000.00","[{""id"":""pu_pCFw5YiH6fJVw9zFhXv9l"",""kind"":""other"",""evidence_id"":""pCFw5YiH6fJVw9zFhXv9l"",""stripe_charge_id"":"""",""source_staged_payment_id"":""pCFw5YiH6fJVw9zFhXv9l"",""gross_amount"":""100000.00"",""fee_amount"":"""",""net_amount"":""100000.00"",""currency"":""USD"",""received_date"":""2018-05-29"",""lifecycle"":""received""}]","1","100000.00","[]","0","0.00","[]","0","0.00","0.00"
"bdep_4ac4f91a212c3a7da859015a","bnk_4ac4f91a212c3a7da859015a","2025-02-28","190.4","USD","","","STRIPE           TRANSFER          ST-X4D3M7G1Z8Z1 THE WILDFLOWER FOUNDAT","[]","0","0.00","[]","0","0.00","[{""stripe_payout_id"":""po_1QwvU8AhXr9x8yiRug2lBPhu"",""bank_deposit_id"":""bdep_4ac4f91a212c3a7da859015a"",""amount"":""190.4"",""currency"":""USD"",""arrival_date"":""2025-02-27"",""deposit_date"":""2025-02-28"",""ambiguous_bank_match"":""false"",""payer_name"":""""}]","1","190.40","[]","0","0.00","190.40"
"bdep_7722f3d4290eb8db0a212321","bnk_7722f3d4290eb8db0a212321","2019-05-06","2000","USD","","","INTUIT PYMT SOLN DEPOSIT    190504 524771997507722 THE WILDFLOWER FOUNDAT","[]","0","0.00","[]","0","0.00","[]","0","0.00","[{""id"":""bdqr_bdep_7722f3d4290eb8db0a212321"",""bank_deposit_id"":""bdep_7722f3d4290eb8db0a212321"",""bank_transaction_id"":""bnk_100f7daf3e37e4fdb1389845"",""amount"":""2000"",""deposit_date"":""2019-05-06"",""txn_date"":""2019-05-03"",""txn_type"":""Deposit"",""ref_no"":"""",""payee"":"""",""memo"":""System-recorded deposit for QuickBooks Payments"",""qb_posting"":"""",""account"":"""",""class"":"""",""reconciliation_status"":""Reconciled"",""ambiguous"":""false""}]","1","2000.00","2000.00"
"bdep_f97d02fa25fe7476bcf11d1d","bnk_f97d02fa25fe7476bcf11d1d","2024-09-06","170.12","USD","","","GUSTO            TLR 583042 240906 6semk25qtmr     The Wildflower Foundat","[]","0","0.00","[]","0","0.00","[]","0","0.00","[]","0","0.00","170.12"
"bdep_c0c0c0a10e65551ca100ecb0","bnk_c0c0c0a10e65551ca100ecb0","2018-12-19","193.9","USD","","","STRIPE           TRANSFER                          X 201812191","[]","0","0.00","[]","0","0.00","[]","0","0.00","[]","0","0.00","193.90"
"bdep_c13ea9c27afceccf984462b9","bnk_c13ea9c27afceccf984462b9","2021-09-10","23.67","USD","","","STRIPE           TRANSFER          ST-T1M5V4H0K6Q5 THE WILDFLOWER FOUNDAT","[]","0","0.00","[]","0","0.00","[{""stripe_payout_id"":""po_1JXdU4AhXr9x8yiRBITBSZy8"",""bank_deposit_id"":""bdep_c13ea9c27afceccf984462b9"",""amount"":""23.67"",""currency"":""USD"",""arrival_date"":""2021-09-09"",""deposit_date"":""2021-09-10"",""ambiguous_bank_match"":""false"",""payer_name"":""""}]","1","23.67","[]","0","0.00","23.67"
"bdep_3a68ea4d9e7e7371071a127c","bnk_3a68ea4d9e7e7371071a127c","2024-12-24","496","USD","","","STRIPE           TRANSFER          ST-M6Y3Y1C5Q2U3 THE WILDFLOWER FOUNDAT","[]","0","0.00","[]","0","0.00","[{""stripe_payout_id"":""po_1QZ0GLAhXr9x8yiREFdipEzG"",""bank_deposit_id"":""bdep_3a68ea4d9e7e7371071a127c"",""amount"":""496"",""currency"":""USD"",""arrival_date"":""2024-12-23"",""deposit_date"":""2024-12-24"",""ambiguous_bank_match"":""false"",""payer_name"":""""}]","1","496.00","[]","0","0.00","496.00"
"bdep_c26dcd46ed943bd0162443c5","bnk_c26dcd46ed943bd0162443c5","2026-04-08","5166","USD","","","Bill.com         Receivable        015TAWMUDRXUMHL Multiple Payments Bill.com Receivables 015TAWMUD","[]","0","0.00","[]","0","0.00","[]","0","0.00","[{""id"":""bdqr_bdep_c26dcd46ed943bd0162443c5"",""bank_deposit_id"":""bdep_c26dcd46ed943bd0162443c5"",""bank_transaction_id"":""bnk_6805a87fc54799973bd63a6c"",""amount"":""5166"",""deposit_date"":""2026-04-08"",""txn_date"":""2026-04-08"",""txn_type"":""Journal"",""ref_no"":""JE Bill 4.8.26 AR Pmt"",""payee"":"""",""memo"":""BILL 04/08/26 AR Payments"",""qb_posting"":"""",""account"":"""",""class"":"""",""reconciliation_status"":""Reconciled"",""ambiguous"":""false""}]","1","5166.00","5166.00"
"bdep_35ede3947c2589a9c3a038cb","bnk_35ede3947c2589a9c3a038cb","2024-10-31","1282.33","USD","","","Urban Village Mo Receivable        016SIRSZO3J8OJZ 016SIRSZO3J8OJZ Urban Village Mo Bill.com Inv 79","[]","0","0.00","[]","0","0.00","[]","0","0.00","[]","0","0.00","1282.33"
"bdep_dc63f8424b48e7bb75cd9089","bnk_dc63f8424b48e7bb75cd9089","2020-12-18","6000","USD","","","INTUIT PYMT SOLN DEPOSIT    201218 524771990592861 THE WILDFLOWER FOUNDAT","[]","0","0.00","[]","0","0.00","[]","0","0.00","[{""id"":""bdqr_bdep_dc63f8424b48e7bb75cd9089"",""bank_deposit_id"":""bdep_dc63f8424b48e7bb75cd9089"",""bank_transaction_id"":""bnk_9846cf0bf8a2a482fdb9e6d0"",""amount"":""6000"",""deposit_date"":""2020-12-18"",""txn_date"":""2020-12-17"",""txn_type"":""Deposit"",""ref_no"":"""",""payee"":""Loan - Snowdrop"",""memo"":""System-recorded deposit for QuickBooks Payments"",""qb_posting"":"""",""account"":"""",""class"":"""",""reconciliation_status"":""Reconciled"",""ambiguous"":""false""}]","1","6000.00","6000.00"
"bdep_e33dc5d8572352897646633e","bnk_e33dc5d8572352897646633e","2022-12-21","722.75","USD","","","AMER ONLINE GIV1 EDI PAYMNT DEC 19 97UMK45GDZ      REF*TN*97UMK45GDZ*Donation from AOGFcauses.benev","[]","0","0.00","[]","0","0.00","[]","0","0.00","[{""id"":""bdqr_bdep_e33dc5d8572352897646633e"",""bank_deposit_id"":""bdep_e33dc5d8572352897646633e"",""bank_transaction_id"":""bnk_0f1594650ba1f7e77970e841"",""amount"":""722.75"",""deposit_date"":""2022-12-21"",""txn_date"":""2022-12-21"",""txn_type"":""Payment"",""ref_no"":"""",""payee"":""AMY HERTEL"",""memo"":"""",""qb_posting"":"""",""account"":""1503 Pledges/Services Receivable"",""class"":"""",""reconciliation_status"":""Reconciled"",""ambiguous"":""false""}]","1","722.75","722.75"
"bdep_75594fff3d4899631eb5f9f4","bnk_75594fff3d4899631eb5f9f4","2024-02-09","250","USD","","","Common Future    BILL PAY                          Common Future PAYING BILL VIA RAMP","[]","0","0.00","[]","0","0.00","[]","0","0.00","[{""id"":""bdqr_bdep_75594fff3d4899631eb5f9f4"",""bank_deposit_id"":""bdep_75594fff3d4899631eb5f9f4"",""bank_transaction_id"":""bnk_8f5e6d551548d48d7bf0f276"",""amount"":""250"",""deposit_date"":""2024-02-09"",""txn_date"":""2024-02-09"",""txn_type"":""Payment"",""ref_no"":"""",""payee"":""Common Future"",""memo"":"""",""qb_posting"":"""",""account"":""1503 Pledges/Services Receivable"",""class"":"""",""reconciliation_status"":""Reconciled"",""ambiguous"":""false""}]","1","250.00","250.00"
"bdep_f299410eb547d36d84ad4e31","bnk_f299410eb547d36d84ad4e31","2019-09-05","39490.71","USD","","","eDeposit in Branch/Store 09/05/19 12:24:52 PM 1505 W LAKE ST MINNEAPOLIS MN 8945","[]","0","0.00","[]","0","0.00","[]","0","0.00","[]","0","0.00","39490.71"
"bdep_d03252e6c1143d9b2410548b","bnk_d03252e6c1143d9b2410548b","2021-03-19","92.87","USD","","","STRIPE           TRANSFER          ST-Z4G0A9N6P4D7 THE WILDFLOWER FOUNDAT","[]","0","0.00","[]","0","0.00","[]","0","0.00","[]","0","0.00","92.87"
"bdep_8a94809350ad1e7cc7e7cfa1","bnk_8a94809350ad1e7cc7e7cfa1","2026-04-13","1251.44","USD","","","Bill.com         Receivable        015NBXENKBY2S7G Trout Lily Montessori Bill.com 015NBXENKBY2S7G I","[]","0","0.00","[]","0","0.00","[]","0","0.00","[{""id"":""bdqr_bdep_8a94809350ad1e7cc7e7cfa1"",""bank_deposit_id"":""bdep_8a94809350ad1e7cc7e7cfa1"",""bank_transaction_id"":""bnk_5fa50e67d7d4e907a769e77e"",""amount"":""1251.44"",""deposit_date"":""2026-04-13"",""txn_date"":""2026-04-13"",""txn_type"":""Journal"",""ref_no"":""JE Bill 4.13.26 AR"",""payee"":"""",""memo"":""BILL 04/13/26 AR Payments"",""qb_posting"":"""",""account"":"""",""class"":"""",""reconciliation_status"":""Reconciled"",""ambiguous"":""false""}]","1","1251.44","1251.44"
"bdep_6d85ecc6f34d660b736fd75f","bnk_6d85ecc6f34d660b736fd75f","2026-02-13","1922.64","USD","","","STRIPE           TRANSFER          ST-X7F8K2L9R8Y6 THE WILDFLOWER FOUNDAT","[]","0","0.00","[]","0","0.00","[{""stripe_payout_id"":""po_1T0ATjAhXr9x8yiR4dGePxUN"",""bank_deposit_id"":""bdep_6d85ecc6f34d660b736fd75f"",""amount"":""1922.64"",""currency"":""USD"",""arrival_date"":""2026-02-12"",""deposit_date"":""2026-02-13"",""ambiguous_bank_match"":""false"",""payer_name"":""""}]","1","1922.64","[]","0","0.00","1922.64"
"bdep_289998446bd121ae7f685872","bnk_289998446bd121ae7f685872","2023-03-20","119.58","USD","","","ATM CHECK DEPOSIT              ON              03/20 1505 W Lake St            Minneapolis   MN  0008676           ATM ID 6991J    CARD 7365","[]","0","0.00","[]","0","0.00","[]","0","0.00","[]","0","0.00","119.58"
"bdep_a3d1db169f4c2b1871b128fe","bnk_a3d1db169f4c2b1871b128fe","2022-11-10","105000","USD","","","WT FED#02589 JPMC INTERNAL ACCO    /ORG=OVERDECK FAMILY FOUNDATION, INC               SRF#        1224900314ES TRN#221110122527  RFB#     OS1 OF 22/11/10","[]","0","0.00","[]","0","0.00","[]","0","0.00","[{""id"":""bdqr_bdep_a3d1db169f4c2b1871b128fe"",""bank_deposit_id"":""bdep_a3d1db169f4c2b1871b128fe"",""bank_transaction_id"":""bnk_3935732846fbca2c34190264"",""amount"":""105000"",""deposit_date"":""2022-11-10"",""txn_date"":""2022-11-10"",""txn_type"":""Payment"",""ref_no"":"""",""payee"":""Overdeck Family Foundation"",""memo"":"""",""qb_posting"":"""",""account"":""1503 Pledges/Services Receivable"",""class"":"""",""reconciliation_status"":""Reconciled"",""ambiguous"":""false""}]","1","105000.00","105000.00"
"bdep_59640a31e9b5301ab436d3f9","bnk_59640a31e9b5301ab436d3f9","2018-12-17","1606.25","USD","","","INTUIT PYMT SOLN DEPOSIT    181215 524771997507722 THE WILDFLOWER FOUNDAT 201812171","[]","0","0.00","[]","0","0.00","[]","0","0.00","[{""id"":""bdqr_bdep_59640a31e9b5301ab436d3f9"",""bank_deposit_id"":""bdep_59640a31e9b5301ab436d3f9"",""bank_transaction_id"":""bnk_974a88f4ee001f2b0652a4a1"",""amount"":""1606.25"",""deposit_date"":""2018-12-17"",""txn_date"":""2018-12-14"",""txn_type"":""Deposit"",""ref_no"":"""",""payee"":""Wild Rose Montessori School Inc"",""memo"":""System-recorded deposit for QuickBooks Payments"",""qb_posting"":"""",""account"":""1501 Undeposited Funds"",""class"":"""",""reconciliation_status"":""Reconciled"",""ambiguous"":""false""}]","1","1606.25","1606.25"
"bdep_ddba7824e454aeb153840267","bnk_ddba7824e454aeb153840267","2025-12-10","937.22","USD","","","Bill.com         Receivable        015HJDNFUARZBSA Echinacea Montessori School Bill.com 015HJDNFUAR","[]","0","0.00","[]","0","0.00","[]","0","0.00","[{""id"":""bdqr_bdep_ddba7824e454aeb153840267"",""bank_deposit_id"":""bdep_ddba7824e454aeb153840267"",""bank_transaction_id"":""bnk_dca5a5df21197eae072abfa0"",""amount"":""937.22"",""deposit_date"":""2025-12-10"",""txn_date"":""2025-12-10"",""txn_type"":""Journal"",""ref_no"":""JE #CSP Sept 2026"",""payee"":"""",""memo"":""BILL 12/10/25 AR Payments"",""qb_posting"":"""",""account"":"""",""class"":"""",""reconciliation_status"":""Reconciled"",""ambiguous"":""false""}]","1","937.22","937.22"
"bdep_fbc2e367eed4cc242af6708a","bnk_fbc2e367eed4cc242af6708a","2021-04-13","6.95","USD","","","STRIPE           TRANSFER          ST-X8O6C4B5Q3O2 THE WILDFLOWER FOUNDAT","[]","0","0.00","[]","0","0.00","[]","0","0.00","[]","0","0.00","6.95"
"bdep_03f96f7d421fff34720cd14c","bnk_03f96f7d421fff34720cd14c","2018-12-26","650000","USD","","","WT SEQ142718 SILICON VALLEY COMMUNIT /ORG=SILICON VALLEY COMMUNITY FOUNDATIO          SRF#    2018-195166,5022 TRN#181226142718  RFB#                8801 201812261","[{""component_id"":""bdc_k1CXtDwpXzp4CryZ0TYUL"",""payment_unit_id"":""pu_k1CXtDwpXzp4CryZ0TYUL"",""kind"":""other"",""amount"":""650000.00"",""source"":""qbo_inferred"",""source_staged_payment_id"":""k1CXtDwpXzp4CryZ0TYUL"",""staged_payer"":""Silicon Valley Community Foundation"",""staged_date"":""2018-12-26"",""qb_deposit_id"":""5625"",""reconciliation_flag"":""ok"",""unit_kind"":""other"",""unit_evidence_id"":""k1CXtDwpXzp4CryZ0TYUL""}]","1","650000.00","[{""id"":""pu_k1CXtDwpXzp4CryZ0TYUL"",""kind"":""other"",""evidence_id"":""k1CXtDwpXzp4CryZ0TYUL"",""stripe_charge_id"":"""",""source_staged_payment_id"":""k1CXtDwpXzp4CryZ0TYUL"",""gross_amount"":""650000.00"",""fee_amount"":"""",""net_amount"":""650000.00"",""currency"":""USD"",""received_date"":""2018-12-26"",""lifecycle"":""received""}]","1","650000.00","[]","0","0.00","[]","0","0.00","0.00"
"bdep_91f1d7a03d0991a17de00bcf","bnk_91f1d7a03d0991a17de00bcf","2021-08-11","23.67","USD","","","STRIPE           TRANSFER          ST-H7A9O5E5Q2W3 THE WILDFLOWER FOUNDAT","[]","0","0.00","[]","0","0.00","[{""stripe_payout_id"":""po_1JMk74AhXr9x8yiRRwjjoAow"",""bank_deposit_id"":""bdep_91f1d7a03d0991a17de00bcf"",""amount"":""23.67"",""currency"":""USD"",""arrival_date"":""2021-08-10"",""deposit_date"":""2021-08-11"",""ambiguous_bank_match"":""false"",""payer_name"":""""}]","1","23.67","[]","0","0.00","23.67"
"bdep_06109513e4bf307baab148bb","bnk_06109513e4bf307baab148bb","2020-12-31","200000","USD","","","WT FED#00729 GOLDMAN SACHS AND     /ORG=AVI M. NASH + SANDRA NASH 150 PORCH           SRF#     I20123100002642 TRN#201231080280  RFB#     GTOS43BEQHMC4GX","[{""component_id"":""bdc_bllTXRZplXrsjM2VD7ws9"",""payment_unit_id"":""pu_bllTXRZplXrsjM2VD7ws9"",""kind"":""other"",""amount"":""200000.00"",""source"":""qbo_inferred"",""source_staged_payment_id"":""bllTXRZplXrsjM2VD7ws9"",""staged_payer"":""Avi and Sandra Nash"",""staged_date"":""2020-12-31"",""qb_deposit_id"":""14255"",""reconciliation_flag"":""ok"",""unit_kind"":""other"",""unit_evidence_id"":""bllTXRZplXrsjM2VD7ws9""}]","1","200000.00","[{""id"":""pu_bllTXRZplXrsjM2VD7ws9"",""kind"":""other"",""evidence_id"":""bllTXRZplXrsjM2VD7ws9"",""stripe_charge_id"":"""",""source_staged_payment_id"":""bllTXRZplXrsjM2VD7ws9"",""gross_amount"":""200000.00"",""fee_amount"":"""",""net_amount"":""200000.00"",""currency"":""USD"",""received_date"":""2020-12-31"",""lifecycle"":""received""}]","1","200000.00","[]","0","0.00","[]","0","0.00","0.00"
"bdep_8981b2c4b8890ea71aea818d","bnk_8981b2c4b8890ea71aea818d","2021-08-27","18500","USD","","","WT SEQ214398 WF RETURN WIRES IN PROC /ORG=                                            SRF#    2021082700202597 TRN#210827214398  RFB#","[{""component_id"":""bdc_UHE-uTVUwwcr2FLdjBQnp"",""payment_unit_id"":""pu_UHE-uTVUwwcr2FLdjBQnp"",""kind"":""other"",""amount"":""18500.00"",""source"":""qbo_inferred"",""source_staged_payment_id"":""UHE-uTVUwwcr2FLdjBQnp"",""staged_payer"":"""",""staged_date"":""2021-08-27"",""qb_deposit_id"":""17576"",""reconciliation_flag"":""ok"",""unit_kind"":""other"",""unit_evidence_id"":""UHE-uTVUwwcr2FLdjBQnp""}]","1","18500.00","[{""id"":""pu_UHE-uTVUwwcr2FLdjBQnp"",""kind"":""other"",""evidence_id"":""UHE-uTVUwwcr2FLdjBQnp"",""stripe_charge_id"":"""",""source_staged_payment_id"":""UHE-uTVUwwcr2FLdjBQnp"",""gross_amount"":""18500.00"",""fee_amount"":"""",""net_amount"":""18500.00"",""currency"":""USD"",""received_date"":""2021-08-27"",""lifecycle"":""received""}]","1","18500.00","[]","0","0.00","[]","0","0.00","0.00"
"bdep_2fc8d5f65681cba9d4a72710","bnk_2fc8d5f65681cba9d4a72710","2018-02-23","636.5","USD","","","INTUIT PYMT SOLN DEPOSIT 180223 524771997507722 THE WILDFLOWER FOUNDAT","[]","0","0.00","[]","0","0.00","[]","0","0.00","[{""id"":""bdqr_bdep_2fc8d5f65681cba9d4a72710"",""bank_deposit_id"":""bdep_2fc8d5f65681cba9d4a72710"",""bank_transaction_id"":""bnk_f8c6041824ace1e179ef4848"",""amount"":""636.5"",""deposit_date"":""2018-02-23"",""txn_date"":""2018-02-22"",""txn_type"":""Deposit"",""ref_no"":"""",""payee"":"""",""memo"":""System-recorded deposit for QuickBooks Payments"",""qb_posting"":"""",""account"":"""",""class"":"""",""reconciliation_status"":""Reconciled"",""ambiguous"":""false""}]","1","636.50","636.50"
"bdep_81848504d3b9a1ac08da0f4d","bnk_81848504d3b9a1ac08da0f4d","2020-12-02","351.63","USD","","","MIGHTYCAUSE FDN  GRANTDEP   201201       XXXXX6681 WILDFLOWER FOUNDATION","[{""component_id"":""bdc_XQvizxg8E4kR0zRgj9I4k"",""payment_unit_id"":""pu_XQvizxg8E4kR0zRgj9I4k"",""kind"":""other"",""amount"":""351.63"",""source"":""qbo_inferred"",""source_staged_payment_id"":""XQvizxg8E4kR0zRgj9I4k"",""staged_payer"":"""",""staged_date"":""2020-12-02"",""qb_deposit_id"":""14246"",""reconciliation_flag"":""ok"",""unit_kind"":""other"",""unit_evidence_id"":""XQvizxg8E4kR0zRgj9I4k""}]","1","351.63","[{""id"":""pu_XQvizxg8E4kR0zRgj9I4k"",""kind"":""other"",""evidence_id"":""XQvizxg8E4kR0zRgj9I4k"",""stripe_charge_id"":"""",""source_staged_payment_id"":""XQvizxg8E4kR0zRgj9I4k"",""gross_amount"":""351.63"",""fee_amount"":"""",""net_amount"":""351.63"",""currency"":""USD"",""received_date"":""2020-12-02"",""lifecycle"":""received""}]","1","351.63","[]","0","0.00","[]","0","0.00","0.00"
"bdep_b8bb72b572ddfec4212de275","bnk_b8bb72b572ddfec4212de275","2019-09-25","178.09","USD","","","STRIPE           TRANSFER          ST-Z3C7X9H1Z6A1 THE WILDFLOWER FOUNDAT","[]","0","0.00","[]","0","0.00","[]","0","0.00","[]","0","0.00","178.09"
"bdep_11b464ae094b6c967431062a","bnk_11b464ae094b6c967431062a","2026-03-02","47.25","USD","","","STRIPE           TRANSFER          ST-G6W1P1F5E9P2 THE WILDFLOWER FOUNDAT","[]","0","0.00","[]","0","0.00","[{""stripe_payout_id"":""po_1T6K1GAhXr9x8yiRqOXCwl1o"",""bank_deposit_id"":""bdep_11b464ae094b6c967431062a"",""amount"":""47.25"",""currency"":""USD"",""arrival_date"":""2026-03-01"",""deposit_date"":""2026-03-02"",""ambiguous_bank_match"":""false"",""payer_name"":""""}]","1","47.25","[]","0","0.00","47.25"
"bdep_5b72dc9231aeefecf553da13","bnk_5b72dc9231aeefecf553da13","2020-06-03","712.48","USD","","","STRIPE           TRANSFER          ST-L3A7P6O9U2M2 THE WILDFLOWER FOUNDAT","[]","0","0.00","[]","0","0.00","[]","0","0.00","[]","0","0.00","712.48"
"bdep_c264f3e843e5692388cf45cf","bnk_c264f3e843e5692388cf45cf","2026-04-21","3960.88","USD","","","Bill.com         Receivable        015SBDLRCMYNL6Y Multiple Payments Bill.com Receivables 015SBDLRC","[]","0","0.00","[]","0","0.00","[]","0","0.00","[{""id"":""bdqr_bdep_c264f3e843e5692388cf45cf"",""bank_deposit_id"":""bdep_c264f3e843e5692388cf45cf"",""bank_transaction_id"":""bnk_2da958f96e5851de47cd4250"",""amount"":""3960.88"",""deposit_date"":""2026-04-21"",""txn_date"":""2026-04-21"",""txn_type"":""Journal"",""ref_no"":""JE Bill 4.21.26 AR"",""payee"":"""",""memo"":""BILL 04/21/26 AR Payments"",""qb_posting"":"""",""account"":"""",""class"":"""",""reconciliation_status"":""Reconciled"",""ambiguous"":""false""}]","1","3960.88","3960.88"
"bdep_04317e3084f8f4d1171b9109","bnk_04317e3084f8f4d1171b9109","2020-07-28","528.17","USD","","","STRIPE           TRANSFER          ST-A0S9F3H4X0T1 THE WILDFLOWER FOUNDAT","[]","0","0.00","[]","0","0.00","[]","0","0.00","[]","0","0.00","528.17"
"bdep_d559635b9826d543472fe316","bnk_d559635b9826d543472fe316","2020-08-25","47.65","USD","","","STRIPE           TRANSFER          ST-L5U3E9M5W6N2 THE WILDFLOWER FOUNDAT","[]","0","0.00","[]","0","0.00","[]","0","0.00","[]","0","0.00","47.65"
"bdep_b098f08c0bd354bde86a5c44","bnk_b098f08c0bd354bde86a5c44","2023-11-28","100000","USD","","","Center for Educa Bill.com          025TGKNUXLPG21Q Center for Education Reform dba Yass Foundation","[{""component_id"":""bdc_zi6j_jjO2swt8Ot33qiDp"",""payment_unit_id"":""pu_zi6j_jjO2swt8Ot33qiDp"",""kind"":""check"",""amount"":""100000.00"",""source"":""qbo_inferred"",""source_staged_payment_id"":""zi6j_jjO2swt8Ot33qiDp"",""staged_payer"":""Center for Education Reform dba Yass Foundation for Education"",""staged_date"":""2023-11-28"",""qb_deposit_id"":""26863"",""reconciliation_flag"":""ok"",""unit_kind"":""check"",""unit_evidence_id"":""zi6j_jjO2swt8Ot33qiDp""}]","1","100000.00","[{""id"":""pu_zi6j_jjO2swt8Ot33qiDp"",""kind"":""check"",""evidence_id"":""zi6j_jjO2swt8Ot33qiDp"",""stripe_charge_id"":"""",""source_staged_payment_id"":""zi6j_jjO2swt8Ot33qiDp"",""gross_amount"":""100000.00"",""fee_amount"":"""",""net_amount"":""100000.00"",""currency"":""USD"",""received_date"":""2023-11-28"",""lifecycle"":""received""}]","1","100000.00","[]","0","0.00","[]","0","0.00","0.00"
"bdep_183a8d5a6730def398cb9eee","bnk_183a8d5a6730def398cb9eee","2019-12-05","456.37","USD","","","STRIPE           TRANSFER          ST-E8O6I4X9T2D2 THE WILDFLOWER FOUNDAT","[]","0","0.00","[]","0","0.00","[]","0","0.00","[]","0","0.00","456.37"
"bdep_ac999f61c383d5af51f9b57c","bnk_ac999f61c383d5af51f9b57c","2024-09-13","858.18","USD","","","Minnesota Wildfl Receivable        016TLZCCX3HF4N1 016TLZCCX3HF4N1 Minnesota Wildfl Bill.com Inv 79","[]","0","0.00","[]","0","0.00","[]","0","0.00","[{""id"":""bdqr_bdep_ac999f61c383d5af51f9b57c"",""bank_deposit_id"":""bdep_ac999f61c383d5af51f9b57c"",""bank_transaction_id"":""bnk_9ae97351a36284353f356840"",""amount"":""858.18"",""deposit_date"":""2024-09-13"",""txn_date"":""2024-09-13"",""txn_type"":""Payment"",""ref_no"":"""",""payee"":""Water Lily (C)"",""memo"":""Received via ACH from MWMS Bill"",""qb_posting"":"""",""account"":""1503 Pledges/Services Receivable"",""class"":"""",""reconciliation_status"":""Reconciled"",""ambiguous"":""false""}]","1","858.18","858.18"
"bdep_fb257c6f495c06b38f700413","bnk_fb257c6f495c06b38f700413","2022-12-08","496.36","USD","","","STRIPE           TRANSFER          ST-W7C8A0M4P9W6 THE WILDFLOWER FOUNDAT","[]","0","0.00","[]","0","0.00","[{""stripe_payout_id"":""po_1MCEFlAhXr9x8yiRqKocqk99"",""bank_deposit_id"":""bdep_fb257c6f495c06b38f700413"",""amount"":""496.36"",""currency"":""USD"",""arrival_date"":""2022-12-07"",""deposit_date"":""2022-12-08"",""ambiguous_bank_match"":""false"",""payer_name"":""""}]","1","496.36","[]","0","0.00","496.36"
"bdep_401e28e79684d7fef1bdb78c","bnk_401e28e79684d7fef1bdb78c","2018-10-12","1665.28","USD","","","INTUIT PYMT SOLN DEPOSIT 181012 524771997507722 THE WILDFLOWER FOUNDAT","[]","0","0.00","[]","0","0.00","[]","0","0.00","[{""id"":""bdqr_bdep_401e28e79684d7fef1bdb78c"",""bank_deposit_id"":""bdep_401e28e79684d7fef1bdb78c"",""bank_transaction_id"":""bnk_504e044af24fe29ae98a75f9"",""amount"":""1665.28"",""deposit_date"":""2018-10-12"",""txn_date"":""2018-10-11"",""txn_type"":""Deposit"",""ref_no"":"""",""payee"":""Loan - Dandelion"",""memo"":""System-recorded deposit for QuickBooks Payments"",""qb_posting"":"""",""account"":""1501 Undeposited Funds"",""class"":"""",""reconciliation_status"":""Reconciled"",""ambiguous"":""false""}]","1","1665.28","1665.28"
"bdep_af067bba5d54a1622ba78d34","bnk_af067bba5d54a1622ba78d34","2019-11-26","75","USD","","","INTUIT PYMT SOLN DEPOSIT    191126 524771997507722 THE WILDFLOWER FOUNDAT","[]","0","0.00","[]","0","0.00","[]","0","0.00","[{""id"":""bdqr_bdep_af067bba5d54a1622ba78d34"",""bank_deposit_id"":""bdep_af067bba5d54a1622ba78d34"",""bank_transaction_id"":""bnk_12788fbd6cb62a0d35e808d8"",""amount"":""75"",""deposit_date"":""2019-11-26"",""txn_date"":""2019-11-25"",""txn_type"":""Deposit"",""ref_no"":"""",""payee"":""Loan - Allium"",""memo"":""System-recorded deposit for QuickBooks Payments"",""qb_posting"":"""",""account"":""1501 Undeposited Funds"",""class"":"""",""reconciliation_status"":""Reconciled"",""ambiguous"":""false""}]","1","75.00","75.00"
"bdep_8b87df8b44b9d1d3692f9a87","bnk_8b87df8b44b9d1d3692f9a87","2022-01-31","250","USD","","","Morgan Stanley   ACH CREDIT 220128 101208553102jno The Wildflower Foundat","[]","0","0.00","[]","0","0.00","[]","0","0.00","[]","0","0.00","250.00"
"bdep_18e65ad6ded8bdb3b8dba812","bnk_18e65ad6ded8bdb3b8dba812","2021-04-27","783.35","USD","","","GUSTO            TLR 955479 210427 6semjpn3kus     The Wildflower Foundat","[]","0","0.00","[]","0","0.00","[]","0","0.00","[]","0","0.00","783.35"
"bdep_4b8cd9e30e301b2092a0960c","bnk_4b8cd9e30e301b2092a0960c","2024-05-23","2184","USD","","","DC WILDFLOWER PU EFT PYMT   052224 Charter School  The Wildflower Foundat","[]","0","0.00","[]","0","0.00","[]","0","0.00","[]","0","0.00","2184.00"
"bdep_6caff26618f93a512ac9822a","bnk_6caff26618f93a512ac9822a","2024-11-22","3731.18","USD","","","Minnesota Wildfl Receivable        016NQPJLC3K3PO3 016NQPJLC3K3PO3 Minnesota Wildfl Bill.com Inv CS","[]","0","0.00","[]","0","0.00","[]","0","0.00","[]","0","0.00","3731.18"
"bdep_4d3f665c503e5c1da61aa87a","bnk_4d3f665c503e5c1da61aa87a","2020-04-16","33.68","USD","","","STRIPE           TRANSFER          ST-E0Y4J1U5H6A0 THE WILDFLOWER FOUNDAT","[]","0","0.00","[]","0","0.00","[]","0","0.00","[]","0","0.00","33.68"
"bdep_b7d151361b04fe02fc3531fb","bnk_b7d151361b04fe02fc3531fb","2020-01-28","104840","USD","","","ATM CHECK DEPOSIT              ON              01/28 1505 WEST LAKE ST         MINNEAPOLIS   MN  0008316           ATM ID 6991J    CARD 7365","[]","0","0.00","[]","0","0.00","[]","0","0.00","[]","0","0.00","104840.00"
"bdep_0bd322dc20497ba2b9e1106a","bnk_0bd322dc20497ba2b9e1106a","2021-12-10","93.1","USD","","","MIGHTYCAUSE FDN  GRANTDEP   211209       XXXXX6681 WILDFLOWER FOUNDATION","[{""component_id"":""bdc_E2kzxNSdcARC9Brpw9R3I"",""payment_unit_id"":""pu_E2kzxNSdcARC9Brpw9R3I"",""kind"":""other"",""amount"":""93.10"",""source"":""qbo_inferred"",""source_staged_payment_id"":""E2kzxNSdcARC9Brpw9R3I"",""staged_payer"":"""",""staged_date"":""2021-12-10"",""qb_deposit_id"":""18457"",""reconciliation_flag"":""ok"",""unit_kind"":""other"",""unit_evidence_id"":""E2kzxNSdcARC9Brpw9R3I""}]","1","93.10","[{""id"":""pu_E2kzxNSdcARC9Brpw9R3I"",""kind"":""other"",""evidence_id"":""E2kzxNSdcARC9Brpw9R3I"",""stripe_charge_id"":"""",""source_staged_payment_id"":""E2kzxNSdcARC9Brpw9R3I"",""gross_amount"":""93.10"",""fee_amount"":"""",""net_amount"":""93.10"",""currency"":""USD"",""received_date"":""2021-12-10"",""lifecycle"":""received""}]","1","93.10","[]","0","0.00","[]","0","0.00","0.00"
"bdep_333d43b495b84ffe35bc383a","bnk_333d43b495b84ffe35bc383a","2020-09-30","12.62","USD","","","KYEmploymt       HIST RTN   200930 502-875-3733    The Wildflower Foundat","[]","0","0.00","[]","0","0.00","[]","0","0.00","[]","0","0.00","12.62"
"bdep_546bf167f864680f13660d81","bnk_546bf167f864680f13660d81","2023-05-15","2222.2","USD","","","BASIC            BASICCOBRA 230515                 The Wildflower Foundat","[]","0","0.00","[]","0","0.00","[]","0","0.00","[]","0","0.00","2222.20"
"bdep_53b4ce0c40ca07569d7cabf4","bnk_53b4ce0c40ca07569d7cabf4","2025-10-14","1251.44","USD","","","Bill.com         Receivable        015GYZEWZBP0VC0 Trout Lily Montessori Bill.com 015GYZEWZBP0VC0 I","[]","0","0.00","[]","0","0.00","[]","0","0.00","[{""id"":""bdqr_bdep_53b4ce0c40ca07569d7cabf4"",""bank_deposit_id"":""bdep_53b4ce0c40ca07569d7cabf4"",""bank_transaction_id"":""bnk_9f4a3fca2aa21dd344794157"",""amount"":""1251.44"",""deposit_date"":""2025-10-14"",""txn_date"":""2025-10-14"",""txn_type"":""Journal"",""ref_no"":""Stmt Cr Reward Mar 37"",""payee"":"""",""memo"":""BILL 10/14/25 AR Payments"",""qb_posting"":"""",""account"":"""",""class"":"""",""reconciliation_status"":""Reconciled"",""ambiguous"":""false""}]","1","1251.44","1251.44"
"bdep_de3f5784cf3aeda76079797e","bnk_de3f5784cf3aeda76079797e","2026-02-24","58653.43","USD","","","ONLINE TRANSFER CSP DECEMBER 25 PAYROLL REF #BB0WYZ5SBS","[]","0","0.00","[]","0","0.00","[]","0","0.00","[{""id"":""bdqr_bdep_de3f5784cf3aeda76079797e"",""bank_deposit_id"":""bdep_de3f5784cf3aeda76079797e"",""bank_transaction_id"":""bnk_b2be21bcabcc5b95040d4e7b"",""amount"":""58653.43"",""deposit_date"":""2026-02-24"",""txn_date"":""2026-02-24"",""txn_type"":""Transfer"",""ref_no"":"""",""payee"":"""",""memo"":""Transfer of Jan CSP payroll reimbursement"",""qb_posting"":"""",""account"":""TWF CSP Rep grant (1340) - 2"",""class"":"""",""reconciliation_status"":""Reconciled"",""ambiguous"":""false""}]","1","58653.43","58653.43"
"bdep_1816115f45ccbf890a68db7f","bnk_1816115f45ccbf890a68db7f","2026-05-14","1854.33","USD","","","Bill.com         Receivable        015VOHQGMGZXOEQ Aster Montessori School Inc Bill.com 015VOHQGMGZ","[]","0","0.00","[]","0","0.00","[]","0","0.00","[{""id"":""bdqr_bdep_1816115f45ccbf890a68db7f"",""bank_deposit_id"":""bdep_1816115f45ccbf890a68db7f"",""bank_transaction_id"":""bnk_fe94b4eeb4cf06549034c862"",""amount"":""1854.33"",""deposit_date"":""2026-05-14"",""txn_date"":""2026-05-14"",""txn_type"":""Journal"",""ref_no"":""JE CSP IDC Mar 2029"",""payee"":"""",""memo"":""BILL 05/14/26 AR Payments"",""qb_posting"":"""",""account"":"""",""class"":"""",""reconciliation_status"":""Reconciled"",""ambiguous"":""false""}]","1","1854.33","1854.33"
"bdep_a2d35f82df65a63f82d0b190","bnk_a2d35f82df65a63f82d0b190","2023-08-21","11478","USD","","","DC WILDFLOWER PU EFT PYMT   081823 Charter School  The Wildflower Foundat","[]","0","0.00","[]","0","0.00","[]","0","0.00","[]","0","0.00","11478.00"
"bdep_5329368550be157c613d7828","bnk_5329368550be157c613d7828","2018-10-11","1754.17","USD","","","INTUIT PYMT SOLN DEPOSIT 181011 524771997507722 THE WILDFLOWER FOUNDAT","[]","0","0.00","[]","0","0.00","[]","0","0.00","[{""id"":""bdqr_bdep_5329368550be157c613d7828"",""bank_deposit_id"":""bdep_5329368550be157c613d7828"",""bank_transaction_id"":""bnk_09bbc6737601cf892e1e5c5c"",""amount"":""1754.17"",""deposit_date"":""2018-10-11"",""txn_date"":""2018-10-10"",""txn_type"":""Deposit"",""ref_no"":"""",""payee"":"""",""memo"":""System-recorded deposit for QuickBooks Payments"",""qb_posting"":"""",""account"":"""",""class"":"""",""reconciliation_status"":""Reconciled"",""ambiguous"":""false""}]","1","1754.17","1754.17"
"bdep_dc265180c43658bf36041aa6","bnk_dc265180c43658bf36041aa6","2019-12-24","700","USD","","","INTUIT PYMT SOLN DEPOSIT    191224 524771997507722 THE WILDFLOWER FOUNDAT","[]","0","0.00","[]","0","0.00","[]","0","0.00","[{""id"":""bdqr_bdep_dc265180c43658bf36041aa6"",""bank_deposit_id"":""bdep_dc265180c43658bf36041aa6"",""bank_transaction_id"":""bnk_b83fa8ba33abc12ba6e838e9"",""amount"":""700"",""deposit_date"":""2019-12-24"",""txn_date"":""2019-12-23"",""txn_type"":""Deposit"",""ref_no"":"""",""payee"":"""",""memo"":""System-recorded deposit for QuickBooks Payments"",""qb_posting"":"""",""account"":"""",""class"":"""",""reconciliation_status"":""Reconciled"",""ambiguous"":""false""}]","1","700.00","700.00"
"bdep_2dcbed350a0e0e92f340bb4b","bnk_2dcbed350a0e0e92f340bb4b","2018-09-28","237.5","USD","","","INTUIT PYMT SOLN DEPOSIT 180928 524771997507722 THE WILDFLOWER FOUNDAT","[]","0","0.00","[]","0","0.00","[]","0","0.00","[{""id"":""bdqr_bdep_2dcbed350a0e0e92f340bb4b"",""bank_deposit_id"":""bdep_2dcbed350a0e0e92f340bb4b"",""bank_transaction_id"":""bnk_c05e3fe588d36e9149348072"",""amount"":""237.5"",""deposit_date"":""2018-09-28"",""txn_date"":""2018-09-27"",""txn_type"":""Deposit"",""ref_no"":"""",""payee"":""Loan - Sweet Pea Montessori"",""memo"":""System-recorded deposit for QuickBooks Payments"",""qb_posting"":"""",""account"":""1501 Undeposited Funds"",""class"":"""",""reconciliation_status"":""Reconciled"",""ambiguous"":""false""}]","1","237.50","237.50"
"bdep_ff375b3857bc4739cd4bdf58","bnk_ff375b3857bc4739cd4bdf58","2018-03-07","967.11","USD","","","ALERUS PLAN FUND 18064D724F382 THE WILDFLOWER FOUNDAT","[]","0","0.00","[]","0","0.00","[]","0","0.00","[]","0","0.00","967.11"
"bdep_0f3e8f014cf5433950dbcbda","bnk_0f3e8f014cf5433950dbcbda","2026-06-05","215000","USD","","","TRANSFER FROM BRK ****9888 REF# 628685467","[]","0","0.00","[]","0","0.00","[]","0","0.00","[{""id"":""bdqr_bdep_0f3e8f014cf5433950dbcbda"",""bank_deposit_id"":""bdep_0f3e8f014cf5433950dbcbda"",""bank_transaction_id"":""bnk_afdefaff1bec43f4bf0e1614"",""amount"":""215000"",""deposit_date"":""2026-06-05"",""txn_date"":""2026-06-05"",""txn_type"":""Transfer"",""ref_no"":"""",""payee"":"""",""memo"":""To record transfer from Brokerage to Operating"",""qb_posting"":"""",""account"":""1004 BROKERAGE"",""class"":"""",""reconciliation_status"":""Reconciled"",""ambiguous"":""false""}]","1","215000.00","215000.00"
"bdep_dc6ac1c56cb65fb453fd6acc","bnk_dc6ac1c56cb65fb453fd6acc","2025-10-09","3750","USD","","","The Sunlight Loa Receivable        016WFWHMH3VTZ6N 016WFWHMH3VTZ6N The Sunlight Loa Bill.com Inv TW","[]","0","0.00","[]","0","0.00","[]","0","0.00","[]","0","0.00","3750.00"
"bdep_8feffa65a84f67de5fb10a01","bnk_8feffa65a84f67de5fb10a01","2024-10-24","1454.55","USD","","","Wildflower Monte Receivable        016NVCLHW3IZJZI 016NVCLHW3IZJZI Wildflower Monte Bill.com Inv 79","[]","0","0.00","[]","0","0.00","[]","0","0.00","[]","0","0.00","1454.55"
"bdep_e2316dbd33b2a42e9efd5d89","bnk_e2316dbd33b2a42e9efd5d89","2018-04-30","1604.17","USD","","","INTUIT PYMT SOLN DEPOSIT 180429 524771997507722 THE WILDFLOWER FOUNDAT","[]","0","0.00","[]","0","0.00","[]","0","0.00","[{""id"":""bdqr_bdep_e2316dbd33b2a42e9efd5d89"",""bank_deposit_id"":""bdep_e2316dbd33b2a42e9efd5d89"",""bank_transaction_id"":""bnk_e140fb5b89ee2d00b631642c"",""amount"":""1604.17"",""deposit_date"":""2018-04-30"",""txn_date"":""2018-04-28"",""txn_type"":""Deposit"",""ref_no"":"""",""payee"":""Loan - Wildflower"",""memo"":""System-recorded deposit for QuickBooks Payments"",""qb_posting"":"""",""account"":""1501 Undeposited Funds"",""class"":"""",""reconciliation_status"":""Reconciled"",""ambiguous"":""false""}]","1","1604.17","1604.17"
"bdep_cfba730d244b314ecbab33da","bnk_cfba730d244b314ecbab33da","2023-01-27","30.34","USD","","","AMER ONLINE GIV1 EDI PAYMNT JAN 24 9JJUZ6CKJX      REF*TN*9JJUZ6CKJX*Donation from AOGFcauses.benev","[{""component_id"":""bdc_6H7mfNQXLJNB2zuBpewNd"",""payment_unit_id"":""pu_6H7mfNQXLJNB2zuBpewNd"",""kind"":""other"",""amount"":""30.34"",""source"":""qbo_inferred"",""source_staged_payment_id"":""6H7mfNQXLJNB2zuBpewNd"",""staged_payer"":""AMY HERTEL"",""staged_date"":""2023-01-27"",""qb_deposit_id"":""23145"",""reconciliation_flag"":""ok"",""unit_kind"":""other"",""unit_evidence_id"":""6H7mfNQXLJNB2zuBpewNd""}]","1","30.34","[{""id"":""pu_6H7mfNQXLJNB2zuBpewNd"",""kind"":""other"",""evidence_id"":""6H7mfNQXLJNB2zuBpewNd"",""stripe_charge_id"":"""",""source_staged_payment_id"":""6H7mfNQXLJNB2zuBpewNd"",""gross_amount"":""30.34"",""fee_amount"":"""",""net_amount"":""30.34"",""currency"":""USD"",""received_date"":""2023-01-27"",""lifecycle"":""received""}]","1","30.34","[]","0","0.00","[]","0","0.00","0.00"
"bdep_ab6a359cd313b1f6e81bc5d5","bnk_ab6a359cd313b1f6e81bc5d5","2025-06-02","653.68","USD","","","Sundrops Montess Receivable        016GRELIN3R1CHZ 016GRELIN3R1CHZ Sundrops Montess Bill.com Inv TW","[]","0","0.00","[]","0","0.00","[]","0","0.00","[]","0","0.00","653.68"
"bdep_b2c7c0676553b52e3c49a93e","bnk_b2c7c0676553b52e3c49a93e","2023-06-01","248.18","USD","","","STRIPE           TRANSFER          ST-Q9E1Q8W2F6J5 THE WILDFLOWER FOUNDAT","[]","0","0.00","[]","0","0.00","[{""stripe_payout_id"":""po_1NDfleAhXr9x8yiRMVzV6gis"",""bank_deposit_id"":""bdep_b2c7c0676553b52e3c49a93e"",""amount"":""248.18"",""currency"":""USD"",""arrival_date"":""2023-05-31"",""deposit_date"":""2023-06-01"",""ambiguous_bank_match"":""false"",""payer_name"":""""}]","1","248.18","[]","0","0.00","248.18"
"bdep_f3b53d72a9d2a81e4f27085a","bnk_f3b53d72a9d2a81e4f27085a","2023-12-14","8578.61","USD","","","LISC             ACH PAYMEN 121423 564273          THE WILDFLOWER FOUNDAT","[]","0","0.00","[]","0","0.00","[]","0","0.00","[{""id"":""bdqr_bdep_f3b53d72a9d2a81e4f27085a"",""bank_deposit_id"":""bdep_f3b53d72a9d2a81e4f27085a"",""bank_transaction_id"":""bnk_dbfacb03e1a843e0d6b0fdf8"",""amount"":""8578.61"",""deposit_date"":""2023-12-14"",""txn_date"":""2023-12-14"",""txn_type"":""Payment"",""ref_no"":"""",""payee"":""Local Initiatives Support Corporation (LISC)"",""memo"":"""",""qb_posting"":"""",""account"":""1503 Pledges/Services Receivable"",""class"":"""",""reconciliation_status"":""Reconciled"",""ambiguous"":""false""}]","1","8578.61","8578.61"
"bdep_d7b8d214676e6f00dd1bce22","bnk_d7b8d214676e6f00dd1bce22","2021-01-13","4238.45","USD","","","STRIPE           TRANSFER          ST-I2W0E0K1X7D6 THE WILDFLOWER FOUNDAT","[]","0","0.00","[]","0","0.00","[]","0","0.00","[]","0","0.00","4238.45"
"bdep_77313172e057a400d93bcdbb","bnk_77313172e057a400d93bcdbb","2020-11-23","816.67","USD","","","INTUIT PYMT SOLN DEPOSIT    201121 524771990592861 THE WILDFLOWER FOUNDAT","[]","0","0.00","[]","0","0.00","[]","0","0.00","[{""id"":""bdqr_bdep_77313172e057a400d93bcdbb"",""bank_deposit_id"":""bdep_77313172e057a400d93bcdbb"",""bank_transaction_id"":""bnk_923431af59276d3118222339"",""amount"":""816.67"",""deposit_date"":""2020-11-23"",""txn_date"":""2020-11-20"",""txn_type"":""Deposit"",""ref_no"":"""",""payee"":"""",""memo"":""System-recorded deposit for QuickBooks Payments"",""qb_posting"":"""",""account"":"""",""class"":"""",""reconciliation_status"":""Reconciled"",""ambiguous"":""false""}]","1","816.67","816.67"
"bdep_a718f0047b7350e0e2f8ac8e","bnk_a718f0047b7350e0e2f8ac8e","2019-08-26","200","USD","","","INTUIT PYMT SOLN DEPOSIT    190824 524771997507722 THE WILDFLOWER FOUNDAT","[]","0","0.00","[]","0","0.00","[]","0","0.00","[]","0","0.00","200.00"
"bdep_0fd2ce3324cfd0ef17a6e690","bnk_0fd2ce3324cfd0ef17a6e690","2018-11-23","193.6","USD","","","STRIPE           TRANSFER                          X 201811231","[]","0","0.00","[]","0","0.00","[]","0","0.00","[]","0","0.00","193.60"
"bdep_f6e3872e0d5bbaf8c739ced5","bnk_f6e3872e0d5bbaf8c739ced5","2026-04-03","3750","USD","","","The Sunlight Loa Receivable        016AMBEKT4284WP 016AMBEKT4284WP The Sunlight Loa Bill.com Inv TW","[]","0","0.00","[]","0","0.00","[]","0","0.00","[{""id"":""bdqr_bdep_f6e3872e0d5bbaf8c739ced5"",""bank_deposit_id"":""bdep_f6e3872e0d5bbaf8c739ced5"",""bank_transaction_id"":""bnk_46f75bf9ff9493b6c5fea6f1"",""amount"":""3750"",""deposit_date"":""2026-04-03"",""txn_date"":""2026-04-02"",""txn_type"":""Payment"",""ref_no"":""P26040202 - 1146236"",""payee"":""The Sunlight Loan Fund, LLC"",""memo"":""Inv TWF-SL InvQ3-26"",""qb_posting"":"""",""account"":""1503 Pledges/Services Receivable"",""class"":"""",""reconciliation_status"":""Reconciled"",""ambiguous"":""false""}]","1","3750.00","3750.00"
"bdep_a0dea6857387ecf842687396","bnk_a0dea6857387ecf842687396","2020-11-13","7500","USD","","","NEW SCHOOLS 1310 PAYMENTS          VEN000829       WILDFLOWER FOUNDATION","[]","0","0.00","[]","0","0.00","[]","0","0.00","[{""id"":""bdqr_bdep_a0dea6857387ecf842687396"",""bank_deposit_id"":""bdep_a0dea6857387ecf842687396"",""bank_transaction_id"":""bnk_88aff29f914956bc0b7f2359"",""amount"":""7500"",""deposit_date"":""2020-11-13"",""txn_date"":""2020-11-13"",""txn_type"":""Payment"",""ref_no"":"""",""payee"":""New Schools Venture Fund"",""memo"":"""",""qb_posting"":"""",""account"":""1503 Pledges/Services Receivable"",""class"":"""",""reconciliation_status"":""Reconciled"",""ambiguous"":""false""}]","1","7500.00","7500.00"
"bdep_86378ec4e20876dba3433e3a","bnk_86378ec4e20876dba3433e3a","2022-06-03","1000000","USD","","","VANGRDCHARITABLE GRANTPYMNT        41790448        WILDFLOWER FOUNDATION","[]","0","0.00","[]","0","0.00","[]","0","0.00","[]","0","0.00","1000000.00"
"bdep_0e8e1789bf9d73d8ca456a9a","bnk_0e8e1789bf9d73d8ca456a9a","2020-06-01","86250","USD","","","ACH RETURNS       - THE WILDFLOWER F - FILE 7878782339 COID 1812826681","[]","0","0.00","[]","0","0.00","[]","0","0.00","[]","0","0.00","86250.00"
"bdep_08b0af7bff92cc6ef6b200fe","bnk_08b0af7bff92cc6ef6b200fe","2024-02-02","79993.65","USD","","","DEPOSIT","[]","0","0.00","[]","0","0.00","[]","0","0.00","[]","0","0.00","79993.65"
"bdep_162d05c67ff653cd31aa1f50","bnk_162d05c67ff653cd31aa1f50","2026-04-09","743.78","USD","","","Bill.com         Receivable        015ZKYFLHHXX4DW Dahlia Montessori Inc. Bill.com 015ZKYFLHHXX4DW","[]","0","0.00","[]","0","0.00","[]","0","0.00","[{""id"":""bdqr_bdep_162d05c67ff653cd31aa1f50"",""bank_deposit_id"":""bdep_162d05c67ff653cd31aa1f50"",""bank_transaction_id"":""bnk_2ef0372a51bdf0f85cf5ddbd"",""amount"":""743.78"",""deposit_date"":""2026-04-09"",""txn_date"":""2026-04-09"",""txn_type"":""Journal"",""ref_no"":""JE Bill 4.9.26 AR Pmt"",""payee"":"""",""memo"":""BILL 04/09/26 AR Payments"",""qb_posting"":"""",""account"":"""",""class"":"""",""reconciliation_status"":""Reconciled"",""ambiguous"":""false""}]","1","743.78","743.78"
"bdep_66035db77ae3180947edd947","bnk_66035db77ae3180947edd947","2019-11-26","93.1","USD","","","MIGHTYCAUSE CHAR GrantDep                XXXXX6681 PERIOD: NOVEMBER 2019 - DISB# 407237","[{""component_id"":""bdc_-L6KY58mi0-N4vL8jAKEY"",""payment_unit_id"":""pu_-L6KY58mi0-N4vL8jAKEY"",""kind"":""other"",""amount"":""93.10"",""source"":""qbo_inferred"",""source_staged_payment_id"":""-L6KY58mi0-N4vL8jAKEY"",""staged_payer"":""Mighty Cause"",""staged_date"":""2019-11-26"",""qb_deposit_id"":""10312"",""reconciliation_flag"":""ok"",""unit_kind"":""other"",""unit_evidence_id"":""-L6KY58mi0-N4vL8jAKEY""}]","1","93.10","[{""id"":""pu_-L6KY58mi0-N4vL8jAKEY"",""kind"":""other"",""evidence_id"":""-L6KY58mi0-N4vL8jAKEY"",""stripe_charge_id"":"""",""source_staged_payment_id"":""-L6KY58mi0-N4vL8jAKEY"",""gross_amount"":""93.10"",""fee_amount"":"""",""net_amount"":""93.10"",""currency"":""USD"",""received_date"":""2019-11-26"",""lifecycle"":""received""}]","1","93.10","[]","0","0.00","[]","0","0.00","0.00"
"bdep_d4aaf8081782e287a52799b4","bnk_d4aaf8081782e287a52799b4","2026-01-20","4623.66","USD","","","Minnesota Wildfl Receivable        016AIOVZL3ZEDFH 016AIOVZL3ZEDFH Minnesota Wildfl Bill.com Inv TW","[]","0","0.00","[]","0","0.00","[]","0","0.00","[]","0","0.00","4623.66"
"bdep_419847e279715767542e63c0","bnk_419847e279715767542e63c0","2019-06-11","419.25","USD","","","1330 Lagoon Aven PAYMENTS   190610 EFT-00631996    NTE*ZZZ*PO986MN34NGDDAEE2N,\","[]","0","0.00","[]","0","0.00","[]","0","0.00","[]","0","0.00","419.25"
"bdep_a5a157e4f221d73df9bcb2dd","bnk_a5a157e4f221d73df9bcb2dd","2024-08-21","811.08","USD","","","Snowdrop Montess Bill.com          026BDNHON11G8P2 Snowdrop Montessori School, Inc. Bill.com 026BDN","[]","0","0.00","[]","0","0.00","[]","0","0.00","[]","0","0.00","811.08"
"bdep_cf45ccef8a15449d77ee861a","bnk_cf45ccef8a15449d77ee861a","2020-10-09","1000000","USD","","","WT FED#03400 PNC BANK, N.A.        /ORG=SPRING POINT PARTNERS LLC                     SRF#    20A9L2532HGR55KY TRN#201009201996  RFB#                 SPP","[]","0","0.00","[]","0","0.00","[]","0","0.00","[{""id"":""bdqr_bdep_cf45ccef8a15449d77ee861a"",""bank_deposit_id"":""bdep_cf45ccef8a15449d77ee861a"",""bank_transaction_id"":""bnk_4850292874f1b547f843faf6"",""amount"":""1000000"",""deposit_date"":""2020-10-09"",""txn_date"":""2020-10-09"",""txn_type"":""Payment"",""ref_no"":"""",""payee"":""Spring Point Partners"",""memo"":"""",""qb_posting"":"""",""account"":""1503 Pledges/Services Receivable"",""class"":"""",""reconciliation_status"":""Reconciled"",""ambiguous"":""false""}]","1","1000000.00","1000000.00"
"bdep_097b58ec58073f697952bbb7","bnk_097b58ec58073f697952bbb7","2017-01-10","6666.67","USD","","","ATM CHECK DEPOSIT 01/10 4712 CHICAGO AVE S MINNEAPOLIS MN 5819T 7365","[]","0","0.00","[]","0","0.00","[]","0","0.00","[]","0","0.00","6666.67"
"bdep_19cdcc64983e260027e80125","bnk_19cdcc64983e260027e80125","2020-01-23","850","USD","","","INTUIT PYMT SOLN DEPOSIT    200123 524771997507722 THE WILDFLOWER FOUNDAT","[]","0","0.00","[]","0","0.00","[]","0","0.00","[{""id"":""bdqr_bdep_19cdcc64983e260027e80125"",""bank_deposit_id"":""bdep_19cdcc64983e260027e80125"",""bank_transaction_id"":""bnk_8d8a45c68b7de17ac52a5ca0"",""amount"":""850"",""deposit_date"":""2020-01-23"",""txn_date"":""2020-01-22"",""txn_type"":""Deposit"",""ref_no"":"""",""payee"":"""",""memo"":""System-recorded deposit for QuickBooks Payments"",""qb_posting"":"""",""account"":"""",""class"":"""",""reconciliation_status"":""Reconciled"",""ambiguous"":""false""}]","1","850.00","850.00"
"bdep_4d6a31afe32e1808fdfb0e83","bnk_4d6a31afe32e1808fdfb0e83","2019-10-18","129.75","USD","","","1330 Lagoon Aven PAYMENTS   191017 EFT-00852231    NTE*ZZZ*POD28YPBJ8H4GT4W32,\","[]","0","0.00","[]","0","0.00","[]","0","0.00","[]","0","0.00","129.75"
"bdep_74dc42f14dd65399b45ad052","bnk_74dc42f14dd65399b45ad052","2019-05-06","28.83","USD","","","STRIPE           TRANSFER          ST-N4M4E7W8K6I4 THE WILDFLOWER FOUNDAT","[]","0","0.00","[]","0","0.00","[]","0","0.00","[]","0","0.00","28.83"
"bdep_6ed6d2667230d19d9735bc80","bnk_6ed6d2667230d19d9735bc80","2026-03-09","666.67","USD","","","Bill.com         Receivable        015TGETOHDWA3DD Pinyon Montessori Bill.com 015TGETOHDWA3DD Inv #","[]","0","0.00","[]","0","0.00","[]","0","0.00","[{""id"":""bdqr_bdep_6ed6d2667230d19d9735bc80"",""bank_deposit_id"":""bdep_6ed6d2667230d19d9735bc80"",""bank_transaction_id"":""bnk_7ba948b45cc42b3429442b13"",""amount"":""666.67"",""deposit_date"":""2026-03-09"",""txn_date"":""2026-03-09"",""txn_type"":""Journal"",""ref_no"":""JE CSP # Jan 32"",""payee"":"""",""memo"":""BILL 03/09/26 AR Payments"",""qb_posting"":"""",""account"":"""",""class"":"""",""reconciliation_status"":""Reconciled"",""ambiguous"":""false""}]","1","666.67","666.67"
"bdep_ca613db72b87c91fb9aa6473","bnk_ca613db72b87c91fb9aa6473","2026-03-02","167897.19","USD","","","ONLINE TRANSFER JAN 26 CSP NONPAYROLL REF #BB0X3Q6824","[]","0","0.00","[]","0","0.00","[]","0","0.00","[{""id"":""bdqr_bdep_ca613db72b87c91fb9aa6473"",""bank_deposit_id"":""bdep_ca613db72b87c91fb9aa6473"",""bank_transaction_id"":""bnk_23ce651f7436bcb7a64c77d6"",""amount"":""167897.19"",""deposit_date"":""2026-03-02"",""txn_date"":""2026-03-02"",""txn_type"":""Transfer"",""ref_no"":"""",""payee"":"""",""memo"":""January CSP reimb for Operating Expenses"",""qb_posting"":"""",""account"":""TWF CSP Rep grant (1340) - 2"",""class"":"""",""reconciliation_status"":""Reconciled"",""ambiguous"":""false""}]","1","167897.19","167897.19"
"bdep_feb9f5ed7ef0a43be5ece56e","bnk_feb9f5ed7ef0a43be5ece56e","2024-10-31","5000","USD","","","WT FED#08440 JPMORGAN CHASE BAN    /ORG=ROBERT KINSMAN REVOCABLE TRUST                SRF#        XXXXXX0305ES TRN#XXXXXXXX9389  RFB#     OS1 OF 24/10/31","[{""component_id"":""bdc_Pr23YoDn3D4iCNZHj1W1B"",""payment_unit_id"":""pu_Pr23YoDn3D4iCNZHj1W1B"",""kind"":""other"",""amount"":""5000.00"",""source"":""qbo_inferred"",""source_staged_payment_id"":""Pr23YoDn3D4iCNZHj1W1B"",""staged_payer"":""Robert Kinsman"",""staged_date"":""2024-10-31"",""qb_deposit_id"":""30920"",""reconciliation_flag"":""ok"",""unit_kind"":""other"",""unit_evidence_id"":""Pr23YoDn3D4iCNZHj1W1B""}]","1","5000.00","[{""id"":""pu_Pr23YoDn3D4iCNZHj1W1B"",""kind"":""other"",""evidence_id"":""Pr23YoDn3D4iCNZHj1W1B"",""stripe_charge_id"":"""",""source_staged_payment_id"":""Pr23YoDn3D4iCNZHj1W1B"",""gross_amount"":""5000.00"",""fee_amount"":"""",""net_amount"":""5000.00"",""currency"":""USD"",""received_date"":""2024-10-31"",""lifecycle"":""received""}]","1","5000.00","[]","0","0.00","[]","0","0.00","0.00"
"bdep_d68869e34d4a56023d9b16a0","bnk_d68869e34d4a56023d9b16a0","2022-12-23","2.97","USD","","","GUSTO            TLR 115541 221223 6semjt72vh9     The Wildflower Foundat","[]","0","0.00","[]","0","0.00","[]","0","0.00","[]","0","0.00","2.97"
"bdep_9a10199a4b9e3e11cdb3498d","bnk_9a10199a4b9e3e11cdb3498d","2020-09-08","33.68","USD","","","STRIPE           TRANSFER          ST-T8A8J1T2A0A7 THE WILDFLOWER FOUNDAT","[]","0","0.00","[]","0","0.00","[]","0","0.00","[]","0","0.00","33.68"
"bdep_7e7b79c8ebd86d04d4d5ffdf","bnk_7e7b79c8ebd86d04d4d5ffdf","2026-04-02","2694.66","USD","","","Roxbury Roots Mo Receivable        016NRTJSD425QX1 016NRTJSD425QX1 Roxbury Roots Mo Bill.com Multip","[]","0","0.00","[]","0","0.00","[]","0","0.00","[{""id"":""bdqr_bdep_7e7b79c8ebd86d04d4d5ffdf"",""bank_deposit_id"":""bdep_7e7b79c8ebd86d04d4d5ffdf"",""bank_transaction_id"":""bnk_d4c937cf36d8ee0f002c361f"",""amount"":""2694.66"",""deposit_date"":""2026-04-02"",""txn_date"":""2026-04-01"",""txn_type"":""Payment"",""ref_no"":""P26033102 - 0636530"",""payee"":""Roxbury Roots Montessori, Inc."",""memo"":""Multiple invoices"",""qb_posting"":"""",""account"":""1503 Pledges/Services Receivable"",""class"":"""",""reconciliation_status"":""Reconciled"",""ambiguous"":""false""}]","1","2694.66","2694.66"
"bdep_34002caade91cdfcb4b78df0","bnk_34002caade91cdfcb4b78df0","2019-03-19","5","USD","","","MONEY TRANSFER                          AUTHORIZED ON   03/19 FROM Cameron Leonard                    MN  S00589078744722058 CARD 7365","[]","0","0.00","[]","0","0.00","[]","0","0.00","[]","0","0.00","5.00"
"bdep_09520f73568c566d47b63825","bnk_09520f73568c566d47b63825","2026-06-08","48739.6","USD","","","ONLINE TRANSFER CSP APRIL 26 PAYROLL REF #BB0YFTJP3R","[]","0","0.00","[]","0","0.00","[]","0","0.00","[{""id"":""bdqr_bdep_09520f73568c566d47b63825"",""bank_deposit_id"":""bdep_09520f73568c566d47b63825"",""bank_transaction_id"":""bnk_4bbcf3f102d2dde33d66b26b"",""amount"":""48739.6"",""deposit_date"":""2026-06-08"",""txn_date"":""2026-06-08"",""txn_type"":""Transfer"",""ref_no"":"""",""payee"":"""",""memo"":""Transfer from CSP to Operating - CSP reimbursement"",""qb_posting"":"""",""account"":""TWF CSP Rep grant (1340) - 2"",""class"":"""",""reconciliation_status"":""Reconciled"",""ambiguous"":""false""}]","1","48739.60","48739.60"
"bdep_69fa98e7a734297d701d5c83","bnk_69fa98e7a734297d701d5c83","2023-11-01","300000","USD","","","WT FED#02421 BANK OF AMERICA, N    /ORG=IMAGINABLE FUTURES FOUNDATION                 SRF#    2023103100681190 TRN#231101013482  RFB#    23AOF1207IS02234","[]","0","0.00","[]","0","0.00","[]","0","0.00","[{""id"":""bdqr_bdep_69fa98e7a734297d701d5c83"",""bank_deposit_id"":""bdep_69fa98e7a734297d701d5c83"",""bank_transaction_id"":""bnk_5344e0168d62b309858a3205"",""amount"":""300000"",""deposit_date"":""2023-11-01"",""txn_date"":""2023-11-01"",""txn_type"":""Payment"",""ref_no"":"""",""payee"":""Imaginable Futures"",""memo"":"""",""qb_posting"":"""",""account"":""1503 Pledges/Services Receivable"",""class"":"""",""reconciliation_status"":""Reconciled"",""ambiguous"":""false""}]","1","300000.00","300000.00"
"bdep_f8e0aa5b65b2524e04aed156","bnk_f8e0aa5b65b2524e04aed156","2019-02-28","549","USD","","","MSP02 - 1330 Lag PAYMENTS   190227 EFT-00484394    NTE*ZZZ*I699UTMSP02-Feb19,POXPC4MHNWJ8RR8AAT,\","[]","0","0.00","[]","0","0.00","[]","0","0.00","[]","0","0.00","549.00"
"bdep_d3a3fb2dff804df14f4e5c11","bnk_d3a3fb2dff804df14f4e5c11","2016-09-30","50000","USD","","","ATM CHECK DEPOSIT 09/30 4712 CHICAGO AVE S MINNEAPOLIS MN 5819T 7887","[]","0","0.00","[]","0","0.00","[]","0","0.00","[{""id"":""bdqr_bdep_d3a3fb2dff804df14f4e5c11"",""bank_deposit_id"":""bdep_d3a3fb2dff804df14f4e5c11"",""bank_transaction_id"":""bnk_98075f4738d216ab4f36d4ab"",""amount"":""50000"",""deposit_date"":""2016-09-30"",""txn_date"":""2016-09-30"",""txn_type"":""Payment"",""ref_no"":"""",""payee"":""Jacobson Foundation"",""memo"":"""",""qb_posting"":"""",""account"":""1503 Pledges/Services Receivable"",""class"":"""",""reconciliation_status"":""Reconciled"",""ambiguous"":""false""}]","1","50000.00","50000.00"
"bdep_1a54d1c010b28492615ead5d","bnk_1a54d1c010b28492615ead5d","2017-05-05","100000","USD","","","WF RETURN WIRES IN PROC WT SEQ173548 /ORG= SRF# 2017050500156036 TRN#170505173548 RFB#","[]","0","0.00","[]","0","0.00","[]","0","0.00","[]","0","0.00","100000.00"
"bdep_b37fe0143f912ffe81e9a8d4","bnk_b37fe0143f912ffe81e9a8d4","2020-12-04","5845.55","USD","","","STRIPE           TRANSFER          ST-R6O6G0V0S7P1 THE WILDFLOWER FOUNDAT","[]","0","0.00","[]","0","0.00","[]","0","0.00","[]","0","0.00","5845.55"
"bdep_685574cb775051468fffa3f0","bnk_685574cb775051468fffa3f0","2025-05-28","545.45","USD","","","Sage Montessori  Receivable        016BFBSFU3QUT6T 016BFBSFU3QUT6T Sage Montessori Bill.com Inv TWF","[]","0","0.00","[]","0","0.00","[]","0","0.00","[]","0","0.00","545.45"
"bdep_0d6eb20015adfb07502a642e","bnk_0d6eb20015adfb07502a642e","2026-06-26","45235.11","USD","","","ONLINE TRANSFER INDIRECT COSTS MAY NONPAYROLL ONLY REF #BB0YP2WZV5","[]","0","0.00","[]","0","0.00","[]","0","0.00","[{""id"":""bdqr_bdep_0d6eb20015adfb07502a642e"",""bank_deposit_id"":""bdep_0d6eb20015adfb07502a642e"",""bank_transaction_id"":""bnk_e152097ce7d6d8951712f789"",""amount"":""45235.11"",""deposit_date"":""2026-06-26"",""txn_date"":""2026-06-26"",""txn_type"":""Transfer"",""ref_no"":"""",""payee"":"""",""memo"":""Transfer from CSP to Operating - CSP reimbursement"",""qb_posting"":"""",""account"":""TWF CSP Rep grant (1340) - 2"",""class"":"""",""reconciliation_status"":""Reconciled"",""ambiguous"":""false""}]","1","45235.11","45235.11"
"bdep_1a2ba6514b60f12bbee686ca","bnk_1a2ba6514b60f12bbee686ca","2019-01-29","3075","USD","","","INTUIT PYMT SOLN DEPOSIT    190129 524771997507722 THE WILDFLOWER FOUNDAT","[]","0","0.00","[]","0","0.00","[]","0","0.00","[{""id"":""bdqr_bdep_1a2ba6514b60f12bbee686ca"",""bank_deposit_id"":""bdep_1a2ba6514b60f12bbee686ca"",""bank_transaction_id"":""bnk_15267501de858039ee649531"",""amount"":""3075"",""deposit_date"":""2019-01-29"",""txn_date"":""2019-01-28"",""txn_type"":""Deposit"",""ref_no"":"""",""payee"":"""",""memo"":""System-recorded deposit for QuickBooks Payments"",""qb_posting"":"""",""account"":"""",""class"":"""",""reconciliation_status"":""Reconciled"",""ambiguous"":""false""}]","1","3075.00","3075.00"
"bdep_eac6540e4d565b1cf4223846","bnk_eac6540e4d565b1cf4223846","2019-07-10","576.53","USD","","","STRIPE           TRANSFER          ST-C4E7G0N4Z3I9 THE WILDFLOWER FOUNDAT","[]","0","0.00","[]","0","0.00","[]","0","0.00","[]","0","0.00","576.53"
"bdep_6e84f3278d0748fa3b148284","bnk_6e84f3278d0748fa3b148284","2019-05-22","30000","USD","","","ATM CHECK DEPOSIT              ON              05/22 1505 WEST LAKE ST         MINNEAPOLIS   MN  0000675           ATM ID 6993M    CARD 7365","[]","0","0.00","[]","0","0.00","[]","0","0.00","[{""id"":""bdqr_bdep_6e84f3278d0748fa3b148284"",""bank_deposit_id"":""bdep_6e84f3278d0748fa3b148284"",""bank_transaction_id"":""bnk_b74e13bbb08574478c34f1c3"",""amount"":""30000"",""deposit_date"":""2019-05-22"",""txn_date"":""2019-05-22"",""txn_type"":""Payment"",""ref_no"":"""",""payee"":""Citybridge Foundation"",""memo"":"""",""qb_posting"":"""",""account"":""1503 Pledges/Services Receivable"",""class"":"""",""reconciliation_status"":""Reconciled"",""ambiguous"":""false""}]","1","30000.00","30000.00"
"bdep_44b436f379da23e10e61002e","bnk_44b436f379da23e10e61002e","2023-11-06","7712.5","USD","","","LISC             ACH PAYMEN 110623 562464          THE WILDFLOWER FOUNDAT","[]","0","0.00","[]","0","0.00","[]","0","0.00","[{""id"":""bdqr_bdep_44b436f379da23e10e61002e"",""bank_deposit_id"":""bdep_44b436f379da23e10e61002e"",""bank_transaction_id"":""bnk_aa257769b446b5387149f9e8"",""amount"":""7712.5"",""deposit_date"":""2023-11-06"",""txn_date"":""2023-11-06"",""txn_type"":""Payment"",""ref_no"":"""",""payee"":""Local Initiatives Support Corporation (LISC)"",""memo"":"""",""qb_posting"":"""",""account"":""1503 Pledges/Services Receivable"",""class"":"""",""reconciliation_status"":""Reconciled"",""ambiguous"":""false""}]","1","7712.50","7712.50"
"bdep_4c8bccf8f21511435253a211","bnk_4c8bccf8f21511435253a211","2025-02-24","454.55","USD","","","Lilac Montessori Receivable        016HWQNVG3NDNXB 016HWQNVG3NDNXB Lilac Montessori Bill.com Inv #","[]","0","0.00","[]","0","0.00","[]","0","0.00","[]","0","0.00","454.55"
"bdep_c17e850a216c14731e4036df","bnk_c17e850a216c14731e4036df","2018-11-05","656.25","USD","","","INTUIT PYMT SOLN DEPOSIT    181103 524771997507722 THE WILDFLOWER FOUNDAT 201811051","[]","0","0.00","[]","0","0.00","[]","0","0.00","[{""id"":""bdqr_bdep_c17e850a216c14731e4036df"",""bank_deposit_id"":""bdep_c17e850a216c14731e4036df"",""bank_transaction_id"":""bnk_5cce56741eee6be8f4ee5327"",""amount"":""656.25"",""deposit_date"":""2018-11-05"",""txn_date"":""2018-11-02"",""txn_type"":""Deposit"",""ref_no"":"""",""payee"":"""",""memo"":""System-recorded deposit for QuickBooks Payments"",""qb_posting"":"""",""account"":"""",""class"":"""",""reconciliation_status"":""Reconciled"",""ambiguous"":""false""}]","1","656.25","656.25"
"bdep_b1f9e867831673b117344370","bnk_b1f9e867831673b117344370","2018-10-11","23.97","USD","","","STRIPE TRANSFER X","[]","0","0.00","[]","0","0.00","[]","0","0.00","[]","0","0.00","23.97"
"bdep_df06ed44d2c5b8cb4d55046b","bnk_df06ed44d2c5b8cb4d55046b","2024-11-12","15000","USD","","","ACUDEN           EFT PAY    241112 XXXXXXXX61570   THE WILDFLOWER FOUNDAT","[]","0","0.00","[]","0","0.00","[]","0","0.00","[]","0","0.00","15000.00"
"bdep_79365dc5f40ff5e1685f501e","bnk_79365dc5f40ff5e1685f501e","2026-05-05","50","USD","","","WT FED#02M04 JPMORGAN CHASE BAN    /ORG=BROADSTREET IMPACT SERVICES, LLC              SRF#        XXXXXX0125JO TRN#XXXXXXXX8888  RFB#     ATS OF 26/05/05","[]","0","0.00","[]","0","0.00","[]","0","0.00","[]","0","0.00","50.00"
"bdep_3f03843938eb00f015457e64","bnk_3f03843938eb00f015457e64","2018-10-18","239.95","USD","","","STRIPE TRANSFER X","[]","0","0.00","[]","0","0.00","[]","0","0.00","[]","0","0.00","239.95"
"bdep_4796b525d7df470c44e0e9aa","bnk_4796b525d7df470c44e0e9aa","2025-03-06","2522.44","USD","","","Wild Rose Montes Receivable        016WFONFX3NTHPJ 016WFONFX3NTHPJ Wild Rose Montes Bill.com Wild R","[]","0","0.00","[]","0","0.00","[]","0","0.00","[]","0","0.00","2522.44"
"bdep_032d5b446b4da6a1c3e0bebf","bnk_032d5b446b4da6a1c3e0bebf","2021-12-02","500","USD","","","eDeposit in Branch/Store 12/02/21 12:16:27 PM 4712 CHICAGO AVE MINNEAPOLIS MN 7365","[]","0","0.00","[]","0","0.00","[]","0","0.00","[{""id"":""bdqr_bdep_032d5b446b4da6a1c3e0bebf"",""bank_deposit_id"":""bdep_032d5b446b4da6a1c3e0bebf"",""bank_transaction_id"":""bnk_f3efb8f0f60320d17402f783"",""amount"":""500"",""deposit_date"":""2021-12-02"",""txn_date"":""2021-12-02"",""txn_type"":""Payment"",""ref_no"":"""",""payee"":""Matt and Katie Kramer"",""memo"":"""",""qb_posting"":"""",""account"":""1503 Pledges/Services Receivable"",""class"":"""",""reconciliation_status"":""Reconciled"",""ambiguous"":""false""}]","1","500.00","500.00"
"bdep_3575e3c02e48c3f9ba2369b2","bnk_3575e3c02e48c3f9ba2369b2","2021-04-09","681.3","USD","","","COBRA TRUST ACCT BASICPacif                        COBRA REMIT","[]","0","0.00","[]","0","0.00","[]","0","0.00","[]","0","0.00","681.30"
"bdep_f40e46979f4711254dfd13b4","bnk_f40e46979f4711254dfd13b4","2021-01-14","7850","USD","","","INTUIT PYMT SOLN DEPOSIT    210114 524771990592861 THE WILDFLOWER FOUNDAT","[]","0","0.00","[]","0","0.00","[]","0","0.00","[{""id"":""bdqr_bdep_f40e46979f4711254dfd13b4"",""bank_deposit_id"":""bdep_f40e46979f4711254dfd13b4"",""bank_transaction_id"":""bnk_01910630e9ba4dfc6ef72b15"",""amount"":""7850"",""deposit_date"":""2021-01-14"",""txn_date"":""2021-01-13"",""txn_type"":""Deposit"",""ref_no"":"""",""payee"":""Centennial Montessori School"",""memo"":""System-recorded deposit for QuickBooks Payments"",""qb_posting"":"""",""account"":""1501 Undeposited Funds"",""class"":"""",""reconciliation_status"":""Reconciled"",""ambiguous"":""false""}]","1","7850.00","7850.00"
"bdep_42dcf3f4fd2977749cf23af9","bnk_42dcf3f4fd2977749cf23af9","2019-05-24","1000000","USD","","","WT FED#06186 OUTGOING MASTER TR    /ORG=ARTHUR ROCK 2000 TR - HLDGS                   SRF#    2019052400751425 TRN#190524115631  RFB#           719115701","[{""component_id"":""bdc_n24nVDee3Biv5AJIurO7-"",""payment_unit_id"":""pu_n24nVDee3Biv5AJIurO7-"",""kind"":""other"",""amount"":""1000000.00"",""source"":""qbo_inferred"",""source_staged_payment_id"":""n24nVDee3Biv5AJIurO7-"",""staged_payer"":""Arthur Rock Foundation"",""staged_date"":""2019-05-24"",""qb_deposit_id"":""7500"",""reconciliation_flag"":""ok"",""unit_kind"":""other"",""unit_evidence_id"":""n24nVDee3Biv5AJIurO7-""}]","1","1000000.00","[{""id"":""pu_n24nVDee3Biv5AJIurO7-"",""kind"":""other"",""evidence_id"":""n24nVDee3Biv5AJIurO7-"",""stripe_charge_id"":"""",""source_staged_payment_id"":""n24nVDee3Biv5AJIurO7-"",""gross_amount"":""1000000.00"",""fee_amount"":"""",""net_amount"":""1000000.00"",""currency"":""USD"",""received_date"":""2019-05-24"",""lifecycle"":""received""}]","1","1000000.00","[]","0","0.00","[]","0","0.00","0.00"
"bdep_361bf4100505d66f865b3721","bnk_361bf4100505d66f865b3721","2023-12-08","77","USD","","","GUSTO            TLR 901769 231208 6semjvr0ckh     The Wildflower Foundat","[]","0","0.00","[]","0","0.00","[]","0","0.00","[]","0","0.00","77.00"
"bdep_8a06ced0a5c9b40cb18af38f","bnk_8a06ced0a5c9b40cb18af38f","2025-11-10","4.97","USD","","","STRIPE           TRANSFER          ST-B5Q6L5A7Z3U3 THE WILDFLOWER FOUNDAT","[]","0","0.00","[]","0","0.00","[{""stripe_payout_id"":""po_1SRjLWAhXr9x8yiRs09QsInE"",""bank_deposit_id"":""bdep_8a06ced0a5c9b40cb18af38f"",""amount"":""4.97"",""currency"":""USD"",""arrival_date"":""2025-11-09"",""deposit_date"":""2025-11-10"",""ambiguous_bank_match"":""false"",""payer_name"":""""}]","1","4.97","[]","0","0.00","4.97"
"bdep_7d3c41124d03eaa3a254b222","bnk_7d3c41124d03eaa3a254b222","2025-12-12","2990.35","USD","","","Bill.com         Receivable        015ZKNJEXYS4Y36 Multiple Payments Bill.com Receivables 015ZKNJEX","[]","0","0.00","[]","0","0.00","[]","0","0.00","[{""id"":""bdqr_bdep_7d3c41124d03eaa3a254b222"",""bank_deposit_id"":""bdep_7d3c41124d03eaa3a254b222"",""bank_transaction_id"":""bnk_f4dd527d835c0a61ab69d16a"",""amount"":""2990.35"",""deposit_date"":""2025-12-12"",""txn_date"":""2025-12-12"",""txn_type"":""Journal"",""ref_no"":""JE #CSP Sept 2028"",""payee"":"""",""memo"":""BILL 12/12/25 AR Payments"",""qb_posting"":"""",""account"":"""",""class"":"""",""reconciliation_status"":""Reconciled"",""ambiguous"":""false""}]","1","2990.35","2990.35"
"bdep_ae0497d5979e2a35c7b4a774","bnk_ae0497d5979e2a35c7b4a774","2019-08-09","33.68","USD","","","STRIPE           TRANSFER          ST-Z9T3D2N5M8Z8 THE WILDFLOWER FOUNDAT","[]","0","0.00","[]","0","0.00","[]","0","0.00","[]","0","0.00","33.68"
"bdep_6dbf80d993aa5b6ddf9a063a","bnk_6dbf80d993aa5b6ddf9a063a","2022-09-27","219.69","USD","","","STRIPE           TRANSFER          ST-G1Q4P3X6E8H0 THE WILDFLOWER FOUNDAT","[]","0","0.00","[]","0","0.00","[{""stripe_payout_id"":""po_1Lm755AhXr9x8yiRKv8vKveQ"",""bank_deposit_id"":""bdep_6dbf80d993aa5b6ddf9a063a"",""amount"":""219.69"",""currency"":""USD"",""arrival_date"":""2022-09-26"",""deposit_date"":""2022-09-27"",""ambiguous_bank_match"":""false"",""payer_name"":""""}]","1","219.69","[]","0","0.00","219.69"
"bdep_fa8061370ee8418ed58e4ef1","bnk_fa8061370ee8418ed58e4ef1","2025-11-26","10000","USD","","","ATM CHECK DEPOSIT              ON              11/26 1505 W Lake St            Minneapolis   MN  0007420           ATM ID 6991J    CARD 0628","[{""component_id"":""bdc_zfJQTDeeVNS9kRYVrXUpI"",""payment_unit_id"":""pu_zfJQTDeeVNS9kRYVrXUpI"",""kind"":""other"",""amount"":""10000.00"",""source"":""qbo_inferred"",""source_staged_payment_id"":""zfJQTDeeVNS9kRYVrXUpI"",""staged_payer"":""JP Morgan Charitable Giving Fund"",""staged_date"":""2025-11-26"",""qb_deposit_id"":""36567"",""reconciliation_flag"":""ok"",""unit_kind"":""other"",""unit_evidence_id"":""zfJQTDeeVNS9kRYVrXUpI""}]","1","10000.00","[{""id"":""pu_zfJQTDeeVNS9kRYVrXUpI"",""kind"":""other"",""evidence_id"":""zfJQTDeeVNS9kRYVrXUpI"",""stripe_charge_id"":"""",""source_staged_payment_id"":""zfJQTDeeVNS9kRYVrXUpI"",""gross_amount"":""10000.00"",""fee_amount"":"""",""net_amount"":""10000.00"",""currency"":""USD"",""received_date"":""2025-11-26"",""lifecycle"":""received""}]","1","10000.00","[]","0","0.00","[]","0","0.00","0.00"
"bdep_b675177d88bd0338805c8901","bnk_b675177d88bd0338805c8901","2020-11-12","12.88","USD","","","AMZNZLY10QYR     AmazonSmil 201112 TRKIKP1F3G5NGZS payments.amazon.com ID#TRKIKP1F3G5NGZS","[{""component_id"":""bdc_qqbY2IkVjONBPJKKPY7m-"",""payment_unit_id"":""pu_qqbY2IkVjONBPJKKPY7m-"",""kind"":""other"",""amount"":""12.88"",""source"":""qbo_inferred"",""source_staged_payment_id"":""qqbY2IkVjONBPJKKPY7m-"",""staged_payer"":""Amazon Smile"",""staged_date"":""2020-11-12"",""qb_deposit_id"":""13759"",""reconciliation_flag"":""ok"",""unit_kind"":""other"",""unit_evidence_id"":""qqbY2IkVjONBPJKKPY7m-""}]","1","12.88","[{""id"":""pu_qqbY2IkVjONBPJKKPY7m-"",""kind"":""other"",""evidence_id"":""qqbY2IkVjONBPJKKPY7m-"",""stripe_charge_id"":"""",""source_staged_payment_id"":""qqbY2IkVjONBPJKKPY7m-"",""gross_amount"":""12.88"",""fee_amount"":"""",""net_amount"":""12.88"",""currency"":""USD"",""received_date"":""2020-11-12"",""lifecycle"":""received""}]","1","12.88","[]","0","0.00","[]","0","0.00","0.00"
"bdep_67b678551e99e70f861d0a2c","bnk_67b678551e99e70f861d0a2c","2019-09-03","14.3","USD","","","MBI              SETL       190902 MED-I-BANK      MED-I-BANK","[]","0","0.00","[]","0","0.00","[]","0","0.00","[]","0","0.00","14.30"
"bdep_fad32a35325f2135b3925c9a","bnk_fad32a35325f2135b3925c9a","2019-09-24","5000","USD","","","INTUIT PYMT SOLN DEPOSIT    190924 524771997507722 THE WILDFLOWER FOUNDAT","[]","0","0.00","[]","0","0.00","[]","0","0.00","[{""id"":""bdqr_bdep_fad32a35325f2135b3925c9a"",""bank_deposit_id"":""bdep_fad32a35325f2135b3925c9a"",""bank_transaction_id"":""bnk_c220cb1a8c4f678f9e282ba8"",""amount"":""5000"",""deposit_date"":""2019-09-24"",""txn_date"":""2019-09-23"",""txn_type"":""Deposit"",""ref_no"":"""",""payee"":""Loan - Violeta"",""memo"":""System-recorded deposit for QuickBooks Payments"",""qb_posting"":"""",""account"":""1501 Undeposited Funds"",""class"":"""",""reconciliation_status"":""Reconciled"",""ambiguous"":""false""}]","1","5000.00","5000.00"
"bdep_e9f64e9271878a7463fe1a15","bnk_e9f64e9271878a7463fe1a15","2019-08-28","200","USD","","","INTUIT PYMT SOLN DEPOSIT    190828 524771997507722 THE WILDFLOWER FOUNDAT","[]","0","0.00","[]","0","0.00","[]","0","0.00","[]","0","0.00","200.00"
"bdep_5c4d373fb319646a5978c504","bnk_5c4d373fb319646a5978c504","2017-12-01","1625000","USD","","","SILICON VALLEY COMMUNIT WT SEQ140559 /ORG=SILICON VALLEY COMMUNITY FOUNDATIO SRF# 2017-169805,5022 TRN#171201140559 RFB# 7335","[{""component_id"":""bdc_PD99mzPjuTly8YcE91aKU"",""payment_unit_id"":""pu_PD99mzPjuTly8YcE91aKU"",""kind"":""other"",""amount"":""1625000.00"",""source"":""qbo_inferred"",""source_staged_payment_id"":""PD99mzPjuTly8YcE91aKU"",""staged_payer"":""Chan / Zuckerberg Foundation"",""staged_date"":""2017-12-01"",""qb_deposit_id"":""2233"",""reconciliation_flag"":""ok"",""unit_kind"":""other"",""unit_evidence_id"":""PD99mzPjuTly8YcE91aKU""}]","1","1625000.00","[{""id"":""pu_PD99mzPjuTly8YcE91aKU"",""kind"":""other"",""evidence_id"":""PD99mzPjuTly8YcE91aKU"",""stripe_charge_id"":"""",""source_staged_payment_id"":""PD99mzPjuTly8YcE91aKU"",""gross_amount"":""1625000.00"",""fee_amount"":"""",""net_amount"":""1625000.00"",""currency"":""USD"",""received_date"":""2017-12-01"",""lifecycle"":""received""}]","1","1625000.00","[]","0","0.00","[]","0","0.00","0.00"
"bdep_5bc481d9560d942bffd59cfc","bnk_5bc481d9560d942bffd59cfc","2022-02-02","248.19","USD","","","STRIPE           TRANSFER          ST-Z5L0F3P6P5E7 THE WILDFLOWER FOUNDAT","[]","0","0.00","[]","0","0.00","[{""stripe_payout_id"":""po_1KOE7JAhXr9x8yiRmTVjX06E"",""bank_deposit_id"":""bdep_5bc481d9560d942bffd59cfc"",""amount"":""248.19"",""currency"":""USD"",""arrival_date"":""2022-02-01"",""deposit_date"":""2022-02-02"",""ambiguous_bank_match"":""false"",""payer_name"":""""}]","1","248.19","[]","0","0.00","248.19"
"bdep_87e65392151f05d9a8d949ae","bnk_87e65392151f05d9a8d949ae","2024-04-03","3511","USD","","","DC WILDFLOWER PU EFT PYMT   040224 Charter School  The Wildflower Foundat","[]","0","0.00","[]","0","0.00","[]","0","0.00","[{""id"":""bdqr_bdep_87e65392151f05d9a8d949ae"",""bank_deposit_id"":""bdep_87e65392151f05d9a8d949ae"",""bank_transaction_id"":""bnk_e1bf7401317a4f08a7a29224"",""amount"":""3511"",""deposit_date"":""2024-04-03"",""txn_date"":""2024-04-03"",""txn_type"":""Payment"",""ref_no"":"""",""payee"":""DC Wildflower Public Charter School"",""memo"":"""",""qb_posting"":"""",""account"":""1503 Pledges/Services Receivable"",""class"":"""",""reconciliation_status"":""Reconciled"",""ambiguous"":""false""}]","1","3511.00","3511.00"
"bdep_9c08fe7b8ab03f7c1a4979c3","bnk_9c08fe7b8ab03f7c1a4979c3","2018-07-09","2000","USD","","","INTUIT PYMT SOLN DEPOSIT 180707 524771997507722 THE WILDFLOWER FOUNDAT","[]","0","0.00","[]","0","0.00","[]","0","0.00","[]","0","0.00","2000.00"
"bdep_81da606b043dea0c7374dd4f","bnk_81da606b043dea0c7374dd4f","2026-05-18","5351.78","USD","","","Bill.com         Receivable        016RXYDPT103TX2 Multiple Payments Bill.com Receivables 016RXYDPT","[]","0","0.00","[]","0","0.00","[]","0","0.00","[{""id"":""bdqr_bdep_81da606b043dea0c7374dd4f"",""bank_deposit_id"":""bdep_81da606b043dea0c7374dd4f"",""bank_transaction_id"":""bnk_72668eb93dc16e8c9bbac1cf"",""amount"":""5351.78"",""deposit_date"":""2026-05-18"",""txn_date"":""2026-05-18"",""txn_type"":""Journal"",""ref_no"":""JE CSP IDC Mar 2033"",""payee"":"""",""memo"":""BILL 05/18/26 AR Payments"",""qb_posting"":"""",""account"":"""",""class"":"""",""reconciliation_status"":""Reconciled"",""ambiguous"":""false""}]","1","5351.78","5351.78"
"bdep_864544138cd46dc3e436f76a","bnk_864544138cd46dc3e436f76a","2021-04-01","0.51","USD","","","Expensify, Inc.  Validation        1180971         BUSINESS CHECKING","[]","0","0.00","[]","0","0.00","[]","0","0.00","[]","0","0.00","0.51"
"bdep_c5379c73fe7396061e38157d","bnk_c5379c73fe7396061e38157d","2023-05-26","750000","USD","","","VANGRDCHARITABLE GRANTPYMNT        41790448        WILDFLOWER FOUNDATION","[]","0","0.00","[]","0","0.00","[]","0","0.00","[{""id"":""bdqr_bdep_c5379c73fe7396061e38157d"",""bank_deposit_id"":""bdep_c5379c73fe7396061e38157d"",""bank_transaction_id"":""bnk_bf10cded6f554f15de30fc09"",""amount"":""750000"",""deposit_date"":""2023-05-26"",""txn_date"":""2023-05-26"",""txn_type"":""Payment"",""ref_no"":"""",""payee"":""Arthur Rock Foundation"",""memo"":"""",""qb_posting"":"""",""account"":""1503 Pledges/Services Receivable"",""class"":"""",""reconciliation_status"":""Reconciled"",""ambiguous"":""false""}]","1","750000.00","750000.00"
"bdep_9d5e05ff64b503728479ce07","bnk_9d5e05ff64b503728479ce07","2022-12-14","198.55","USD","","","STRIPE           TRANSFER          ST-K0L0J6V0O9R6 THE WILDFLOWER FOUNDAT","[]","0","0.00","[]","0","0.00","[{""stripe_payout_id"":""po_1MEPAwAhXr9x8yiRMzRy5gCx"",""bank_deposit_id"":""bdep_9d5e05ff64b503728479ce07"",""amount"":""198.55"",""currency"":""USD"",""arrival_date"":""2022-12-13"",""deposit_date"":""2022-12-14"",""ambiguous_bank_match"":""false"",""payer_name"":""""}]","1","198.55","[]","0","0.00","198.55"
"bdep_6702394f51835d10b1b033a9","bnk_6702394f51835d10b1b033a9","2019-02-21","76.77","USD","","","STRIPE           TRANSFER                          X","[]","0","0.00","[]","0","0.00","[]","0","0.00","[]","0","0.00","76.77"
"bdep_dc4e13d2b4d550c327b434d4","bnk_dc4e13d2b4d550c327b434d4","2019-12-27","1404","USD","","","INTUIT PYMT SOLN DEPOSIT    191227 524771997507722 THE WILDFLOWER FOUNDAT","[]","0","0.00","[]","0","0.00","[]","0","0.00","[{""id"":""bdqr_bdep_dc4e13d2b4d550c327b434d4"",""bank_deposit_id"":""bdep_dc4e13d2b4d550c327b434d4"",""bank_transaction_id"":""bnk_02c654943204a33042b271ab"",""amount"":""1404"",""deposit_date"":""2019-12-27"",""txn_date"":""2019-12-26"",""txn_type"":""Deposit"",""ref_no"":"""",""payee"":""Loan - Wild Rose"",""memo"":""System-recorded deposit for QuickBooks Payments"",""qb_posting"":"""",""account"":""1501 Undeposited Funds"",""class"":"""",""reconciliation_status"":""Reconciled"",""ambiguous"":""false""}]","1","1404.00","1404.00"
"bdep_9c26c61342d379f21fae7bee","bnk_9c26c61342d379f21fae7bee","2021-08-10","750000","USD","","","WEND LLC         GRANT PMT         0634            GRANT  2020-162","[]","0","0.00","[]","0","0.00","[]","0","0.00","[]","0","0.00","750000.00"
"bdep_371be19ecdb3a7754e693aaa","bnk_371be19ecdb3a7754e693aaa","2018-11-28","388.1","USD","","","STRIPE           TRANSFER                          X 201811282","[]","0","0.00","[]","0","0.00","[]","0","0.00","[]","0","0.00","388.10"
"bdep_d5aa63708f6f7a5b61eaa277","bnk_d5aa63708f6f7a5b61eaa277","2025-04-14","773.47","USD","","","ATM CHECK DEPOSIT              ON              04/13 7900 Xerxes Ave S Ste 201 Bloomington   MN  0008237           ATM ID 9961Z    CARD 0628","[]","0","0.00","[]","0","0.00","[]","0","0.00","[{""id"":""bdqr_bdep_d5aa63708f6f7a5b61eaa277"",""bank_deposit_id"":""bdep_d5aa63708f6f7a5b61eaa277"",""bank_transaction_id"":""bnk_bac34065b06e465e3ea7307e"",""amount"":""773.47"",""deposit_date"":""2025-04-14"",""txn_date"":""2025-04-14"",""txn_type"":""Payment"",""ref_no"":"""",""payee"":""MN Department of Revenue"",""memo"":"""",""qb_posting"":"""",""account"":""1500 Accounts Receivable (A/R)"",""class"":"""",""reconciliation_status"":""Reconciled"",""ambiguous"":""false""}]","1","773.47","773.47"
"bdep_a703666976f245307e180bfe","bnk_a703666976f245307e180bfe","2025-01-23","4523.02","USD","","","Wildflower New Y Receivable        016IPDKKV3M9K0S 016IPDKKV3M9K0S Wildflower New Y Bill.com Inv 17","[]","0","0.00","[]","0","0.00","[]","0","0.00","[]","0","0.00","4523.02"
"bdep_ac9751cf7c5119d4b2f7fa52","bnk_ac9751cf7c5119d4b2f7fa52","2016-10-06","252826.6","USD","","","FROM BRK ****9888 TRANSFER REF 183472945","[]","0","0.00","[]","0","0.00","[]","0","0.00","[{""id"":""bdqr_bdep_ac9751cf7c5119d4b2f7fa52"",""bank_deposit_id"":""bdep_ac9751cf7c5119d4b2f7fa52"",""bank_transaction_id"":""bnk_1f715f7ea4f2ec6135af987a"",""amount"":""252826.6"",""deposit_date"":""2016-10-06"",""txn_date"":""2016-10-06"",""txn_type"":""Payment"",""ref_no"":"""",""payee"":""Arthur Rock Foundation"",""memo"":"""",""qb_posting"":"""",""account"":""1503 Pledges/Services Receivable"",""class"":"""",""reconciliation_status"":""Reconciled"",""ambiguous"":""false""}]","1","252826.60","252826.60"
"bdep_dc7d9fb57a8c6370f97ac140","bnk_dc7d9fb57a8c6370f97ac140","2024-04-29","24.53","USD","","","GUSTO            TLR 635481 240429 6semk10ev66     The Wildflower Foundat","[]","0","0.00","[]","0","0.00","[]","0","0.00","[]","0","0.00","24.53"
"bdep_a7222b573f568f3d355fd0f9","bnk_a7222b573f568f3d355fd0f9","2024-07-31","1000","USD","","","ANGELA SCHIAVONI SENDER     240731 733822648","[{""component_id"":""bdc_z7rVB0Rv6hn8EW5Lli14g"",""payment_unit_id"":""pu_z7rVB0Rv6hn8EW5Lli14g"",""kind"":""other"",""amount"":""1000.00"",""source"":""qbo_inferred"",""source_staged_payment_id"":""z7rVB0Rv6hn8EW5Lli14g"",""staged_payer"":"""",""staged_date"":""2024-07-31"",""qb_deposit_id"":""29737"",""reconciliation_flag"":""ok"",""unit_kind"":""other"",""unit_evidence_id"":""z7rVB0Rv6hn8EW5Lli14g""}]","1","1000.00","[{""id"":""pu_z7rVB0Rv6hn8EW5Lli14g"",""kind"":""other"",""evidence_id"":""z7rVB0Rv6hn8EW5Lli14g"",""stripe_charge_id"":"""",""source_staged_payment_id"":""z7rVB0Rv6hn8EW5Lli14g"",""gross_amount"":""1000.00"",""fee_amount"":"""",""net_amount"":""1000.00"",""currency"":""USD"",""received_date"":""2024-07-31"",""lifecycle"":""received""}]","1","1000.00","[]","0","0.00","[]","0","0.00","0.00"
"bdep_c66e35a42634a10453324a39","bnk_c66e35a42634a10453324a39","2024-10-17","4259.22","USD","","","ATM CHECK DEPOSIT              ON              10/17 7900 Xerxes Ave S Ste 201 Bloomington   MN  0003871           ATM ID 9961Z    CARD 0628","[]","0","0.00","[]","0","0.00","[]","0","0.00","[]","0","0.00","4259.22"
"bdep_bd96bf76caacc7e8ea377092","bnk_bd96bf76caacc7e8ea377092","2019-01-16","1604.17","USD","","","INTUIT PYMT SOLN DEPOSIT    190116 524771997507722 THE WILDFLOWER FOUNDAT","[]","0","0.00","[]","0","0.00","[]","0","0.00","[{""id"":""bdqr_bdep_bd96bf76caacc7e8ea377092"",""bank_deposit_id"":""bdep_bd96bf76caacc7e8ea377092"",""bank_transaction_id"":""bnk_8fe1be046bb949392f73906c"",""amount"":""1604.17"",""deposit_date"":""2019-01-16"",""txn_date"":""2019-01-15"",""txn_type"":""Deposit"",""ref_no"":"""",""payee"":""Loan - Wildflower"",""memo"":""System-recorded deposit for QuickBooks Payments"",""qb_posting"":"""",""account"":""1501 Undeposited Funds"",""class"":"""",""reconciliation_status"":""Reconciled"",""ambiguous"":""false""}]","1","1604.17","1604.17"
"bdep_92db5c9e33c1168941ad2a39","bnk_92db5c9e33c1168941ad2a39","2018-09-27","1695","USD","","","INTUIT PYMT SOLN DEPOSIT 180927 524771997507722 THE WILDFLOWER FOUNDAT","[]","0","0.00","[]","0","0.00","[]","0","0.00","[{""id"":""bdqr_bdep_92db5c9e33c1168941ad2a39"",""bank_deposit_id"":""bdep_92db5c9e33c1168941ad2a39"",""bank_transaction_id"":""bnk_7ac87c0a954989b8f8d23e11"",""amount"":""1695"",""deposit_date"":""2018-09-27"",""txn_date"":""2018-09-26"",""txn_type"":""Deposit"",""ref_no"":"""",""payee"":""Loan - Wild Rose"",""memo"":""System-recorded deposit for QuickBooks Payments"",""qb_posting"":"""",""account"":""1501 Undeposited Funds"",""class"":"""",""reconciliation_status"":""Reconciled"",""ambiguous"":""false""}]","1","1695.00","1695.00"
"bdep_59de3b804c836cbbdc8d472d","bnk_59de3b804c836cbbdc8d472d","2018-08-02","143.51","USD","","","ZenPayroll, Inc. TPI 150615 180802 6semjn3sgns The Wildflower Foundat","[]","0","0.00","[]","0","0.00","[]","0","0.00","[]","0","0.00","143.51"
"bdep_cdcfc980f65ffe662f87db06","bnk_cdcfc980f65ffe662f87db06","2019-04-24","1604.17","USD","","","INTUIT PYMT SOLN DEPOSIT    190424 524771997507722 THE WILDFLOWER FOUNDAT","[]","0","0.00","[]","0","0.00","[]","0","0.00","[{""id"":""bdqr_bdep_cdcfc980f65ffe662f87db06"",""bank_deposit_id"":""bdep_cdcfc980f65ffe662f87db06"",""bank_transaction_id"":""bnk_44bafccdfbbe17f51c0cc1c6"",""amount"":""1604.17"",""deposit_date"":""2019-04-24"",""txn_date"":""2019-04-23"",""txn_type"":""Deposit"",""ref_no"":"""",""payee"":""Loan - Wildflower"",""memo"":""System-recorded deposit for QuickBooks Payments"",""qb_posting"":"""",""account"":""1501 Undeposited Funds"",""class"":"""",""reconciliation_status"":""Reconciled"",""ambiguous"":""false""}]","1","1604.17","1604.17"
"bdep_dc2b44fcb82c0963ebe7fc47","bnk_dc2b44fcb82c0963ebe7fc47","2019-01-11","48.98","USD","","","STRIPE           TRANSFER                          X","[]","0","0.00","[]","0","0.00","[]","0","0.00","[]","0","0.00","48.98"
"bdep_909132c7d641631e181cbabc","bnk_909132c7d641631e181cbabc","2018-10-03","5088","USD","","","ATM CHECK DEPOSIT 10/03 4712 CHICAGO AVE S MINNEAPOLIS MN 5819T 7365","[]","0","0.00","[]","0","0.00","[]","0","0.00","[]","0","0.00","5088.00"
"bdep_741a6d383925f9c226584d4e","bnk_741a6d383925f9c226584d4e","2019-07-25","970.4","USD","","","STRIPE           TRANSFER          ST-P6Y8F6E6A8Y2 THE WILDFLOWER FOUNDAT","[]","0","0.00","[]","0","0.00","[]","0","0.00","[]","0","0.00","970.40"
"bdep_5dd8f7074caffdf03f2b3d41","bnk_5dd8f7074caffdf03f2b3d41","2022-09-22","0.05","USD","","","Morgan Stanley   ACCTVERIFY 220921 99006439013osy1 Lindsey Barnes","[]","0","0.00","[]","0","0.00","[]","0","0.00","[]","0","0.00","0.05"
"bdep_0781ed02a01651fb98739643","bnk_0781ed02a01651fb98739643","2019-11-07","1677.5","USD","","","INTUIT PYMT SOLN DEPOSIT    191107 524771997507722 THE WILDFLOWER FOUNDAT","[]","0","0.00","[]","0","0.00","[]","0","0.00","[{""id"":""bdqr_bdep_0781ed02a01651fb98739643"",""bank_deposit_id"":""bdep_0781ed02a01651fb98739643"",""bank_transaction_id"":""bnk_062c362701c5c5c06df62fb2"",""amount"":""1677.5"",""deposit_date"":""2019-11-07"",""txn_date"":""2019-11-06"",""txn_type"":""Deposit"",""ref_no"":"""",""payee"":""Loan - Sweet Pea Montessori"",""memo"":""System-recorded deposit for QuickBooks Payments"",""qb_posting"":"""",""account"":""1501 Undeposited Funds"",""class"":"""",""reconciliation_status"":""Reconciled"",""ambiguous"":""false""}]","1","1677.50","1677.50"
"bdep_16814d9dfeea3ae13f8261ef","bnk_16814d9dfeea3ae13f8261ef","2021-03-05","15000","USD","","","NEW SCHOOLS 1310 PAYMENTS          VEN000829       WILDFLOWER FOUNDATION","[]","0","0.00","[]","0","0.00","[]","0","0.00","[{""id"":""bdqr_bdep_16814d9dfeea3ae13f8261ef"",""bank_deposit_id"":""bdep_16814d9dfeea3ae13f8261ef"",""bank_transaction_id"":""bnk_bd04cd4236eefd51d097d8ca"",""amount"":""15000"",""deposit_date"":""2021-03-05"",""txn_date"":""2021-03-05"",""txn_type"":""Payment"",""ref_no"":"""",""payee"":""New Schools Venture Fund"",""memo"":"""",""qb_posting"":"""",""account"":""1503 Pledges/Services Receivable"",""class"":"""",""reconciliation_status"":""Reconciled"",""ambiguous"":""false""}]","1","15000.00","15000.00"
"bdep_8e1716ab115ee93b87641ab4","bnk_8e1716ab115ee93b87641ab4","2022-07-22","49.64","USD","","","STRIPE           TRANSFER          ST-V4S1F6A3C8U1 THE WILDFLOWER FOUNDAT","[]","0","0.00","[]","0","0.00","[{""stripe_payout_id"":""po_1LNrqqAhXr9x8yiRHddBDFTz"",""bank_deposit_id"":""bdep_8e1716ab115ee93b87641ab4"",""amount"":""49.64"",""currency"":""USD"",""arrival_date"":""2022-07-21"",""deposit_date"":""2022-07-22"",""ambiguous_bank_match"":""false"",""payer_name"":""""}]","1","49.64","[]","0","0.00","49.64"
"bdep_c478362a2d13e2adc9e2e624","bnk_c478362a2d13e2adc9e2e624","2023-05-19","40000","USD","","","Education Forwar Bill.com          016CZJEMZ2NJR4X Education Forward DC Bill.com 016CZJEMZ2NJR4X In","[]","0","0.00","[]","0","0.00","[]","0","0.00","[{""id"":""bdqr_bdep_c478362a2d13e2adc9e2e624"",""bank_deposit_id"":""bdep_c478362a2d13e2adc9e2e624"",""bank_transaction_id"":""bnk_c58496a01d3a05031c6edc80"",""amount"":""40000"",""deposit_date"":""2023-05-19"",""txn_date"":""2023-05-19"",""txn_type"":""Payment"",""ref_no"":"""",""payee"":""Education Forward DC"",""memo"":"""",""qb_posting"":"""",""account"":""1503 Pledges/Services Receivable"",""class"":"""",""reconciliation_status"":""Reconciled"",""ambiguous"":""false""}]","1","40000.00","40000.00"
"bdep_dd2ed363dc8760b7dddbbed2","bnk_dd2ed363dc8760b7dddbbed2","2025-10-07","34506.38","USD","","","Bill.com         Receivable        015ZTOPTVFOQFTY Multiple Payments Bill.com Receivables 015ZTOPTV","[]","0","0.00","[]","0","0.00","[]","0","0.00","[{""id"":""bdqr_bdep_dd2ed363dc8760b7dddbbed2"",""bank_deposit_id"":""bdep_dd2ed363dc8760b7dddbbed2"",""bank_transaction_id"":""bnk_fdd7b92616ec3e366ec54be2"",""amount"":""34506.38"",""deposit_date"":""2025-10-07"",""txn_date"":""2025-10-07"",""txn_type"":""Journal"",""ref_no"":"""",""payee"":"""",""memo"":""BILL 10/07/25 AR Payments"",""qb_posting"":"""",""account"":"""",""class"":"""",""reconciliation_status"":""Reconciled"",""ambiguous"":""false""}]","1","34506.38","34506.38"
"bdep_efe83381095bb51be95562b0","bnk_efe83381095bb51be95562b0","2021-08-12","300000","USD","","","EDUCATION INNOVA EIPF9614   210806 V-004465        THE WILDFLOWER FOUNDAT","[]","0","0.00","[]","0","0.00","[]","0","0.00","[{""id"":""bdqr_bdep_efe83381095bb51be95562b0"",""bank_deposit_id"":""bdep_efe83381095bb51be95562b0"",""bank_transaction_id"":""bnk_87045314e256332ea8a4744e"",""amount"":""300000"",""deposit_date"":""2021-08-12"",""txn_date"":""2021-08-12"",""txn_type"":""Payment"",""ref_no"":"""",""payee"":""Vela"",""memo"":"""",""qb_posting"":"""",""account"":""1503 Pledges/Services Receivable"",""class"":"""",""reconciliation_status"":""Reconciled"",""ambiguous"":""false""}]","1","300000.00","300000.00"
"bdep_9f9bb1fc2e66bf4992222d4b","bnk_9f9bb1fc2e66bf4992222d4b","2020-01-15","33.68","USD","","","STRIPE           TRANSFER          ST-B8C6N1J7L6G9 THE WILDFLOWER FOUNDAT","[]","0","0.00","[]","0","0.00","[]","0","0.00","[]","0","0.00","33.68"
"bdep_87050ed62510b92031d114ee","bnk_87050ed62510b92031d114ee","2026-06-10","142.35","USD","","","STRIPE           TRANSFER          ST-B6O5Z5P4M0R7 THE WILDFLOWER FOUNDAT","[]","0","0.00","[]","0","0.00","[{""stripe_payout_id"":""po_1TgaJDAhXr9x8yiRZLUuG9BH"",""bank_deposit_id"":""bdep_87050ed62510b92031d114ee"",""amount"":""142.35"",""currency"":""USD"",""arrival_date"":""2026-06-09"",""deposit_date"":""2026-06-10"",""ambiguous_bank_match"":""false"",""payer_name"":""""}]","1","142.35","[]","0","0.00","142.35"
"bdep_4867ea9f225c8da3e242d786","bnk_4867ea9f225c8da3e242d786","2021-03-03","95.6","USD","","","STRIPE           TRANSFER          ST-H9L0F3F7F0O0 THE WILDFLOWER FOUNDAT","[]","0","0.00","[]","0","0.00","[]","0","0.00","[]","0","0.00","95.60"
"bdep_078887ef1257be17d18f1722","bnk_078887ef1257be17d18f1722","2019-09-17","1451","USD","","","1330 Lagoon Aven PAYMENTS   190916 EFT-00787987    NTE*ZZZ*POQZ4BC5G39WFQA24U,POP963H26Z3X3TGFD5,PO","[]","0","0.00","[]","0","0.00","[]","0","0.00","[]","0","0.00","1451.00"
"bdep_a5d0fe76e28943765cf9806c","bnk_a5d0fe76e28943765cf9806c","2019-12-06","694.58","USD","","","ATM CHECK DEPOSIT              ON              12/06 1505 WEST LAKE ST         MINNEAPOLIS   MN  0003360           ATM ID 6991J    CARD 7365","[{""component_id"":""bdc_5j4sOW2cK9_s44whGxeuJ"",""payment_unit_id"":""pu_5j4sOW2cK9_s44whGxeuJ"",""kind"":""other"",""amount"":""694.58"",""source"":""qbo_inferred"",""source_staged_payment_id"":""5j4sOW2cK9_s44whGxeuJ"",""staged_payer"":"""",""staged_date"":""2019-12-06"",""qb_deposit_id"":""10423"",""reconciliation_flag"":""ok"",""unit_kind"":""other"",""unit_evidence_id"":""5j4sOW2cK9_s44whGxeuJ""}]","1","694.58","[{""id"":""pu_5j4sOW2cK9_s44whGxeuJ"",""kind"":""other"",""evidence_id"":""5j4sOW2cK9_s44whGxeuJ"",""stripe_charge_id"":"""",""source_staged_payment_id"":""5j4sOW2cK9_s44whGxeuJ"",""gross_amount"":""694.58"",""fee_amount"":"""",""net_amount"":""694.58"",""currency"":""USD"",""received_date"":""2019-12-06"",""lifecycle"":""received""}]","1","694.58","[]","0","0.00","[]","0","0.00","0.00"
"bdep_3752ba0db4d3073e6c6a3a5b","bnk_3752ba0db4d3073e6c6a3a5b","2026-01-15","150","USD","","","Bill.com         VoidPaymnt        015DZMIGNMTMDGX Banco Popular de Puerto Rico Bill.com 015DZMIGNM","[]","0","0.00","[]","0","0.00","[]","0","0.00","[{""id"":""bdqr_bdep_3752ba0db4d3073e6c6a3a5b"",""bank_deposit_id"":""bdep_3752ba0db4d3073e6c6a3a5b"",""bank_transaction_id"":""bnk_9cdef113238b8229da7463e7"",""amount"":""150"",""deposit_date"":""2026-01-15"",""txn_date"":""2026-01-15"",""txn_type"":""Journal"",""ref_no"":""1"",""payee"":"""",""memo"":""BILL 01/15/26 Credit P25100901 - 0417777"",""qb_posting"":"""",""account"":"""",""class"":"""",""reconciliation_status"":""Reconciled"",""ambiguous"":""false""}]","1","150.00","150.00"
"bdep_8dd7fb2e9baced6c896e0f0f","bnk_8dd7fb2e9baced6c896e0f0f","2019-06-10","868.27","USD","","","COBRA TRUST ACCT BASICPacif                        COBRA REMIT","[]","0","0.00","[]","0","0.00","[]","0","0.00","[]","0","0.00","868.27"
"bdep_1b29a398308111facc0ec7cb","bnk_1b29a398308111facc0ec7cb","2017-12-26","12500","USD","","","GUSTO CND 236590 171226 6semjmqa43l The Wildflower Foundat","[]","0","0.00","[]","0","0.00","[]","0","0.00","[]","0","0.00","12500.00"
"bdep_f43cc48d3df19af728843227","bnk_f43cc48d3df19af728843227","2022-09-22","0.46","USD","","","Morgan Stanley   ACCTVERIFY 220921 99006439013osy0 Lindsey Barnes","[]","0","0.00","[]","0","0.00","[]","0","0.00","[]","0","0.00","0.46"
"bdep_3089740442278fa269e24dfa","bnk_3089740442278fa269e24dfa","2023-10-20","10000","USD","","","Education Forwar Bill.com          016ZYLBSB316QNA Education Forward DC Bill.com 016ZYLBSB316QNA In","[{""component_id"":""bdc_VhOOgHGsdUUsvh9b8880g"",""payment_unit_id"":""pu_VhOOgHGsdUUsvh9b8880g"",""kind"":""check"",""amount"":""10000.00"",""source"":""qbo_inferred"",""source_staged_payment_id"":""VhOOgHGsdUUsvh9b8880g"",""staged_payer"":""Education Forward DC"",""staged_date"":""2023-10-20"",""qb_deposit_id"":""26559"",""reconciliation_flag"":""ok"",""unit_kind"":""check"",""unit_evidence_id"":""VhOOgHGsdUUsvh9b8880g""}]","1","10000.00","[{""id"":""pu_VhOOgHGsdUUsvh9b8880g"",""kind"":""check"",""evidence_id"":""VhOOgHGsdUUsvh9b8880g"",""stripe_charge_id"":"""",""source_staged_payment_id"":""VhOOgHGsdUUsvh9b8880g"",""gross_amount"":""10000.00"",""fee_amount"":"""",""net_amount"":""10000.00"",""currency"":""USD"",""received_date"":""2023-10-20"",""lifecycle"":""received""}]","1","10000.00","[]","0","0.00","[]","0","0.00","0.00"
"bdep_07f1244f4eee1a3bf843032e","bnk_07f1244f4eee1a3bf843032e","2025-05-21","133923.82","USD","","","ONLINE TRANSFER CSP APRIL NONPAYROLL REF #BB0SH2XSN3","[]","0","0.00","[]","0","0.00","[]","0","0.00","[{""id"":""bdqr_bdep_07f1244f4eee1a3bf843032e"",""bank_deposit_id"":""bdep_07f1244f4eee1a3bf843032e"",""bank_transaction_id"":""bnk_f66311f95985e571ab280ed2"",""amount"":""133923.82"",""deposit_date"":""2025-05-21"",""txn_date"":""2025-05-21"",""txn_type"":""Journal"",""ref_no"":""tfr from CSP to ckg"",""payee"":"""",""memo"":"""",""qb_posting"":"""",""account"":"""",""class"":"""",""reconciliation_status"":""Reconciled"",""ambiguous"":""false""}]","1","133923.82","133923.82"
"bdep_48cc43f485dd9ea5b7f2c039","bnk_48cc43f485dd9ea5b7f2c039","2018-03-01","1500","USD","","","ATM CHECK DEPOSIT 03/01 3030 NICOLLET AVE MINNEAPOLIS MN 5813V 7365","[]","0","0.00","[]","0","0.00","[]","0","0.00","[{""id"":""bdqr_bdep_48cc43f485dd9ea5b7f2c039"",""bank_deposit_id"":""bdep_48cc43f485dd9ea5b7f2c039"",""bank_transaction_id"":""bnk_9e42edbd6734ec1f58308f96"",""amount"":""1500"",""deposit_date"":""2018-03-01"",""txn_date"":""2018-03-01"",""txn_type"":""Payment"",""ref_no"":"""",""payee"":""Loan - Violeta"",""memo"":"""",""qb_posting"":"""",""account"":""1503 Pledges/Services Receivable"",""class"":"""",""reconciliation_status"":""Reconciled"",""ambiguous"":""false""}]","1","1500.00","1500.00"
"bdep_c59147c092051b3d5f842b95","bnk_c59147c092051b3d5f842b95","2025-12-24","1000","USD","","","ATM CHECK DEPOSIT              ON              12/24 1505 W Lake St            Minneapolis   MN  0007692           ATM ID 6991L    CARD 0628","[]","0","0.00","[]","0","0.00","[]","0","0.00","[]","0","0.00","1000.00"
"bdep_96ccb912d9c9227ef9529557","bnk_96ccb912d9c9227ef9529557","2018-05-23","1045","USD","","","INTUIT PYMT SOLN DEPOSIT 180523 524771997507722 THE WILDFLOWER FOUNDAT","[]","0","0.00","[]","0","0.00","[]","0","0.00","[{""id"":""bdqr_bdep_96ccb912d9c9227ef9529557"",""bank_deposit_id"":""bdep_96ccb912d9c9227ef9529557"",""bank_transaction_id"":""bnk_50e6c00e70926bac504afd56"",""amount"":""1045"",""deposit_date"":""2018-05-23"",""txn_date"":""2018-05-22"",""txn_type"":""Deposit"",""ref_no"":"""",""payee"":""Loan - Wild Rose"",""memo"":""System-recorded deposit for QuickBooks Payments"",""qb_posting"":"""",""account"":""1501 Undeposited Funds"",""class"":"""",""reconciliation_status"":""Reconciled"",""ambiguous"":""false""}]","1","1045.00","1045.00"
"bdep_4d527b607c608244c75663e1","bnk_4d527b607c608244c75663e1","2018-10-18","931.25","USD","","","INTUIT PYMT SOLN DEPOSIT 181018 524771997507722 THE WILDFLOWER FOUNDAT","[]","0","0.00","[]","0","0.00","[]","0","0.00","[{""id"":""bdqr_bdep_4d527b607c608244c75663e1"",""bank_deposit_id"":""bdep_4d527b607c608244c75663e1"",""bank_transaction_id"":""bnk_150f5f1b9716db88ed046189"",""amount"":""931.25"",""deposit_date"":""2018-10-18"",""txn_date"":""2018-10-17"",""txn_type"":""Deposit"",""ref_no"":"""",""payee"":""Violeta Montessori - Customer"",""memo"":""System-recorded deposit for QuickBooks Payments"",""qb_posting"":"""",""account"":""1501 Undeposited Funds"",""class"":"""",""reconciliation_status"":""Reconciled"",""ambiguous"":""false""}]","1","931.25","931.25"
"bdep_c3e1649ebb6cc69648a08b18","bnk_c3e1649ebb6cc69648a08b18","2019-02-26","66032.9","USD","","","TRANSFER FROM BRK ****9888 REF# 265390478","[]","0","0.00","[]","0","0.00","[]","0","0.00","[]","0","0.00","66032.90"
"bdep_2a7107a90a5b6ccce76f4496","bnk_2a7107a90a5b6ccce76f4496","2025-09-04","1050","USD","","","WT FED#02N03 NOTPROVIDED           /ORG=BROADSTREET IMPACT SERVICES, LLC              SRF#        XXXXXX0247JO TRN#XXXXXXXX9320  RFB#        XXXXXX0247JO","[]","0","0.00","[]","0","0.00","[]","0","0.00","[]","0","0.00","1050.00"
"bdep_fe88fec4381451191829b3c7","bnk_fe88fec4381451191829b3c7","2020-05-28","242.45","USD","","","STRIPE           TRANSFER          ST-T7F1A4Q0V3H2 THE WILDFLOWER FOUNDAT","[]","0","0.00","[]","0","0.00","[]","0","0.00","[]","0","0.00","242.45"
"bdep_1938597dfb89defeecab8ce5","bnk_1938597dfb89defeecab8ce5","2020-03-24","5.03","USD","","","STRIPE           TRANSFER          ST-F0J3M1I7B3W9 THE WILDFLOWER FOUNDAT","[]","0","0.00","[]","0","0.00","[{""stripe_payout_id"":""po_1GPfFOAhXr9x8yiR53mKWisK"",""bank_deposit_id"":""bdep_1938597dfb89defeecab8ce5"",""amount"":""5.03"",""currency"":""USD"",""arrival_date"":""2020-03-23"",""deposit_date"":""2020-03-24"",""ambiguous_bank_match"":""false"",""payer_name"":""""}]","1","5.03","[]","0","0.00","5.03"
"bdep_6575554883f7ad63b0a1e593","bnk_6575554883f7ad63b0a1e593","2020-08-10","775.04","USD","","","STRIPE           TRANSFER          ST-M3O1J8I4I2G8 THE WILDFLOWER FOUNDAT","[]","0","0.00","[]","0","0.00","[]","0","0.00","[]","0","0.00","775.04"
"bdep_ee7cfb8e79fc39d21b136ae1","bnk_ee7cfb8e79fc39d21b136ae1","2019-08-05","33.68","USD","","","STRIPE           TRANSFER          ST-Q3S2V2V1Q1O4 THE WILDFLOWER FOUNDAT","[]","0","0.00","[]","0","0.00","[]","0","0.00","[]","0","0.00","33.68"
"bdep_29c2018ca5ed3c38259b7780","bnk_29c2018ca5ed3c38259b7780","2021-12-13","150000","USD","","","WT FED#05398 SIGNATURE BANK        /ORG=WILDFLOWER NEW YORK CHARTER SC                SRF#                2037 TRN#211213190069  RFB#","[]","0","0.00","[]","0","0.00","[]","0","0.00","[]","0","0.00","150000.00"
"bdep_e024e02b1a7b20330a60740e","bnk_e024e02b1a7b20330a60740e","2020-01-29","75","USD","","","INTUIT PYMT SOLN DEPOSIT    200129 524771997507722 THE WILDFLOWER FOUNDAT","[]","0","0.00","[]","0","0.00","[]","0","0.00","[{""id"":""bdqr_bdep_e024e02b1a7b20330a60740e"",""bank_deposit_id"":""bdep_e024e02b1a7b20330a60740e"",""bank_transaction_id"":""bnk_5fb17f58f36dff5cdd742a1e"",""amount"":""75"",""deposit_date"":""2020-01-29"",""txn_date"":""2020-01-28"",""txn_type"":""Deposit"",""ref_no"":"""",""payee"":""Loan - Cosmos"",""memo"":""System-recorded deposit for QuickBooks Payments"",""qb_posting"":"""",""account"":""1501 Undeposited Funds"",""class"":"""",""reconciliation_status"":""Reconciled"",""ambiguous"":""false""}]","1","75.00","75.00"
"bdep_2934b0ee073d263050468aff","bnk_2934b0ee073d263050468aff","2024-04-26","200000","USD","","","WEND II INC      PAYMENT           182782          W016 GRANT 2024-1834 GRANT 2024-1834","[]","0","0.00","[]","0","0.00","[]","0","0.00","[{""id"":""bdqr_bdep_2934b0ee073d263050468aff"",""bank_deposit_id"":""bdep_2934b0ee073d263050468aff"",""bank_transaction_id"":""bnk_ebd5f90553b3f211c07af059"",""amount"":""200000"",""deposit_date"":""2024-04-26"",""txn_date"":""2024-04-26"",""txn_type"":""Payment"",""ref_no"":"""",""payee"":""Wend Ventures"",""memo"":"""",""qb_posting"":"""",""account"":""1503 Pledges/Services Receivable"",""class"":"""",""reconciliation_status"":""Reconciled"",""ambiguous"":""false""}]","1","200000.00","200000.00"
"bdep_1873e581e2c8ae90be73148d","bnk_1873e581e2c8ae90be73148d","2020-12-09","125","USD","","","STRIPE           TRANSFER          ST-G9N4H0M5N7Q1 THE WILDFLOWER FOUNDAT","[]","0","0.00","[]","0","0.00","[{""stripe_payout_id"":""po_1HvuewAhXr9x8yiRzoIptzyJ"",""bank_deposit_id"":""bdep_1873e581e2c8ae90be73148d"",""amount"":""125"",""currency"":""USD"",""arrival_date"":""2020-12-08"",""deposit_date"":""2020-12-09"",""ambiguous_bank_match"":""false"",""payer_name"":""""}]","1","125.00","[]","0","0.00","125.00"
"bdep_ff6e7065797af9704fe88421","bnk_ff6e7065797af9704fe88421","2019-01-07","237.5","USD","","","INTUIT PYMT SOLN DEPOSIT    190106 524771997507722 THE WILDFLOWER FOUNDAT","[]","0","0.00","[]","0","0.00","[]","0","0.00","[{""id"":""bdqr_bdep_ff6e7065797af9704fe88421"",""bank_deposit_id"":""bdep_ff6e7065797af9704fe88421"",""bank_transaction_id"":""bnk_f06e63b2c045d2eaffc16003"",""amount"":""237.5"",""deposit_date"":""2019-01-07"",""txn_date"":""2019-01-05"",""txn_type"":""Deposit"",""ref_no"":"""",""payee"":""Loan - Sweet Pea Montessori"",""memo"":""System-recorded deposit for QuickBooks Payments"",""qb_posting"":"""",""account"":""1501 Undeposited Funds"",""class"":"""",""reconciliation_status"":""Reconciled"",""ambiguous"":""false""}]","1","237.50","237.50"
"bdep_4249f8cde78866f7dfc84588","bnk_4249f8cde78866f7dfc84588","2024-02-05","10160","USD","","","DC WILDFLOWER PU EFT PYMT   020224 Charter School  The Wildflower Foundat","[]","0","0.00","[]","0","0.00","[]","0","0.00","[{""id"":""bdqr_bdep_4249f8cde78866f7dfc84588"",""bank_deposit_id"":""bdep_4249f8cde78866f7dfc84588"",""bank_transaction_id"":""bnk_6c938ffc599068cc1dc01bbd"",""amount"":""10160"",""deposit_date"":""2024-02-05"",""txn_date"":""2024-02-05"",""txn_type"":""Payment"",""ref_no"":"""",""payee"":""DC Wildflower Public Charter School"",""memo"":"""",""qb_posting"":"""",""account"":""1503 Pledges/Services Receivable"",""class"":"""",""reconciliation_status"":""Reconciled"",""ambiguous"":""false""}]","1","10160.00","10160.00"
"bdep_7891bb0ff14051e1befc3420","bnk_7891bb0ff14051e1befc3420","2025-10-27","3651.78","USD","","","Bill.com         Receivable        015ZFWOXQSPP3OV Urban Village Montessori Bill.com 015ZFWOXQSPP3O","[]","0","0.00","[]","0","0.00","[]","0","0.00","[{""id"":""bdqr_bdep_7891bb0ff14051e1befc3420"",""bank_deposit_id"":""bdep_7891bb0ff14051e1befc3420"",""bank_transaction_id"":""bnk_50156b46a184b36ad1b1e70c"",""amount"":""3651.78"",""deposit_date"":""2025-10-27"",""txn_date"":""2025-10-27"",""txn_type"":""Journal"",""ref_no"":""PPD Exp Sep 2028"",""payee"":"""",""memo"":""BILL 10/27/25 AR Payments"",""qb_posting"":"""",""account"":"""",""class"":"""",""reconciliation_status"":""Reconciled"",""ambiguous"":""false""}]","1","3651.78","3651.78"
"bdep_7f7abae6748300a90150c828","bnk_7f7abae6748300a90150c828","2021-01-12","681.3","USD","","","COBRA TRUST ACCT BASICPacif                        COBRA REMIT","[]","0","0.00","[]","0","0.00","[]","0","0.00","[]","0","0.00","681.30"
"bdep_d29caf6cda6cbc1453167b4c","bnk_d29caf6cda6cbc1453167b4c","2023-05-22","17.58","USD","","","AMZNB8TGK6YC     AmazonSmil 230522 46K7IT2S1K4IXUZ payments.amazon.com ID#46K7IT2S1K4IXUZ","[{""component_id"":""bdc_pxCu3QlNBdmlC-S2ltoa5"",""payment_unit_id"":""pu_pxCu3QlNBdmlC-S2ltoa5"",""kind"":""other"",""amount"":""17.58"",""source"":""qbo_inferred"",""source_staged_payment_id"":""pxCu3QlNBdmlC-S2ltoa5"",""staged_payer"":""Amazon Smile"",""staged_date"":""2023-05-22"",""qb_deposit_id"":""24590"",""reconciliation_flag"":""ok"",""unit_kind"":""other"",""unit_evidence_id"":""pxCu3QlNBdmlC-S2ltoa5""}]","1","17.58","[{""id"":""pu_pxCu3QlNBdmlC-S2ltoa5"",""kind"":""other"",""evidence_id"":""pxCu3QlNBdmlC-S2ltoa5"",""stripe_charge_id"":"""",""source_staged_payment_id"":""pxCu3QlNBdmlC-S2ltoa5"",""gross_amount"":""17.58"",""fee_amount"":"""",""net_amount"":""17.58"",""currency"":""USD"",""received_date"":""2023-05-22"",""lifecycle"":""received""}]","1","17.58","[]","0","0.00","[]","0","0.00","0.00"
"bdep_9b2d3529c65b60caa90dfbff","bnk_9b2d3529c65b60caa90dfbff","2021-08-27","70000","USD","","","BLUE CROSS BS MN BLUE X DEP                        RMR*OI*FOUNDATIONGRANT**70000.00*70000.00*0.00\","[{""component_id"":""bdc_FtQNkdTHIO4NwBmzcKcmh"",""payment_unit_id"":""pu_FtQNkdTHIO4NwBmzcKcmh"",""kind"":""other"",""amount"":""70000.00"",""source"":""qbo_inferred"",""source_staged_payment_id"":""FtQNkdTHIO4NwBmzcKcmh"",""staged_payer"":""Blue Cross & Blue Shield Foundation of MN"",""staged_date"":""2021-08-27"",""qb_deposit_id"":""17255"",""reconciliation_flag"":""ok"",""unit_kind"":""other"",""unit_evidence_id"":""FtQNkdTHIO4NwBmzcKcmh""}]","1","70000.00","[{""id"":""pu_FtQNkdTHIO4NwBmzcKcmh"",""kind"":""other"",""evidence_id"":""FtQNkdTHIO4NwBmzcKcmh"",""stripe_charge_id"":"""",""source_staged_payment_id"":""FtQNkdTHIO4NwBmzcKcmh"",""gross_amount"":""70000.00"",""fee_amount"":"""",""net_amount"":""70000.00"",""currency"":""USD"",""received_date"":""2021-08-27"",""lifecycle"":""received""}]","1","70000.00","[]","0","0.00","[]","0","0.00","0.00"
"bdep_b5679363ed7d22a5d604dc9a","bnk_b5679363ed7d22a5d604dc9a","2024-12-31","5000","USD","","","WT FED#03979 JPMORGAN CHASE BAN    /ORG=MELANIE SUE SPIEGEL                           SRF#        XXXXXX0366ES TRN#XXXXXXXX7008  RFB#     OS1 OF 24/12/31","[{""component_id"":""bdc_g1LSQBYq6_lmmYUtlb5-8"",""payment_unit_id"":""pu_g1LSQBYq6_lmmYUtlb5-8"",""kind"":""other"",""amount"":""5000.00"",""source"":""qbo_inferred"",""source_staged_payment_id"":""g1LSQBYq6_lmmYUtlb5-8"",""staged_payer"":""Melanie Sue Spiegel"",""staged_date"":""2024-12-31"",""qb_deposit_id"":""31647"",""reconciliation_flag"":""ok"",""unit_kind"":""other"",""unit_evidence_id"":""g1LSQBYq6_lmmYUtlb5-8""}]","1","5000.00","[{""id"":""pu_g1LSQBYq6_lmmYUtlb5-8"",""kind"":""other"",""evidence_id"":""g1LSQBYq6_lmmYUtlb5-8"",""stripe_charge_id"":"""",""source_staged_payment_id"":""g1LSQBYq6_lmmYUtlb5-8"",""gross_amount"":""5000.00"",""fee_amount"":"""",""net_amount"":""5000.00"",""currency"":""USD"",""received_date"":""2024-12-31"",""lifecycle"":""received""}]","1","5000.00","[]","0","0.00","[]","0","0.00","0.00"
"bdep_6f39739226c7df80dfc040bc","bnk_6f39739226c7df80dfc040bc","2023-03-20","4.96","USD","","","STRIPE           TRANSFER          ST-V9K1Y6U9V1X8 THE WILDFLOWER FOUNDAT","[]","0","0.00","[]","0","0.00","[{""stripe_payout_id"":""po_1MnDxqAhXr9x8yiRQH58QrzJ"",""bank_deposit_id"":""bdep_6f39739226c7df80dfc040bc"",""amount"":""4.96"",""currency"":""USD"",""arrival_date"":""2023-03-19"",""deposit_date"":""2023-03-20"",""ambiguous_bank_match"":""false"",""payer_name"":""""}]","1","4.96","[]","0","0.00","4.96"
"bdep_93ddc693b41b4738f57b8436","bnk_93ddc693b41b4738f57b8436","2019-08-05","3000000","USD","","","WALTON FAM FDN   GRANTS            66279           GRANT 2018-817","[]","0","0.00","[]","0","0.00","[]","0","0.00","[]","0","0.00","3000000.00"
"bdep_86cb7f7c46b4541bcc0fc588","bnk_86cb7f7c46b4541bcc0fc588","2021-10-12","10000","USD","","","eDeposit in Branch/Store 10/12/21 02:38:21 PM 1505 W LAKE ST MINNEAPOLIS MN 7365","[]","0","0.00","[]","0","0.00","[]","0","0.00","[{""id"":""bdqr_bdep_86cb7f7c46b4541bcc0fc588"",""bank_deposit_id"":""bdep_86cb7f7c46b4541bcc0fc588"",""bank_transaction_id"":""bnk_bad82da146da94c303fff4f1"",""amount"":""10000"",""deposit_date"":""2021-10-12"",""txn_date"":""2021-10-12"",""txn_type"":""Payment"",""ref_no"":"""",""payee"":""Goldman Sachs Philanthropy Fund"",""memo"":"""",""qb_posting"":"""",""account"":""1503 Pledges/Services Receivable"",""class"":"""",""reconciliation_status"":""Reconciled"",""ambiguous"":""false""}]","1","10000.00","10000.00"
"bdep_708314877f83455496887444","bnk_708314877f83455496887444","2020-04-24","970.4","USD","","","STRIPE           TRANSFER          ST-W2D6P5R9K0A5 THE WILDFLOWER FOUNDAT","[]","0","0.00","[]","0","0.00","[]","0","0.00","[]","0","0.00","970.40"
"bdep_5a395b1adc72f95061abfa9e","bnk_5a395b1adc72f95061abfa9e","2018-12-07","475000","USD","","","WALTON FAM FDN   GRANT PMT         63671           GRANT 2018-1008 201812071","[{""component_id"":""bdc_YIiyavKTatCZFcluakEPz"",""payment_unit_id"":""pu_YIiyavKTatCZFcluakEPz"",""kind"":""other"",""amount"":""475000.00"",""source"":""qbo_inferred"",""source_staged_payment_id"":""YIiyavKTatCZFcluakEPz"",""staged_payer"":""Walton Family Foundation"",""staged_date"":""2018-12-07"",""qb_deposit_id"":""5562"",""reconciliation_flag"":""ok"",""unit_kind"":""other"",""unit_evidence_id"":""YIiyavKTatCZFcluakEPz""}]","1","475000.00","[{""id"":""pu_YIiyavKTatCZFcluakEPz"",""kind"":""other"",""evidence_id"":""YIiyavKTatCZFcluakEPz"",""stripe_charge_id"":"""",""source_staged_payment_id"":""YIiyavKTatCZFcluakEPz"",""gross_amount"":""475000.00"",""fee_amount"":"""",""net_amount"":""475000.00"",""currency"":""USD"",""received_date"":""2018-12-07"",""lifecycle"":""received""}]","1","475000.00","[]","0","0.00","[]","0","0.00","0.00"
"bdep_ebe0c689b72e75592bb63c59","bnk_ebe0c689b72e75592bb63c59","2017-12-01","1000000","USD","","","WT FED#00898 PACIFIC WESTERN BA /ORG=OMIDYAR NETWORK FUND INC SRF# 20173350253000 TRN#171201143568 RFB#","[{""component_id"":""bdc_4svk9IxogJIjkx65k097w"",""payment_unit_id"":""pu_4svk9IxogJIjkx65k097w"",""kind"":""other"",""amount"":""1000000.00"",""source"":""qbo_inferred"",""source_staged_payment_id"":""4svk9IxogJIjkx65k097w"",""staged_payer"":""OMIDYAR NETWORK FUND INC"",""staged_date"":""2017-12-01"",""qb_deposit_id"":""2234"",""reconciliation_flag"":""ok"",""unit_kind"":""other"",""unit_evidence_id"":""4svk9IxogJIjkx65k097w""}]","1","1000000.00","[{""id"":""pu_4svk9IxogJIjkx65k097w"",""kind"":""other"",""evidence_id"":""4svk9IxogJIjkx65k097w"",""stripe_charge_id"":"""",""source_staged_payment_id"":""4svk9IxogJIjkx65k097w"",""gross_amount"":""1000000.00"",""fee_amount"":"""",""net_amount"":""1000000.00"",""currency"":""USD"",""received_date"":""2017-12-01"",""lifecycle"":""received""}]","1","1000000.00","[]","0","0.00","[]","0","0.00","0.00"
"bdep_4f79f692adc69f700bf157c6","bnk_4f79f692adc69f700bf157c6","2023-09-22","500","USD","","","ATM CHECK DEPOSIT              ON              09/22 6445 Nicollet Ave         Richfield     MN  0001950           ATM ID 5822O    CARD 7365","[]","0","0.00","[]","0","0.00","[]","0","0.00","[{""id"":""bdqr_bdep_4f79f692adc69f700bf157c6"",""bank_deposit_id"":""bdep_4f79f692adc69f700bf157c6"",""bank_transaction_id"":""bnk_4eab6481e7e52ecc6459a9fa"",""amount"":""500"",""deposit_date"":""2023-09-22"",""txn_date"":""2023-09-22"",""txn_type"":""Payment"",""ref_no"":"""",""payee"":""Philip & Tina Vasan"",""memo"":"""",""qb_posting"":"""",""account"":""1503 Pledges/Services Receivable"",""class"":"""",""reconciliation_status"":""Reconciled"",""ambiguous"":""false""}]","1","500.00","500.00"
"bdep_9a7a7697d438b0ab932f4750","bnk_9a7a7697d438b0ab932f4750","2018-03-08","187.5","USD","","","INTUIT PYMT SOLN DEPOSIT 180308 524771997507722 THE WILDFLOWER FOUNDAT","[]","0","0.00","[]","0","0.00","[]","0","0.00","[{""id"":""bdqr_bdep_9a7a7697d438b0ab932f4750"",""bank_deposit_id"":""bdep_9a7a7697d438b0ab932f4750"",""bank_transaction_id"":""bnk_130e3b8028a29571da9cb516"",""amount"":""187.5"",""deposit_date"":""2018-03-08"",""txn_date"":""2018-03-07"",""txn_type"":""Deposit"",""ref_no"":"""",""payee"":""Loan - Tiger Lily"",""memo"":""System-recorded deposit for QuickBooks Payments"",""qb_posting"":"""",""account"":""1501 Undeposited Funds"",""class"":"""",""reconciliation_status"":""Reconciled"",""ambiguous"":""false""}]","1","187.50","187.50"
"bdep_815f4747e95204deeae198eb","bnk_815f4747e95204deeae198eb","2025-09-04","4990.56","USD","","","Wildflower New Y Receivable        016ZJTJFC3UIS8I 016ZJTJFC3UIS8I Wildflower New Y Bill.com Inv FY","[]","0","0.00","[]","0","0.00","[]","0","0.00","[]","0","0.00","4990.56"
"bdep_831e9a7061543faaaf2b36a7","bnk_831e9a7061543faaaf2b36a7","2024-07-29","545.45","USD","","","Rain Lily Montes Bill.com          026LCKWHG10608H Rain Lily Montessori Bill.com 026LCKWHG10608H In","[]","0","0.00","[]","0","0.00","[]","0","0.00","[]","0","0.00","545.45"
"bdep_3de8f284c9fac1036388b252","bnk_3de8f284c9fac1036388b252","2020-06-29","33.68","USD","","","STRIPE           TRANSFER          ST-V0Q4I7F8C7H7 THE WILDFLOWER FOUNDAT","[]","0","0.00","[]","0","0.00","[]","0","0.00","[]","0","0.00","33.68"
"bdep_e523d32894a54593f17511c6","bnk_e523d32894a54593f17511c6","2017-10-26","500","USD","","","INTUIT PYMT SOLN DEPOSIT 171026 524771997507722 THE WILDFLOWER FOUNDAT","[]","0","0.00","[]","0","0.00","[]","0","0.00","[{""id"":""bdqr_bdep_e523d32894a54593f17511c6"",""bank_deposit_id"":""bdep_e523d32894a54593f17511c6"",""bank_transaction_id"":""bnk_96dfb664c6637b27eb45ae6a"",""amount"":""500"",""deposit_date"":""2017-10-26"",""txn_date"":""2017-10-25"",""txn_type"":""Deposit"",""ref_no"":"""",""payee"":""Loan - Snowdrop"",""memo"":""System-recorded deposit for QuickBooks Payments"",""qb_posting"":"""",""account"":""1501 Undeposited Funds"",""class"":"""",""reconciliation_status"":""Reconciled"",""ambiguous"":""false""}]","1","500.00","500.00"
"bdep_83768b50842edb87dee6d61d","bnk_83768b50842edb87dee6d61d","2020-08-11","126.03","USD","","","STRIPE           TRANSFER          ST-F4Q0D9N1A8P5 THE WILDFLOWER FOUNDAT","[]","0","0.00","[]","0","0.00","[]","0","0.00","[]","0","0.00","126.03"
"bdep_8a3845eff16c7822e48ae4f9","bnk_8a3845eff16c7822e48ae4f9","2022-04-01","33458.7","USD","","","DC WILDFLOWER PU EFT PYMT   033122 Charter School  The Wildflower Foundat","[]","0","0.00","[]","0","0.00","[]","0","0.00","[{""id"":""bdqr_bdep_8a3845eff16c7822e48ae4f9"",""bank_deposit_id"":""bdep_8a3845eff16c7822e48ae4f9"",""bank_transaction_id"":""bnk_1782ce205fb3c9c3ad4c2f76"",""amount"":""33458.7"",""deposit_date"":""2022-04-01"",""txn_date"":""2022-04-01"",""txn_type"":""Payment"",""ref_no"":"""",""payee"":""DC Wildflower Public Charter School"",""memo"":"""",""qb_posting"":"""",""account"":""1500 Accounts Receivable (A/R)"",""class"":"""",""reconciliation_status"":""Reconciled"",""ambiguous"":""false""}]","1","33458.70","33458.70"
"bdep_70334c436b2a586ce7bf6611","bnk_70334c436b2a586ce7bf6611","2022-03-08","5.39","USD","","","PURCHASE RETURN                         AUTHORIZED ON   03/08 TARGET T- 1300 W Lake     Minneapolis   MN  P000000275208494   CARD 7365","[]","0","0.00","[]","0","0.00","[]","0","0.00","[]","0","0.00","5.39"
"bdep_094ae870386a5de79ac5cda0","bnk_094ae870386a5de79ac5cda0","2024-11-12","3500","USD","","","ACUDEN           EFT PAY    241112 XXXXXXXX61571   THE WILDFLOWER FOUNDAT","[]","0","0.00","[]","0","0.00","[]","0","0.00","[]","0","0.00","3500.00"
"bdep_93e0dafa90345f22d9ed8e80","bnk_93e0dafa90345f22d9ed8e80","2021-12-31","212.5","USD","","","Morgan Stanley   ACH CREDIT 211230 101208553zmhl2  The Wildflower Foundat","[]","0","0.00","[]","0","0.00","[]","0","0.00","[]","0","0.00","212.50"
"bdep_7438a95c52513c21b8a87abd","bnk_7438a95c52513c21b8a87abd","2016-09-02","20000","USD","","","CHARTER FUND INC TR9.2.16 WILDFLOWER FOUN WM-F2-NATL-BP-2016-2Q(GRANT1OF1)","[]","0","0.00","[]","0","0.00","[]","0","0.00","[{""id"":""bdqr_bdep_7438a95c52513c21b8a87abd"",""bank_deposit_id"":""bdep_7438a95c52513c21b8a87abd"",""bank_transaction_id"":""bnk_c4190de0869d94088019ef9c"",""amount"":""20000"",""deposit_date"":""2016-09-02"",""txn_date"":""2016-09-02"",""txn_type"":""Payment"",""ref_no"":"""",""payee"":""DC Wildflower PCS - Service Revenue"",""memo"":"""",""qb_posting"":"""",""account"":""1503 Pledges/Services Receivable"",""class"":"""",""reconciliation_status"":""Reconciled"",""ambiguous"":""false""}]","1","20000.00","20000.00"
"bdep_859e507b84a1f9266aea1ba5","bnk_859e507b84a1f9266aea1ba5","2020-06-10","246.7","USD","","","STRIPE           TRANSFER          ST-Q9E0I4U0E4X8 THE WILDFLOWER FOUNDAT","[]","0","0.00","[]","0","0.00","[]","0","0.00","[]","0","0.00","246.70"
"bdep_90b5d57dae7d48878385de41","bnk_90b5d57dae7d48878385de41","2022-01-31","212.5","USD","","","Morgan Stanley   ACH CREDIT 220128 101208553102jqh The Wildflower Foundat","[]","0","0.00","[]","0","0.00","[]","0","0.00","[]","0","0.00","212.50"
"bdep_269fbde415576c4fc740edeb","bnk_269fbde415576c4fc740edeb","2020-12-03","3199.32","USD","","","STRIPE           TRANSFER          ST-B2I6J5O6G0F1 THE WILDFLOWER FOUNDAT","[]","0","0.00","[]","0","0.00","[{""stripe_payout_id"":""po_1HtksDAhXr9x8yiRBvXA8Nlt"",""bank_deposit_id"":""bdep_269fbde415576c4fc740edeb"",""amount"":""3199.32"",""currency"":""USD"",""arrival_date"":""2020-12-02"",""deposit_date"":""2020-12-03"",""ambiguous_bank_match"":""false"",""payer_name"":""""}]","1","3199.32","[]","0","0.00","3199.32"
"bdep_e46df09403001c0c9388f40d","bnk_e46df09403001c0c9388f40d","2017-10-02","1500","USD","","","INTUIT PYMT SOLN DEPOSIT 171001 524771997507722 THE WILDFLOWER FOUNDAT","[]","0","0.00","[]","0","0.00","[]","0","0.00","[]","0","0.00","1500.00"
"bdep_d57e765331dedbdbf26454dd","bnk_d57e765331dedbdbf26454dd","2022-06-13","1611.67","USD","","","BASIC            BASICCOBRA 220613                 The Wildflower Foundat","[]","0","0.00","[]","0","0.00","[]","0","0.00","[]","0","0.00","1611.67"
"bdep_9c6709ce571496404ac198be","bnk_9c6709ce571496404ac198be","2024-08-15","75000","USD","","","Bainum Family Fo Receivable        016HSGIPU3G6EAY 016HSGIPU3G6EAY Bainum Family Fo Bill.com Inv G","[{""component_id"":""bdc_trOL9p4cOzgTyYqEq43L1"",""payment_unit_id"":""pu_trOL9p4cOzgTyYqEq43L1"",""kind"":""check"",""amount"":""75000.00"",""source"":""qbo_inferred"",""source_staged_payment_id"":""trOL9p4cOzgTyYqEq43L1"",""staged_payer"":""Bainum Family Foundation"",""staged_date"":""2024-08-14"",""qb_deposit_id"":""29736"",""reconciliation_flag"":""ok"",""unit_kind"":""check"",""unit_evidence_id"":""trOL9p4cOzgTyYqEq43L1""}]","1","75000.00","[{""id"":""pu_trOL9p4cOzgTyYqEq43L1"",""kind"":""check"",""evidence_id"":""trOL9p4cOzgTyYqEq43L1"",""stripe_charge_id"":"""",""source_staged_payment_id"":""trOL9p4cOzgTyYqEq43L1"",""gross_amount"":""75000.00"",""fee_amount"":"""",""net_amount"":""75000.00"",""currency"":""USD"",""received_date"":""2024-08-14"",""lifecycle"":""received""}]","1","75000.00","[]","0","0.00","[]","0","0.00","0.00"
"bdep_86323d13b82d1c036c5bfd3b","bnk_86323d13b82d1c036c5bfd3b","2021-06-25","500000","USD","","","WT FED#04705 OMIDYAR NETWORK SE    /ORG=OMIDYAR NETWORK FUND INC                      SRF#    0625279849016144 TRN#210625158431  RFB#","[]","0","0.00","[]","0","0.00","[]","0","0.00","[{""id"":""bdqr_bdep_86323d13b82d1c036c5bfd3b"",""bank_deposit_id"":""bdep_86323d13b82d1c036c5bfd3b"",""bank_transaction_id"":""bnk_3c24c5e15e68a7c7c67d7332"",""amount"":""500000"",""deposit_date"":""2021-06-25"",""txn_date"":""2021-06-25"",""txn_type"":""Payment"",""ref_no"":"""",""payee"":""OMIDYAR NETWORK FUND INC"",""memo"":"""",""qb_posting"":"""",""account"":""1503 Pledges/Services Receivable"",""class"":"""",""reconciliation_status"":""Reconciled"",""ambiguous"":""false""}]","1","500000.00","500000.00"
"bdep_292ebbf2155f2f943de4f638","bnk_292ebbf2155f2f943de4f638","2019-06-11","2000","USD","","","ATM CHECK DEPOSIT              ON              06/11 3030 NICOLLET AVE         MINNEAPOLIS   MN  0001035           ATM ID 5813V    CARD 7365","[]","0","0.00","[]","0","0.00","[]","0","0.00","[]","0","0.00","2000.00"
"bdep_ab56a568f98e0e055987eb59","bnk_ab56a568f98e0e055987eb59","2025-01-29","545.45","USD","","","Desert Peach Mon Bill.com          026TYCBOR193LZY Desert Peach Montessori School Bill.com 026TYCBO","[]","0","0.00","[]","0","0.00","[]","0","0.00","[]","0","0.00","545.45"
"bdep_3fa44f3e6e3996ecba31bc16","bnk_3fa44f3e6e3996ecba31bc16","2025-10-09","1474.11","USD","","","Bill.com         Receivable        015MFIZRTAOVDJM Multiple Payments Bill.com Receivables 015MFIZRT","[]","0","0.00","[]","0","0.00","[]","0","0.00","[{""id"":""bdqr_bdep_3fa44f3e6e3996ecba31bc16"",""bank_deposit_id"":""bdep_3fa44f3e6e3996ecba31bc16"",""bank_transaction_id"":""bnk_9067b6579c17b33a13cb50fb"",""amount"":""1474.11"",""deposit_date"":""2025-10-09"",""txn_date"":""2025-10-09"",""txn_type"":""Journal"",""ref_no"":""Stmt Cr Reward Mar 34"",""payee"":"""",""memo"":""BILL 10/09/25 AR Payments"",""qb_posting"":"""",""account"":"""",""class"":"""",""reconciliation_status"":""Reconciled"",""ambiguous"":""false""}]","1","1474.11","1474.11"
"bdep_3edc717315896750071f4f23","bnk_3edc717315896750071f4f23","2019-01-10","5002.78","USD","","","INTUIT PYMT SOLN DEPOSIT    190110 524771997507722 THE WILDFLOWER FOUNDAT","[]","0","0.00","[]","0","0.00","[]","0","0.00","[{""id"":""bdqr_bdep_3edc717315896750071f4f23"",""bank_deposit_id"":""bdep_3edc717315896750071f4f23"",""bank_transaction_id"":""bnk_060598f82cc313859b23d777"",""amount"":""5002.78"",""deposit_date"":""2019-01-10"",""txn_date"":""2019-01-09"",""txn_type"":""Deposit"",""ref_no"":"""",""payee"":"""",""memo"":""System-recorded deposit for QuickBooks Payments"",""qb_posting"":"""",""account"":"""",""class"":"""",""reconciliation_status"":""Reconciled"",""ambiguous"":""false""}]","1","5002.78","5002.78"
"bdep_ba31f6567d362fe10b5569a7","bnk_ba31f6567d362fe10b5569a7","2025-05-14","69833.29","USD","","","ONLINE TRANSFER CSP MARCH PAYROLL REF #BB0SDM78S3","[]","0","0.00","[]","0","0.00","[]","0","0.00","[{""id"":""bdqr_bdep_ba31f6567d362fe10b5569a7"",""bank_deposit_id"":""bdep_ba31f6567d362fe10b5569a7"",""bank_transaction_id"":""bnk_fc03e76cf25c6a95997b5e53"",""amount"":""69833.29"",""deposit_date"":""2025-05-14"",""txn_date"":""2025-05-14"",""txn_type"":""Journal"",""ref_no"":""tfr from csp to ckg"",""payee"":"""",""memo"":"""",""qb_posting"":"""",""account"":"""",""class"":"""",""reconciliation_status"":""Reconciled"",""ambiguous"":""false""}]","1","69833.29","69833.29"
"bdep_972c1d9cec98241b57ac1bd8","bnk_972c1d9cec98241b57ac1bd8","2019-09-11","193.9","USD","","","STRIPE           TRANSFER          ST-M1O5R0G1W2Z3 THE WILDFLOWER FOUNDAT","[]","0","0.00","[]","0","0.00","[]","0","0.00","[]","0","0.00","193.90"
"bdep_88ccc2ba26df2ca18aa7d3bd","bnk_88ccc2ba26df2ca18aa7d3bd","2023-05-22","5441.35","USD","","","STRIPE           TRANSFER          ST-F4O9Z3C4J5E4 THE WILDFLOWER FOUNDAT","[]","0","0.00","[]","0","0.00","[{""stripe_payout_id"":""po_1NA3VXAhXr9x8yiR9eanl7wI"",""bank_deposit_id"":""bdep_88ccc2ba26df2ca18aa7d3bd"",""amount"":""5441.35"",""currency"":""USD"",""arrival_date"":""2023-05-21"",""deposit_date"":""2023-05-22"",""ambiguous_bank_match"":""false"",""payer_name"":""""}]","1","5441.35","[]","0","0.00","5441.35"
"bdep_9624069355457b80e28f44a1","bnk_9624069355457b80e28f44a1","2025-10-08","666.67","USD","","","Orchid Montessor Bill.com          016IEZUWD3VRBRP Orchid Montessori Bill.com 016IEZUWD3VRBRP Inv T","[]","0","0.00","[]","0","0.00","[]","0","0.00","[]","0","0.00","666.67"
"bdep_2ab1788777eee350d394110b","bnk_2ab1788777eee350d394110b","2017-12-08","137.5","USD","","","INTUIT PYMT SOLN DEPOSIT 171208 524771997507722 THE WILDFLOWER FOUNDAT","[]","0","0.00","[]","0","0.00","[]","0","0.00","[{""id"":""bdqr_bdep_2ab1788777eee350d394110b"",""bank_deposit_id"":""bdep_2ab1788777eee350d394110b"",""bank_transaction_id"":""bnk_de9d6f29bbcbc2b7986de235"",""amount"":""137.5"",""deposit_date"":""2017-12-08"",""txn_date"":""2017-12-07"",""txn_type"":""Deposit"",""ref_no"":"""",""payee"":""Loan - Dandelion"",""memo"":""System-recorded deposit for QuickBooks Payments"",""qb_posting"":"""",""account"":""1501 Undeposited Funds"",""class"":"""",""reconciliation_status"":""Reconciled"",""ambiguous"":""false""}]","1","137.50","137.50"
"bdep_18bbb04c872ff74e49a76eba","bnk_18bbb04c872ff74e49a76eba","2020-09-28","1500","USD","","","INTUIT PYMT SOLN DEPOSIT    200928 524771997507722 THE WILDFLOWER FOUNDAT","[{""component_id"":""bdc_p9nrHhQhgJbPZYG2MGsMI"",""payment_unit_id"":""pu_p9nrHhQhgJbPZYG2MGsMI"",""kind"":""other"",""amount"":""1500.00"",""source"":""qbo_inferred"",""source_staged_payment_id"":""p9nrHhQhgJbPZYG2MGsMI"",""staged_payer"":""Misc Customer"",""staged_date"":""2020-09-28"",""qb_deposit_id"":""13765"",""reconciliation_flag"":""ok"",""unit_kind"":""other"",""unit_evidence_id"":""p9nrHhQhgJbPZYG2MGsMI""}]","1","1500.00","[{""id"":""pu_p9nrHhQhgJbPZYG2MGsMI"",""kind"":""other"",""evidence_id"":""p9nrHhQhgJbPZYG2MGsMI"",""stripe_charge_id"":"""",""source_staged_payment_id"":""p9nrHhQhgJbPZYG2MGsMI"",""gross_amount"":""1500.00"",""fee_amount"":"""",""net_amount"":""1500.00"",""currency"":""USD"",""received_date"":""2020-09-28"",""lifecycle"":""received""}]","1","1500.00","[]","0","0.00","[]","0","0.00","0.00"
"bdep_bf80636ed8fe195b7fba7635","bnk_bf80636ed8fe195b7fba7635","2020-02-19","25.13","USD","","","STRIPE           TRANSFER          ST-H6D1T3G8O7W8 THE WILDFLOWER FOUNDAT","[]","0","0.00","[]","0","0.00","[{""stripe_payout_id"":""po_1GDMfWAhXr9x8yiRq0YRdPor"",""bank_deposit_id"":""bdep_bf80636ed8fe195b7fba7635"",""amount"":""25.13"",""currency"":""USD"",""arrival_date"":""2020-02-18"",""deposit_date"":""2020-02-19"",""ambiguous_bank_match"":""false"",""payer_name"":""""}]","1","25.13","[]","0","0.00","25.13"
"bdep_4943a8fa49e5ae5a1c8cb74c","bnk_4943a8fa49e5ae5a1c8cb74c","2026-05-05","200000","USD","","","TRANSFER FROM BRK ****9888 REF# 624290930","[]","0","0.00","[]","0","0.00","[]","0","0.00","[{""id"":""bdqr_bdep_4943a8fa49e5ae5a1c8cb74c"",""bank_deposit_id"":""bdep_4943a8fa49e5ae5a1c8cb74c"",""bank_transaction_id"":""bnk_19b653843739e14eb5dadbec"",""amount"":""200000"",""deposit_date"":""2026-05-05"",""txn_date"":""2026-05-05"",""txn_type"":""Transfer"",""ref_no"":"""",""payee"":"""",""memo"":""Transfer to Operating Account"",""qb_posting"":"""",""account"":""1004 BROKERAGE"",""class"":"""",""reconciliation_status"":""Reconciled"",""ambiguous"":""false""}]","1","200000.00","200000.00"
"bdep_8016279a3a49aab4b13ebd26","bnk_8016279a3a49aab4b13ebd26","2023-06-02","500000","USD","","","WT FED#02870 US BANCORP COMMUNI    /ORG=US BANCORP CDC                                SRF#        230602031047 TRN#230602132760  RFB#        230602031047","[{""component_id"":""bdc_8JFbFIjJxjk1Klg0ulOSF"",""payment_unit_id"":""pu_8JFbFIjJxjk1Klg0ulOSF"",""kind"":""other"",""amount"":""500000.00"",""source"":""qbo_inferred"",""source_staged_payment_id"":""8JFbFIjJxjk1Klg0ulOSF"",""staged_payer"":""USBank"",""staged_date"":""2023-06-02"",""qb_deposit_id"":""25230"",""reconciliation_flag"":""ok"",""unit_kind"":""other"",""unit_evidence_id"":""8JFbFIjJxjk1Klg0ulOSF""}]","1","500000.00","[{""id"":""pu_8JFbFIjJxjk1Klg0ulOSF"",""kind"":""other"",""evidence_id"":""8JFbFIjJxjk1Klg0ulOSF"",""stripe_charge_id"":"""",""source_staged_payment_id"":""8JFbFIjJxjk1Klg0ulOSF"",""gross_amount"":""500000.00"",""fee_amount"":"""",""net_amount"":""500000.00"",""currency"":""USD"",""received_date"":""2023-06-02"",""lifecycle"":""received""}]","1","500000.00","[]","0","0.00","[]","0","0.00","0.00"
"bdep_966dcf9803f2a4d312f5e721","bnk_966dcf9803f2a4d312f5e721","2025-10-07","162.1","USD","","","GUSTO PAYROLL    TAX 355025 251007 6semk64gp4v     The Wildflower Foundat","[]","0","0.00","[]","0","0.00","[]","0","0.00","[]","0","0.00","162.10"
"bdep_d25aa4abcc224f402dc944df","bnk_d25aa4abcc224f402dc944df","2018-03-19","24000","USD","","","ATM CHECK DEPOSIT 03/19 3030 NICOLLET AVE MINNEAPOLIS MN 5813V 7365","[{""component_id"":""bdc_U3mGqWFS_3CvMKq30cn_v"",""payment_unit_id"":""pu_U3mGqWFS_3CvMKq30cn_v"",""kind"":""other"",""amount"":""24000.00"",""source"":""qbo_inferred"",""source_staged_payment_id"":""U3mGqWFS_3CvMKq30cn_v"",""staged_payer"":""JA MADDOX FOUNDATION"",""staged_date"":""2018-03-19"",""qb_deposit_id"":""2985"",""reconciliation_flag"":""ok"",""unit_kind"":""other"",""unit_evidence_id"":""U3mGqWFS_3CvMKq30cn_v""}]","1","24000.00","[{""id"":""pu_U3mGqWFS_3CvMKq30cn_v"",""kind"":""other"",""evidence_id"":""U3mGqWFS_3CvMKq30cn_v"",""stripe_charge_id"":"""",""source_staged_payment_id"":""U3mGqWFS_3CvMKq30cn_v"",""gross_amount"":""24000.00"",""fee_amount"":"""",""net_amount"":""24000.00"",""currency"":""USD"",""received_date"":""2018-03-19"",""lifecycle"":""received""}]","1","24000.00","[]","0","0.00","[]","0","0.00","0.00"
"bdep_6ab2352a21a6994c92bdc8da","bnk_6ab2352a21a6994c92bdc8da","2025-08-08","129062.02","USD","","","ONLINE TRANSFER JUNE 25 SECOND NONPAYROLL DRAW REF #BB0TGC9ZZ2","[]","0","0.00","[]","0","0.00","[]","0","0.00","[{""id"":""bdqr_bdep_6ab2352a21a6994c92bdc8da"",""bank_deposit_id"":""bdep_6ab2352a21a6994c92bdc8da"",""bank_transaction_id"":""bnk_cb88258fa982e4b19806f15a"",""amount"":""129062.02"",""deposit_date"":""2025-08-08"",""txn_date"":""2025-08-08"",""txn_type"":""Transfer"",""ref_no"":"""",""payee"":"""",""memo"":""Tfr from CSP to Operating Account"",""qb_posting"":"""",""account"":""TWF CSP Rep grant (1340) - 2"",""class"":"""",""reconciliation_status"":""Reconciled"",""ambiguous"":""false""}]","1","129062.02","129062.02"
"bdep_bcc834b2bd4e581cbd028c38","bnk_bcc834b2bd4e581cbd028c38","2020-09-29","43.75","USD","","","INTUIT PYMT SOLN HIST RTN   200929 524771997507722 THE WILDFLOWER FOUNDAT","[]","0","0.00","[]","0","0.00","[]","0","0.00","[]","0","0.00","43.75"
"bdep_b4c010befdb98d3d53d4aa41","bnk_b4c010befdb98d3d53d4aa41","2023-07-11","500000","USD","","","ST TRUST         STT8133    230710 V-004465        THE WILDFLOWER FOUNDAT","[]","0","0.00","[]","0","0.00","[]","0","0.00","[{""id"":""bdqr_bdep_b4c010befdb98d3d53d4aa41"",""bank_deposit_id"":""bdep_b4c010befdb98d3d53d4aa41"",""bank_transaction_id"":""bnk_ff0af07fc30f90bcd3d5a56f"",""amount"":""500000"",""deposit_date"":""2023-07-11"",""txn_date"":""2023-07-11"",""txn_type"":""Payment"",""ref_no"":"""",""payee"":""Stand Together Trust"",""memo"":"""",""qb_posting"":"""",""account"":""1503 Pledges/Services Receivable"",""class"":"""",""reconciliation_status"":""Reconciled"",""ambiguous"":""false""}]","1","500000.00","500000.00"
"bdep_1d8b139fa9716a877b095df9","bnk_1d8b139fa9716a877b095df9","2019-07-18","485.2","USD","","","STRIPE           TRANSFER          ST-K6N6R5E3H5T5 THE WILDFLOWER FOUNDAT","[]","0","0.00","[]","0","0.00","[]","0","0.00","[]","0","0.00","485.20"
"bdep_a4a1bb56d87df3ad4d734b2c","bnk_a4a1bb56d87df3ad4d734b2c","2020-03-09","2000","USD","","","INTUIT PYMT SOLN DEPOSIT    200307 524771997507722 THE WILDFLOWER FOUNDAT","[]","0","0.00","[]","0","0.00","[]","0","0.00","[{""id"":""bdqr_bdep_a4a1bb56d87df3ad4d734b2c"",""bank_deposit_id"":""bdep_a4a1bb56d87df3ad4d734b2c"",""bank_transaction_id"":""bnk_2adb1d21b9aeab35cc50686e"",""amount"":""2000"",""deposit_date"":""2020-03-09"",""txn_date"":""2020-03-06"",""txn_type"":""Deposit"",""ref_no"":"""",""payee"":""Loan - Snowdrop"",""memo"":""System-recorded deposit for QuickBooks Payments"",""qb_posting"":"""",""account"":""1501 Undeposited Funds"",""class"":"""",""reconciliation_status"":""Reconciled"",""ambiguous"":""false""}]","1","2000.00","2000.00"
"bdep_5a40b2dff80db46d65fab6f1","bnk_5a40b2dff80db46d65fab6f1","2025-12-04","593.23","USD","","","STRIPE           TRANSFER          ST-Q8U4V2U5N5C8 THE WILDFLOWER FOUNDAT","[]","0","0.00","[]","0","0.00","[{""stripe_payout_id"":""po_1SaQZDAhXr9x8yiRbWXl8rVB"",""bank_deposit_id"":""bdep_5a40b2dff80db46d65fab6f1"",""amount"":""593.23"",""currency"":""USD"",""arrival_date"":""2025-12-03"",""deposit_date"":""2025-12-04"",""ambiguous_bank_match"":""false"",""payer_name"":""""}]","1","593.23","[]","0","0.00","593.23"
"bdep_19143d635e20de6b5370e6a6","bnk_19143d635e20de6b5370e6a6","2018-10-24","81.93","USD","","","STRIPE           TRANSFER                          X 201810241","[]","0","0.00","[]","0","0.00","[]","0","0.00","[]","0","0.00","81.93"
"bdep_e173ce5ef28750af15217074","bnk_e173ce5ef28750af15217074","2023-06-22","11600","USD","","","Bill.com         Receivable        016SPVLRJ2OTW33        Aster (c) Bill.com 016SPVLRJ2OTW33 Inv #7","[]","0","0.00","[]","0","0.00","[]","0","0.00","[{""id"":""bdqr_bdep_e173ce5ef28750af15217074"",""bank_deposit_id"":""bdep_e173ce5ef28750af15217074"",""bank_transaction_id"":""bnk_e253efcb6d33d4893a53df3a"",""amount"":""11600"",""deposit_date"":""2023-06-22"",""txn_date"":""2023-06-22"",""txn_type"":""Payment"",""ref_no"":"""",""payee"":""Aster Montessori School Inc"",""memo"":"""",""qb_posting"":"""",""account"":""1503 Pledges/Services Receivable"",""class"":"""",""reconciliation_status"":""Reconciled"",""ambiguous"":""false""}]","1","11600.00","11600.00"
"bdep_a0040b2b2a9bcf9067d659f2","bnk_a0040b2b2a9bcf9067d659f2","2021-10-13","23.67","USD","","","STRIPE           TRANSFER          ST-V4K6Z7R6S0Z2 THE WILDFLOWER FOUNDAT","[]","0","0.00","[]","0","0.00","[{""stripe_payout_id"":""po_1JjaCTAhXr9x8yiRquIh9G2w"",""bank_deposit_id"":""bdep_a0040b2b2a9bcf9067d659f2"",""amount"":""23.67"",""currency"":""USD"",""arrival_date"":""2021-10-12"",""deposit_date"":""2021-10-13"",""ambiguous_bank_match"":""false"",""payer_name"":""""}]","1","23.67","[]","0","0.00","23.67"
"bdep_2d07465544ffbb7aab62e9a1","bnk_2d07465544ffbb7aab62e9a1","2025-04-28","3731.18","USD","","","Minnesota Wildfl Receivable        016EAZMYM3PQGXM 016EAZMYM3PQGXM Minnesota Wildfl Bill.com Inv 15","[]","0","0.00","[]","0","0.00","[]","0","0.00","[]","0","0.00","3731.18"
"bdep_37ba5a13f28d5f191cf26ee5","bnk_37ba5a13f28d5f191cf26ee5","2024-11-07","5000","USD","","","WT FED#07619 JPMORGAN CHASE BAN    /ORG=ROBERT KINSMAN REVOCABLE TRUST                SRF#        XXXXXX0312ES TRN#XXXXXXXX0189  RFB#     OS1 OF 24/11/07","[{""component_id"":""bdc_JuIhgeJ1Vbrkscmmk_SNy"",""payment_unit_id"":""pu_JuIhgeJ1Vbrkscmmk_SNy"",""kind"":""other"",""amount"":""5000.00"",""source"":""qbo_inferred"",""source_staged_payment_id"":""JuIhgeJ1Vbrkscmmk_SNy"",""staged_payer"":""Kinsman & Krause"",""staged_date"":""2024-11-07"",""qb_deposit_id"":""30924"",""reconciliation_flag"":""ok"",""unit_kind"":""other"",""unit_evidence_id"":""JuIhgeJ1Vbrkscmmk_SNy""}]","1","5000.00","[{""id"":""pu_JuIhgeJ1Vbrkscmmk_SNy"",""kind"":""other"",""evidence_id"":""JuIhgeJ1Vbrkscmmk_SNy"",""stripe_charge_id"":"""",""source_staged_payment_id"":""JuIhgeJ1Vbrkscmmk_SNy"",""gross_amount"":""5000.00"",""fee_amount"":"""",""net_amount"":""5000.00"",""currency"":""USD"",""received_date"":""2024-11-07"",""lifecycle"":""received""}]","1","5000.00","[]","0","0.00","[]","0","0.00","0.00"
"bdep_ae327cbf8e434eddd531227f","bnk_ae327cbf8e434eddd531227f","2023-07-11","1250","USD","","","DC WILDFLOWER PU EFT PYMT   071023 Charter School  The Wildflower Foundat","[]","0","0.00","[]","0","0.00","[]","0","0.00","[]","0","0.00","1250.00"
"bdep_6e002b67d817954d51321443","bnk_6e002b67d817954d51321443","2026-01-28","142.35","USD","","","STRIPE           TRANSFER          ST-P3T2A6X9Q5J4 THE WILDFLOWER FOUNDAT","[]","0","0.00","[]","0","0.00","[{""stripe_payout_id"":""po_1SuMyEAhXr9x8yiRfM9XHzeg"",""bank_deposit_id"":""bdep_6e002b67d817954d51321443"",""amount"":""142.35"",""currency"":""USD"",""arrival_date"":""2026-01-27"",""deposit_date"":""2026-01-28"",""ambiguous_bank_match"":""false"",""payer_name"":""""}]","1","142.35","[]","0","0.00","142.35"
"bdep_9a4aab5175edfd5f21779617","bnk_9a4aab5175edfd5f21779617","2019-10-16","1677.5","USD","","","INTUIT PYMT SOLN DEPOSIT    191016 524771997507722 THE WILDFLOWER FOUNDAT","[]","0","0.00","[]","0","0.00","[]","0","0.00","[{""id"":""bdqr_bdep_9a4aab5175edfd5f21779617"",""bank_deposit_id"":""bdep_9a4aab5175edfd5f21779617"",""bank_transaction_id"":""bnk_649c8fd14238f4b86802e1c9"",""amount"":""1677.5"",""deposit_date"":""2019-10-16"",""txn_date"":""2019-10-15"",""txn_type"":""Deposit"",""ref_no"":"""",""payee"":""Loan - Sweet Pea Montessori"",""memo"":""System-recorded deposit for QuickBooks Payments"",""qb_posting"":"""",""account"":""1501 Undeposited Funds"",""class"":"""",""reconciliation_status"":""Reconciled"",""ambiguous"":""false""}]","1","1677.50","1677.50"
"bdep_e956a549fa56abe01f789540","bnk_e956a549fa56abe01f789540","2021-12-01","25000","USD","","","Temple Hoyne Bue ACH17             Grantee         Grant 10797 - start-up costs, including cap impo","[]","0","0.00","[]","0","0.00","[]","0","0.00","[{""id"":""bdqr_bdep_e956a549fa56abe01f789540"",""bank_deposit_id"":""bdep_e956a549fa56abe01f789540"",""bank_transaction_id"":""bnk_ce72055792bb4db16de0a618"",""amount"":""25000"",""deposit_date"":""2021-12-01"",""txn_date"":""2021-12-01"",""txn_type"":""Payment"",""ref_no"":"""",""payee"":""Temple Hoyne Buell Foundation"",""memo"":"""",""qb_posting"":"""",""account"":""1503 Pledges/Services Receivable"",""class"":"""",""reconciliation_status"":""Reconciled"",""ambiguous"":""false""}]","1","25000.00","25000.00"
"bdep_ccef32c5fd7f49f12e4ef980","bnk_ccef32c5fd7f49f12e4ef980","2020-12-21","350000","USD","","","WT FED#02571 PNC BANK, N.A.        /ORG=SPRING POINT PARTNERS LLC                     SRF#    20CLL17549Y41I8C TRN#201221260923  RFB#                 SPP","[{""component_id"":""bdc_bNV4aWaSFxHX2wfGLHHDq"",""payment_unit_id"":""pu_bNV4aWaSFxHX2wfGLHHDq"",""kind"":""other"",""amount"":""350000.00"",""source"":""qbo_inferred"",""source_staged_payment_id"":""bNV4aWaSFxHX2wfGLHHDq"",""staged_payer"":""Spring Point Partners"",""staged_date"":""2020-12-21"",""qb_deposit_id"":""14155"",""reconciliation_flag"":""ok"",""unit_kind"":""other"",""unit_evidence_id"":""bNV4aWaSFxHX2wfGLHHDq""}]","1","350000.00","[{""id"":""pu_bNV4aWaSFxHX2wfGLHHDq"",""kind"":""other"",""evidence_id"":""bNV4aWaSFxHX2wfGLHHDq"",""stripe_charge_id"":"""",""source_staged_payment_id"":""bNV4aWaSFxHX2wfGLHHDq"",""gross_amount"":""350000.00"",""fee_amount"":"""",""net_amount"":""350000.00"",""currency"":""USD"",""received_date"":""2020-12-21"",""lifecycle"":""received""}]","1","350000.00","[]","0","0.00","[]","0","0.00","0.00"
"bdep_ee6f214845d5a3a41142c555","bnk_ee6f214845d5a3a41142c555","2025-11-07","605.48","USD","","","Bill.com         VoidPaymnt        015CNEPQOTQCD5E Center for Guided Montessori Studies Bill.com 01","[]","0","0.00","[]","0","0.00","[]","0","0.00","[{""id"":""bdqr_bdep_ee6f214845d5a3a41142c555"",""bank_deposit_id"":""bdep_ee6f214845d5a3a41142c555"",""bank_transaction_id"":""bnk_9ac8f8bc30f433d3263f7d32"",""amount"":""605.48"",""deposit_date"":""2025-11-07"",""txn_date"":""2025-11-07"",""txn_type"":""Journal"",""ref_no"":""Bill.com CR_11_7_25"",""payee"":"""",""memo"":""BILL 11/07/25 Credit P25080401 - 7634981"",""qb_posting"":"""",""account"":"""",""class"":"""",""reconciliation_status"":""Reconciled"",""ambiguous"":""false""}]","1","605.48","605.48"
"bdep_69fcb092bb3bde775c3b8cec","bnk_69fcb092bb3bde775c3b8cec","2019-05-10","868.27","USD","","","COBRA TRUST ACCT BASICPacif                        COBRA REMIT","[]","0","0.00","[]","0","0.00","[]","0","0.00","[]","0","0.00","868.27"
"bdep_0e61a6a924818a3ad388bcc5","bnk_0e61a6a924818a3ad388bcc5","2020-07-14","813.28","USD","","","STRIPE           TRANSFER          ST-G6M5O0I5D8P7 THE WILDFLOWER FOUNDAT","[]","0","0.00","[]","0","0.00","[]","0","0.00","[]","0","0.00","813.28"
"bdep_05a0afabd5eb8b974fb60aa6","bnk_05a0afabd5eb8b974fb60aa6","2019-11-27","35","USD","","","Eventbrite, INC. EDI PYMNTS        3-11254579      RMR*IV*81073871131**35*35\","[]","0","0.00","[]","0","0.00","[]","0","0.00","[]","0","0.00","35.00"
"bdep_cd559229199989531de7a9ba","bnk_cd559229199989531de7a9ba","2021-02-18","9000","USD","","","ACADEMY OF HOPE  EFT PYMT   021721 charter school  Embracing Equity","[]","0","0.00","[]","0","0.00","[]","0","0.00","[{""id"":""bdqr_bdep_cd559229199989531de7a9ba"",""bank_deposit_id"":""bdep_cd559229199989531de7a9ba"",""bank_transaction_id"":""bnk_74f1b588323bd842528ea0a3"",""amount"":""9000"",""deposit_date"":""2021-02-18"",""txn_date"":""2021-02-18"",""txn_type"":""Payment"",""ref_no"":"""",""payee"":""CHI St Joseph's Children"",""memo"":"""",""qb_posting"":"""",""account"":""1503 Pledges/Services Receivable"",""class"":"""",""reconciliation_status"":""Reconciled"",""ambiguous"":""false""}]","1","9000.00","9000.00"
"bdep_b48bbfd4548b3ce068d303d9","bnk_b48bbfd4548b3ce068d303d9","2024-08-29","178.49","USD","","","ESSP             HIST RTN   240829 797974        1             333487The","[]","0","0.00","[]","0","0.00","[]","0","0.00","[]","0","0.00","178.49"
"bdep_9e4619144c9978ef4a4222a6","bnk_9e4619144c9978ef4a4222a6","2025-07-24","6508","USD","","","Bill.com         VoidPaymnt        015GLUUCECL29XU Center for Guided Montessori Studies Bill.com 01","[]","0","0.00","[]","0","0.00","[]","0","0.00","[{""id"":""bdqr_bdep_9e4619144c9978ef4a4222a6"",""bank_deposit_id"":""bdep_9e4619144c9978ef4a4222a6"",""bank_transaction_id"":""bnk_4f2790eb3730a59f0b9f55dc"",""amount"":""6508"",""deposit_date"":""2025-07-24"",""txn_date"":""2025-07-24"",""txn_type"":""Journal"",""ref_no"":""Bill.com Credit 7/24"",""payee"":"""",""memo"":""BILL 07/24/25 Credit P25041801 - 7245043"",""qb_posting"":"""",""account"":"""",""class"":"""",""reconciliation_status"":""Reconciled"",""ambiguous"":""false""}]","1","6508.00","6508.00"
"bdep_f2620f971283dd8474e2da25","bnk_f2620f971283dd8474e2da25","2024-06-18","300000","USD","","","WT FED#03957 BANK OF AMERICA, N    /ORG=IMAGINABLE FUTURES FOUNDATION                 SRF#    XXXXXXXXXXXX8899 TRN#XXXXXXXX8860  RFB#    246CH35598QH3755","[{""component_id"":""bdc_tAvndts0xZaDZETaG2ZAK"",""payment_unit_id"":""pu_tAvndts0xZaDZETaG2ZAK"",""kind"":""other"",""amount"":""300000.00"",""source"":""qbo_inferred"",""source_staged_payment_id"":""tAvndts0xZaDZETaG2ZAK"",""staged_payer"":""Imaginable Futures"",""staged_date"":""2024-06-18"",""qb_deposit_id"":""29030"",""reconciliation_flag"":""ok"",""unit_kind"":""other"",""unit_evidence_id"":""tAvndts0xZaDZETaG2ZAK""}]","1","300000.00","[{""id"":""pu_tAvndts0xZaDZETaG2ZAK"",""kind"":""other"",""evidence_id"":""tAvndts0xZaDZETaG2ZAK"",""stripe_charge_id"":"""",""source_staged_payment_id"":""tAvndts0xZaDZETaG2ZAK"",""gross_amount"":""300000.00"",""fee_amount"":"""",""net_amount"":""300000.00"",""currency"":""USD"",""received_date"":""2024-06-18"",""lifecycle"":""received""}]","1","300000.00","[]","0","0.00","[]","0","0.00","0.00"
"bdep_6d4ebb7d82ae4d6a196c3beb","bnk_6d4ebb7d82ae4d6a196c3beb","2022-12-12","3710","USD","","","DC WILDFLOWER PU EFT PYMT   120922 Charter School  The Wildflower Foundat","[]","0","0.00","[]","0","0.00","[]","0","0.00","[{""id"":""bdqr_bdep_6d4ebb7d82ae4d6a196c3beb"",""bank_deposit_id"":""bdep_6d4ebb7d82ae4d6a196c3beb"",""bank_transaction_id"":""bnk_c15f483158cd46ad7c4f3e07"",""amount"":""3710"",""deposit_date"":""2022-12-12"",""txn_date"":""2022-12-12"",""txn_type"":""Payment"",""ref_no"":"""",""payee"":""DC Wildflower Public Charter School"",""memo"":"""",""qb_posting"":"""",""account"":""1500 Accounts Receivable (A/R)"",""class"":"""",""reconciliation_status"":""Reconciled"",""ambiguous"":""false""}]","1","3710.00","3710.00"
"bdep_89cdf3d883629b30102bc16d","bnk_89cdf3d883629b30102bc16d","2021-07-27","20000","USD","","","ATM CHECK DEPOSIT              ON              07/27 1505 W LAKE ST            Minneapolis   MN  0007391           ATM ID 6991J    CARD 7365","[]","0","0.00","[]","0","0.00","[]","0","0.00","[{""id"":""bdqr_bdep_89cdf3d883629b30102bc16d"",""bank_deposit_id"":""bdep_89cdf3d883629b30102bc16d"",""bank_transaction_id"":""bnk_9f914ac71e07c331dd0868db"",""amount"":""20000"",""deposit_date"":""2021-07-27"",""txn_date"":""2021-07-27"",""txn_type"":""Payment"",""ref_no"":"""",""payee"":""The Sauer Family Foundation"",""memo"":"""",""qb_posting"":"""",""account"":""1503 Pledges/Services Receivable"",""class"":"""",""reconciliation_status"":""Reconciled"",""ambiguous"":""false""}]","1","20000.00","20000.00"
"bdep_b04da5c277bf357806e0168a","bnk_b04da5c277bf357806e0168a","2018-02-05","2000","USD","","","INTUIT PYMT SOLN DEPOSIT 180204 524771997507722 THE WILDFLOWER FOUNDAT","[]","0","0.00","[]","0","0.00","[]","0","0.00","[{""id"":""bdqr_bdep_b04da5c277bf357806e0168a"",""bank_deposit_id"":""bdep_b04da5c277bf357806e0168a"",""bank_transaction_id"":""bnk_713ce19597b1890473e99fda"",""amount"":""2000"",""deposit_date"":""2018-02-05"",""txn_date"":""2018-02-05"",""txn_type"":""Payment"",""ref_no"":"""",""payee"":""Loan - Snowdrop"",""memo"":"""",""qb_posting"":"""",""account"":""1503 Pledges/Services Receivable"",""class"":"""",""reconciliation_status"":""Reconciled"",""ambiguous"":""false""}]","1","2000.00","2000.00"
"bdep_08467bcc3ff100d2ff8334bd","bnk_08467bcc3ff100d2ff8334bd","2025-10-03","24750","USD","","","ONLINE TRANSFER REPAY TWF FOR LOAN TO FLOR DE LOTO 091725 REF #BB0V5TGNF7","[]","0","0.00","[]","0","0.00","[]","0","0.00","[]","0","0.00","24750.00"
"bdep_a905e393ec150828de2188f3","bnk_a905e393ec150828de2188f3","2025-04-29","4585.27","USD","","","ATM CHECK DEPOSIT              ON              04/29 3030 Nicollet Ave         Minneapolis   MN  0009959           ATM ID 5813V    CARD 0628","[]","0","0.00","[]","0","0.00","[]","0","0.00","[]","0","0.00","4585.27"
"bdep_6106826bb46b9232dee0cb8c","bnk_6106826bb46b9232dee0cb8c","2018-12-19","11362.5","USD","","","ATM CHECK DEPOSIT              ON              12/19 1505 WEST LAKE ST         MINNEAPOLIS   MN  0007868           ATM ID 6991J    CARD 7365 201812193","[]","0","0.00","[]","0","0.00","[]","0","0.00","[]","0","0.00","11362.50"
"bdep_c4488f6069988d32e3c2c480","bnk_c4488f6069988d32e3c2c480","2024-12-23","5000","USD","","","WT ATSXXXXXXXX98728 CHARLES SCHWAB & /ORG=SAMPATH KRISHNAN                            SRF#    ATSXXXXXXXX98728 TRN#XXXXXXXX8103  RFB#","[{""component_id"":""bdc_Xgj0nFk7GlQN5Ja7mji6I"",""payment_unit_id"":""pu_Xgj0nFk7GlQN5Ja7mji6I"",""kind"":""other"",""amount"":""5000.00"",""source"":""qbo_inferred"",""source_staged_payment_id"":""Xgj0nFk7GlQN5Ja7mji6I"",""staged_payer"":""Krishnan Sampath"",""staged_date"":""2024-12-23"",""qb_deposit_id"":""31640"",""reconciliation_flag"":""ok"",""unit_kind"":""other"",""unit_evidence_id"":""Xgj0nFk7GlQN5Ja7mji6I""}]","1","5000.00","[{""id"":""pu_Xgj0nFk7GlQN5Ja7mji6I"",""kind"":""other"",""evidence_id"":""Xgj0nFk7GlQN5Ja7mji6I"",""stripe_charge_id"":"""",""source_staged_payment_id"":""Xgj0nFk7GlQN5Ja7mji6I"",""gross_amount"":""5000.00"",""fee_amount"":"""",""net_amount"":""5000.00"",""currency"":""USD"",""received_date"":""2024-12-23"",""lifecycle"":""received""}]","1","5000.00","[]","0","0.00","[]","0","0.00","0.00"
"bdep_aa6808efb936b6304f6e1c07","bnk_aa6808efb936b6304f6e1c07","2025-12-05","227.79","USD","","","STRIPE           TRANSFER          ST-E8U0F9X9M0Z5 THE WILDFLOWER FOUNDAT","[]","0","0.00","[]","0","0.00","[{""stripe_payout_id"":""po_1SamyjAhXr9x8yiRB5AsCvp6"",""bank_deposit_id"":""bdep_aa6808efb936b6304f6e1c07"",""amount"":""227.79"",""currency"":""USD"",""arrival_date"":""2025-12-04"",""deposit_date"":""2025-12-05"",""ambiguous_bank_match"":""false"",""payer_name"":""""}]","1","227.79","[]","0","0.00","227.79"
"bdep_284bcc74128f4bcf28bbf5ff","bnk_284bcc74128f4bcf28bbf5ff","2023-07-14","552.48","USD","","","BASIC            BASICCOBRA 230714                 The Wildflower Foundat","[]","0","0.00","[]","0","0.00","[]","0","0.00","[]","0","0.00","552.48"
"bdep_60bdacbba5fefb831826f28d","bnk_60bdacbba5fefb831826f28d","2017-02-02","853","USD","","","ATM CHECK DEPOSIT 02/02 1505 WEST LAKE ST MINNEAPOLIS MN 6993M 7365","[]","0","0.00","[]","0","0.00","[]","0","0.00","[]","0","0.00","853.00"
"bdep_7f464f61c5259451c279c240","bnk_7f464f61c5259451c279c240","2019-07-03","67.06","USD","","","STRIPE           TRANSFER          ST-D3X6Z8P8R5R2 THE WILDFLOWER FOUNDAT","[]","0","0.00","[]","0","0.00","[]","0","0.00","[]","0","0.00","67.06"
"bdep_1f12b400cfbb351518d1b815","bnk_1f12b400cfbb351518d1b815","2026-02-04","4990.56","USD","","","Wildflower New Y Receivable        016CSMHVA3ZYINJ 016CSMHVA3ZYINJ Wildflower New Y Bill.com Inv TW","[]","0","0.00","[]","0","0.00","[]","0","0.00","[{""id"":""bdqr_bdep_1f12b400cfbb351518d1b815"",""bank_deposit_id"":""bdep_1f12b400cfbb351518d1b815"",""bank_transaction_id"":""bnk_24d42f77db8efd0f889f66d5"",""amount"":""4990.56"",""deposit_date"":""2026-02-04"",""txn_date"":""2026-02-03"",""txn_type"":""Payment"",""ref_no"":""P26020202 - 5145722"",""payee"":""Wildflower New York Charter School"",""memo"":""Inv TWF-SL InvoiceQ13"",""qb_posting"":"""",""account"":""1503 Pledges/Services Receivable"",""class"":"""",""reconciliation_status"":""Reconciled"",""ambiguous"":""false""}]","1","4990.56","4990.56"
"bdep_57936b34cc1ef3c3edb96982","bnk_57936b34cc1ef3c3edb96982","2020-03-17","205000","USD","","","NEW SCHOOLS 1310 PAYMENTS          VEN000829       WILDFLOWER FOUNDATION","[{""component_id"":""bdc_B56KVOnRGQrj4dRBrMiLo"",""payment_unit_id"":""pu_B56KVOnRGQrj4dRBrMiLo"",""kind"":""other"",""amount"":""205000.00"",""source"":""qbo_inferred"",""source_staged_payment_id"":""B56KVOnRGQrj4dRBrMiLo"",""staged_payer"":""New Schools Venture Fund"",""staged_date"":""2020-03-17"",""qb_deposit_id"":""11598"",""reconciliation_flag"":""ok"",""unit_kind"":""other"",""unit_evidence_id"":""B56KVOnRGQrj4dRBrMiLo""}]","1","205000.00","[{""id"":""pu_B56KVOnRGQrj4dRBrMiLo"",""kind"":""other"",""evidence_id"":""B56KVOnRGQrj4dRBrMiLo"",""stripe_charge_id"":"""",""source_staged_payment_id"":""B56KVOnRGQrj4dRBrMiLo"",""gross_amount"":""205000.00"",""fee_amount"":"""",""net_amount"":""205000.00"",""currency"":""USD"",""received_date"":""2020-03-17"",""lifecycle"":""received""}]","1","205000.00","[]","0","0.00","[]","0","0.00","0.00"
"bdep_8290ca8c2878685ba48244a0","bnk_8290ca8c2878685ba48244a0","2026-02-26","49.64","USD","","","STRIPE           TRANSFER          ST-T6M0L2F2L4V2 THE WILDFLOWER FOUNDAT","[]","0","0.00","[]","0","0.00","[{""stripe_payout_id"":""po_1T4sGbAhXr9x8yiRgb3TJ0kR"",""bank_deposit_id"":""bdep_8290ca8c2878685ba48244a0"",""amount"":""49.64"",""currency"":""USD"",""arrival_date"":""2026-02-25"",""deposit_date"":""2026-02-26"",""ambiguous_bank_match"":""false"",""payer_name"":""""}]","1","49.64","[]","0","0.00","49.64"
"bdep_6cd4704872c87179f8aecc87","bnk_6cd4704872c87179f8aecc87","2024-12-30","5000","USD","","","WT FED#01312 JPMORGAN CHASE BAN    /ORG=MICAH WINKELSPECHT                            SRF#        XXXXXX0365ES TRN#XXXXXXXX1358  RFB#     OS1 OF 24/12/30","[{""component_id"":""bdc_CAwU6kv0z5sNy2Xr8jlLD"",""payment_unit_id"":""pu_CAwU6kv0z5sNy2Xr8jlLD"",""kind"":""other"",""amount"":""5000.00"",""source"":""qbo_inferred"",""source_staged_payment_id"":""CAwU6kv0z5sNy2Xr8jlLD"",""staged_payer"":""Micah Winkelspecht"",""staged_date"":""2024-12-30"",""qb_deposit_id"":""31646"",""reconciliation_flag"":""ok"",""unit_kind"":""other"",""unit_evidence_id"":""CAwU6kv0z5sNy2Xr8jlLD""}]","1","5000.00","[{""id"":""pu_CAwU6kv0z5sNy2Xr8jlLD"",""kind"":""other"",""evidence_id"":""CAwU6kv0z5sNy2Xr8jlLD"",""stripe_charge_id"":"""",""source_staged_payment_id"":""CAwU6kv0z5sNy2Xr8jlLD"",""gross_amount"":""5000.00"",""fee_amount"":"""",""net_amount"":""5000.00"",""currency"":""USD"",""received_date"":""2024-12-30"",""lifecycle"":""received""}]","1","5000.00","[]","0","0.00","[]","0","0.00","0.00"
"bdep_37488065b5bb5efa4b0b5154","bnk_37488065b5bb5efa4b0b5154","2021-03-26","49.64","USD","","","STRIPE           TRANSFER          ST-O1X0I9B3U9E1 THE WILDFLOWER FOUNDAT","[]","0","0.00","[]","0","0.00","[]","0","0.00","[]","0","0.00","49.64"
"bdep_f495d0fd5bc14af72ac6d8c6","bnk_f495d0fd5bc14af72ac6d8c6","2022-04-21","6520","USD","","","ATM CHECK DEPOSIT              ON              04/21 1505 W Lake St            Minneapolis   MN  0007056           ATM ID 6991J    CARD 7365","[]","0","0.00","[]","0","0.00","[]","0","0.00","[{""id"":""bdqr_bdep_f495d0fd5bc14af72ac6d8c6"",""bank_deposit_id"":""bdep_f495d0fd5bc14af72ac6d8c6"",""bank_transaction_id"":""bnk_a79d592a318ffde3cea4f024"",""amount"":""6520"",""deposit_date"":""2022-04-21"",""txn_date"":""2022-04-21"",""txn_type"":""Payment"",""ref_no"":"""",""payee"":""PELSB GRANT"",""memo"":"""",""qb_posting"":"""",""account"":""1503 Pledges/Services Receivable"",""class"":"""",""reconciliation_status"":""Reconciled"",""ambiguous"":""false""}]","1","6520.00","6520.00"
"bdep_ea6028f35648700c6a3faad0","bnk_ea6028f35648700c6a3faad0","2019-06-07","423.3","USD","","","ATM CHECK DEPOSIT              ON              06/07 1505 WEST LAKE ST         MINNEAPOLIS   MN  0003625           ATM ID 6991L    CARD 7365","[]","0","0.00","[]","0","0.00","[]","0","0.00","[]","0","0.00","423.30"
"bdep_3f84758ac23262b42cd15fa5","bnk_3f84758ac23262b42cd15fa5","2026-01-26","51781.56","USD","","","ONLINE TRANSFER NOV 2025 PAYROLL CSP REF #BB0WLW8LTD","[]","0","0.00","[]","0","0.00","[]","0","0.00","[{""id"":""bdqr_bdep_3f84758ac23262b42cd15fa5"",""bank_deposit_id"":""bdep_3f84758ac23262b42cd15fa5"",""bank_transaction_id"":""bnk_5c18d1ab039d3753ce1d775a"",""amount"":""51781.56"",""deposit_date"":""2026-01-26"",""txn_date"":""2026-01-26"",""txn_type"":""Transfer"",""ref_no"":"""",""payee"":"""",""memo"":""Transfer from CSP"",""qb_posting"":"""",""account"":""TWF CSP Rep grant (1340) - 2"",""class"":"""",""reconciliation_status"":""Reconciled"",""ambiguous"":""false""}]","1","51781.56","51781.56"
"bdep_db7903fc7727261897bbdc6f","bnk_db7903fc7727261897bbdc6f","2024-10-24","300000","USD","","","WT FED#04706 BANK OF AMERICA, N    /ORG=IMAGINABLE FUTURES FOUNDATION                 SRF#    XXXXXXXXXXXX7068 TRN#XXXXXXXX1918  RFB#    24ANH26214AU2154","[{""component_id"":""bdc_tdSImcnQwgq8DwxZ-7cx8"",""payment_unit_id"":""pu_tdSImcnQwgq8DwxZ-7cx8"",""kind"":""other"",""amount"":""300000.00"",""source"":""qbo_inferred"",""source_staged_payment_id"":""tdSImcnQwgq8DwxZ-7cx8"",""staged_payer"":""Imaginable Futures"",""staged_date"":""2024-10-24"",""qb_deposit_id"":""30628"",""reconciliation_flag"":""ok"",""unit_kind"":""other"",""unit_evidence_id"":""tdSImcnQwgq8DwxZ-7cx8""}]","1","300000.00","[{""id"":""pu_tdSImcnQwgq8DwxZ-7cx8"",""kind"":""other"",""evidence_id"":""tdSImcnQwgq8DwxZ-7cx8"",""stripe_charge_id"":"""",""source_staged_payment_id"":""tdSImcnQwgq8DwxZ-7cx8"",""gross_amount"":""300000.00"",""fee_amount"":"""",""net_amount"":""300000.00"",""currency"":""USD"",""received_date"":""2024-10-24"",""lifecycle"":""received""}]","1","300000.00","[]","0","0.00","[]","0","0.00","0.00"
"bdep_ff915260dd86d9a1eedde118","bnk_ff915260dd86d9a1eedde118","2020-12-22","99.27","USD","","","STRIPE           TRANSFER          ST-D6F5M0O4S0A8 THE WILDFLOWER FOUNDAT","[]","0","0.00","[]","0","0.00","[]","0","0.00","[]","0","0.00","99.27"
"bdep_7ade116210f2ebd8f8810470","bnk_7ade116210f2ebd8f8810470","2019-01-31","129.75","USD","","","MSP02 - 1330 Lag PAYMENTS   190130 EFT-00449884    NTE*ZZZ*PO9GSP9FE7KVVN7Y5N,\","[]","0","0.00","[]","0","0.00","[]","0","0.00","[]","0","0.00","129.75"
"bdep_475a01f01e5ea2d5e4df421c","bnk_475a01f01e5ea2d5e4df421c","2021-10-07","410.2","USD","","","BUSINESS CHECKIN Expensify  000000 R30863672       BUSINESS CHECKING","[]","0","0.00","[]","0","0.00","[]","0","0.00","[]","0","0.00","410.20"
"bdep_efbdc3e07c157ddf437808c4","bnk_efbdc3e07c157ddf437808c4","2018-05-23","288972.01","USD","","","FROM BRK ****9888 TRANSFER REF 231143420","[{""component_id"":""bdc_keC3v6wusKFai7PrvzlJn"",""payment_unit_id"":""pu_keC3v6wusKFai7PrvzlJn"",""kind"":""other"",""amount"":""288972.01"",""source"":""qbo_inferred"",""source_staged_payment_id"":""keC3v6wusKFai7PrvzlJn"",""staged_payer"":""Arthur Rock Foundation"",""staged_date"":""2018-05-23"",""qb_deposit_id"":""3431"",""reconciliation_flag"":""ok"",""unit_kind"":""other"",""unit_evidence_id"":""keC3v6wusKFai7PrvzlJn""}]","1","288972.01","[{""id"":""pu_keC3v6wusKFai7PrvzlJn"",""kind"":""other"",""evidence_id"":""keC3v6wusKFai7PrvzlJn"",""stripe_charge_id"":"""",""source_staged_payment_id"":""keC3v6wusKFai7PrvzlJn"",""gross_amount"":""288972.01"",""fee_amount"":"""",""net_amount"":""288972.01"",""currency"":""USD"",""received_date"":""2018-05-23"",""lifecycle"":""received""}]","1","288972.01","[]","0","0.00","[]","0","0.00","0.00"
"bdep_cda4d6fcdce356ae9f38e3b5","bnk_cda4d6fcdce356ae9f38e3b5","2023-02-10","1077.97","USD","","","GUSTO            TAX 064853 230210 6semjti9vlg     The Wildflower Foundat","[]","0","0.00","[]","0","0.00","[]","0","0.00","[]","0","0.00","1077.97"
"bdep_c806eaea2ef0e89c620967cb","bnk_c806eaea2ef0e89c620967cb","2021-01-29","248.19","USD","","","STRIPE           TRANSFER          ST-R6F3A5I9L9D3 THE WILDFLOWER FOUNDAT","[]","0","0.00","[]","0","0.00","[]","0","0.00","[]","0","0.00","248.19"
"bdep_59b20c6d111b7232a3c8f52c","bnk_59b20c6d111b7232a3c8f52c","2017-08-24","400250","USD","","","ATM CHECK DEPOSIT 08/24 3030 NICOLLET AVE MINNEAPOLIS MN 5813V 7365","[]","0","0.00","[]","0","0.00","[]","0","0.00","[]","0","0.00","400250.00"
"bdep_d14000c2ab287f79a5956988","bnk_d14000c2ab287f79a5956988","2026-03-27","950.7","USD","","","STRIPE           TRANSFER          ST-X9M0G9F4G7A9 THE WILDFLOWER FOUNDAT","[]","0","0.00","[]","0","0.00","[{""stripe_payout_id"":""po_1TFOjBAhXr9x8yiRFZ5YymFZ"",""bank_deposit_id"":""bdep_d14000c2ab287f79a5956988"",""amount"":""950.7"",""currency"":""USD"",""arrival_date"":""2026-03-26"",""deposit_date"":""2026-03-27"",""ambiguous_bank_match"":""false"",""payer_name"":""""}]","1","950.70","[]","0","0.00","950.70"
"bdep_06f392376a3916ee2cd3a17a","bnk_06f392376a3916ee2cd3a17a","2025-11-18","500","USD","","","ATM CHECK DEPOSIT              ON              11/18 1505 W Lake St            Minneapolis   MN  0003020           ATM ID 6991L    CARD 0628","[{""component_id"":""bdc_HwkYzUzoTOi6nguIJFA3C"",""payment_unit_id"":""pu_HwkYzUzoTOi6nguIJFA3C"",""kind"":""other"",""amount"":""500.00"",""source"":""qbo_inferred"",""source_staged_payment_id"":""HwkYzUzoTOi6nguIJFA3C"",""staged_payer"":""Lars and Becky Klevan"",""staged_date"":""2025-11-18"",""qb_deposit_id"":""36573"",""reconciliation_flag"":""ok"",""unit_kind"":""other"",""unit_evidence_id"":""HwkYzUzoTOi6nguIJFA3C""}]","1","500.00","[{""id"":""pu_HwkYzUzoTOi6nguIJFA3C"",""kind"":""other"",""evidence_id"":""HwkYzUzoTOi6nguIJFA3C"",""stripe_charge_id"":"""",""source_staged_payment_id"":""HwkYzUzoTOi6nguIJFA3C"",""gross_amount"":""500.00"",""fee_amount"":"""",""net_amount"":""500.00"",""currency"":""USD"",""received_date"":""2025-11-18"",""lifecycle"":""received""}]","1","500.00","[]","0","0.00","[]","0","0.00","0.00"
"bdep_d54950364585d7dfb1540ace","bnk_d54950364585d7dfb1540ace","2022-11-23","53.95","USD","","","STRIPE           TRANSFER          ST-M6Y8K2N2I0E8 THE WILDFLOWER FOUNDAT","[]","0","0.00","[]","0","0.00","[{""stripe_payout_id"":""po_1M6nrjAhXr9x8yiR1HWXnuYJ"",""bank_deposit_id"":""bdep_d54950364585d7dfb1540ace"",""amount"":""53.95"",""currency"":""USD"",""arrival_date"":""2022-11-22"",""deposit_date"":""2022-11-23"",""ambiguous_bank_match"":""false"",""payer_name"":""""}]","1","53.95","[]","0","0.00","53.95"
"bdep_0bbd18bb911e16b2758c7620","bnk_0bbd18bb911e16b2758c7620","2020-04-27","485.2","USD","","","STRIPE           TRANSFER          ST-P8P1O6F5Q7T5 THE WILDFLOWER FOUNDAT","[]","0","0.00","[]","0","0.00","[]","0","0.00","[]","0","0.00","485.20"
"bdep_5700b32f32946374dc23a385","bnk_5700b32f32946374dc23a385","2025-11-07","4990.56","USD","","","Wildflower New Y Receivable        016FUJNHO3WWU7K 016FUJNHO3WWU7K Wildflower New Y Bill.com Inv TW","[]","0","0.00","[]","0","0.00","[]","0","0.00","[]","0","0.00","4990.56"
"bdep_7a0cb150e205bf1dd787053d","bnk_7a0cb150e205bf1dd787053d","2019-03-27","197.98","USD","","","STRIPE           TRANSFER                          X","[]","0","0.00","[]","0","0.00","[]","0","0.00","[]","0","0.00","197.98"
"bdep_a9b51022beca38a1ad8d1162","bnk_a9b51022beca38a1ad8d1162","2021-03-15","1382.77","USD","","","STRIPE           TRANSFER          ST-U1L7B7E4B5G9 THE WILDFLOWER FOUNDAT","[]","0","0.00","[]","0","0.00","[]","0","0.00","[]","0","0.00","1382.77"
"bdep_4273449a9d44ebe75ee6cf58","bnk_4273449a9d44ebe75ee6cf58","2024-08-26","545.45","USD","","","Wildflower Monte Receivable        016QWTZSD3GL1FF 016QWTZSD3GL1FF Wildflower Monte Bill.com Inv 79","[]","0","0.00","[]","0","0.00","[]","0","0.00","[]","0","0.00","545.45"
"bdep_5258cf0af11c5b94a4401ca5","bnk_5258cf0af11c5b94a4401ca5","2021-02-12","24990","USD","","","WT SEQ166604 WF RETURN WIRES IN PROC /ORG=                                            SRF#    2021021200134410 TRN#210212166604  RFB#","[]","0","0.00","[]","0","0.00","[]","0","0.00","[]","0","0.00","24990.00"
"bdep_9bf6d9f224daf951c1fa4eb5","bnk_9bf6d9f224daf951c1fa4eb5","2020-08-05","35000","USD","","","ATM CHECK DEPOSIT              ON              08/05 1505 WEST LAKE ST         Minneapolis   MN  0001539           ATM ID 6991J    CARD 7365","[]","0","0.00","[]","0","0.00","[]","0","0.00","[]","0","0.00","35000.00"
"bdep_e874121a49f57018a9f2d2c6","bnk_e874121a49f57018a9f2d2c6","2023-01-06","160991.98","USD","","","ATM CHECK DEPOSIT              ON              01/06 4712 Chicago Ave          Minneapolis   MN  0009100           ATM ID 5819T    CARD 7365","[]","0","0.00","[]","0","0.00","[]","0","0.00","[]","0","0.00","160991.98"
"bdep_61c3706fbae421e313606264","bnk_61c3706fbae421e313606264","2022-11-03","10835.5","USD","","","DC WILDFLOWER PU EFT PYMT   110222 Charter School  The Wildflower Foundat","[]","0","0.00","[]","0","0.00","[]","0","0.00","[{""id"":""bdqr_bdep_61c3706fbae421e313606264"",""bank_deposit_id"":""bdep_61c3706fbae421e313606264"",""bank_transaction_id"":""bnk_5bbca057200c0d30385319d4"",""amount"":""10835.5"",""deposit_date"":""2022-11-03"",""txn_date"":""2022-11-03"",""txn_type"":""Payment"",""ref_no"":"""",""payee"":""DC Wildflower Public Charter School"",""memo"":"""",""qb_posting"":"""",""account"":""1500 Accounts Receivable (A/R)"",""class"":"""",""reconciliation_status"":""Reconciled"",""ambiguous"":""false""}]","1","10835.50","10835.50"
"bdep_161089fa795e28ff777ee7f3","bnk_161089fa795e28ff777ee7f3","2019-12-16","533.45","USD","","","STRIPE           TRANSFER          ST-H3E6I4G6X1Y8 THE WILDFLOWER FOUNDAT","[]","0","0.00","[]","0","0.00","[]","0","0.00","[]","0","0.00","533.45"
"bdep_58658dc20b1a5e349f15de18","bnk_58658dc20b1a5e349f15de18","2026-06-05","500","USD","","","Bill.com         VoidPaymnt        016DZMEON113CSY     Janai Crudup Bill.com 016DZMEON113CSY Inv 1","[]","0","0.00","[]","0","0.00","[]","0","0.00","[{""id"":""bdqr_bdep_58658dc20b1a5e349f15de18"",""bank_deposit_id"":""bdep_58658dc20b1a5e349f15de18"",""bank_transaction_id"":""bnk_430175fa045f109dacf6feee"",""amount"":""500"",""deposit_date"":""2026-06-05"",""txn_date"":""2026-06-05"",""txn_type"":""Journal"",""ref_no"":""JE CSP Alloc Apr 33"",""payee"":"""",""memo"":""BILL 06/05/26 Credit P26030201 - 6260587"",""qb_posting"":"""",""account"":"""",""class"":"""",""reconciliation_status"":""Reconciled"",""ambiguous"":""false""}]","1","500.00","500.00"
"bdep_80c43ef90f001d39aa5b8cb1","bnk_80c43ef90f001d39aa5b8cb1","2024-12-12","200000","USD","","","WT FED#05186 NATIONAL FINANCIAL    /ORG=1/FIDELITY FOUNDATION                         SRF#        XXXXXX8347FS TRN#XXXXXXXX5795  RFB#     SWF OF 24/12/12","[{""component_id"":""bdc_z1LkltDgvJAAPfw4dg0fr"",""payment_unit_id"":""pu_z1LkltDgvJAAPfw4dg0fr"",""kind"":""other"",""amount"":""200000.00"",""source"":""qbo_inferred"",""source_staged_payment_id"":""z1LkltDgvJAAPfw4dg0fr"",""staged_payer"":""Fidelity Charitable"",""staged_date"":""2024-12-12"",""qb_deposit_id"":""31177"",""reconciliation_flag"":""ok"",""unit_kind"":""other"",""unit_evidence_id"":""z1LkltDgvJAAPfw4dg0fr""}]","1","200000.00","[{""id"":""pu_z1LkltDgvJAAPfw4dg0fr"",""kind"":""other"",""evidence_id"":""z1LkltDgvJAAPfw4dg0fr"",""stripe_charge_id"":"""",""source_staged_payment_id"":""z1LkltDgvJAAPfw4dg0fr"",""gross_amount"":""200000.00"",""fee_amount"":"""",""net_amount"":""200000.00"",""currency"":""USD"",""received_date"":""2024-12-12"",""lifecycle"":""received""}]","1","200000.00","[]","0","0.00","[]","0","0.00","0.00"
"bdep_1ddd4bcc1acf9eab960ebac8","bnk_1ddd4bcc1acf9eab960ebac8","2020-05-29","572.69","USD","","","STRIPE           TRANSFER          ST-K4W6G4M8W0Z0 THE WILDFLOWER FOUNDAT","[]","0","0.00","[]","0","0.00","[]","0","0.00","[]","0","0.00","572.69"
"bdep_765fdd3324a28eb4ffa69084","bnk_765fdd3324a28eb4ffa69084","2020-05-19","630.55","USD","","","STRIPE           TRANSFER          ST-M3B8T2M9B7G3 THE WILDFLOWER FOUNDAT","[]","0","0.00","[]","0","0.00","[]","0","0.00","[]","0","0.00","630.55"
"bdep_c89b9dcdeee2d81f9f043cc6","bnk_c89b9dcdeee2d81f9f043cc6","2020-12-21","7541.67","USD","","","INTUIT PYMT SOLN DEPOSIT    201219 524771990592861 THE WILDFLOWER FOUNDAT","[]","0","0.00","[]","0","0.00","[]","0","0.00","[{""id"":""bdqr_bdep_c89b9dcdeee2d81f9f043cc6"",""bank_deposit_id"":""bdep_c89b9dcdeee2d81f9f043cc6"",""bank_transaction_id"":""bnk_60b15d77487f7c6c4e9ee403"",""amount"":""7541.67"",""deposit_date"":""2020-12-21"",""txn_date"":""2020-12-18"",""txn_type"":""Deposit"",""ref_no"":"""",""payee"":"""",""memo"":""System-recorded deposit for QuickBooks Payments"",""qb_posting"":"""",""account"":"""",""class"":"""",""reconciliation_status"":""Reconciled"",""ambiguous"":""false""}]","1","7541.67","7541.67"
"bdep_5aa58d333c2620a917c996f6","bnk_5aa58d333c2620a917c996f6","2026-01-29","5000","USD","","","ATM CHECK DEPOSIT              ON              01/29 1505 W Lake St            Minneapolis   MN  0003759           ATM ID 6991L    CARD 0628","[]","0","0.00","[]","0","0.00","[]","0","0.00","[{""id"":""bdqr_bdep_5aa58d333c2620a917c996f6"",""bank_deposit_id"":""bdep_5aa58d333c2620a917c996f6"",""bank_transaction_id"":""bnk_4374c903a05be35803518c64"",""amount"":""5000"",""deposit_date"":""2026-01-29"",""txn_date"":""2026-01-30"",""txn_type"":""Deposit"",""ref_no"":"""",""payee"":""Lindsay and Matt Haldeman"",""memo"":""Matt and Lindsay Haldeman Received via Vanguard DAF for BWF gen op support"",""qb_posting"":"""",""account"":""4100.1 Restricted Donations:Restricted Donations - Individual"",""class"":""General Operations BWF"",""reconciliation_status"":""Reconciled"",""ambiguous"":""false""}]","1","5000.00","5000.00"
"bdep_1b7b794c3e126ed91922001b","bnk_1b7b794c3e126ed91922001b","2026-06-12","189876.47","USD","","","ONLINE TRANSFER DAHLIA LOAN REF #BB0YHJ6ZJJ","[]","0","0.00","[]","0","0.00","[]","0","0.00","[]","0","0.00","189876.47"
"bdep_7b1a04cdfad83aed42d4bb62","bnk_7b1a04cdfad83aed42d4bb62","2025-10-23","2675.89","USD","","","Bill.com         Receivable        015ZHQBGTWPK38C Jun Zi Lan Montessori School, Inc. Bill.com 015Z","[]","0","0.00","[]","0","0.00","[]","0","0.00","[{""id"":""bdqr_bdep_7b1a04cdfad83aed42d4bb62"",""bank_deposit_id"":""bdep_7b1a04cdfad83aed42d4bb62"",""bank_transaction_id"":""bnk_63ac3f6664f5b6669641dd0d"",""amount"":""2675.89"",""deposit_date"":""2025-10-23"",""txn_date"":""2025-10-23"",""txn_type"":""Journal"",""ref_no"":""PPD Exp Sep 2027"",""payee"":"""",""memo"":""BILL 10/23/25 AR Payments"",""qb_posting"":"""",""account"":"""",""class"":"""",""reconciliation_status"":""Reconciled"",""ambiguous"":""false""}]","1","2675.89","2675.89"
"bdep_0db3f5d078d4b4a5863939e4","bnk_0db3f5d078d4b4a5863939e4","2023-06-28","125000","USD","","","The Sunlight Loa Bill.com          025AXFACTOJPFLV The Sunlight Loan Fund, LLC Bill.com 025AXFACTOJ","[]","0","0.00","[]","0","0.00","[]","0","0.00","[]","0","0.00","125000.00"
"bdep_4d3a202ae2d425cad8a9ab83","bnk_4d3a202ae2d425cad8a9ab83","2025-04-29","5278.94","USD","","","Minnesota Wildfl Receivable        016SYVJII3PSEKS 016SYVJII3PSEKS Minnesota Wildfl Bill.com Inv #","[]","0","0.00","[]","0","0.00","[]","0","0.00","[{""id"":""bdqr_bdep_4d3a202ae2d425cad8a9ab83"",""bank_deposit_id"":""bdep_4d3a202ae2d425cad8a9ab83"",""bank_transaction_id"":""bnk_8b191be96962ddaeca8b7fbd"",""amount"":""5278.94"",""deposit_date"":""2025-04-29"",""txn_date"":""2025-04-29"",""txn_type"":""Payment"",""ref_no"":"""",""payee"":""Water Lily (C)"",""memo"":"""",""qb_posting"":"""",""account"":""1503 Pledges/Services Receivable"",""class"":"""",""reconciliation_status"":""Reconciled"",""ambiguous"":""false""}]","1","5278.94","5278.94"
"bdep_6e287b2654de5274a8d6d205","bnk_6e287b2654de5274a8d6d205","2020-11-06","150000","USD","","","CHARTER FUND INC RL 11.6 A         V000513         WM-F3-NATL-OC-2020-2Q (LOAN1OF1)","[]","0","0.00","[]","0","0.00","[]","0","0.00","[]","0","0.00","150000.00"
"bdep_cd35f6766b2ef82b00238eb3","bnk_cd35f6766b2ef82b00238eb3","2020-11-18","681.3","USD","","","COBRA TRUST ACCT BASICPacif                        COBRA REMIT","[]","0","0.00","[]","0","0.00","[]","0","0.00","[]","0","0.00","681.30"
"bdep_0631a3734a9d945fd32bb2d7","bnk_0631a3734a9d945fd32bb2d7","2025-07-29","850","USD","","","6164Promise Ven  AB-AXQ7QDB 250729 5123473         BLACK WILDFLOWERS FUND","[{""component_id"":""bdc_eQzcRt2t2x6rVWtbQzuYK"",""payment_unit_id"":""pu_eQzcRt2t2x6rVWtbQzuYK"",""kind"":""other"",""amount"":""850.00"",""source"":""qbo_inferred"",""source_staged_payment_id"":""eQzcRt2t2x6rVWtbQzuYK"",""staged_payer"":""Promise Venture Studios"",""staged_date"":""2025-07-29"",""qb_deposit_id"":""35436"",""reconciliation_flag"":""ok"",""unit_kind"":""other"",""unit_evidence_id"":""eQzcRt2t2x6rVWtbQzuYK""}]","1","850.00","[{""id"":""pu_eQzcRt2t2x6rVWtbQzuYK"",""kind"":""other"",""evidence_id"":""eQzcRt2t2x6rVWtbQzuYK"",""stripe_charge_id"":"""",""source_staged_payment_id"":""eQzcRt2t2x6rVWtbQzuYK"",""gross_amount"":""850.00"",""fee_amount"":"""",""net_amount"":""850.00"",""currency"":""USD"",""received_date"":""2025-07-29"",""lifecycle"":""received""}]","1","850.00","[]","0","0.00","[]","0","0.00","0.00"
"bdep_a90739e44dca4774ba6e231d","bnk_a90739e44dca4774ba6e231d","2020-11-18","479.2","USD","","","STRIPE           TRANSFER          ST-D4F4B3W9Q7I9 THE WILDFLOWER FOUNDAT","[]","0","0.00","[]","0","0.00","[{""stripe_payout_id"":""po_1HoJrjAhXr9x8yiRYSWv6QIu"",""bank_deposit_id"":""bdep_a90739e44dca4774ba6e231d"",""amount"":""479.2"",""currency"":""USD"",""arrival_date"":""2020-11-17"",""deposit_date"":""2020-11-18"",""ambiguous_bank_match"":""false"",""payer_name"":""""}]","1","479.20","[]","0","0.00","479.20"
"bdep_cd44bd29dce9d3ef1bca38f9","bnk_cd44bd29dce9d3ef1bca38f9","2018-05-25","286604.93","USD","","","FROM BRK ****9888 TRANSFER REF 231437302","[{""component_id"":""bdc_XauYvjVqajTTweSOqb-88"",""payment_unit_id"":""pu_XauYvjVqajTTweSOqb-88"",""kind"":""other"",""amount"":""286604.93"",""source"":""qbo_inferred"",""source_staged_payment_id"":""XauYvjVqajTTweSOqb-88"",""staged_payer"":""Arthur Rock Foundation"",""staged_date"":""2018-05-25"",""qb_deposit_id"":""3420"",""reconciliation_flag"":""ok"",""unit_kind"":""other"",""unit_evidence_id"":""XauYvjVqajTTweSOqb-88""}]","1","286604.93","[{""id"":""pu_XauYvjVqajTTweSOqb-88"",""kind"":""other"",""evidence_id"":""XauYvjVqajTTweSOqb-88"",""stripe_charge_id"":"""",""source_staged_payment_id"":""XauYvjVqajTTweSOqb-88"",""gross_amount"":""286604.93"",""fee_amount"":"""",""net_amount"":""286604.93"",""currency"":""USD"",""received_date"":""2018-05-25"",""lifecycle"":""received""}]","1","286604.93","[]","0","0.00","[]","0","0.00","0.00"
"bdep_c0d3d6eaa73202e9ea6a13c1","bnk_c0d3d6eaa73202e9ea6a13c1","2020-07-10","5000","USD","","","NEW SCHOOLS 1310 PAYMENTS          VEN000829       WILDFLOWER FOUNDATION","[{""component_id"":""bdc_Y3EAw60k_YYl27iA5sHgt"",""payment_unit_id"":""pu_Y3EAw60k_YYl27iA5sHgt"",""kind"":""other"",""amount"":""5000.00"",""source"":""qbo_inferred"",""source_staged_payment_id"":""Y3EAw60k_YYl27iA5sHgt"",""staged_payer"":""New Schools Venture Fund"",""staged_date"":""2020-07-10"",""qb_deposit_id"":""13001"",""reconciliation_flag"":""ok"",""unit_kind"":""other"",""unit_evidence_id"":""Y3EAw60k_YYl27iA5sHgt""}]","1","5000.00","[{""id"":""pu_Y3EAw60k_YYl27iA5sHgt"",""kind"":""other"",""evidence_id"":""Y3EAw60k_YYl27iA5sHgt"",""stripe_charge_id"":"""",""source_staged_payment_id"":""Y3EAw60k_YYl27iA5sHgt"",""gross_amount"":""5000.00"",""fee_amount"":"""",""net_amount"":""5000.00"",""currency"":""USD"",""received_date"":""2020-07-10"",""lifecycle"":""received""}]","1","5000.00","[]","0","0.00","[]","0","0.00","0.00"
"bdep_2b283ba232cf83b240c66bfe","bnk_2b283ba232cf83b240c66bfe","2020-07-31","694.92","USD","","","STRIPE           TRANSFER          ST-R3L2U1M2J8H1 THE WILDFLOWER FOUNDAT","[]","0","0.00","[]","0","0.00","[]","0","0.00","[]","0","0.00","694.92"
"bdep_837a576bd26a41892e5decc7","bnk_837a576bd26a41892e5decc7","2018-05-04","1500","USD","","","ATM CHECK DEPOSIT 05/04 3030 NICOLLET AVE MINNEAPOLIS MN 5813V 7365","[]","0","0.00","[]","0","0.00","[]","0","0.00","[{""id"":""bdqr_bdep_837a576bd26a41892e5decc7"",""bank_deposit_id"":""bdep_837a576bd26a41892e5decc7"",""bank_transaction_id"":""bnk_607ce058db19fed1fa8a8b14"",""amount"":""1500"",""deposit_date"":""2018-05-04"",""txn_date"":""2018-05-04"",""txn_type"":""Payment"",""ref_no"":"""",""payee"":""Loan - Violeta"",""memo"":"""",""qb_posting"":"""",""account"":""1503 Pledges/Services Receivable"",""class"":"""",""reconciliation_status"":""Reconciled"",""ambiguous"":""false""}]","1","1500.00","1500.00"
"bdep_39e30e71a2b30a42370b965b","bnk_39e30e71a2b30a42370b965b","2019-09-16","50000","USD","","","DEPOSIT MADE IN A BRANCH/STORE","[{""component_id"":""bdc_GCtncjZIGjloPCPQDmjRz"",""payment_unit_id"":""pu_GCtncjZIGjloPCPQDmjRz"",""kind"":""other"",""amount"":""50000.00"",""source"":""qbo_inferred"",""source_staged_payment_id"":""GCtncjZIGjloPCPQDmjRz"",""staged_payer"":""The Douglass Brandenborg Family Foundation"",""staged_date"":""2019-09-16"",""qb_deposit_id"":""8954"",""reconciliation_flag"":""ok"",""unit_kind"":""other"",""unit_evidence_id"":""GCtncjZIGjloPCPQDmjRz""}]","1","50000.00","[{""id"":""pu_GCtncjZIGjloPCPQDmjRz"",""kind"":""other"",""evidence_id"":""GCtncjZIGjloPCPQDmjRz"",""stripe_charge_id"":"""",""source_staged_payment_id"":""GCtncjZIGjloPCPQDmjRz"",""gross_amount"":""50000.00"",""fee_amount"":"""",""net_amount"":""50000.00"",""currency"":""USD"",""received_date"":""2019-09-16"",""lifecycle"":""received""}]","1","50000.00","[]","0","0.00","[]","0","0.00","0.00"
"bdep_608c90c70a3b3bffa57a8e83","bnk_608c90c70a3b3bffa57a8e83","2022-08-04","24.82","USD","","","STRIPE           TRANSFER          ST-T9E8G3H2D7N6 THE WILDFLOWER FOUNDAT","[]","0","0.00","[]","0","0.00","[{""stripe_payout_id"":""po_1LSZzkAhXr9x8yiR1vHXWQOK"",""bank_deposit_id"":""bdep_608c90c70a3b3bffa57a8e83"",""amount"":""24.82"",""currency"":""USD"",""arrival_date"":""2022-08-03"",""deposit_date"":""2022-08-04"",""ambiguous_bank_match"":""false"",""payer_name"":""""}]","1","24.82","[]","0","0.00","24.82"
"bdep_5cdf15ec44bc83387f711bfa","bnk_5cdf15ec44bc83387f711bfa","2022-06-29","100000","USD","","","BLUE CROSS BS MN BLUE X DEP                        RMR*OI*FOUNDATIONGRANT**100000.00*100000.00*0.00","[]","0","0.00","[]","0","0.00","[]","0","0.00","[{""id"":""bdqr_bdep_5cdf15ec44bc83387f711bfa"",""bank_deposit_id"":""bdep_5cdf15ec44bc83387f711bfa"",""bank_transaction_id"":""bnk_0a0d6e78a3acc23403d360e1"",""amount"":""100000"",""deposit_date"":""2022-06-29"",""txn_date"":""2022-06-29"",""txn_type"":""Payment"",""ref_no"":"""",""payee"":""Blue Cross & Blue Shield Foundation of MN"",""memo"":"""",""qb_posting"":"""",""account"":""1503 Pledges/Services Receivable"",""class"":"""",""reconciliation_status"":""Reconciled"",""ambiguous"":""false""}]","1","100000.00","100000.00"
"bdep_d28ea2aa5ff9ca4a9746268d","bnk_d28ea2aa5ff9ca4a9746268d","2025-01-29","811.08","USD","","","Snowdrop Montess Receivable        016CNPISJ3MGIS7 016CNPISJ3MGIS7 Snowdrop Montess Bill.com Inv 17","[]","0","0.00","[]","0","0.00","[]","0","0.00","[]","0","0.00","811.08"
"bdep_14323790bff961933245587b","bnk_14323790bff961933245587b","2021-03-10","23.67","USD","","","STRIPE           TRANSFER          ST-A4I4H5K2P4L2 THE WILDFLOWER FOUNDAT","[]","0","0.00","[]","0","0.00","[{""stripe_payout_id"":""po_1ISvJ9AhXr9x8yiRIhDQYLg2"",""bank_deposit_id"":""bdep_14323790bff961933245587b"",""amount"":""23.67"",""currency"":""USD"",""arrival_date"":""2021-03-09"",""deposit_date"":""2021-03-10"",""ambiguous_bank_match"":""false"",""payer_name"":""""}]","1","23.67","[]","0","0.00","23.67"
"bdep_1f48f30490aee3778ebfe919","bnk_1f48f30490aee3778ebfe919","2024-12-27","148.9","USD","","","STRIPE           TRANSFER          ST-I1F2H3F1C8B2 THE WILDFLOWER FOUNDAT","[]","0","0.00","[]","0","0.00","[{""stripe_payout_id"":""po_1Qa5asAhXr9x8yiRugjbC5EU"",""bank_deposit_id"":""bdep_1f48f30490aee3778ebfe919"",""amount"":""148.9"",""currency"":""USD"",""arrival_date"":""2024-12-26"",""deposit_date"":""2024-12-27"",""ambiguous_bank_match"":""false"",""payer_name"":""""}]","1","148.90","[]","0","0.00","148.90"
"bdep_906262ae29169b56cd6a1983","bnk_906262ae29169b56cd6a1983","2023-03-15","2222.2","USD","","","BASIC            BASICCOBRA 230315                 The Wildflower Foundat","[]","0","0.00","[]","0","0.00","[]","0","0.00","[]","0","0.00","2222.20"
"bdep_39a3cf08b5521c7dccde8bdd","bnk_39a3cf08b5521c7dccde8bdd","2020-03-06","1000","USD","","","ATM CHECK DEPOSIT              ON              03/06 4712 CHICAGO AVE S        MINNEAPOLIS   MN  0000393           ATM ID 5819T    CARD 7365","[{""component_id"":""bdc_YccEYB0l5ErneQLXiarh4"",""payment_unit_id"":""pu_YccEYB0l5ErneQLXiarh4"",""kind"":""other"",""amount"":""1000.00"",""source"":""qbo_inferred"",""source_staged_payment_id"":""YccEYB0l5ErneQLXiarh4"",""staged_payer"":""WNYCS"",""staged_date"":""2020-03-06"",""qb_deposit_id"":""11588"",""reconciliation_flag"":""ok"",""unit_kind"":""other"",""unit_evidence_id"":""YccEYB0l5ErneQLXiarh4""}]","1","1000.00","[{""id"":""pu_YccEYB0l5ErneQLXiarh4"",""kind"":""other"",""evidence_id"":""YccEYB0l5ErneQLXiarh4"",""stripe_charge_id"":"""",""source_staged_payment_id"":""YccEYB0l5ErneQLXiarh4"",""gross_amount"":""1000.00"",""fee_amount"":"""",""net_amount"":""1000.00"",""currency"":""USD"",""received_date"":""2020-03-06"",""lifecycle"":""received""}]","1","1000.00","[]","0","0.00","[]","0","0.00","0.00"
"bdep_b5f8c6910fa37069819be835","bnk_b5f8c6910fa37069819be835","2018-01-08","15821.67","USD","","","GUSTO CND 270439 180108 6semjmqrd3j The Wildflower Foundat","[]","0","0.00","[]","0","0.00","[]","0","0.00","[]","0","0.00","15821.67"
"bdep_4a5682b5bd4f44c064791399","bnk_4a5682b5bd4f44c064791399","2026-01-08","1109.81","USD","","","ATM CHECK DEPOSIT              ON              01/08 1505 W Lake St            Minneapolis   MN  0003425           ATM ID 6993M    CARD 0628","[{""component_id"":""bdc_I0wp6Eb5Wi8A5svNX2zS1"",""payment_unit_id"":""pu_I0wp6Eb5Wi8A5svNX2zS1"",""kind"":""direct_ach"",""amount"":""1109.81"",""source"":""qbo_inferred"",""source_staged_payment_id"":""I0wp6Eb5Wi8A5svNX2zS1"",""staged_payer"":""Maia Blankenship -- Donor"",""staged_date"":""2026-01-08"",""qb_deposit_id"":""37480"",""reconciliation_flag"":""ok"",""unit_kind"":""direct_ach"",""unit_evidence_id"":""I0wp6Eb5Wi8A5svNX2zS1""}]","1","1109.81","[{""id"":""pu_I0wp6Eb5Wi8A5svNX2zS1"",""kind"":""direct_ach"",""evidence_id"":""I0wp6Eb5Wi8A5svNX2zS1"",""stripe_charge_id"":"""",""source_staged_payment_id"":""I0wp6Eb5Wi8A5svNX2zS1"",""gross_amount"":""1109.81"",""fee_amount"":"""",""net_amount"":""1109.81"",""currency"":""USD"",""received_date"":""2026-01-08"",""lifecycle"":""received""}]","1","1109.81","[]","0","0.00","[]","0","0.00","0.00"
"bdep_11e084c14d48916f0be581bb","bnk_11e084c14d48916f0be581bb","2022-05-10","1611.67","USD","","","BASIC            BASICCOBRA 220510                 The Wildflower Foundat","[]","0","0.00","[]","0","0.00","[]","0","0.00","[]","0","0.00","1611.67"
"bdep_1bf46ed522fa4e75a3006d23","bnk_1bf46ed522fa4e75a3006d23","2019-03-19","53.83","USD","","","STRIPE           TRANSFER                          X","[]","0","0.00","[]","0","0.00","[]","0","0.00","[]","0","0.00","53.83"
"bdep_f5f90462a11f31be8d7855f5","bnk_f5f90462a11f31be8d7855f5","2018-11-05","2000","USD","","","INTUIT PYMT SOLN DEPOSIT    181104 524771997507722 THE WILDFLOWER FOUNDAT 201811052","[]","0","0.00","[]","0","0.00","[]","0","0.00","[{""id"":""bdqr_bdep_f5f90462a11f31be8d7855f5"",""bank_deposit_id"":""bdep_f5f90462a11f31be8d7855f5"",""bank_transaction_id"":""bnk_bc673a508416887e15d2b057"",""amount"":""2000"",""deposit_date"":""2018-11-05"",""txn_date"":""2018-11-03"",""txn_type"":""Deposit"",""ref_no"":"""",""payee"":""Loan - Snowdrop"",""memo"":""System-recorded deposit for QuickBooks Payments"",""qb_posting"":"""",""account"":""1501 Undeposited Funds"",""class"":"""",""reconciliation_status"":""Reconciled"",""ambiguous"":""false""}]","1","2000.00","2000.00"
"bdep_facc0ec1eec7c90b0e851158","bnk_facc0ec1eec7c90b0e851158","2020-12-23","95.6","USD","","","STRIPE           TRANSFER          ST-J0B5T7M2C0A0 THE WILDFLOWER FOUNDAT","[]","0","0.00","[]","0","0.00","[]","0","0.00","[]","0","0.00","95.60"
"bdep_cdfbdcb3c9060b74421bbfc6","bnk_cdfbdcb3c9060b74421bbfc6","2023-12-06","50000","USD","","","Bainum Family Fo Bill.com          016NFSIYQ369XSN Bainum Family Foundation Bill.com 016NFSIYQ369XS","[{""component_id"":""bdc_qqdMMabV6wnz4rr0BVhAY"",""payment_unit_id"":""pu_qqdMMabV6wnz4rr0BVhAY"",""kind"":""check"",""amount"":""50000.00"",""source"":""qbo_inferred"",""source_staged_payment_id"":""qqdMMabV6wnz4rr0BVhAY"",""staged_payer"":""Bainum Family Foundation"",""staged_date"":""2023-12-06"",""qb_deposit_id"":""27057"",""reconciliation_flag"":""ok"",""unit_kind"":""check"",""unit_evidence_id"":""qqdMMabV6wnz4rr0BVhAY""}]","1","50000.00","[{""id"":""pu_qqdMMabV6wnz4rr0BVhAY"",""kind"":""check"",""evidence_id"":""qqdMMabV6wnz4rr0BVhAY"",""stripe_charge_id"":"""",""source_staged_payment_id"":""qqdMMabV6wnz4rr0BVhAY"",""gross_amount"":""50000.00"",""fee_amount"":"""",""net_amount"":""50000.00"",""currency"":""USD"",""received_date"":""2023-12-06"",""lifecycle"":""received""}]","1","50000.00","[]","0","0.00","[]","0","0.00","0.00"
"bdep_58244721f8aa940762d459c7","bnk_58244721f8aa940762d459c7","2021-03-16","1455.6","USD","","","STRIPE           TRANSFER          ST-C9S1E0Z9Q3C5 THE WILDFLOWER FOUNDAT","[]","0","0.00","[]","0","0.00","[]","0","0.00","[]","0","0.00","1455.60"
"bdep_5240672e3141a5793c3602b2","bnk_5240672e3141a5793c3602b2","2024-03-21","10000","USD","","","The McKnight Fou McKnight          V01307          Wildflower Foundation","[]","0","0.00","[]","0","0.00","[]","0","0.00","[{""id"":""bdqr_bdep_5240672e3141a5793c3602b2"",""bank_deposit_id"":""bdep_5240672e3141a5793c3602b2"",""bank_transaction_id"":""bnk_4b02bb9f6096718112d153dd"",""amount"":""10000"",""deposit_date"":""2024-03-21"",""txn_date"":""2024-03-21"",""txn_type"":""Payment"",""ref_no"":"""",""payee"":""McKnight Foundation"",""memo"":"""",""qb_posting"":"""",""account"":""1503 Pledges/Services Receivable"",""class"":"""",""reconciliation_status"":""Reconciled"",""ambiguous"":""false""}]","1","10000.00","10000.00"
"bdep_5b0d33ce1c3d246e8a84c252","bnk_5b0d33ce1c3d246e8a84c252","2018-02-14","137.5","USD","","","INTUIT PYMT SOLN DEPOSIT 180214 524771997507722 THE WILDFLOWER FOUNDAT","[]","0","0.00","[]","0","0.00","[]","0","0.00","[{""id"":""bdqr_bdep_5b0d33ce1c3d246e8a84c252"",""bank_deposit_id"":""bdep_5b0d33ce1c3d246e8a84c252"",""bank_transaction_id"":""bnk_34afd26f0fd765dfe4410506"",""amount"":""137.5"",""deposit_date"":""2018-02-14"",""txn_date"":""2018-02-13"",""txn_type"":""Deposit"",""ref_no"":"""",""payee"":""Loan - Dandelion"",""memo"":""System-recorded deposit for QuickBooks Payments"",""qb_posting"":"""",""account"":""1501 Undeposited Funds"",""class"":"""",""reconciliation_status"":""Reconciled"",""ambiguous"":""false""}]","1","137.50","137.50"
"bdep_ad26415d071ae56cf86b1490","bnk_ad26415d071ae56cf86b1490","2019-01-03","5015.5","USD","","","STRIPE           TRANSFER                          X","[]","0","0.00","[]","0","0.00","[{""stripe_payout_id"":""po_1DnzoMAhXr9x8yiRWevOaj5Y"",""bank_deposit_id"":""bdep_ad26415d071ae56cf86b1490"",""amount"":""5015.5"",""currency"":""USD"",""arrival_date"":""2019-01-02"",""deposit_date"":""2019-01-03"",""ambiguous_bank_match"":""false"",""payer_name"":""""}]","1","5015.50","[]","0","0.00","5015.50"
"bdep_65e679d547e91a7e1690d814","bnk_65e679d547e91a7e1690d814","2024-08-26","2522.44","USD","","","Wild Rose Montes Receivable        016OXLKME3GL1FI 016OXLKME3GL1FI Wild Rose Montes Bill.com Inv 79","[]","0","0.00","[]","0","0.00","[]","0","0.00","[]","0","0.00","2522.44"
"bdep_83554ef0c32f4b101a4f13fd","bnk_83554ef0c32f4b101a4f13fd","2024-10-24","3750","USD","","","The Sunlight Loa Receivable        016JLRTKP3IZJZK 016JLRTKP3IZJZK The Sunlight Loa Bill.com Inv 79","[]","0","0.00","[]","0","0.00","[]","0","0.00","[]","0","0.00","3750.00"
"bdep_a34ef9128e93c2344376d5bf","bnk_a34ef9128e93c2344376d5bf","2020-12-31","99.27","USD","","","STRIPE           TRANSFER          ST-M2V3F1I2G3M5 THE WILDFLOWER FOUNDAT","[]","0","0.00","[]","0","0.00","[{""stripe_payout_id"":""po_1I3uNRAhXr9x8yiR4sP47keF"",""bank_deposit_id"":""bdep_a34ef9128e93c2344376d5bf"",""amount"":""99.27"",""currency"":""USD"",""arrival_date"":""2020-12-30"",""deposit_date"":""2020-12-31"",""ambiguous_bank_match"":""false"",""payer_name"":""""}]","1","99.27","[]","0","0.00","99.27"
"bdep_aaae8a7be959d877a5492b89","bnk_aaae8a7be959d877a5492b89","2018-07-09","7357.4","USD","","","ATM CHECK DEPOSIT 07/09 4712 CHICAGO AVE S MINNEAPOLIS MN 5819T 7365","[]","0","0.00","[]","0","0.00","[]","0","0.00","[]","0","0.00","7357.40"
"bdep_575ef0adf2e64d4b7e49d8b5","bnk_575ef0adf2e64d4b7e49d8b5","2020-10-07","35.32","USD","","","MBI              SETL       201006 MED-I-BANK      MED-I-BANK","[]","0","0.00","[]","0","0.00","[]","0","0.00","[]","0","0.00","35.32"
"bdep_e9a4f79e28aa83c9737d132e","bnk_e9a4f79e28aa83c9737d132e","2020-06-02","2426","USD","","","STRIPE           TRANSFER          ST-H7K2I3W8J8L2 THE WILDFLOWER FOUNDAT","[]","0","0.00","[]","0","0.00","[]","0","0.00","[]","0","0.00","2426.00"
"bdep_486e61b7974598a8d21073f0","bnk_486e61b7974598a8d21073f0","2019-09-25","275","USD","","","INTUIT PYMT SOLN DEPOSIT    190925 524771997507722 THE WILDFLOWER FOUNDAT","[]","0","0.00","[]","0","0.00","[]","0","0.00","[{""id"":""bdqr_bdep_486e61b7974598a8d21073f0"",""bank_deposit_id"":""bdep_486e61b7974598a8d21073f0"",""bank_transaction_id"":""bnk_a478b5f83da0201ad167b67a"",""amount"":""275"",""deposit_date"":""2019-09-25"",""txn_date"":""2019-09-24"",""txn_type"":""Deposit"",""ref_no"":"""",""payee"":"""",""memo"":""System-recorded deposit for QuickBooks Payments"",""qb_posting"":"""",""account"":"""",""class"":"""",""reconciliation_status"":""Reconciled"",""ambiguous"":""false""}]","1","275.00","275.00"
"bdep_f2fd013a2a9b9f284759706f","bnk_f2fd013a2a9b9f284759706f","2025-10-14","3741.59","USD","","","ATM CHECK DEPOSIT              ON              10/11 7900 Xerxes Ave S Ste 201 Bloomington   MN  0009663           ATM ID 9961Z    CARD 0628","[]","0","0.00","[]","0","0.00","[]","0","0.00","[]","0","0.00","3741.59"
"bdep_b7e7c66c736a8021a190f2cb","bnk_b7e7c66c736a8021a190f2cb","2024-12-04","5000","USD","","","FIDELITY INVESTM GrantPaymt Date   2475776         WILDFLOWER FOUNDATION","[{""component_id"":""bdc_Uo8Dni8kRmRkwy-efvw1r"",""payment_unit_id"":""pu_Uo8Dni8kRmRkwy-efvw1r"",""kind"":""other"",""amount"":""5000.00"",""source"":""qbo_inferred"",""source_staged_payment_id"":""Uo8Dni8kRmRkwy-efvw1r"",""staged_payer"":""Amy Gips Family Fund"",""staged_date"":""2024-12-04"",""qb_deposit_id"":""31612"",""reconciliation_flag"":""ok"",""unit_kind"":""other"",""unit_evidence_id"":""Uo8Dni8kRmRkwy-efvw1r""}]","1","5000.00","[{""id"":""pu_Uo8Dni8kRmRkwy-efvw1r"",""kind"":""other"",""evidence_id"":""Uo8Dni8kRmRkwy-efvw1r"",""stripe_charge_id"":"""",""source_staged_payment_id"":""Uo8Dni8kRmRkwy-efvw1r"",""gross_amount"":""5000.00"",""fee_amount"":"""",""net_amount"":""5000.00"",""currency"":""USD"",""received_date"":""2024-12-04"",""lifecycle"":""received""}]","1","5000.00","[]","0","0.00","[]","0","0.00","0.00"
"bdep_cda7a647a53765dec17f8af8","bnk_cda7a647a53765dec17f8af8","2020-01-28","20","USD","","","ATM CASH DEPOSIT               ON              01/28 1505 WEST LAKE ST         MINNEAPOLIS   MN  0008315           ATM ID 6991J    CARD 7365","[{""component_id"":""bdc_ePMKLEoTygvjRj745AisY"",""payment_unit_id"":""pu_ePMKLEoTygvjRj745AisY"",""kind"":""other"",""amount"":""20.00"",""source"":""qbo_inferred"",""source_staged_payment_id"":""ePMKLEoTygvjRj745AisY"",""staged_payer"":"""",""staged_date"":""2020-01-28"",""qb_deposit_id"":""10961"",""reconciliation_flag"":""ok"",""unit_kind"":""other"",""unit_evidence_id"":""ePMKLEoTygvjRj745AisY""}]","1","20.00","[{""id"":""pu_ePMKLEoTygvjRj745AisY"",""kind"":""other"",""evidence_id"":""ePMKLEoTygvjRj745AisY"",""stripe_charge_id"":"""",""source_staged_payment_id"":""ePMKLEoTygvjRj745AisY"",""gross_amount"":""20.00"",""fee_amount"":"""",""net_amount"":""20.00"",""currency"":""USD"",""received_date"":""2020-01-28"",""lifecycle"":""received""}]","1","20.00","[]","0","0.00","[]","0","0.00","0.00"
"bdep_6f2447e5e6966b994fc6604f","bnk_6f2447e5e6966b994fc6604f","2020-09-04","2000","USD","","","INTUIT PYMT SOLN DEPOSIT    200904 524771997507722 THE WILDFLOWER FOUNDAT","[]","0","0.00","[]","0","0.00","[]","0","0.00","[{""id"":""bdqr_bdep_6f2447e5e6966b994fc6604f"",""bank_deposit_id"":""bdep_6f2447e5e6966b994fc6604f"",""bank_transaction_id"":""bnk_2411ffb20c4e4e7b8905c5aa"",""amount"":""2000"",""deposit_date"":""2020-09-04"",""txn_date"":""2020-09-03"",""txn_type"":""Deposit"",""ref_no"":"""",""payee"":""Loan - Snowdrop"",""memo"":""System-recorded deposit for QuickBooks Payments"",""qb_posting"":"""",""account"":""1501 Undeposited Funds"",""class"":"""",""reconciliation_status"":""Reconciled"",""ambiguous"":""false""}]","1","2000.00","2000.00"
"bdep_f3af978bcffae5c418bd8d4c","bnk_f3af978bcffae5c418bd8d4c","2021-11-05","105000","USD","","","WT FED#05926 JPMC INTERNAL ACCO    /ORG=OVERDECK FAMILY FOUNDATION, INC               SRF#        1139800309ES TRN#211105102381  RFB#     OS1 OF 21/11/05","[]","0","0.00","[]","0","0.00","[]","0","0.00","[{""id"":""bdqr_bdep_f3af978bcffae5c418bd8d4c"",""bank_deposit_id"":""bdep_f3af978bcffae5c418bd8d4c"",""bank_transaction_id"":""bnk_0fea5666086949f21ab40da5"",""amount"":""105000"",""deposit_date"":""2021-11-05"",""txn_date"":""2021-11-05"",""txn_type"":""Payment"",""ref_no"":"""",""payee"":""Overdeck Family Foundation"",""memo"":"""",""qb_posting"":"""",""account"":""1503 Pledges/Services Receivable"",""class"":"""",""reconciliation_status"":""Reconciled"",""ambiguous"":""false""}]","1","105000.00","105000.00"
"bdep_fadce4f6bf5c00bf6fad8ac1","bnk_fadce4f6bf5c00bf6fad8ac1","2019-12-20","4673.98","USD","","","WT FED#03244 JPMORGAN CHASE BAN    /ORG=THE SCULLY PERETSMAN                          SRF#        1032400354ES TRN#191220045218  RFB#     OS1 OF 19/12/20","[{""component_id"":""bdc_6qEbcNxV-MEST0vBuBv4K"",""payment_unit_id"":""pu_6qEbcNxV-MEST0vBuBv4K"",""kind"":""other"",""amount"":""4673.98"",""source"":""qbo_inferred"",""source_staged_payment_id"":""6qEbcNxV-MEST0vBuBv4K"",""staged_payer"":""Nancy Peretsman"",""staged_date"":""2019-12-20"",""qb_deposit_id"":""10573"",""reconciliation_flag"":""ok"",""unit_kind"":""other"",""unit_evidence_id"":""6qEbcNxV-MEST0vBuBv4K""}]","1","4673.98","[{""id"":""pu_6qEbcNxV-MEST0vBuBv4K"",""kind"":""other"",""evidence_id"":""6qEbcNxV-MEST0vBuBv4K"",""stripe_charge_id"":"""",""source_staged_payment_id"":""6qEbcNxV-MEST0vBuBv4K"",""gross_amount"":""4673.98"",""fee_amount"":"""",""net_amount"":""4673.98"",""currency"":""USD"",""received_date"":""2019-12-20"",""lifecycle"":""received""}]","1","4673.98","[]","0","0.00","[]","0","0.00","0.00"
"bdep_152fd942efb118d2799840d6","bnk_152fd942efb118d2799840d6","2022-08-12","1611.67","USD","","","BASIC            BASICCOBRA 220811                 The Wildflower Foundat","[]","0","0.00","[]","0","0.00","[]","0","0.00","[]","0","0.00","1611.67"
"bdep_f1aec8ed14f5d8b79399e9a1","bnk_f1aec8ed14f5d8b79399e9a1","2026-06-29","2675.89","USD","","","Bill.com         Receivable        996YUEWXF12FJWN Jun Zi Lan Montessori School, Inc. Bill.com 996Y","[]","0","0.00","[]","0","0.00","[]","0","0.00","[{""id"":""bdqr_bdep_f1aec8ed14f5d8b79399e9a1"",""bank_deposit_id"":""bdep_f1aec8ed14f5d8b79399e9a1"",""bank_transaction_id"":""bnk_646ef53fbdf2db7c4f131e98"",""amount"":""2675.89"",""deposit_date"":""2026-06-29"",""txn_date"":""2026-06-29"",""txn_type"":""Journal"",""ref_no"":""JE CSP IDC Apr30 OpEx"",""payee"":"""",""memo"":""BILL 06/29/26 AR Payments"",""qb_posting"":"""",""account"":"""",""class"":"""",""reconciliation_status"":""Reconciled"",""ambiguous"":""false""}]","1","2675.89","2675.89"
"bdep_1729e1f0f5b5f22e6bb27666","bnk_1729e1f0f5b5f22e6bb27666","2025-07-23","1363.65","USD","","","Orchid Montessor Bill.com          016PITAOC3SWRLU Orchid Montessori Bill.com 016PITAOC3SWRLU Multi","[]","0","0.00","[]","0","0.00","[]","0","0.00","[]","0","0.00","1363.65"
"bdep_84652e5a393079c871d72872","bnk_84652e5a393079c871d72872","2024-09-19","811.08","USD","","","Snowdrop Montess Bill.com          026NOHNLJ12YEJZ Snowdrop Montessori School, Inc. Bill.com 026NOH","[]","0","0.00","[]","0","0.00","[]","0","0.00","[{""id"":""bdqr_bdep_84652e5a393079c871d72872"",""bank_deposit_id"":""bdep_84652e5a393079c871d72872"",""bank_transaction_id"":""bnk_b8ee19bf383d97335e0ec326"",""amount"":""811.08"",""deposit_date"":""2024-09-19"",""txn_date"":""2024-09-18"",""txn_type"":""Payment"",""ref_no"":""P24091302 - 0062892"",""payee"":""Snowdrop Montessori School Inc"",""memo"":""Inv 79252461-144"",""qb_posting"":"""",""account"":""1503 Pledges/Services Receivable"",""class"":"""",""reconciliation_status"":""Reconciled"",""ambiguous"":""false""}]","1","811.08","811.08"
"bdep_ed0acda686d08101839db986","bnk_ed0acda686d08101839db986","2019-11-04","36219","USD","","","ATM CHECK DEPOSIT              ON              11/02 4712 CHICAGO AVE S        MINNEAPOLIS   MN  0001379           ATM ID 5819T    CARD 7365","[]","0","0.00","[]","0","0.00","[]","0","0.00","[]","0","0.00","36219.00"
"bdep_cb76bed00cb1e12de189d5bc","bnk_cb76bed00cb1e12de189d5bc","2025-12-17","200000","USD","","","TRANSFER FROM BRK ****9888 REF# 606495171","[]","0","0.00","[]","0","0.00","[]","0","0.00","[{""id"":""bdqr_bdep_cb76bed00cb1e12de189d5bc"",""bank_deposit_id"":""bdep_cb76bed00cb1e12de189d5bc"",""bank_transaction_id"":""bnk_d614f8cc099f25fe4181bd70"",""amount"":""200000"",""deposit_date"":""2025-12-17"",""txn_date"":""2025-12-17"",""txn_type"":""Transfer"",""ref_no"":"""",""payee"":"""",""memo"":"""",""qb_posting"":"""",""account"":""1004 BROKERAGE"",""class"":"""",""reconciliation_status"":""Reconciled"",""ambiguous"":""false""}]","1","200000.00","200000.00"
"bdep_d44c4c4a197901055e589d72","bnk_d44c4c4a197901055e589d72","2018-12-19","205000","USD","","","WT FED#03394 FIRST REPUBLIC BAN    /ORG=NEW SCHOOLS FUND                              SRF#    181219114824H701 TRN#181219130326  RFB#        PMT OF GRANT 201812192","[{""component_id"":""bdc_uoifflJSOqyptLRNe-pqN"",""payment_unit_id"":""pu_uoifflJSOqyptLRNe-pqN"",""kind"":""other"",""amount"":""205000.00"",""source"":""qbo_inferred"",""source_staged_payment_id"":""uoifflJSOqyptLRNe-pqN"",""staged_payer"":""New Schools Venture Fund"",""staged_date"":""2018-12-19"",""qb_deposit_id"":""5590"",""reconciliation_flag"":""ok"",""unit_kind"":""other"",""unit_evidence_id"":""uoifflJSOqyptLRNe-pqN""}]","1","205000.00","[{""id"":""pu_uoifflJSOqyptLRNe-pqN"",""kind"":""other"",""evidence_id"":""uoifflJSOqyptLRNe-pqN"",""stripe_charge_id"":"""",""source_staged_payment_id"":""uoifflJSOqyptLRNe-pqN"",""gross_amount"":""205000.00"",""fee_amount"":"""",""net_amount"":""205000.00"",""currency"":""USD"",""received_date"":""2018-12-19"",""lifecycle"":""received""}]","1","205000.00","[]","0","0.00","[]","0","0.00","0.00"
"bdep_5877a36f8da426555a9d31b6","bnk_5877a36f8da426555a9d31b6","2020-10-20","50","USD","","","PAYPAL           HIST RTN   201020 CASHSTARGRU     THE WILDFLOWER FOUNDAT","[]","0","0.00","[]","0","0.00","[]","0","0.00","[]","0","0.00","50.00"
"bdep_e8c90aa6fe8adbdcd31c1fbb","bnk_e8c90aa6fe8adbdcd31c1fbb","2021-02-01","1000000","USD","","","WEND LLC         ACH PMTS          0472            GRANT 2020-162","[]","0","0.00","[]","0","0.00","[]","0","0.00","[]","0","0.00","1000000.00"
"bdep_8e92fb9d9b2dc359c21f5e43","bnk_8e92fb9d9b2dc359c21f5e43","2021-01-21","1670.3","USD","","","STRIPE           TRANSFER          ST-E0D5E3C6I5V2 THE WILDFLOWER FOUNDAT","[]","0","0.00","[]","0","0.00","[]","0","0.00","[]","0","0.00","1670.30"
"bdep_beb87fdebb748aba6bd15f2c","bnk_beb87fdebb748aba6bd15f2c","2026-01-15","4990.56","USD","","","Wildflower New Y Receivable        016DIWVSS3ZATNZ 016DIWVSS3ZATNZ Wildflower New Y Bill.com Inv TW","[]","0","0.00","[]","0","0.00","[]","0","0.00","[{""id"":""bdqr_bdep_beb87fdebb748aba6bd15f2c"",""bank_deposit_id"":""bdep_beb87fdebb748aba6bd15f2c"",""bank_transaction_id"":""bnk_76e0faf23ffb215f43ebbcaa"",""amount"":""4990.56"",""deposit_date"":""2026-01-15"",""txn_date"":""2026-01-14"",""txn_type"":""Payment"",""ref_no"":""P26011302 - 0243698"",""payee"":""Wildflower New York Charter School"",""memo"":""Inv TWF - Dec 52 Invoice"",""qb_posting"":"""",""account"":""1503 Pledges/Services Receivable"",""class"":"""",""reconciliation_status"":""Reconciled"",""ambiguous"":""false""}]","1","4990.56","4990.56"
"bdep_cec644f75cd3613599eb3e91","bnk_cec644f75cd3613599eb3e91","2019-03-12","1000000","USD","","","WT FED#03061 JPMC INTERNAL ACCO    /ORG=VALHALLA CHARITABLE FND                       SRF#        1072600071ES TRN#190312066772  RFB#     OS1 OF 19/03/12","[{""component_id"":""bdc_Z_0P-_rNSAluYSExizsHK"",""payment_unit_id"":""pu_Z_0P-_rNSAluYSExizsHK"",""kind"":""other"",""amount"":""1000000.00"",""source"":""qbo_inferred"",""source_staged_payment_id"":""Z_0P-_rNSAluYSExizsHK"",""staged_payer"":""Valhalla Charitable Fnd"",""staged_date"":""2019-03-12"",""qb_deposit_id"":""6577"",""reconciliation_flag"":""ok"",""unit_kind"":""other"",""unit_evidence_id"":""Z_0P-_rNSAluYSExizsHK""}]","1","1000000.00","[{""id"":""pu_Z_0P-_rNSAluYSExizsHK"",""kind"":""other"",""evidence_id"":""Z_0P-_rNSAluYSExizsHK"",""stripe_charge_id"":"""",""source_staged_payment_id"":""Z_0P-_rNSAluYSExizsHK"",""gross_amount"":""1000000.00"",""fee_amount"":"""",""net_amount"":""1000000.00"",""currency"":""USD"",""received_date"":""2019-03-12"",""lifecycle"":""received""}]","1","1000000.00","[]","0","0.00","[]","0","0.00","0.00"
"bdep_9a3ce59392a4ace8257c390e","bnk_9a3ce59392a4ace8257c390e","2017-05-26","1","USD","","","INTUIT PYMT SOLN DEPOSIT 170526 524771997507722 THE WILDFLOWER FOUNDAT","[]","0","0.00","[]","0","0.00","[]","0","0.00","[{""id"":""bdqr_bdep_9a3ce59392a4ace8257c390e"",""bank_deposit_id"":""bdep_9a3ce59392a4ace8257c390e"",""bank_transaction_id"":""bnk_ac1df9f8c844592afe036b36"",""amount"":""1"",""deposit_date"":""2017-05-26"",""txn_date"":""2017-05-26"",""txn_type"":""Payment"",""ref_no"":"""",""payee"":""Cam Leonard"",""memo"":"""",""qb_posting"":"""",""account"":""1503 Pledges/Services Receivable"",""class"":"""",""reconciliation_status"":""Reconciled"",""ambiguous"":""false""}]","1","1.00","1.00"
"bdep_d19d4c32b0e8ca29f189aa81","bnk_d19d4c32b0e8ca29f189aa81","2025-09-17","9247.32","USD","","","Minnesota Wildfl Receivable        016QNELPI3UZZA3 016QNELPI3UZZA3 Minnesota Wildfl Bill.com Multip","[]","0","0.00","[]","0","0.00","[]","0","0.00","[]","0","0.00","9247.32"
"bdep_5392964f787e7176da6644d4","bnk_5392964f787e7176da6644d4","2026-04-07","35169.5","USD","","","Bill.com         Receivable        015ZRLSHBSXS5J2 Multiple Payments Bill.com Receivables 015ZRLSHB","[]","0","0.00","[]","0","0.00","[]","0","0.00","[{""id"":""bdqr_bdep_5392964f787e7176da6644d4"",""bank_deposit_id"":""bdep_5392964f787e7176da6644d4"",""bank_transaction_id"":""bnk_cfdefb0a5932eb798e22e0d7"",""amount"":""35169.5"",""deposit_date"":""2026-04-07"",""txn_date"":""2026-04-07"",""txn_type"":""Journal"",""ref_no"":""JE 4/7 AR Pmts"",""payee"":"""",""memo"":""BILL 04/07/26 AR Payments"",""qb_posting"":"""",""account"":"""",""class"":"""",""reconciliation_status"":""Reconciled"",""ambiguous"":""false""}]","1","35169.50","35169.50"
"bdep_aa6b9f96439dc481054876c8","bnk_aa6b9f96439dc481054876c8","2023-07-03","12000","USD","","","Temple Hoyne Bue ACH48             Grantee         Grant 130 - Flame Lily Montessori School general","[{""component_id"":""bdc_unfGqYDDrUF_FikVlRknz"",""payment_unit_id"":""pu_unfGqYDDrUF_FikVlRknz"",""kind"":""other"",""amount"":""12000.00"",""source"":""qbo_inferred"",""source_staged_payment_id"":""unfGqYDDrUF_FikVlRknz"",""staged_payer"":""Temple Hoyne Buell Foundation"",""staged_date"":""2023-07-03"",""qb_deposit_id"":""25787"",""reconciliation_flag"":""ok"",""unit_kind"":""other"",""unit_evidence_id"":""unfGqYDDrUF_FikVlRknz""}]","1","12000.00","[{""id"":""pu_unfGqYDDrUF_FikVlRknz"",""kind"":""other"",""evidence_id"":""unfGqYDDrUF_FikVlRknz"",""stripe_charge_id"":"""",""source_staged_payment_id"":""unfGqYDDrUF_FikVlRknz"",""gross_amount"":""12000.00"",""fee_amount"":"""",""net_amount"":""12000.00"",""currency"":""USD"",""received_date"":""2023-07-03"",""lifecycle"":""received""}]","1","12000.00","[]","0","0.00","[]","0","0.00","0.00"
"bdep_b27454f8a965e0372b6e5dc4","bnk_b27454f8a965e0372b6e5dc4","2025-12-31","94.8","USD","","","STRIPE           TRANSFER          ST-B6J3C3X8R6K4 THE WILDFLOWER FOUNDAT","[]","0","0.00","[]","0","0.00","[{""stripe_payout_id"":""po_1SkDDhAhXr9x8yiRJ0iELqmB"",""bank_deposit_id"":""bdep_b27454f8a965e0372b6e5dc4"",""amount"":""94.8"",""currency"":""USD"",""arrival_date"":""2025-12-30"",""deposit_date"":""2025-12-31"",""ambiguous_bank_match"":""false"",""payer_name"":""""}]","1","94.80","[]","0","0.00","94.80"
"bdep_1b0d394fa05d8448760e6b3b","bnk_1b0d394fa05d8448760e6b3b","2021-09-13","12500","USD","","","The McKnight Fou McKnight          V01307          THE WILDFLOWER FOUNDAT","[{""component_id"":""bdc_nazbNq8vnw00AR6Jg3RlN"",""payment_unit_id"":""pu_nazbNq8vnw00AR6Jg3RlN"",""kind"":""other"",""amount"":""12500.00"",""source"":""qbo_inferred"",""source_staged_payment_id"":""nazbNq8vnw00AR6Jg3RlN"",""staged_payer"":""McKnight Foundation"",""staged_date"":""2021-09-13"",""qb_deposit_id"":""17577"",""reconciliation_flag"":""ok"",""unit_kind"":""other"",""unit_evidence_id"":""nazbNq8vnw00AR6Jg3RlN""}]","1","12500.00","[{""id"":""pu_nazbNq8vnw00AR6Jg3RlN"",""kind"":""other"",""evidence_id"":""nazbNq8vnw00AR6Jg3RlN"",""stripe_charge_id"":"""",""source_staged_payment_id"":""nazbNq8vnw00AR6Jg3RlN"",""gross_amount"":""12500.00"",""fee_amount"":"""",""net_amount"":""12500.00"",""currency"":""USD"",""received_date"":""2021-09-13"",""lifecycle"":""received""}]","1","12500.00","[]","0","0.00","[]","0","0.00","0.00"
"bdep_be552e24c05354ca51b49e47","bnk_be552e24c05354ca51b49e47","2024-01-10","540","USD","","","National Black C Bill.com          016OZFCYX37K8GG National Black Child Development Institute Bill.","[{""component_id"":""bdc_VAmxudI59WVT6SCeWgqcf"",""payment_unit_id"":""pu_VAmxudI59WVT6SCeWgqcf"",""kind"":""check"",""amount"":""540.00"",""source"":""qbo_inferred"",""source_staged_payment_id"":""VAmxudI59WVT6SCeWgqcf"",""staged_payer"":""National Black Child Development Institute"",""staged_date"":""2024-01-10"",""qb_deposit_id"":""27585"",""reconciliation_flag"":""ok"",""unit_kind"":""check"",""unit_evidence_id"":""VAmxudI59WVT6SCeWgqcf""}]","1","540.00","[{""id"":""pu_VAmxudI59WVT6SCeWgqcf"",""kind"":""check"",""evidence_id"":""VAmxudI59WVT6SCeWgqcf"",""stripe_charge_id"":"""",""source_staged_payment_id"":""VAmxudI59WVT6SCeWgqcf"",""gross_amount"":""540.00"",""fee_amount"":"""",""net_amount"":""540.00"",""currency"":""USD"",""received_date"":""2024-01-10"",""lifecycle"":""received""}]","1","540.00","[]","0","0.00","[]","0","0.00","0.00"
"bdep_24ba5f8d2fa95f3205f045b0","bnk_24ba5f8d2fa95f3205f045b0","2021-05-12","23.67","USD","","","STRIPE           TRANSFER          ST-M9T1H9Z4D3Q9 THE WILDFLOWER FOUNDAT","[]","0","0.00","[]","0","0.00","[{""stripe_payout_id"":""po_1IpkX0AhXr9x8yiRHzwWxanz"",""bank_deposit_id"":""bdep_24ba5f8d2fa95f3205f045b0"",""amount"":""23.67"",""currency"":""USD"",""arrival_date"":""2021-05-11"",""deposit_date"":""2021-05-12"",""ambiguous_bank_match"":""false"",""payer_name"":""""}]","1","23.67","[]","0","0.00","23.67"
"bdep_0024f734bc285a8b0a7edbf8","bnk_0024f734bc285a8b0a7edbf8","2025-01-07","194.9","USD","","","STRIPE           TRANSFER          ST-Y4Z8C4D9B6I1 THE WILDFLOWER FOUNDAT","[]","0","0.00","[]","0","0.00","[{""stripe_payout_id"":""po_1Qe4tUAhXr9x8yiRV6r5EZ5i"",""bank_deposit_id"":""bdep_0024f734bc285a8b0a7edbf8"",""amount"":""194.9"",""currency"":""USD"",""arrival_date"":""2025-01-06"",""deposit_date"":""2025-01-07"",""ambiguous_bank_match"":""false"",""payer_name"":""""}]","1","194.90","[]","0","0.00","194.90"
"bdep_8335d74cef0e14e5de065e05","bnk_8335d74cef0e14e5de065e05","2017-10-31","0.85","USD","","","Expensify, Inc. Validation XXXXXX8945 The Wildflower Foundat","[]","0","0.00","[]","0","0.00","[]","0","0.00","[]","0","0.00","0.85"
"bdep_84397441517b91a298dc18cd","bnk_84397441517b91a298dc18cd","2019-04-22","75","USD","","","INTUIT PYMT SOLN DEPOSIT    190420 524771997507722 THE WILDFLOWER FOUNDAT","[]","0","0.00","[]","0","0.00","[]","0","0.00","[{""id"":""bdqr_bdep_84397441517b91a298dc18cd"",""bank_deposit_id"":""bdep_84397441517b91a298dc18cd"",""bank_transaction_id"":""bnk_97fdadd22c798d0953ff1fff"",""amount"":""75"",""deposit_date"":""2019-04-22"",""txn_date"":""2019-04-19"",""txn_type"":""Deposit"",""ref_no"":"""",""payee"":""Loan - Cosmos"",""memo"":""System-recorded deposit for QuickBooks Payments"",""qb_posting"":"""",""account"":""1501 Undeposited Funds"",""class"":"""",""reconciliation_status"":""Reconciled"",""ambiguous"":""false""}]","1","75.00","75.00"
"bdep_07fcc485918cbdc330d573b6","bnk_07fcc485918cbdc330d573b6","2023-07-06","95000","USD","","","Gates Family Fou Bill.com          016YUCBOD2PC0RI Gates Family Foundation Bill.com 016YUCBOD2PC0RI","[{""component_id"":""bdc_YcizkhJEhGuxcjCJAXgG5"",""payment_unit_id"":""pu_YcizkhJEhGuxcjCJAXgG5"",""kind"":""check"",""amount"":""95000.00"",""source"":""qbo_inferred"",""source_staged_payment_id"":""YcizkhJEhGuxcjCJAXgG5"",""staged_payer"":""Gates Family Foundation"",""staged_date"":""2023-07-06"",""qb_deposit_id"":""25851"",""reconciliation_flag"":""ok"",""unit_kind"":""check"",""unit_evidence_id"":""YcizkhJEhGuxcjCJAXgG5""}]","1","95000.00","[{""id"":""pu_YcizkhJEhGuxcjCJAXgG5"",""kind"":""check"",""evidence_id"":""YcizkhJEhGuxcjCJAXgG5"",""stripe_charge_id"":"""",""source_staged_payment_id"":""YcizkhJEhGuxcjCJAXgG5"",""gross_amount"":""95000.00"",""fee_amount"":"""",""net_amount"":""95000.00"",""currency"":""USD"",""received_date"":""2023-07-06"",""lifecycle"":""received""}]","1","95000.00","[]","0","0.00","[]","0","0.00","0.00"
"bdep_98936457fa4c026b2b8ef8aa","bnk_98936457fa4c026b2b8ef8aa","2019-02-27","485.2","USD","","","STRIPE           TRANSFER                          X","[]","0","0.00","[]","0","0.00","[]","0","0.00","[]","0","0.00","485.20"
"bdep_8817d611b274be777019ecb3","bnk_8817d611b274be777019ecb3","2025-02-05","44.99","USD","","","REVERSAL OF CHECK POSTED  2-05-25          REFER TO MAKER                             OUR REF:  2-05-25 00000000","[]","0","0.00","[]","0","0.00","[]","0","0.00","[]","0","0.00","44.99"
"bdep_2bc5ea322af26696c6082ab8","bnk_2bc5ea322af26696c6082ab8","2025-04-02","653.68","USD","","","Sundrops Montess Receivable        016WXSLSQ3OT8VM 016WXSLSQ3OT8VM Sundrops Montess Bill.com Inv 14","[]","0","0.00","[]","0","0.00","[]","0","0.00","[]","0","0.00","653.68"
"bdep_30ce13c21a087c9bc5044ded","bnk_30ce13c21a087c9bc5044ded","2021-12-22","500000","USD","","","WT LACME31196BF5M7P PNC BANK NA      /ORG=SPRING POINT PARTNERS LLC                   SRF#    LACME31196BF5M7P TRN#211222168755  RFB#                 SPP","[]","0","0.00","[]","0","0.00","[]","0","0.00","[{""id"":""bdqr_bdep_30ce13c21a087c9bc5044ded"",""bank_deposit_id"":""bdep_30ce13c21a087c9bc5044ded"",""bank_transaction_id"":""bnk_347c2aa58822b3101e74d77b"",""amount"":""500000"",""deposit_date"":""2021-12-22"",""txn_date"":""2021-12-22"",""txn_type"":""Payment"",""ref_no"":"""",""payee"":""Spring Point Partners"",""memo"":"""",""qb_posting"":"""",""account"":""1503 Pledges/Services Receivable"",""class"":"""",""reconciliation_status"":""Reconciled"",""ambiguous"":""false""}]","1","500000.00","500000.00"
"bdep_865c07618e3a603eba35a7dd","bnk_865c07618e3a603eba35a7dd","2025-07-18","1500","USD","","","WT XXXXXX0199JO     JPMORGAN CHASE B /ORG=BROADSTREET IMPACT SERVICES, LLC            SRF#        XXXXXX0199JO TRN#XXXXXXXX0121  RFB#        XXXXXX0199JO","[]","0","0.00","[]","0","0.00","[]","0","0.00","[]","0","0.00","1500.00"
"bdep_e8573af9a8f5515fc4fd4d79","bnk_e8573af9a8f5515fc4fd4d79","2025-01-31","5000","USD","","","FIDELITY INVESTM GrantPaymt Date   2648220         WILDFLOWER FOUNDATION","[]","0","0.00","[]","0","0.00","[]","0","0.00","[{""id"":""bdqr_bdep_e8573af9a8f5515fc4fd4d79"",""bank_deposit_id"":""bdep_e8573af9a8f5515fc4fd4d79"",""bank_transaction_id"":""bnk_e6d1fdc2319eddfcbd60c54d"",""amount"":""5000"",""deposit_date"":""2025-01-31"",""txn_date"":""2025-01-31"",""txn_type"":""Payment"",""ref_no"":"""",""payee"":""Melanie Dukes"",""memo"":"""",""qb_posting"":"""",""account"":""1503 Pledges/Services Receivable"",""class"":"""",""reconciliation_status"":""Reconciled"",""ambiguous"":""false""}]","1","5000.00","5000.00"
"bdep_71d795172dfc764f2a529437","bnk_71d795172dfc764f2a529437","2020-04-07","60.31","USD","","","STRIPE           TRANSFER          ST-Z9X9U7J3J7B9 THE WILDFLOWER FOUNDAT","[]","0","0.00","[]","0","0.00","[{""stripe_payout_id"":""po_1GUjuGAhXr9x8yiRPPDHAvs9"",""bank_deposit_id"":""bdep_71d795172dfc764f2a529437"",""amount"":""60.31"",""currency"":""USD"",""arrival_date"":""2020-04-06"",""deposit_date"":""2020-04-07"",""ambiguous_bank_match"":""false"",""payer_name"":""""}]","1","60.31","[]","0","0.00","60.31"
"bdep_1c6e823ebb7bb6d10140af5c","bnk_1c6e823ebb7bb6d10140af5c","2024-09-24","4523.02","USD","","","Wildflower New Y Receivable        016RALFTS3HST5K 016RALFTS3HST5K Wildflower New Y Bill.com Inv 79","[]","0","0.00","[]","0","0.00","[]","0","0.00","[{""id"":""bdqr_bdep_1c6e823ebb7bb6d10140af5c"",""bank_deposit_id"":""bdep_1c6e823ebb7bb6d10140af5c"",""bank_transaction_id"":""bnk_6c52fed427290bdb0a00e015"",""amount"":""4523.02"",""deposit_date"":""2024-09-24"",""txn_date"":""2024-09-23"",""txn_type"":""Payment"",""ref_no"":""P24091902 - 1341320"",""payee"":""Wildflower New York Charter School"",""memo"":""Inv 79252461-193"",""qb_posting"":"""",""account"":""1503 Pledges/Services Receivable"",""class"":"""",""reconciliation_status"":""Reconciled"",""ambiguous"":""false""}]","1","4523.02","4523.02"
"bdep_1989222fddef264a176b122b","bnk_1989222fddef264a176b122b","2021-04-12","23.67","USD","","","STRIPE           TRANSFER          ST-A6M1F7Q8Y5U6 THE WILDFLOWER FOUNDAT","[]","0","0.00","[]","0","0.00","[{""stripe_payout_id"":""po_1Iesf6AhXr9x8yiRaPFuFvr7"",""bank_deposit_id"":""bdep_1989222fddef264a176b122b"",""amount"":""23.67"",""currency"":""USD"",""arrival_date"":""2021-04-11"",""deposit_date"":""2021-04-12"",""ambiguous_bank_match"":""false"",""payer_name"":""""}]","1","23.67","[]","0","0.00","23.67"
"bdep_2c3e4b55acdc03dc91b39d33","bnk_2c3e4b55acdc03dc91b39d33","2020-05-22","23.47","USD","","","AMZNN0JU5ZS2     AmazonSmil 200522 4MOBXIQHMQ7IRLI payments.amazon.com ID#4MOBXIQHMQ7IRLI","[{""component_id"":""bdc_bJxnAvEgXpJn7E8YjLjhi"",""payment_unit_id"":""pu_bJxnAvEgXpJn7E8YjLjhi"",""kind"":""other"",""amount"":""23.47"",""source"":""qbo_inferred"",""source_staged_payment_id"":""bJxnAvEgXpJn7E8YjLjhi"",""staged_payer"":""Amazon Smile"",""staged_date"":""2020-05-22"",""qb_deposit_id"":""12065"",""reconciliation_flag"":""ok"",""unit_kind"":""other"",""unit_evidence_id"":""bJxnAvEgXpJn7E8YjLjhi""}]","1","23.47","[{""id"":""pu_bJxnAvEgXpJn7E8YjLjhi"",""kind"":""other"",""evidence_id"":""bJxnAvEgXpJn7E8YjLjhi"",""stripe_charge_id"":"""",""source_staged_payment_id"":""bJxnAvEgXpJn7E8YjLjhi"",""gross_amount"":""23.47"",""fee_amount"":"""",""net_amount"":""23.47"",""currency"":""USD"",""received_date"":""2020-05-22"",""lifecycle"":""received""}]","1","23.47","[]","0","0.00","[]","0","0.00","0.00"
"bdep_0dacc1f00e3889bf69fe664d","bnk_0dacc1f00e3889bf69fe664d","2019-04-12","237.5","USD","","","INTUIT PYMT SOLN DEPOSIT    190412 524771997507722 THE WILDFLOWER FOUNDAT","[]","0","0.00","[]","0","0.00","[]","0","0.00","[{""id"":""bdqr_bdep_0dacc1f00e3889bf69fe664d"",""bank_deposit_id"":""bdep_0dacc1f00e3889bf69fe664d"",""bank_transaction_id"":""bnk_9e990a3dc1da6cb692b2e61b"",""amount"":""237.5"",""deposit_date"":""2019-04-12"",""txn_date"":""2019-04-11"",""txn_type"":""Deposit"",""ref_no"":"""",""payee"":""Loan - Sweet Pea Montessori"",""memo"":""System-recorded deposit for QuickBooks Payments"",""qb_posting"":"""",""account"":""1501 Undeposited Funds"",""class"":"""",""reconciliation_status"":""Reconciled"",""ambiguous"":""false""}]","1","237.50","237.50"
"bdep_a362dd67ab964409b6170c0b","bnk_a362dd67ab964409b6170c0b","2020-08-07","851.32","USD","","","STRIPE           TRANSFER          ST-S2W1M9P6M1B3 THE WILDFLOWER FOUNDAT","[]","0","0.00","[]","0","0.00","[]","0","0.00","[]","0","0.00","851.32"
"bdep_4f00a38ab61f681199974988","bnk_4f00a38ab61f681199974988","2017-09-18","18331.95","USD","","","INTUIT PYMT SOLN DEPOSIT 170917 524771997507722 THE WILDFLOWER FOUNDAT","[]","0","0.00","[]","0","0.00","[]","0","0.00","[{""id"":""bdqr_bdep_4f00a38ab61f681199974988"",""bank_deposit_id"":""bdep_4f00a38ab61f681199974988"",""bank_transaction_id"":""bnk_16746e9771fada566aeb9835"",""amount"":""18331.95"",""deposit_date"":""2017-09-18"",""txn_date"":""2017-09-16"",""txn_type"":""Deposit"",""ref_no"":"""",""payee"":""Loan - Dandelion"",""memo"":""System-recorded deposit for QuickBooks Payments"",""qb_posting"":"""",""account"":""1501 Undeposited Funds"",""class"":"""",""reconciliation_status"":""Reconciled"",""ambiguous"":""false""}]","1","18331.95","18331.95"
"bdep_3d04c575d5f5c061ad6369d7","bnk_3d04c575d5f5c061ad6369d7","2019-04-01","200000","USD","","","WALTON FAM FDN   GRANT PMT         64905           GRANT 2018-1008","[{""component_id"":""bdc_To-pU5ogf6SFa7GudD79y"",""payment_unit_id"":""pu_To-pU5ogf6SFa7GudD79y"",""kind"":""other"",""amount"":""200000.00"",""source"":""qbo_inferred"",""source_staged_payment_id"":""To-pU5ogf6SFa7GudD79y"",""staged_payer"":""Walton Family Foundation"",""staged_date"":""2019-04-01"",""qb_deposit_id"":""6952"",""reconciliation_flag"":""ok"",""unit_kind"":""other"",""unit_evidence_id"":""To-pU5ogf6SFa7GudD79y""}]","1","200000.00","[{""id"":""pu_To-pU5ogf6SFa7GudD79y"",""kind"":""other"",""evidence_id"":""To-pU5ogf6SFa7GudD79y"",""stripe_charge_id"":"""",""source_staged_payment_id"":""To-pU5ogf6SFa7GudD79y"",""gross_amount"":""200000.00"",""fee_amount"":"""",""net_amount"":""200000.00"",""currency"":""USD"",""received_date"":""2019-04-01"",""lifecycle"":""received""}]","1","200000.00","[]","0","0.00","[]","0","0.00","0.00"
"bdep_78d5313feca25d426fddd3ad","bnk_78d5313feca25d426fddd3ad","2021-12-31","212.5","USD","","","Morgan Stanley   ACH CREDIT 211230 101208553zmhll  The Wildflower Foundat","[]","0","0.00","[]","0","0.00","[]","0","0.00","[]","0","0.00","212.50"
"bdep_9e36b859eda40b42a4a0e1c7","bnk_9e36b859eda40b42a4a0e1c7","2021-12-21","47.65","USD","","","STRIPE           TRANSFER          ST-I9I6U0B1U7O7 THE WILDFLOWER FOUNDAT","[]","0","0.00","[]","0","0.00","[{""stripe_payout_id"":""po_1K8bZGAhXr9x8yiRiNk1fNVz"",""bank_deposit_id"":""bdep_9e36b859eda40b42a4a0e1c7"",""amount"":""47.65"",""currency"":""USD"",""arrival_date"":""2021-12-20"",""deposit_date"":""2021-12-21"",""ambiguous_bank_match"":""false"",""payer_name"":""""}]","1","47.65","[]","0","0.00","47.65"
"bdep_2b2a382acbe7995666bbf150","bnk_2b2a382acbe7995666bbf150","2018-03-02","2000","USD","","","INTUIT PYMT SOLN DEPOSIT 180302 524771997507722 THE WILDFLOWER FOUNDAT","[]","0","0.00","[]","0","0.00","[]","0","0.00","[]","0","0.00","2000.00"
"bdep_026a22e1f4084f6ee6242896","bnk_026a22e1f4084f6ee6242896","2025-01-06","1090.9","USD","","","Sage Montessori  Bill.com          016ZTAUTK3LM5P0  Sage Montessori Bill.com 016ZTAUTK3LM5P0 Multip","[]","0","0.00","[]","0","0.00","[]","0","0.00","[]","0","0.00","1090.90"
"bdep_badb50f53b637b754f31b498","bnk_badb50f53b637b754f31b498","2021-04-30","50000","USD","","","WT SEQ#86993 THE WILDFLOWER LOAN FUN /ORG=                                            SRF#    OW00001340093035 TRN#210430086993  RFB#    OW00001340093035","[]","0","0.00","[]","0","0.00","[]","0","0.00","[]","0","0.00","50000.00"
"bdep_a640a775258a0dc32497c6d4","bnk_a640a775258a0dc32497c6d4","2017-04-19","1625000","USD","","","SILICON VALLEY COMMUNIT WT SEQ118457 /ORG=SILICON VALLEY COMMUNITY FOUNDATIO SRF# 2017-169805 TRN#170419118457 RFB# 6656","[{""component_id"":""bdc_NZF4oaNaj1OuNR84BReZn"",""payment_unit_id"":""pu_NZF4oaNaj1OuNR84BReZn"",""kind"":""other"",""amount"":""1625000.00"",""source"":""qbo_inferred"",""source_staged_payment_id"":""NZF4oaNaj1OuNR84BReZn"",""staged_payer"":""Chan / Zuckerberg Foundation"",""staged_date"":""2017-04-19"",""qb_deposit_id"":""822"",""reconciliation_flag"":""ok"",""unit_kind"":""other"",""unit_evidence_id"":""NZF4oaNaj1OuNR84BReZn""}]","1","1625000.00","[{""id"":""pu_NZF4oaNaj1OuNR84BReZn"",""kind"":""other"",""evidence_id"":""NZF4oaNaj1OuNR84BReZn"",""stripe_charge_id"":"""",""source_staged_payment_id"":""NZF4oaNaj1OuNR84BReZn"",""gross_amount"":""1625000.00"",""fee_amount"":"""",""net_amount"":""1625000.00"",""currency"":""USD"",""received_date"":""2017-04-19"",""lifecycle"":""received""}]","1","1625000.00","[]","0","0.00","[]","0","0.00","0.00"
"bdep_e5b1cafcc9aabb8daef291a7","bnk_e5b1cafcc9aabb8daef291a7","2021-02-04","33.68","USD","","","STRIPE           TRANSFER          ST-J8D7G3W1I1S9 THE WILDFLOWER FOUNDAT","[]","0","0.00","[]","0","0.00","[]","0","0.00","[]","0","0.00","33.68"
"bdep_8908a628ef3d9f5f9d14224c","bnk_8908a628ef3d9f5f9d14224c","2025-05-23","1454.55","USD","","","Wildflower Monte Receivable        016AQXAXL3QQV35 016AQXAXL3QQV35 Wildflower Monte Bill.com Inv TW","[]","0","0.00","[]","0","0.00","[]","0","0.00","[]","0","0.00","1454.55"
"bdep_2e617625a540423ebdfc820f","bnk_2e617625a540423ebdfc820f","2025-09-17","200000","USD","","","Bainum Family Fo Receivable        016YMRPZX3UZZA4 016YMRPZX3UZZA4 Bainum Family Fo Bill.com Inv G","[{""component_id"":""bdc_nOPE69fr9_5h3jLU1S_2g"",""payment_unit_id"":""pu_nOPE69fr9_5h3jLU1S_2g"",""kind"":""check"",""amount"":""200000.00"",""source"":""qbo_inferred"",""source_staged_payment_id"":""nOPE69fr9_5h3jLU1S_2g"",""staged_payer"":""Bainum Family Foundation"",""staged_date"":""2025-09-16"",""qb_deposit_id"":""35898"",""reconciliation_flag"":""ok"",""unit_kind"":""check"",""unit_evidence_id"":""nOPE69fr9_5h3jLU1S_2g""}]","1","200000.00","[{""id"":""pu_nOPE69fr9_5h3jLU1S_2g"",""kind"":""check"",""evidence_id"":""nOPE69fr9_5h3jLU1S_2g"",""stripe_charge_id"":"""",""source_staged_payment_id"":""nOPE69fr9_5h3jLU1S_2g"",""gross_amount"":""200000.00"",""fee_amount"":"""",""net_amount"":""200000.00"",""currency"":""USD"",""received_date"":""2025-09-16"",""lifecycle"":""received""}]","1","200000.00","[]","0","0.00","[]","0","0.00","0.00"
"bdep_e859e3dd498c09cb7f24e5d2","bnk_e859e3dd498c09cb7f24e5d2","2025-10-17","975","USD","","","Bill.com         Receivable        015UBDZXPCPACKM Miramelinda Montessori School Bill.com 015UBDZXP","[]","0","0.00","[]","0","0.00","[]","0","0.00","[{""id"":""bdqr_bdep_e859e3dd498c09cb7f24e5d2"",""bank_deposit_id"":""bdep_e859e3dd498c09cb7f24e5d2"",""bank_transaction_id"":""bnk_73a6d4d59bb0c002e71abff9"",""amount"":""975"",""deposit_date"":""2025-10-17"",""txn_date"":""2025-10-17"",""txn_type"":""Journal"",""ref_no"":"""",""payee"":"""",""memo"":""BILL 10/17/25 AR Payments"",""qb_posting"":"""",""account"":"""",""class"":"""",""reconciliation_status"":""Reconciled"",""ambiguous"":""false""}]","1","975.00","975.00"
"bdep_c574a7c9de0c14d7fb347181","bnk_c574a7c9de0c14d7fb347181","2019-01-18","12416.52","USD","","","WT FED#07015 JPMORGAN CHASE BAN    /ORG=THE SCULLY PERETSMAN                          SRF#        1366200018ES TRN#190118177871  RFB#     OS1 OF 19/01/18","[{""component_id"":""bdc_WQVxaUZFVql98g7h3lc4I"",""payment_unit_id"":""pu_WQVxaUZFVql98g7h3lc4I"",""kind"":""other"",""amount"":""12416.52"",""source"":""qbo_inferred"",""source_staged_payment_id"":""WQVxaUZFVql98g7h3lc4I"",""staged_payer"":""Nancy Peretsman"",""staged_date"":""2019-01-18"",""qb_deposit_id"":""5890"",""reconciliation_flag"":""ok"",""unit_kind"":""other"",""unit_evidence_id"":""WQVxaUZFVql98g7h3lc4I""}]","1","12416.52","[{""id"":""pu_WQVxaUZFVql98g7h3lc4I"",""kind"":""other"",""evidence_id"":""WQVxaUZFVql98g7h3lc4I"",""stripe_charge_id"":"""",""source_staged_payment_id"":""WQVxaUZFVql98g7h3lc4I"",""gross_amount"":""12416.52"",""fee_amount"":"""",""net_amount"":""12416.52"",""currency"":""USD"",""received_date"":""2019-01-18"",""lifecycle"":""received""}]","1","12416.52","[]","0","0.00","[]","0","0.00","0.00"
"bdep_c9f020f3d0e7a2979c78152f","bnk_c9f020f3d0e7a2979c78152f","2018-10-25","2029.17","USD","","","INTUIT PYMT SOLN DEPOSIT    181025 524771997507722 THE WILDFLOWER FOUNDAT 201810251","[]","0","0.00","[]","0","0.00","[]","0","0.00","[{""id"":""bdqr_bdep_c9f020f3d0e7a2979c78152f"",""bank_deposit_id"":""bdep_c9f020f3d0e7a2979c78152f"",""bank_transaction_id"":""bnk_09126e05ddbb6e0084b2b601"",""amount"":""2029.17"",""deposit_date"":""2018-10-25"",""txn_date"":""2018-10-24"",""txn_type"":""Deposit"",""ref_no"":"""",""payee"":"""",""memo"":""System-recorded deposit for QuickBooks Payments"",""qb_posting"":"""",""account"":"""",""class"":"""",""reconciliation_status"":""Reconciled"",""ambiguous"":""false""}]","1","2029.17","2029.17"
"bdep_2dd1fa0565a2d7f8bb6a1d8f","bnk_2dd1fa0565a2d7f8bb6a1d8f","2024-06-18","500000","USD","","","WT FED#03897 BANK OF AMERICA, N    /ORG=IMAGINABLE FUTURES FOUNDATION                 SRF#    XXXXXXXXXXXX7440 TRN#XXXXXXXX8318  RFB#    246CH28241RF2468","[]","0","0.00","[]","0","0.00","[]","0","0.00","[{""id"":""bdqr_bdep_2dd1fa0565a2d7f8bb6a1d8f"",""bank_deposit_id"":""bdep_2dd1fa0565a2d7f8bb6a1d8f"",""bank_transaction_id"":""bnk_d688ea8b59eca63a06d0528b"",""amount"":""500000"",""deposit_date"":""2024-06-18"",""txn_date"":""2024-06-18"",""txn_type"":""Payment"",""ref_no"":"""",""payee"":""Imaginable Futures"",""memo"":"""",""qb_posting"":"""",""account"":""1503 Pledges/Services Receivable"",""class"":"""",""reconciliation_status"":""Reconciled"",""ambiguous"":""false""}]","1","500000.00","500000.00"
"bdep_8226d6598a30cde462de7929","bnk_8226d6598a30cde462de7929","2025-01-21","958.34","USD","","","Cont Gusto       HIST RTN   250121         463176  The Wildflower Foundat","[]","0","0.00","[]","0","0.00","[]","0","0.00","[]","0","0.00","958.34"
"bdep_6dbb724638dc7601b42774b9","bnk_6dbb724638dc7601b42774b9","2021-02-09","102.59","USD","","","STRIPE           TRANSFER          ST-R9I9T9M6H6U4 THE WILDFLOWER FOUNDAT","[]","0","0.00","[]","0","0.00","[]","0","0.00","[]","0","0.00","102.59"
"bdep_3031a3acb86b75cf03797dd5","bnk_3031a3acb86b75cf03797dd5","2016-12-14","25000","USD","","","eDeposit in Branch/Store 12/14/16 09:29:43 AM 1505 W LAKE ST MINNEAPOLIS MN","[]","0","0.00","[]","0","0.00","[]","0","0.00","[{""id"":""bdqr_bdep_3031a3acb86b75cf03797dd5"",""bank_deposit_id"":""bdep_3031a3acb86b75cf03797dd5"",""bank_transaction_id"":""bnk_f74d28c95ee32bdbfec8cbb7"",""amount"":""25000"",""deposit_date"":""2016-12-14"",""txn_date"":""2016-12-14"",""txn_type"":""Payment"",""ref_no"":"""",""payee"":""Fidelity Charitable"",""memo"":"""",""qb_posting"":"""",""account"":""1503 Pledges/Services Receivable"",""class"":"""",""reconciliation_status"":""Reconciled"",""ambiguous"":""false""}]","1","25000.00","25000.00"
"bdep_b7c2e1f074283e80c191818f","bnk_b7c2e1f074283e80c191818f","2026-06-24","99.27","USD","","","STRIPE           TRANSFER          ST-E3A5C3Z3T6E4 THE WILDFLOWER FOUNDAT","[]","0","0.00","[]","0","0.00","[{""stripe_payout_id"":""po_1TlevJAhXr9x8yiRyELH81qW"",""bank_deposit_id"":""bdep_b7c2e1f074283e80c191818f"",""amount"":""99.27"",""currency"":""USD"",""arrival_date"":""2026-06-23"",""deposit_date"":""2026-06-24"",""ambiguous_bank_match"":""false"",""payer_name"":""""}]","1","99.27","[]","0","0.00","99.27"
"bdep_8b31439f545d055a45d058f8","bnk_8b31439f545d055a45d058f8","2019-12-04","518.88","USD","","","STRIPE           TRANSFER          ST-Q4L0L6D1B4J1 THE WILDFLOWER FOUNDAT","[]","0","0.00","[]","0","0.00","[]","0","0.00","[]","0","0.00","518.88"
"bdep_785298b8a25b56dd86c75590","bnk_785298b8a25b56dd86c75590","2019-11-13","222.99","USD","","","ATM CHECK DEPOSIT              ON              11/13 3030 NICOLLET AVE         MINNEAPOLIS   MN  0005345           ATM ID 5813V    CARD 7365","[]","0","0.00","[]","0","0.00","[]","0","0.00","[]","0","0.00","222.99"
"bdep_98da0d9067c6720a43ed9c79","bnk_98da0d9067c6720a43ed9c79","2019-09-20","35625","USD","","","WT SEQ126069 WF RETURN WIRES IN PROC /ORG=                                            SRF#    2019092000097723 TRN#190920126069  RFB#","[]","0","0.00","[]","0","0.00","[]","0","0.00","[]","0","0.00","35625.00"
"bdep_188f76776642059264386441","bnk_188f76776642059264386441","2019-12-20","75","USD","","","INTUIT PYMT SOLN DEPOSIT    191220 524771997507722 THE WILDFLOWER FOUNDAT","[]","0","0.00","[]","0","0.00","[]","0","0.00","[{""id"":""bdqr_bdep_188f76776642059264386441"",""bank_deposit_id"":""bdep_188f76776642059264386441"",""bank_transaction_id"":""bnk_d7f280bc211e698fc18d7418"",""amount"":""75"",""deposit_date"":""2019-12-20"",""txn_date"":""2019-12-19"",""txn_type"":""Deposit"",""ref_no"":"""",""payee"":""Loan - Cosmos"",""memo"":""System-recorded deposit for QuickBooks Payments"",""qb_posting"":"""",""account"":""1501 Undeposited Funds"",""class"":"""",""reconciliation_status"":""Reconciled"",""ambiguous"":""false""}]","1","75.00","75.00"
"bdep_4e219106af0aa910c980253a","bnk_4e219106af0aa910c980253a","2020-11-24","25000","USD","","","ATM CHECK DEPOSIT              ON              11/24 1505 WEST LAKE ST         Minneapolis   MN  0001845           ATM ID 6991J    CARD 7365","[]","0","0.00","[]","0","0.00","[]","0","0.00","[]","0","0.00","25000.00"
"bdep_6b80b6a5d3b52b5b7f7f47f9","bnk_6b80b6a5d3b52b5b7f7f47f9","2021-02-17","582.58","USD","","","IRS              HIST RTN   210217 270144711330923 WILDFLOWER FOUNDATION","[]","0","0.00","[]","0","0.00","[]","0","0.00","[]","0","0.00","582.58"
"bdep_719933f4c8a69767d42e1568","bnk_719933f4c8a69767d42e1568","2020-05-22","485.2","USD","","","STRIPE           TRANSFER          ST-R9J1V0Q6P9B1 THE WILDFLOWER FOUNDAT","[]","0","0.00","[]","0","0.00","[]","0","0.00","[]","0","0.00","485.20"
"bdep_2a43991cbdce4df4ce7768dd","bnk_2a43991cbdce4df4ce7768dd","2019-07-15","28.83","USD","","","STRIPE           TRANSFER          ST-G0B3U5X5B2Y1 THE WILDFLOWER FOUNDAT","[]","0","0.00","[]","0","0.00","[]","0","0.00","[]","0","0.00","28.83"
"bdep_62af59214402757eb061161e","bnk_62af59214402757eb061161e","2026-04-06","4990.56","USD","","","Wildflower New Y Receivable        016GUOZAH42A8AZ 016GUOZAH42A8AZ Wildflower New Y Bill.com Inv TW","[]","0","0.00","[]","0","0.00","[]","0","0.00","[{""id"":""bdqr_bdep_62af59214402757eb061161e"",""bank_deposit_id"":""bdep_62af59214402757eb061161e"",""bank_transaction_id"":""bnk_77931b3b49ae36ca99e6f8de"",""amount"":""4990.56"",""deposit_date"":""2026-04-06"",""txn_date"":""2026-04-03"",""txn_type"":""Payment"",""ref_no"":""P26040202 - 1206247"",""payee"":""Wildflower New York Charter School"",""memo"":""Inv TWF - April Inv045"",""qb_posting"":"""",""account"":""1503 Pledges/Services Receivable"",""class"":"""",""reconciliation_status"":""Reconciled"",""ambiguous"":""false""}]","1","4990.56","4990.56"
"bdep_5413a415c30074ab61b7bf9f","bnk_5413a415c30074ab61b7bf9f","2018-11-26","2090.28","USD","","","INTUIT PYMT SOLN DEPOSIT    181125 524771997507722 THE WILDFLOWER FOUNDAT 201811261","[]","0","0.00","[]","0","0.00","[]","0","0.00","[{""id"":""bdqr_bdep_5413a415c30074ab61b7bf9f"",""bank_deposit_id"":""bdep_5413a415c30074ab61b7bf9f"",""bank_transaction_id"":""bnk_123be061e71d3265048900e1"",""amount"":""2090.28"",""deposit_date"":""2018-11-26"",""txn_date"":""2018-11-24"",""txn_type"":""Deposit"",""ref_no"":"""",""payee"":"""",""memo"":""System-recorded deposit for QuickBooks Payments"",""qb_posting"":"""",""account"":"""",""class"":"""",""reconciliation_status"":""Reconciled"",""ambiguous"":""false""}]","1","2090.28","2090.28"
"bdep_9cc2a3d0ef8ff25d91a86f82","bnk_9cc2a3d0ef8ff25d91a86f82","2021-03-23","1565.91","USD","","","STRIPE           TRANSFER          ST-X6T9S7U1D4V7 THE WILDFLOWER FOUNDAT","[]","0","0.00","[]","0","0.00","[]","0","0.00","[]","0","0.00","1565.91"
"bdep_acc6d85c2ceec6054a3c8da6","bnk_acc6d85c2ceec6054a3c8da6","2023-07-31","94761.53","USD","","","WT FED#01882 FLAGSTAR BANK, NA     /ORG=WILDFLOWER NEW YORK CHARTER SC                SRF#                0780 TRN#230731126769  RFB#","[]","0","0.00","[]","0","0.00","[]","0","0.00","[{""id"":""bdqr_bdep_acc6d85c2ceec6054a3c8da6"",""bank_deposit_id"":""bdep_acc6d85c2ceec6054a3c8da6"",""bank_transaction_id"":""bnk_ddc73575dc8114a2c6f4365a"",""amount"":""94761.53"",""deposit_date"":""2023-07-31"",""txn_date"":""2023-07-31"",""txn_type"":""Payment"",""ref_no"":"""",""payee"":""WNYCS"",""memo"":"""",""qb_posting"":"""",""account"":""1503 Pledges/Services Receivable"",""class"":"""",""reconciliation_status"":""Reconciled"",""ambiguous"":""false""}]","1","94761.53","94761.53"
"bdep_28ff1b72ea76be41a8facf56","bnk_28ff1b72ea76be41a8facf56","2025-12-22","52686.81","USD","","","ONLINE TRANSFER SEPT 2025 PAYROLL CSP REF #BB0W6P7B3X","[]","0","0.00","[]","0","0.00","[]","0","0.00","[{""id"":""bdqr_bdep_28ff1b72ea76be41a8facf56"",""bank_deposit_id"":""bdep_28ff1b72ea76be41a8facf56"",""bank_transaction_id"":""bnk_625137426454fd5fa71dd1ae"",""amount"":""52686.81"",""deposit_date"":""2025-12-22"",""txn_date"":""2025-12-22"",""txn_type"":""Transfer"",""ref_no"":"""",""payee"":"""",""memo"":"""",""qb_posting"":"""",""account"":""TWF CSP Rep grant (1340) - 2"",""class"":"""",""reconciliation_status"":""Reconciled"",""ambiguous"":""false""}]","1","52686.81","52686.81"
"bdep_c35eccda51623b7f1659d2bf","bnk_c35eccda51623b7f1659d2bf","2017-10-24","5000","USD","","","ATM CHECK DEPOSIT 10/24 1505 WEST LAKE ST MINNEAPOLIS MN 6993M 7365","[{""component_id"":""bdc_ab6MGs1PAjUlcgAvwtcws"",""payment_unit_id"":""pu_ab6MGs1PAjUlcgAvwtcws"",""kind"":""other"",""amount"":""5000.00"",""source"":""qbo_inferred"",""source_staged_payment_id"":""ab6MGs1PAjUlcgAvwtcws"",""staged_payer"":""Saint Paul Foundation"",""staged_date"":""2017-10-24"",""qb_deposit_id"":""1870"",""reconciliation_flag"":""ok"",""unit_kind"":""other"",""unit_evidence_id"":""ab6MGs1PAjUlcgAvwtcws""}]","1","5000.00","[{""id"":""pu_ab6MGs1PAjUlcgAvwtcws"",""kind"":""other"",""evidence_id"":""ab6MGs1PAjUlcgAvwtcws"",""stripe_charge_id"":"""",""source_staged_payment_id"":""ab6MGs1PAjUlcgAvwtcws"",""gross_amount"":""5000.00"",""fee_amount"":"""",""net_amount"":""5000.00"",""currency"":""USD"",""received_date"":""2017-10-24"",""lifecycle"":""received""}]","1","5000.00","[]","0","0.00","[]","0","0.00","0.00"
"bdep_b41e310f35445e2d1b6bad3b","bnk_b41e310f35445e2d1b6bad3b","2025-07-03","3731.18","USD","","","Minnesota Wildfl Receivable        016JEZTDM3S94CF 016JEZTDM3S94CF Minnesota Wildfl Bill.com Inv TW","[]","0","0.00","[]","0","0.00","[]","0","0.00","[]","0","0.00","3731.18"
"bdep_d1d0730a1c258bbbc2349fcd","bnk_d1d0730a1c258bbbc2349fcd","2025-12-12","6179.08","USD","","","DC WILDFLOWER PU EFT PYMT   121125 Charter School  The Wildflower Foundat","[]","0","0.00","[]","0","0.00","[]","0","0.00","[{""id"":""bdqr_bdep_d1d0730a1c258bbbc2349fcd"",""bank_deposit_id"":""bdep_d1d0730a1c258bbbc2349fcd"",""bank_transaction_id"":""bnk_ff066264247a793182c86a32"",""amount"":""6179.08"",""deposit_date"":""2025-12-12"",""txn_date"":""2025-12-12"",""txn_type"":""Payment"",""ref_no"":""11122872"",""payee"":""DC Wildflower Public Charter School"",""memo"":"""",""qb_posting"":"""",""account"":""1503 Pledges/Services Receivable"",""class"":"""",""reconciliation_status"":""Reconciled"",""ambiguous"":""false""}]","1","6179.08","6179.08"
"bdep_8fcc407c8e7ceb25b032190e","bnk_8fcc407c8e7ceb25b032190e","2019-03-26","471.73","USD","","","STRIPE           TRANSFER                          X","[]","0","0.00","[]","0","0.00","[]","0","0.00","[]","0","0.00","471.73"
"bdep_ec9e01e54be38073b17e726f","bnk_ec9e01e54be38073b17e726f","2021-02-22","40.54","USD","","","AMZNDC603YDK     AmazonSmil 210222 6AIUDA2Q87IHXTN payments.amazon.com ID#6AIUDA2Q87IHXTN","[{""component_id"":""bdc_UGB5SraZ624c_aZqt0JcL"",""payment_unit_id"":""pu_UGB5SraZ624c_aZqt0JcL"",""kind"":""other"",""amount"":""40.54"",""source"":""qbo_inferred"",""source_staged_payment_id"":""UGB5SraZ624c_aZqt0JcL"",""staged_payer"":""Amazon Smile"",""staged_date"":""2021-02-22"",""qb_deposit_id"":""14705"",""reconciliation_flag"":""ok"",""unit_kind"":""other"",""unit_evidence_id"":""UGB5SraZ624c_aZqt0JcL""}]","1","40.54","[{""id"":""pu_UGB5SraZ624c_aZqt0JcL"",""kind"":""other"",""evidence_id"":""UGB5SraZ624c_aZqt0JcL"",""stripe_charge_id"":"""",""source_staged_payment_id"":""UGB5SraZ624c_aZqt0JcL"",""gross_amount"":""40.54"",""fee_amount"":"""",""net_amount"":""40.54"",""currency"":""USD"",""received_date"":""2021-02-22"",""lifecycle"":""received""}]","1","40.54","[]","0","0.00","[]","0","0.00","0.00"
"bdep_abefc6a860e7ec1a1d67022e","bnk_abefc6a860e7ec1a1d67022e","2018-09-28","620","USD","","","WF RETURN WIRES IN PROC WT SEQ101550 /ORG= SRF# 2018092800089341 TRN#180928101550 RFB#","[]","0","0.00","[]","0","0.00","[]","0","0.00","[]","0","0.00","620.00"
"bdep_93fddc5b2431f5e81cb1fd8b","bnk_93fddc5b2431f5e81cb1fd8b","2019-02-28","53.1","USD","","","STRIPE           TRANSFER                          X","[]","0","0.00","[]","0","0.00","[]","0","0.00","[]","0","0.00","53.10"
"bdep_a20040efff5c6e039646217d","bnk_a20040efff5c6e039646217d","2018-07-23","1665.28","USD","","","INTUIT PYMT SOLN DEPOSIT 180722 524771997507722 THE WILDFLOWER FOUNDAT","[]","0","0.00","[]","0","0.00","[]","0","0.00","[{""id"":""bdqr_bdep_a20040efff5c6e039646217d"",""bank_deposit_id"":""bdep_a20040efff5c6e039646217d"",""bank_transaction_id"":""bnk_3a146f4327ada8b191903006"",""amount"":""1665.28"",""deposit_date"":""2018-07-23"",""txn_date"":""2018-07-21"",""txn_type"":""Deposit"",""ref_no"":"""",""payee"":""Loan - Dandelion"",""memo"":""System-recorded deposit for QuickBooks Payments"",""qb_posting"":"""",""account"":""1501 Undeposited Funds"",""class"":"""",""reconciliation_status"":""Reconciled"",""ambiguous"":""false""}]","1","1665.28","1665.28"
"bdep_6aa880e43bf5bb418028e0ca","bnk_6aa880e43bf5bb418028e0ca","2020-12-04","940.06","USD","","","STRIPE           TRANSFER          ST-T4J9M2I4R9F8 THE WILDFLOWER FOUNDAT","[]","0","0.00","[]","0","0.00","[{""stripe_payout_id"":""po_1Hu6g7AhXr9x8yiRXg76I3oy"",""bank_deposit_id"":""bdep_6aa880e43bf5bb418028e0ca"",""amount"":""940.06"",""currency"":""USD"",""arrival_date"":""2020-12-03"",""deposit_date"":""2020-12-04"",""ambiguous_bank_match"":""false"",""payer_name"":""""}]","1","940.06","[]","0","0.00","940.06"
"bdep_c3c6fdd8c57883dbcfe1b31e","bnk_c3c6fdd8c57883dbcfe1b31e","2023-08-10","10000","USD","","","CityBridge Found ACH Pmt    230810 11026993941     Black WildFlowers Fund","[{""component_id"":""bdc_uMX5819nuMMCZPWQzoLuJ"",""payment_unit_id"":""pu_uMX5819nuMMCZPWQzoLuJ"",""kind"":""other"",""amount"":""10000.00"",""source"":""qbo_inferred"",""source_staged_payment_id"":""uMX5819nuMMCZPWQzoLuJ"",""staged_payer"":""Citybridge Foundation"",""staged_date"":""2023-08-10"",""qb_deposit_id"":""25809"",""reconciliation_flag"":""ok"",""unit_kind"":""other"",""unit_evidence_id"":""uMX5819nuMMCZPWQzoLuJ""}]","1","10000.00","[{""id"":""pu_uMX5819nuMMCZPWQzoLuJ"",""kind"":""other"",""evidence_id"":""uMX5819nuMMCZPWQzoLuJ"",""stripe_charge_id"":"""",""source_staged_payment_id"":""uMX5819nuMMCZPWQzoLuJ"",""gross_amount"":""10000.00"",""fee_amount"":"""",""net_amount"":""10000.00"",""currency"":""USD"",""received_date"":""2023-08-10"",""lifecycle"":""received""}]","1","10000.00","[]","0","0.00","[]","0","0.00","0.00"
"bdep_d86c1bbbb660bb3bb506c9bc","bnk_d86c1bbbb660bb3bb506c9bc","2020-11-30","4616","USD","","","ALLIANT INSURANC HIST RTN   201130 56CNDF          JENNIE HOUGHTON","[]","0","0.00","[]","0","0.00","[]","0","0.00","[]","0","0.00","4616.00"
"bdep_3cdf520ff6b65f72f39e547c","bnk_3cdf520ff6b65f72f39e547c","2024-11-15","290.41","USD","","","STRIPE           TRANSFER          ST-M5L2S2I7D4G9 THE WILDFLOWER FOUNDAT","[]","0","0.00","[]","0","0.00","[{""stripe_payout_id"":""po_1QKxMJAhXr9x8yiRjWatUCXc"",""bank_deposit_id"":""bdep_3cdf520ff6b65f72f39e547c"",""amount"":""290.41"",""currency"":""USD"",""arrival_date"":""2024-11-14"",""deposit_date"":""2024-11-15"",""ambiguous_bank_match"":""false"",""payer_name"":""""}]","1","290.41","[]","0","0.00","290.41"
"bdep_9408ea13fc7fd77935054007","bnk_9408ea13fc7fd77935054007","2024-12-27","10000","USD","","","WT FED#07557 BANK OF AMERICA, N    /ORG=1/D B SERVICES DIANA C BARRIENTOS A           SRF#    XXXXXXXXXXXX6553 TRN#XXXXXXXX4449  RFB#           528023126","[{""component_id"":""bdc_osN1yh1ZCrPjaY58a1mfn"",""payment_unit_id"":""pu_osN1yh1ZCrPjaY58a1mfn"",""kind"":""other"",""amount"":""10000.00"",""source"":""qbo_inferred"",""source_staged_payment_id"":""osN1yh1ZCrPjaY58a1mfn"",""staged_payer"":""Abinabi Barrientos"",""staged_date"":""2024-12-27"",""qb_deposit_id"":""31672"",""reconciliation_flag"":""ok"",""unit_kind"":""other"",""unit_evidence_id"":""osN1yh1ZCrPjaY58a1mfn""}]","1","10000.00","[{""id"":""pu_osN1yh1ZCrPjaY58a1mfn"",""kind"":""other"",""evidence_id"":""osN1yh1ZCrPjaY58a1mfn"",""stripe_charge_id"":"""",""source_staged_payment_id"":""osN1yh1ZCrPjaY58a1mfn"",""gross_amount"":""10000.00"",""fee_amount"":"""",""net_amount"":""10000.00"",""currency"":""USD"",""received_date"":""2024-12-27"",""lifecycle"":""received""}]","1","10000.00","[]","0","0.00","[]","0","0.00","0.00"
"bdep_adf312c451c759410b9dafee","bnk_adf312c451c759410b9dafee","2017-08-21","600000","USD","","","WALTON FAM FDN GRANT PMT 57376 GRANT 2017-430","[]","0","0.00","[]","0","0.00","[]","0","0.00","[{""id"":""bdqr_bdep_adf312c451c759410b9dafee"",""bank_deposit_id"":""bdep_adf312c451c759410b9dafee"",""bank_transaction_id"":""bnk_e42c3849efc172b59bebffc9"",""amount"":""600000"",""deposit_date"":""2017-08-21"",""txn_date"":""2017-08-21"",""txn_type"":""Payment"",""ref_no"":"""",""payee"":""Walton Family Foundation"",""memo"":"""",""qb_posting"":"""",""account"":""1503 Pledges/Services Receivable"",""class"":"""",""reconciliation_status"":""Reconciled"",""ambiguous"":""false""}]","1","600000.00","600000.00"
"bdep_35d57872e891f040541deefe","bnk_35d57872e891f040541deefe","2024-12-17","23.53","USD","","","STRIPE           TRANSFER          ST-C1O4I7T5B0M3 THE WILDFLOWER FOUNDAT","[]","0","0.00","[]","0","0.00","[{""stripe_payout_id"":""po_1QWTgMAhXr9x8yiRkVK3U6gv"",""bank_deposit_id"":""bdep_35d57872e891f040541deefe"",""amount"":""23.53"",""currency"":""USD"",""arrival_date"":""2024-12-16"",""deposit_date"":""2024-12-17"",""ambiguous_bank_match"":""false"",""payer_name"":""""}]","1","23.53","[]","0","0.00","23.53"
"bdep_be1f65b3e431576fe1d1e851","bnk_be1f65b3e431576fe1d1e851","2026-04-17","500","USD","","","ATM CHECK DEPOSIT              ON              04/17 4712 Chicago Ave          Minneapolis   MN  0008041           ATM ID 5819T    CARD 0628","[]","0","0.00","[]","0","0.00","[]","0","0.00","[]","0","0.00","500.00"
"bdep_0c7e907e71e7010606c64248","bnk_0c7e907e71e7010606c64248","2017-09-21","1604.17","USD","","","INTUIT PYMT SOLN DEPOSIT 170921 524771997507722 THE WILDFLOWER FOUNDAT","[]","0","0.00","[]","0","0.00","[]","0","0.00","[{""id"":""bdqr_bdep_0c7e907e71e7010606c64248"",""bank_deposit_id"":""bdep_0c7e907e71e7010606c64248"",""bank_transaction_id"":""bnk_505e310cdf8a7d9276e9c28b"",""amount"":""1604.17"",""deposit_date"":""2017-09-21"",""txn_date"":""2017-09-20"",""txn_type"":""Deposit"",""ref_no"":"""",""payee"":""Loan - Wildflower"",""memo"":""System-recorded deposit for QuickBooks Payments"",""qb_posting"":"""",""account"":""1501 Undeposited Funds"",""class"":"""",""reconciliation_status"":""Reconciled"",""ambiguous"":""false""}]","1","1604.17","1604.17"
"bdep_8d5b625a675271e44a6654e3","bnk_8d5b625a675271e44a6654e3","2020-08-05","694.92","USD","","","STRIPE           TRANSFER          ST-G8D9T9Z8X1Y5 THE WILDFLOWER FOUNDAT","[]","0","0.00","[]","0","0.00","[]","0","0.00","[]","0","0.00","694.92"
"bdep_c345022652cd4e14d68847b6","bnk_c345022652cd4e14d68847b6","2020-03-03","1404","USD","","","INTUIT PYMT SOLN DEPOSIT    200303 524771997507722 THE WILDFLOWER FOUNDAT","[]","0","0.00","[]","0","0.00","[]","0","0.00","[{""id"":""bdqr_bdep_c345022652cd4e14d68847b6"",""bank_deposit_id"":""bdep_c345022652cd4e14d68847b6"",""bank_transaction_id"":""bnk_e31c4358c8ddd717a501814c"",""amount"":""1404"",""deposit_date"":""2020-03-03"",""txn_date"":""2020-03-02"",""txn_type"":""Deposit"",""ref_no"":"""",""payee"":""Loan - Wild Rose"",""memo"":""System-recorded deposit for QuickBooks Payments"",""qb_posting"":"""",""account"":""1501 Undeposited Funds"",""class"":"""",""reconciliation_status"":""Reconciled"",""ambiguous"":""false""}]","1","1404.00","1404.00"
"bdep_064023e9f3faefad396c483b","bnk_064023e9f3faefad396c483b","2017-01-04","250000","USD","","","WT FED#00089 FIRST REPUBLIC BAN /ORG=NEW SCHOOLS FUND SRF# 170103134411H704 TRN#170104031100 RFB# PMT OF GRANT","[]","0","0.00","[]","0","0.00","[]","0","0.00","[{""id"":""bdqr_bdep_064023e9f3faefad396c483b"",""bank_deposit_id"":""bdep_064023e9f3faefad396c483b"",""bank_transaction_id"":""bnk_ae7c5acd1d4b8cab4df14b19"",""amount"":""250000"",""deposit_date"":""2017-01-04"",""txn_date"":""2017-01-04"",""txn_type"":""Payment"",""ref_no"":"""",""payee"":""New Schools Venture Fund"",""memo"":"""",""qb_posting"":"""",""account"":""1503 Pledges/Services Receivable"",""class"":"""",""reconciliation_status"":""Reconciled"",""ambiguous"":""false""}]","1","250000.00","250000.00"
"bdep_a6cb82bbbd84ae1d6d922d90","bnk_a6cb82bbbd84ae1d6d922d90","2019-11-14","62.21","USD","","","STRIPE           TRANSFER          ST-U1N5E0M0J2V1 THE WILDFLOWER FOUNDAT","[]","0","0.00","[]","0","0.00","[]","0","0.00","[]","0","0.00","62.21"
"bdep_cdda8ccb20344e0da3e0e75b","bnk_cdda8ccb20344e0da3e0e75b","2026-07-17","75000","USD","","","WT FED#01R01 BANK OF AMERICA, N    /ORG=Imaginable Futures Foundation                 SRF#    XXXXXXXXXXXX2186 TRN#XXXXXXXX2409  RFB#","[]","0","0.00","[]","0","0.00","[]","0","0.00","[]","0","0.00","75000.00"
"bdep_0a05da3da157ae3e9cfce90c","bnk_0a05da3da157ae3e9cfce90c","2019-10-30","72.52","USD","","","STRIPE           TRANSFER          ST-B0G8E8P1Y5X3 THE WILDFLOWER FOUNDAT","[]","0","0.00","[]","0","0.00","[{""stripe_payout_id"":""po_1FYmR3AhXr9x8yiRdbRgODNb"",""bank_deposit_id"":""bdep_0a05da3da157ae3e9cfce90c"",""amount"":""72.52"",""currency"":""USD"",""arrival_date"":""2019-10-29"",""deposit_date"":""2019-10-30"",""ambiguous_bank_match"":""false"",""payer_name"":""""}]","1","72.52","[]","0","0.00","72.52"
"bdep_7d0756659651e5b9032a34fe","bnk_7d0756659651e5b9032a34fe","2025-05-28","1282.33","USD","","","Urban Village Mo Receivable        016BDBPAR3QUT6U 016BDBPAR3QUT6U Urban Village Mo Bill.com Inv TW","[]","0","0.00","[]","0","0.00","[]","0","0.00","[]","0","0.00","1282.33"
"bdep_f4bb6933c39dbf96b401c530","bnk_f4bb6933c39dbf96b401c530","2025-12-11","1251.44","USD","","","Bill.com         Receivable        015WBECLPXS27FV Trout Lily Montessori Bill.com 015WBECLPXS27FV I","[]","0","0.00","[]","0","0.00","[]","0","0.00","[{""id"":""bdqr_bdep_f4bb6933c39dbf96b401c530"",""bank_deposit_id"":""bdep_f4bb6933c39dbf96b401c530"",""bank_transaction_id"":""bnk_639080bb135bb6d8026f0633"",""amount"":""1251.44"",""deposit_date"":""2025-12-11"",""txn_date"":""2025-12-11"",""txn_type"":""Journal"",""ref_no"":""JE #CSP Sept 2027"",""payee"":"""",""memo"":""BILL 12/11/25 AR Payments"",""qb_posting"":"""",""account"":"""",""class"":"""",""reconciliation_status"":""Reconciled"",""ambiguous"":""false""}]","1","1251.44","1251.44"
"bdep_856bb5bcf03c25334b816a3f","bnk_856bb5bcf03c25334b816a3f","2021-11-12","1000000","USD","","","WT LABCA164598U4CUH PNC BANK NA      /ORG=SPRING POINT PARTNERS LLC                   SRF#    LABCA164598U4CUH TRN#211112136299  RFB#                 SPP","[]","0","0.00","[]","0","0.00","[]","0","0.00","[{""id"":""bdqr_bdep_856bb5bcf03c25334b816a3f"",""bank_deposit_id"":""bdep_856bb5bcf03c25334b816a3f"",""bank_transaction_id"":""bnk_44a30cd5237d7a64a066d8ba"",""amount"":""1000000"",""deposit_date"":""2021-11-12"",""txn_date"":""2021-11-12"",""txn_type"":""Payment"",""ref_no"":"""",""payee"":""Spring Point Partners"",""memo"":"""",""qb_posting"":"""",""account"":""1503 Pledges/Services Receivable"",""class"":"""",""reconciliation_status"":""Reconciled"",""ambiguous"":""false""}]","1","1000000.00","1000000.00"
"bdep_4b8f25be08e79f2011c509f0","bnk_4b8f25be08e79f2011c509f0","2024-03-20","281.58","USD","","","WT SEQ172620 LAJOY PLANS, LLC        /ORG=                                            SRF#    OWXXXXXXXX518833 TRN#XXXXXXXX2620  RFB#    OWXXXXXXXX518833","[]","0","0.00","[]","0","0.00","[]","0","0.00","[]","0","0.00","281.58"
"bdep_2ca3acfe839139cd9001a17d","bnk_2ca3acfe839139cd9001a17d","2020-10-05","99.02","USD","","","STRIPE           TRANSFER          ST-M2R3R0C3B6B6 THE WILDFLOWER FOUNDAT","[]","0","0.00","[]","0","0.00","[]","0","0.00","[]","0","0.00","99.02"
"bdep_f66d5c0faee07189f1f0d260","bnk_f66d5c0faee07189f1f0d260","2019-04-23","1745","USD","","","INTUIT PYMT SOLN DEPOSIT    190423 524771997507722 THE WILDFLOWER FOUNDAT","[]","0","0.00","[]","0","0.00","[]","0","0.00","[{""id"":""bdqr_bdep_f66d5c0faee07189f1f0d260"",""bank_deposit_id"":""bdep_f66d5c0faee07189f1f0d260"",""bank_transaction_id"":""bnk_594c741623a9c88b8ff50dd1"",""amount"":""1745"",""deposit_date"":""2019-04-23"",""txn_date"":""2019-04-22"",""txn_type"":""Deposit"",""ref_no"":"""",""payee"":""Loan - Wild Rose"",""memo"":""System-recorded deposit for QuickBooks Payments"",""qb_posting"":"""",""account"":""1501 Undeposited Funds"",""class"":"""",""reconciliation_status"":""Reconciled"",""ambiguous"":""false""}]","1","1745.00","1745.00"
"bdep_933bad660cb87f13279c82cd","bnk_933bad660cb87f13279c82cd","2023-05-25","249917","USD","","","GATES FOUND 1712 EDI PAYMNT MAY 25 BMGF100087707   REF*TN*BMGF100087*INV PYMT-192756 OPPID INV-0577","[]","0","0.00","[]","0","0.00","[]","0","0.00","[{""id"":""bdqr_bdep_933bad660cb87f13279c82cd"",""bank_deposit_id"":""bdep_933bad660cb87f13279c82cd"",""bank_transaction_id"":""bnk_58c1bab75ac438cf366dfe5b"",""amount"":""249917"",""deposit_date"":""2023-05-25"",""txn_date"":""2023-05-25"",""txn_type"":""Payment"",""ref_no"":"""",""payee"":""Gates Family Foundation"",""memo"":"""",""qb_posting"":"""",""account"":""1503 Pledges/Services Receivable"",""class"":"""",""reconciliation_status"":""Reconciled"",""ambiguous"":""false""}]","1","249917.00","249917.00"
"bdep_7b30b719f3eba60bca684ee4","bnk_7b30b719f3eba60bca684ee4","2024-11-26","545.45","USD","","","Rain Lily Montes Receivable        016RYAICK3K7MOL 016RYAICK3K7MOL Rain Lily Montes Bill.com Inv CS","[]","0","0.00","[]","0","0.00","[]","0","0.00","[]","0","0.00","545.45"
"bdep_eca83d6bd873e38f14d0860c","bnk_eca83d6bd873e38f14d0860c","2021-05-25","13.72","USD","","","AMZNE98AW7RJ     AmazonSmil 210525 3OLB1UZYFB54IYT payments.amazon.com ID#3OLB1UZYFB54IYT","[{""component_id"":""bdc_AOgoZStpjFlzqmxTZDY-R"",""payment_unit_id"":""pu_AOgoZStpjFlzqmxTZDY-R"",""kind"":""other"",""amount"":""13.72"",""source"":""qbo_inferred"",""source_staged_payment_id"":""AOgoZStpjFlzqmxTZDY-R"",""staged_payer"":""Amazon Smile"",""staged_date"":""2021-05-25"",""qb_deposit_id"":""15771"",""reconciliation_flag"":""ok"",""unit_kind"":""other"",""unit_evidence_id"":""AOgoZStpjFlzqmxTZDY-R""}]","1","13.72","[{""id"":""pu_AOgoZStpjFlzqmxTZDY-R"",""kind"":""other"",""evidence_id"":""AOgoZStpjFlzqmxTZDY-R"",""stripe_charge_id"":"""",""source_staged_payment_id"":""AOgoZStpjFlzqmxTZDY-R"",""gross_amount"":""13.72"",""fee_amount"":"""",""net_amount"":""13.72"",""currency"":""USD"",""received_date"":""2021-05-25"",""lifecycle"":""received""}]","1","13.72","[]","0","0.00","[]","0","0.00","0.00"
"bdep_08d6533922c8c22ba4da84bb","bnk_08d6533922c8c22ba4da84bb","2025-04-04","454.55","USD","","","Bergamot Montess Bill.com          026UHPZJV1CBXKR Bergamot Montessori Bill.com 026UHPZJV1CBXKR Inv","[]","0","0.00","[]","0","0.00","[]","0","0.00","[]","0","0.00","454.55"
"bdep_b5bac8dce7a7d357486d5f30","bnk_b5bac8dce7a7d357486d5f30","2024-05-16","13300","USD","","","Wild Rose Montes Bill.com          015HVMGFEU1SSZU Wild Rose Montessori School Bill.com 015HVMGFEU1","[]","0","0.00","[]","0","0.00","[]","0","0.00","[]","0","0.00","13300.00"
"bdep_0ead9ab3ea7243b52efba987","bnk_0ead9ab3ea7243b52efba987","2020-11-04","20000","USD","","","LAWYERSCOMMITTEE EXP REIMB  201103 VWILD FOUN      THE WILDFLOWER FOUNDAT","[]","0","0.00","[]","0","0.00","[]","0","0.00","[{""id"":""bdqr_bdep_0ead9ab3ea7243b52efba987"",""bank_deposit_id"":""bdep_0ead9ab3ea7243b52efba987"",""bank_transaction_id"":""bnk_12c7c87d457c4f556a2fc68e"",""amount"":""20000"",""deposit_date"":""2020-11-04"",""txn_date"":""2020-11-04"",""txn_type"":""Payment"",""ref_no"":"""",""payee"":""LAWYERS COMMITTEE"",""memo"":"""",""qb_posting"":"""",""account"":""1503 Pledges/Services Receivable"",""class"":"""",""reconciliation_status"":""Reconciled"",""ambiguous"":""false""}]","1","20000.00","20000.00"
"bdep_93545eca27016985df6f9dcd","bnk_93545eca27016985df6f9dcd","2020-01-24","2504","USD","","","INTUIT PYMT SOLN DEPOSIT    200124 524771997507722 THE WILDFLOWER FOUNDAT","[]","0","0.00","[]","0","0.00","[]","0","0.00","[{""id"":""bdqr_bdep_93545eca27016985df6f9dcd"",""bank_deposit_id"":""bdep_93545eca27016985df6f9dcd"",""bank_transaction_id"":""bnk_a76d9095e268530d7c368778"",""amount"":""2504"",""deposit_date"":""2020-01-24"",""txn_date"":""2020-01-23"",""txn_type"":""Deposit"",""ref_no"":"""",""payee"":"""",""memo"":""System-recorded deposit for QuickBooks Payments"",""qb_posting"":"""",""account"":"""",""class"":"""",""reconciliation_status"":""Reconciled"",""ambiguous"":""false""}]","1","2504.00","2504.00"
"bdep_a0a8fd0a3008b43fc9e645fa","bnk_a0a8fd0a3008b43fc9e645fa","2019-07-15","462.5","USD","","","INTUIT PYMT SOLN DEPOSIT    190713 524771997507722 THE WILDFLOWER FOUNDAT","[]","0","0.00","[]","0","0.00","[]","0","0.00","[{""id"":""bdqr_bdep_a0a8fd0a3008b43fc9e645fa"",""bank_deposit_id"":""bdep_a0a8fd0a3008b43fc9e645fa"",""bank_transaction_id"":""bnk_5fb0af7b6e4fefce9b87a4f1"",""amount"":""462.5"",""deposit_date"":""2019-07-15"",""txn_date"":""2019-07-12"",""txn_type"":""Deposit"",""ref_no"":"""",""payee"":"""",""memo"":""System-recorded deposit for QuickBooks Payments"",""qb_posting"":"""",""account"":"""",""class"":"""",""reconciliation_status"":""Reconciled"",""ambiguous"":""false""}]","1","462.50","462.50"
"bdep_b32142271231d2bdd7033e8d","bnk_b32142271231d2bdd7033e8d","2018-10-19","28.83","USD","","","STRIPE TRANSFER X","[]","0","0.00","[]","0","0.00","[]","0","0.00","[]","0","0.00","28.83"
"bdep_de5af5987ae3723c98533e47","bnk_de5af5987ae3723c98533e47","2019-10-23","6604","USD","","","INTUIT PYMT SOLN DEPOSIT    191023 524771997507722 THE WILDFLOWER FOUNDAT","[]","0","0.00","[]","0","0.00","[]","0","0.00","[{""id"":""bdqr_bdep_de5af5987ae3723c98533e47"",""bank_deposit_id"":""bdep_de5af5987ae3723c98533e47"",""bank_transaction_id"":""bnk_f45e4cee8d3aa8b2e66beaf9"",""amount"":""6604"",""deposit_date"":""2019-10-23"",""txn_date"":""2019-10-22"",""txn_type"":""Deposit"",""ref_no"":"""",""payee"":"""",""memo"":""System-recorded deposit for QuickBooks Payments"",""qb_posting"":"""",""account"":"""",""class"":"""",""reconciliation_status"":""Reconciled"",""ambiguous"":""false""}]","1","6604.00","6604.00"
"bdep_4c457d9780afb9c1524a08c9","bnk_4c457d9780afb9c1524a08c9","2026-05-07","37986.28","USD","","","Bill.com         Receivable        015ACWLRNFZJTG0 Multiple Payments Bill.com Receivables 015ACWLRN","[]","0","0.00","[]","0","0.00","[]","0","0.00","[{""id"":""bdqr_bdep_4c457d9780afb9c1524a08c9"",""bank_deposit_id"":""bdep_4c457d9780afb9c1524a08c9"",""bank_transaction_id"":""bnk_90def102847eeea14e96bcfa"",""amount"":""37986.28"",""deposit_date"":""2026-05-07"",""txn_date"":""2026-05-07"",""txn_type"":""Journal"",""ref_no"":""JE CSP Alloc Mar 2035"",""payee"":"""",""memo"":""BILL 05/07/26 AR Payments"",""qb_posting"":"""",""account"":"""",""class"":"""",""reconciliation_status"":""Reconciled"",""ambiguous"":""false""}]","1","37986.28","37986.28"
"bdep_73c4871bdeee70d13f3d5949","bnk_73c4871bdeee70d13f3d5949","2022-09-20","20351","USD","","","DC WILDFLOWER PU EFT PYMT   091922 Charter School  The Wildflower Foundat","[]","0","0.00","[]","0","0.00","[]","0","0.00","[]","0","0.00","20351.00"
"bdep_e661290018b356bf2fce5f66","bnk_e661290018b356bf2fce5f66","2020-04-22","23.97","USD","","","STRIPE           TRANSFER          ST-I7I2E4X2D5I5 THE WILDFLOWER FOUNDAT","[]","0","0.00","[]","0","0.00","[]","0","0.00","[]","0","0.00","23.97"
"bdep_042ebc50951c850b55860057","bnk_042ebc50951c850b55860057","2016-11-18","0.23","USD","","","guideline 401(k) TRANSFER AMNTS:16,23 X","[]","0","0.00","[]","0","0.00","[]","0","0.00","[]","0","0.00","0.23"
"bdep_1096ab19f29630b304ac48ff","bnk_1096ab19f29630b304ac48ff","2020-06-08","275.22","USD","","","STRIPE           TRANSFER          ST-U0Z4X4I5B8F9 THE WILDFLOWER FOUNDAT","[]","0","0.00","[]","0","0.00","[]","0","0.00","[]","0","0.00","275.22"
"bdep_970b6cbe42bc6a205c1da00e","bnk_970b6cbe42bc6a205c1da00e","2020-01-07","193.9","USD","","","STRIPE           TRANSFER          ST-O3U5D7M3E8I5 THE WILDFLOWER FOUNDAT","[]","0","0.00","[]","0","0.00","[]","0","0.00","[]","0","0.00","193.90"
"bdep_43e3b0298368d293ad7b778f","bnk_43e3b0298368d293ad7b778f","2024-12-30","10000","USD","","","THE 20 22 ACT    PAYMENTS          WILDFLOWER SCHO WILDFLOWER SCHOOLS","[{""component_id"":""bdc_1DDAK0LsdOkqxYwtGiMCg"",""payment_unit_id"":""pu_1DDAK0LsdOkqxYwtGiMCg"",""kind"":""other"",""amount"":""10000.00"",""source"":""qbo_inferred"",""source_staged_payment_id"":""1DDAK0LsdOkqxYwtGiMCg"",""staged_payer"":""The 20 22 ACT Society"",""staged_date"":""2024-12-30"",""qb_deposit_id"":""31651"",""reconciliation_flag"":""ok"",""unit_kind"":""other"",""unit_evidence_id"":""1DDAK0LsdOkqxYwtGiMCg""}]","1","10000.00","[{""id"":""pu_1DDAK0LsdOkqxYwtGiMCg"",""kind"":""other"",""evidence_id"":""1DDAK0LsdOkqxYwtGiMCg"",""stripe_charge_id"":"""",""source_staged_payment_id"":""1DDAK0LsdOkqxYwtGiMCg"",""gross_amount"":""10000.00"",""fee_amount"":"""",""net_amount"":""10000.00"",""currency"":""USD"",""received_date"":""2024-12-30"",""lifecycle"":""received""}]","1","10000.00","[]","0","0.00","[]","0","0.00","0.00"
"bdep_32b07b09fba751013b5b3fd8","bnk_32b07b09fba751013b5b3fd8","2025-12-29","10000","USD","","","WT XXXXXXXXXXXX0004 D & B SERVICES   /ORG=1/D  B SERVICES DIANA C BARRIENTOS          SRF#    XXXXXXXXXXXX0004 TRN#XXXXXXXX3752  RFB#","[{""component_id"":""bdc_2X7W6oa1211OgIFtP7O2g"",""payment_unit_id"":""pu_2X7W6oa1211OgIFtP7O2g"",""kind"":""other"",""amount"":""10000.00"",""source"":""qbo_inferred"",""source_staged_payment_id"":""2X7W6oa1211OgIFtP7O2g"",""staged_payer"":""Diana Barrientos"",""staged_date"":""2025-12-29"",""qb_deposit_id"":""37052"",""reconciliation_flag"":""ok"",""unit_kind"":""other"",""unit_evidence_id"":""2X7W6oa1211OgIFtP7O2g""}]","1","10000.00","[{""id"":""pu_2X7W6oa1211OgIFtP7O2g"",""kind"":""other"",""evidence_id"":""2X7W6oa1211OgIFtP7O2g"",""stripe_charge_id"":"""",""source_staged_payment_id"":""2X7W6oa1211OgIFtP7O2g"",""gross_amount"":""10000.00"",""fee_amount"":"""",""net_amount"":""10000.00"",""currency"":""USD"",""received_date"":""2025-12-29"",""lifecycle"":""received""}]","1","10000.00","[]","0","0.00","[]","0","0.00","0.00"
"bdep_669916cc73e319d6724d2c85","bnk_669916cc73e319d6724d2c85","2024-10-29","545.45","USD","","","Rain Lily Montes Receivable        016OMOKHX3J5AN1 016OMOKHX3J5AN1 Rain Lily Montes Bill.com Inv 79","[]","0","0.00","[]","0","0.00","[]","0","0.00","[]","0","0.00","545.45"
"bdep_c01a7bc52139cec3560b0562","bnk_c01a7bc52139cec3560b0562","2025-03-27","3731.18","USD","","","Minnesota Wildfl Receivable        016ZSMUFR3OL2KW 016ZSMUFR3OL2KW Minnesota Wildfl Bill.com Inv 14","[]","0","0.00","[]","0","0.00","[]","0","0.00","[]","0","0.00","3731.18"
"bdep_509294c6aa0a124e41346de1","bnk_509294c6aa0a124e41346de1","2022-09-01","100000","USD","","","WT FED#06472 BANK OF AMERICA, N    /ORG=IMAGINABLE FUTURES FOUNDATION                 SRF#    2022090100480941 TRN#220901184826  RFB#    228VH23540FG0W15","[]","0","0.00","[]","0","0.00","[]","0","0.00","[{""id"":""bdqr_bdep_509294c6aa0a124e41346de1"",""bank_deposit_id"":""bdep_509294c6aa0a124e41346de1"",""bank_transaction_id"":""bnk_1e0c27e2ee68a8925e581be8"",""amount"":""100000"",""deposit_date"":""2022-09-01"",""txn_date"":""2022-09-01"",""txn_type"":""Payment"",""ref_no"":"""",""payee"":""Imaginable Futures"",""memo"":"""",""qb_posting"":"""",""account"":""1503 Pledges/Services Receivable"",""class"":"""",""reconciliation_status"":""Reconciled"",""ambiguous"":""false""}]","1","100000.00","100000.00"
"bdep_e477f3dea8ce6ff189064646","bnk_e477f3dea8ce6ff189064646","2021-12-02","247708.34","USD","","","ATM CHECK DEPOSIT              ON              12/02 4712 Chicago Ave          Minneapolis   MN  0005973           ATM ID 5819T    CARD 7365","[]","0","0.00","[]","0","0.00","[]","0","0.00","[]","0","0.00","247708.34"
"bdep_f61b87a8dbc9bbc3cdbcf6b8","bnk_f61b87a8dbc9bbc3cdbcf6b8","2018-06-13","450","USD","","","INTUIT PYMT SOLN DEPOSIT 180613 524771997507722 THE WILDFLOWER FOUNDAT","[]","0","0.00","[]","0","0.00","[]","0","0.00","[{""id"":""bdqr_bdep_f61b87a8dbc9bbc3cdbcf6b8"",""bank_deposit_id"":""bdep_f61b87a8dbc9bbc3cdbcf6b8"",""bank_transaction_id"":""bnk_e494724b806ec32a55c8f2c7"",""amount"":""450"",""deposit_date"":""2018-06-13"",""txn_date"":""2018-06-12"",""txn_type"":""Deposit"",""ref_no"":"""",""payee"":"""",""memo"":""System-recorded deposit for QuickBooks Payments"",""qb_posting"":"""",""account"":"""",""class"":"""",""reconciliation_status"":""Reconciled"",""ambiguous"":""false""}]","1","450.00","450.00"
"bdep_df15663db02182f7afa11e9c","bnk_df15663db02182f7afa11e9c","2019-01-16","100","USD","","","ATM CHECK DEPOSIT              ON              01/16 3030 NICOLLET AVE         MINNEAPOLIS   MN  0009180           ATM ID 5813V    CARD 7365","[{""component_id"":""bdc_8c7w6mL3SbiDZFPWankfj"",""payment_unit_id"":""pu_8c7w6mL3SbiDZFPWankfj"",""kind"":""other"",""amount"":""100.00"",""source"":""qbo_inferred"",""source_staged_payment_id"":""8c7w6mL3SbiDZFPWankfj"",""staged_payer"":""Theodore Quinn_"",""staged_date"":""2019-01-16"",""qb_deposit_id"":""5969"",""reconciliation_flag"":""ok"",""unit_kind"":""other"",""unit_evidence_id"":""8c7w6mL3SbiDZFPWankfj""}]","1","100.00","[{""id"":""pu_8c7w6mL3SbiDZFPWankfj"",""kind"":""other"",""evidence_id"":""8c7w6mL3SbiDZFPWankfj"",""stripe_charge_id"":"""",""source_staged_payment_id"":""8c7w6mL3SbiDZFPWankfj"",""gross_amount"":""100.00"",""fee_amount"":"""",""net_amount"":""100.00"",""currency"":""USD"",""received_date"":""2019-01-16"",""lifecycle"":""received""}]","1","100.00","[]","0","0.00","[]","0","0.00","0.00"
"bdep_cd41868121a7ed30d1719d7d","bnk_cd41868121a7ed30d1719d7d","2018-04-16","137.5","USD","","","INTUIT PYMT SOLN DEPOSIT 180414 524771997507722 THE WILDFLOWER FOUNDAT","[]","0","0.00","[]","0","0.00","[]","0","0.00","[{""id"":""bdqr_bdep_cd41868121a7ed30d1719d7d"",""bank_deposit_id"":""bdep_cd41868121a7ed30d1719d7d"",""bank_transaction_id"":""bnk_15ebabba7124499259ea2944"",""amount"":""137.5"",""deposit_date"":""2018-04-16"",""txn_date"":""2018-04-13"",""txn_type"":""Deposit"",""ref_no"":"""",""payee"":""Loan - Dandelion"",""memo"":""System-recorded deposit for QuickBooks Payments"",""qb_posting"":"""",""account"":""1501 Undeposited Funds"",""class"":"""",""reconciliation_status"":""Reconciled"",""ambiguous"":""false""}]","1","137.50","137.50"
"bdep_c7c5f21ed2a3a3347212c81e","bnk_c7c5f21ed2a3a3347212c81e","2022-05-31","8.75","USD","","","AMZNXFX9EGHK     AmazonSmil 220530 2OI3B1XIBN4X1N6 payments.amazon.com ID#2OI3B1XIBN4X1N6","[{""component_id"":""bdc_UkLKAoS9tdl5eT526zzv1"",""payment_unit_id"":""pu_UkLKAoS9tdl5eT526zzv1"",""kind"":""other"",""amount"":""8.75"",""source"":""qbo_inferred"",""source_staged_payment_id"":""UkLKAoS9tdl5eT526zzv1"",""staged_payer"":""Amazon Smile"",""staged_date"":""2022-05-31"",""qb_deposit_id"":""20095"",""reconciliation_flag"":""ok"",""unit_kind"":""other"",""unit_evidence_id"":""UkLKAoS9tdl5eT526zzv1""}]","1","8.75","[{""id"":""pu_UkLKAoS9tdl5eT526zzv1"",""kind"":""other"",""evidence_id"":""UkLKAoS9tdl5eT526zzv1"",""stripe_charge_id"":"""",""source_staged_payment_id"":""UkLKAoS9tdl5eT526zzv1"",""gross_amount"":""8.75"",""fee_amount"":"""",""net_amount"":""8.75"",""currency"":""USD"",""received_date"":""2022-05-31"",""lifecycle"":""received""}]","1","8.75","[]","0","0.00","[]","0","0.00","0.00"
"bdep_168117889655feef2b70c303","bnk_168117889655feef2b70c303","2018-11-21","25.08","USD","","","STRIPE           TRANSFER                          X 201811211","[]","0","0.00","[]","0","0.00","[{""stripe_payout_id"":""po_1DYQRyAhXr9x8yiRRjO05ZsG"",""bank_deposit_id"":""bdep_168117889655feef2b70c303"",""amount"":""25.08"",""currency"":""USD"",""arrival_date"":""2018-11-20"",""deposit_date"":""2018-11-21"",""ambiguous_bank_match"":""false"",""payer_name"":""""}]","1","25.08","[]","0","0.00","25.08"
"bdep_bab2d9a24d26d3fc66643156","bnk_bab2d9a24d26d3fc66643156","2023-07-27","25000","USD","","","The McKnight Fou McKnight          V01307          Wildflower Foundation","[]","0","0.00","[]","0","0.00","[]","0","0.00","[{""id"":""bdqr_bdep_bab2d9a24d26d3fc66643156"",""bank_deposit_id"":""bdep_bab2d9a24d26d3fc66643156"",""bank_transaction_id"":""bnk_14d70b23cb5f9d9a7860c6ae"",""amount"":""25000"",""deposit_date"":""2023-07-27"",""txn_date"":""2023-07-27"",""txn_type"":""Payment"",""ref_no"":"""",""payee"":""McKnight Foundation"",""memo"":"""",""qb_posting"":"""",""account"":""1503 Pledges/Services Receivable"",""class"":"""",""reconciliation_status"":""Reconciled"",""ambiguous"":""false""}]","1","25000.00","25000.00"
"bdep_c72d14341914ca11a036afa5","bnk_c72d14341914ca11a036afa5","2023-01-12","69000","USD","","","WT SEQ104935 THE WILDFLOWER LOAN FUN /ORG=                                            SRF#    OW00002855418528 TRN#230112104935  RFB#    OW00002855418528","[]","0","0.00","[]","0","0.00","[]","0","0.00","[]","0","0.00","69000.00"
"bdep_38988475c1b211fda16fbe5f","bnk_38988475c1b211fda16fbe5f","2025-04-28","4523.02","USD","","","Wildflower New Y Receivable        016UTTGQJ3PQGXN 016UTTGQJ3PQGXN Wildflower New Y Bill.com Inv 11","[]","0","0.00","[]","0","0.00","[]","0","0.00","[]","0","0.00","4523.02"
"bdep_c16dc75cb2762aa4acdd55e6","bnk_c16dc75cb2762aa4acdd55e6","2018-11-27","23.97","USD","","","STRIPE           TRANSFER                          X 201811271","[]","0","0.00","[]","0","0.00","[]","0","0.00","[]","0","0.00","23.97"
"bdep_629177864a87e8c4ec84610a","bnk_629177864a87e8c4ec84610a","2019-09-23","850000","USD","","","WALTON FAM FDN   GRANTS            66802           GRANT 2019-379","[]","0","0.00","[]","0","0.00","[]","0","0.00","[]","0","0.00","850000.00"
"bdep_035910dfd4074cbd9214fdb5","bnk_035910dfd4074cbd9214fdb5","2017-10-31","0.48","USD","","","Expensify, Inc. Validation XXXXXX8945 The Wildflower Foundat","[]","0","0.00","[]","0","0.00","[]","0","0.00","[]","0","0.00","0.48"
"bdep_56f61d30a7e5bd9b6667af90","bnk_56f61d30a7e5bd9b6667af90","2024-05-14","1","USD","","","Wild Rose Montes Bill.com          015QQYSVKR1PI7P Wild Rose Montessori School Bill.com 015QQYSVKR1","[{""component_id"":""bdc_kRtpSOJdaprXWb9BNfFQ_"",""payment_unit_id"":""pu_kRtpSOJdaprXWb9BNfFQ_"",""kind"":""check"",""amount"":""1.00"",""source"":""qbo_inferred"",""source_staged_payment_id"":""kRtpSOJdaprXWb9BNfFQ_"",""staged_payer"":""Wild Rose Montessori School Inc"",""staged_date"":""2024-05-14"",""qb_deposit_id"":""28797"",""reconciliation_flag"":""ok"",""unit_kind"":""check"",""unit_evidence_id"":""kRtpSOJdaprXWb9BNfFQ_""}]","1","1.00","[{""id"":""pu_kRtpSOJdaprXWb9BNfFQ_"",""kind"":""check"",""evidence_id"":""kRtpSOJdaprXWb9BNfFQ_"",""stripe_charge_id"":"""",""source_staged_payment_id"":""kRtpSOJdaprXWb9BNfFQ_"",""gross_amount"":""1.00"",""fee_amount"":"""",""net_amount"":""1.00"",""currency"":""USD"",""received_date"":""2024-05-14"",""lifecycle"":""received""}]","1","1.00","[]","0","0.00","[]","0","0.00","0.00"
"bdep_f88c1142e8b97fa608e76ed7","bnk_f88c1142e8b97fa608e76ed7","2023-11-24","16021.83","USD","","","SSBTRUSTOPS      HIST RTN   231124                 THE WILDFLOWER","[]","0","0.00","[]","0","0.00","[]","0","0.00","[]","0","0.00","16021.83"
"bdep_eb773f829009297e67c88789","bnk_eb773f829009297e67c88789","2025-07-14","3000","USD","","","ATM CHECK DEPOSIT              ON              07/13 4712 Chicago Ave          Minneapolis   MN  0006253           ATM ID 5819T    CARD 0628","[]","0","0.00","[]","0","0.00","[]","0","0.00","[{""id"":""bdqr_bdep_eb773f829009297e67c88789"",""bank_deposit_id"":""bdep_eb773f829009297e67c88789"",""bank_transaction_id"":""bnk_45528f26ac042d3fe810d4bf"",""amount"":""3000"",""deposit_date"":""2025-07-14"",""txn_date"":""2025-07-14"",""txn_type"":""Payment"",""ref_no"":"""",""payee"":""Allen Vasan"",""memo"":"""",""qb_posting"":"""",""account"":""1503 Pledges/Services Receivable"",""class"":"""",""reconciliation_status"":""Reconciled"",""ambiguous"":""false""}]","1","3000.00","3000.00"
"bdep_8a3fbb89d6713364d42c7548","bnk_8a3fbb89d6713364d42c7548","2019-03-25","4995","USD","","","INTUIT PYMT SOLN DEPOSIT    190323 524771997507722 THE WILDFLOWER FOUNDAT","[]","0","0.00","[]","0","0.00","[]","0","0.00","[{""id"":""bdqr_bdep_8a3fbb89d6713364d42c7548"",""bank_deposit_id"":""bdep_8a3fbb89d6713364d42c7548"",""bank_transaction_id"":""bnk_93d1195757c275b3dac9cee9"",""amount"":""4995"",""deposit_date"":""2019-03-25"",""txn_date"":""2019-03-22"",""txn_type"":""Deposit"",""ref_no"":"""",""payee"":"""",""memo"":""System-recorded deposit for QuickBooks Payments"",""qb_posting"":"""",""account"":"""",""class"":"""",""reconciliation_status"":""Reconciled"",""ambiguous"":""false""}]","1","4995.00","4995.00"
"bdep_743888d7025754a917b4987a","bnk_743888d7025754a917b4987a","2023-02-23","49.48","USD","","","STRIPE           TRANSFER          ST-S4L6R5B1A2P9 THE WILDFLOWER FOUNDAT","[]","0","0.00","[]","0","0.00","[{""stripe_payout_id"":""po_1Me9eaAhXr9x8yiRzsVaTQJA"",""bank_deposit_id"":""bdep_743888d7025754a917b4987a"",""amount"":""49.48"",""currency"":""USD"",""arrival_date"":""2023-02-22"",""deposit_date"":""2023-02-23"",""ambiguous_bank_match"":""false"",""payer_name"":""""}]","1","49.48","[]","0","0.00","49.48"
"bdep_abfb923749e01829167bd053","bnk_abfb923749e01829167bd053","2019-06-06","212.5","USD","","","INTUIT PYMT SOLN DEPOSIT    190606 524771997507722 THE WILDFLOWER FOUNDAT","[]","0","0.00","[]","0","0.00","[]","0","0.00","[{""id"":""bdqr_bdep_abfb923749e01829167bd053"",""bank_deposit_id"":""bdep_abfb923749e01829167bd053"",""bank_transaction_id"":""bnk_7ac91a2a868acd5157c5d72a"",""amount"":""212.5"",""deposit_date"":""2019-06-06"",""txn_date"":""2019-06-05"",""txn_type"":""Deposit"",""ref_no"":"""",""payee"":""Loan - Tiger Lily"",""memo"":""System-recorded deposit for QuickBooks Payments"",""qb_posting"":"""",""account"":""1501 Undeposited Funds"",""class"":"""",""reconciliation_status"":""Reconciled"",""ambiguous"":""false""}]","1","212.50","212.50"
"bdep_5e8859f81f1d6113a3073b77","bnk_5e8859f81f1d6113a3073b77","2022-10-05","198.54","USD","","","STRIPE           TRANSFER          ST-X3O6J0Z9H6P9 THE WILDFLOWER FOUNDAT","[]","0","0.00","[]","0","0.00","[{""stripe_payout_id"":""po_1Lp22GAhXr9x8yiRJIYCe2nR"",""bank_deposit_id"":""bdep_5e8859f81f1d6113a3073b77"",""amount"":""198.54"",""currency"":""USD"",""arrival_date"":""2022-10-04"",""deposit_date"":""2022-10-05"",""ambiguous_bank_match"":""false"",""payer_name"":""""}]","1","198.54","[]","0","0.00","198.54"
"bdep_36b12191e0f7081ed774638b","bnk_36b12191e0f7081ed774638b","2024-10-23","4523.02","USD","","","Wildflower New Y Receivable        016IGPWZF3IXW5P 016IGPWZF3IXW5P Wildflower New Y Bill.com Inv 79","[]","0","0.00","[]","0","0.00","[]","0","0.00","[]","0","0.00","4523.02"
"bdep_32e00368e0d4266081decd7d","bnk_32e00368e0d4266081decd7d","2025-11-26","41.86","USD","","","ATM CHECK DEPOSIT              ON              11/26 1505 W Lake St            Minneapolis   MN  0007418           ATM ID 6991J    CARD 0628","[]","0","0.00","[]","0","0.00","[]","0","0.00","[]","0","0.00","41.86"
"bdep_e693b321a96e737702e0be72","bnk_e693b321a96e737702e0be72","2018-12-05","159.74","USD","","","STRIPE           TRANSFER                          X 201812052","[]","0","0.00","[]","0","0.00","[]","0","0.00","[]","0","0.00","159.74"
"bdep_0f27397bb6700da2af96fd52","bnk_0f27397bb6700da2af96fd52","2017-02-07","30","USD","","","WIRE TRANS SVC CHARGE REVERSAL","[]","0","0.00","[]","0","0.00","[]","0","0.00","[]","0","0.00","30.00"
"bdep_72f9dabe7b36b548cb7600aa","bnk_72f9dabe7b36b548cb7600aa","2023-06-27","13194.05","USD","","","ATM CHECK DEPOSIT              ON              06/27 4712 Chicago Ave          Minneapolis   MN  0008930           ATM ID 5819T    CARD 7365","[]","0","0.00","[]","0","0.00","[]","0","0.00","[{""id"":""bdqr_bdep_72f9dabe7b36b548cb7600aa"",""bank_deposit_id"":""bdep_72f9dabe7b36b548cb7600aa"",""bank_transaction_id"":""bnk_da58d8350c694c2d480415f3"",""amount"":""13194.05"",""deposit_date"":""2023-06-27"",""txn_date"":""2023-06-27"",""txn_type"":""Payment"",""ref_no"":"""",""payee"":""Minnesota Wildflower Montessori School"",""memo"":"""",""qb_posting"":"""",""account"":""1503 Pledges/Services Receivable"",""class"":"""",""reconciliation_status"":""Reconciled"",""ambiguous"":""false""}]","1","13194.05","13194.05"
"bdep_349ac52a54aeb970ce96c637","bnk_349ac52a54aeb970ce96c637","2019-03-07","485.2","USD","","","STRIPE           TRANSFER                          X","[]","0","0.00","[]","0","0.00","[]","0","0.00","[]","0","0.00","485.20"
"bdep_d0d984c85988bd090354a863","bnk_d0d984c85988bd090354a863","2021-03-09","19.64","USD","","","STRIPE           TRANSFER          ST-K4F1W3B9Z2F6 THE WILDFLOWER FOUNDAT","[]","0","0.00","[]","0","0.00","[]","0","0.00","[]","0","0.00","19.64"
"bdep_6df950c4e0315f24f7b1dac2","bnk_6df950c4e0315f24f7b1dac2","2025-03-14","454.55","USD","","","Bergamot Montess Bill.com          026WWMJQI1BA4P3 Bergamot Montessori Bill.com 026WWMJQI1BA4P3 Inv","[]","0","0.00","[]","0","0.00","[]","0","0.00","[]","0","0.00","454.55"
"bdep_81e0e7656f29a50bd0604e97","bnk_81e0e7656f29a50bd0604e97","2025-04-08","60722.45","USD","","","ATM CHECK DEPOSIT              ON              04/08 7900 Xerxes Ave S Ste 201 Bloomington   MN  0006846           ATM ID 9961Z    CARD 0628","[]","0","0.00","[]","0","0.00","[]","0","0.00","[]","0","0.00","60722.45"
"bdep_1e6796f405f95f3e650187f1","bnk_1e6796f405f95f3e650187f1","2025-06-06","454.55","USD","","","Bergamot Montess Bill.com          026KRXFIM1FLV91 Bergamot Montessori Bill.com 026KRXFIM1FLV91 Inv","[]","0","0.00","[]","0","0.00","[]","0","0.00","[]","0","0.00","454.55"
"bdep_062380e7bd07bf4948b27dfb","bnk_062380e7bd07bf4948b27dfb","2021-02-12","199960","USD","","","WT SEQ#43597 WF RETURN WIRES IN PROC /ORG=                                            SRF#    2021021100200318 TRN#210212043597  RFB#","[]","0","0.00","[]","0","0.00","[]","0","0.00","[]","0","0.00","199960.00"
"bdep_e5756986a5aa94e1a6f74aeb","bnk_e5756986a5aa94e1a6f74aeb","2026-01-28","24750","USD","","","ONLINE TRANSFER REPAY TWF FOR HONEYPOT LOAN PAYMENT REF #BB0WMNRR7D","[]","0","0.00","[]","0","0.00","[]","0","0.00","[]","0","0.00","24750.00"
"bdep_93ea5773b91967d579ea829d","bnk_93ea5773b91967d579ea829d","2025-11-14","47.25","USD","","","STRIPE           TRANSFER          ST-V7L0F4C5E7T3 THE WILDFLOWER FOUNDAT","[]","0","0.00","[]","0","0.00","[{""stripe_payout_id"":""po_1STAmxAhXr9x8yiR0e0NhkeT"",""bank_deposit_id"":""bdep_93ea5773b91967d579ea829d"",""amount"":""47.25"",""currency"":""USD"",""arrival_date"":""2025-11-13"",""deposit_date"":""2025-11-14"",""ambiguous_bank_match"":""false"",""payer_name"":""""}]","1","47.25","[]","0","0.00","47.25"
"bdep_636393e254eb7513995ddcec","bnk_636393e254eb7513995ddcec","2025-04-01","454.55","USD","","","Lilac Montessori Receivable        016QZGUKR3OR9OZ 016QZGUKR3OR9OZ Lilac Montessori Bill.com Inv #","[]","0","0.00","[]","0","0.00","[]","0","0.00","[]","0","0.00","454.55"
"bdep_531dec06c792e728f9a2042b","bnk_531dec06c792e728f9a2042b","2020-09-14","124.09","USD","","","STRIPE           TRANSFER          ST-E5V9I6C0Z9I7 THE WILDFLOWER FOUNDAT","[]","0","0.00","[]","0","0.00","[{""stripe_payout_id"":""po_1HQkPGAhXr9x8yiR19YgI5pr"",""bank_deposit_id"":""bdep_531dec06c792e728f9a2042b"",""amount"":""124.09"",""currency"":""USD"",""arrival_date"":""2020-09-13"",""deposit_date"":""2020-09-14"",""ambiguous_bank_match"":""false"",""payer_name"":""""}]","1","124.09","[]","0","0.00","124.09"
"bdep_596b2756424c462e04756ab0","bnk_596b2756424c462e04756ab0","2024-10-01","500000","USD","","","TRANSFER FROM BRK ****9888 REF# 549995473","[]","0","0.00","[]","0","0.00","[]","0","0.00","[]","0","0.00","500000.00"
"bdep_2fc574b1d27ae7014fe585e2","bnk_2fc574b1d27ae7014fe585e2","2020-08-20","63.53","USD","","","STRIPE           TRANSFER          ST-L8L2M7I3T5W6 THE WILDFLOWER FOUNDAT","[]","0","0.00","[]","0","0.00","[]","0","0.00","[]","0","0.00","63.53"
"bdep_dd93c359dbb0104ba3b5e06e","bnk_dd93c359dbb0104ba3b5e06e","2021-01-20","485.2","USD","","","STRIPE           TRANSFER          ST-G0W1H6Y9E9D8 THE WILDFLOWER FOUNDAT","[]","0","0.00","[]","0","0.00","[]","0","0.00","[]","0","0.00","485.20"
"bdep_e622cd03c2873b9ee9e23e0f","bnk_e622cd03c2873b9ee9e23e0f","2024-04-12","40000","USD","","","WEND II INC      PAYMENT           181225          W016 GRANT 2024-1768 GRANT 2024-1768","[]","0","0.00","[]","0","0.00","[]","0","0.00","[{""id"":""bdqr_bdep_e622cd03c2873b9ee9e23e0f"",""bank_deposit_id"":""bdep_e622cd03c2873b9ee9e23e0f"",""bank_transaction_id"":""bnk_32bd60c97ffd0b46c56604e7"",""amount"":""40000"",""deposit_date"":""2024-04-12"",""txn_date"":""2024-04-12"",""txn_type"":""Payment"",""ref_no"":"""",""payee"":""Wend Ventures"",""memo"":"""",""qb_posting"":"""",""account"":""1503 Pledges/Services Receivable"",""class"":"""",""reconciliation_status"":""Reconciled"",""ambiguous"":""false""}]","1","40000.00","40000.00"
"bdep_ed70b24d17a04c00f4b75a12","bnk_ed70b24d17a04c00f4b75a12","2022-01-31","212.5","USD","","","Morgan Stanley   ACH CREDIT 220128 101208553102jpc The Wildflower Foundat","[]","0","0.00","[]","0","0.00","[]","0","0.00","[]","0","0.00","212.50"
"bdep_b0d9dba5d42b10c019b87718","bnk_b0d9dba5d42b10c019b87718","2025-06-16","15000","USD","","","FIDELITY INVESTM GrantPaymt Date   2912594         WILDFLOWER FOUNDATION","[]","0","0.00","[]","0","0.00","[]","0","0.00","[{""id"":""bdqr_bdep_b0d9dba5d42b10c019b87718"",""bank_deposit_id"":""bdep_b0d9dba5d42b10c019b87718"",""bank_transaction_id"":""bnk_3827b32c806eb327ea00658f"",""amount"":""15000"",""deposit_date"":""2025-06-16"",""txn_date"":""2025-06-16"",""txn_type"":""Payment"",""ref_no"":"""",""payee"":""Anonymous"",""memo"":"""",""qb_posting"":"""",""account"":""1503 Pledges/Services Receivable"",""class"":"""",""reconciliation_status"":""Reconciled"",""ambiguous"":""false""}]","1","15000.00","15000.00"
"bdep_21bca766449f643b183511c5","bnk_21bca766449f643b183511c5","2022-04-11","100000","USD","","","Latino Community Bill.com          016GKEGUT26NI9I Latino Community Foundation Bill.com 016GKEGUT26","[{""component_id"":""bdc_QJnvTEL2VlK_lKJ__digm"",""payment_unit_id"":""pu_QJnvTEL2VlK_lKJ__digm"",""kind"":""other"",""amount"":""100000.00"",""source"":""qbo_inferred"",""source_staged_payment_id"":""QJnvTEL2VlK_lKJ__digm"",""staged_payer"":""Latino Community Foundation (Tom Keith + Gabriela Zumundio fund)"",""staged_date"":""2022-04-11"",""qb_deposit_id"":""19538"",""reconciliation_flag"":""ok"",""unit_kind"":""other"",""unit_evidence_id"":""QJnvTEL2VlK_lKJ__digm""}]","1","100000.00","[{""id"":""pu_QJnvTEL2VlK_lKJ__digm"",""kind"":""other"",""evidence_id"":""QJnvTEL2VlK_lKJ__digm"",""stripe_charge_id"":"""",""source_staged_payment_id"":""QJnvTEL2VlK_lKJ__digm"",""gross_amount"":""100000.00"",""fee_amount"":"""",""net_amount"":""100000.00"",""currency"":""USD"",""received_date"":""2022-04-11"",""lifecycle"":""received""}]","1","100000.00","[]","0","0.00","[]","0","0.00","0.00"
"bdep_72616b665d83e3f31e25f6f4","bnk_72616b665d83e3f31e25f6f4","2020-01-02","0.09","USD","","","GUSTO            TAX 118681 200102 6semjo5hjtn     The Wildflower Foundat","[]","0","0.00","[]","0","0.00","[]","0","0.00","[]","0","0.00","0.09"
"bdep_0d88f547d529fbcbba2d9ae4","bnk_0d88f547d529fbcbba2d9ae4","2022-03-11","1611.67","USD","","","BASIC            BASICCOBRA 220310                 The Wildflower Foundat","[]","0","0.00","[]","0","0.00","[]","0","0.00","[]","0","0.00","1611.67"
"bdep_88b2e3e7755b45c680ff59b0","bnk_88b2e3e7755b45c680ff59b0","2023-12-29","5000","USD","","","WT ATSXXXXXXXX88772 CHARLES SCHWAB & /ORG=SAMPATH KRISHNAN                            SRF#    ATSXXXXXXXX88772 TRN#XXXXXXXX6452  RFB#","[]","0","0.00","[]","0","0.00","[]","0","0.00","[{""id"":""bdqr_bdep_88b2e3e7755b45c680ff59b0"",""bank_deposit_id"":""bdep_88b2e3e7755b45c680ff59b0"",""bank_transaction_id"":""bnk_bd00271a5fde54ee283ff9f8"",""amount"":""5000"",""deposit_date"":""2023-12-29"",""txn_date"":""2023-12-29"",""txn_type"":""Payment"",""ref_no"":"""",""payee"":""Sampath Krishnan"",""memo"":"""",""qb_posting"":"""",""account"":""1503 Pledges/Services Receivable"",""class"":"""",""reconciliation_status"":""Reconciled"",""ambiguous"":""false""}]","1","5000.00","5000.00"
"bdep_51ed2514d8242b30368f4f05","bnk_51ed2514d8242b30368f4f05","2020-04-02","50.26","USD","","","STRIPE           TRANSFER          ST-Z5Q4J7P9G1U8 THE WILDFLOWER FOUNDAT","[]","0","0.00","[]","0","0.00","[{""stripe_payout_id"":""po_1GSvvyAhXr9x8yiRvtpw2ICC"",""bank_deposit_id"":""bdep_51ed2514d8242b30368f4f05"",""amount"":""50.26"",""currency"":""USD"",""arrival_date"":""2020-04-01"",""deposit_date"":""2020-04-02"",""ambiguous_bank_match"":""false"",""payer_name"":""""}]","1","50.26","[]","0","0.00","50.26"
"bdep_88b36bfdd68579c91ce4e321","bnk_88b36bfdd68579c91ce4e321","2025-08-08","59786.7","USD","","","ONLINE TRANSFER JUNE 25 PAYROLL CSP REF #BB0TGCB8YQ","[]","0","0.00","[]","0","0.00","[]","0","0.00","[{""id"":""bdqr_bdep_88b36bfdd68579c91ce4e321"",""bank_deposit_id"":""bdep_88b36bfdd68579c91ce4e321"",""bank_transaction_id"":""bnk_a9863eeed3fdf05780cfac1f"",""amount"":""59786.7"",""deposit_date"":""2025-08-08"",""txn_date"":""2025-08-08"",""txn_type"":""Transfer"",""ref_no"":"""",""payee"":"""",""memo"":""Tfr from CSP to Operating Account"",""qb_posting"":"""",""account"":""TWF CSP Rep grant (1340) - 2"",""class"":"""",""reconciliation_status"":""Reconciled"",""ambiguous"":""false""}]","1","59786.70","59786.70"
"bdep_4d256b008533173fcf012918","bnk_4d256b008533173fcf012918","2023-05-31","99905.25","USD","","","WT FED#04455 SIGNATURE BANK        /ORG=WILDFLOWER NEW YORK CHARTER SC                SRF#                1317 TRN#230531209633  RFB#","[]","0","0.00","[]","0","0.00","[]","0","0.00","[{""id"":""bdqr_bdep_4d256b008533173fcf012918"",""bank_deposit_id"":""bdep_4d256b008533173fcf012918"",""bank_transaction_id"":""bnk_08ceef4e85c32ea9874eaab2"",""amount"":""99905.25"",""deposit_date"":""2023-05-31"",""txn_date"":""2023-05-31"",""txn_type"":""Payment"",""ref_no"":"""",""payee"":""Wildflower New York Charter School"",""memo"":"""",""qb_posting"":"""",""account"":""1503 Pledges/Services Receivable"",""class"":"""",""reconciliation_status"":""Reconciled"",""ambiguous"":""false""}]","1","99905.25","99905.25"
"bdep_2e987e8c02d51b1f2dd214e0","bnk_2e987e8c02d51b1f2dd214e0","2025-04-14","53679.53","USD","","","ONLINE TRANSFER CSP MARCH 25 EXPENSES NO PAYROLL REF #BB0RZ8D8TD","[]","0","0.00","[]","0","0.00","[]","0","0.00","[{""id"":""bdqr_bdep_2e987e8c02d51b1f2dd214e0"",""bank_deposit_id"":""bdep_2e987e8c02d51b1f2dd214e0"",""bank_transaction_id"":""bnk_56e66a3b6e83db96fc142bee"",""amount"":""53679.53"",""deposit_date"":""2025-04-14"",""txn_date"":""2025-04-14"",""txn_type"":""Journal"",""ref_no"":""tfr from CSP to ckg"",""payee"":"""",""memo"":"""",""qb_posting"":"""",""account"":"""",""class"":"""",""reconciliation_status"":""Reconciled"",""ambiguous"":""false""}]","1","53679.53","53679.53"
"bdep_8a883e2c205bd3549976eba9","bnk_8a883e2c205bd3549976eba9","2018-09-10","18544.45","USD","","","INTUIT PYMT SOLN DEPOSIT 180909 524771997507722 THE WILDFLOWER FOUNDAT","[]","0","0.00","[]","0","0.00","[]","0","0.00","[{""id"":""bdqr_bdep_8a883e2c205bd3549976eba9"",""bank_deposit_id"":""bdep_8a883e2c205bd3549976eba9"",""bank_transaction_id"":""bnk_44ca6295e047b912949d3058"",""amount"":""18544.45"",""deposit_date"":""2018-09-10"",""txn_date"":""2018-09-08"",""txn_type"":""Deposit"",""ref_no"":"""",""payee"":"""",""memo"":""System-recorded deposit for QuickBooks Payments"",""qb_posting"":"""",""account"":"""",""class"":"""",""reconciliation_status"":""Reconciled"",""ambiguous"":""false""}]","1","18544.45","18544.45"
"bdep_170a34771e495a39044dcc6b","bnk_170a34771e495a39044dcc6b","2023-07-10","4125","USD","","","DC WILDFLOWER PU EFT PYMT   070723 Charter School  The Wildflower Foundat","[]","0","0.00","[]","0","0.00","[]","0","0.00","[]","0","0.00","4125.00"
"bdep_5916a103abbb234cb6ad6eaa","bnk_5916a103abbb234cb6ad6eaa","2019-08-16","33.68","USD","","","STRIPE           TRANSFER          ST-Q3M1T9T4I7Z9 THE WILDFLOWER FOUNDAT","[]","0","0.00","[]","0","0.00","[]","0","0.00","[]","0","0.00","33.68"
"bdep_45c805e0cfa1d50efbdfdc3f","bnk_45c805e0cfa1d50efbdfdc3f","2022-08-30","10000","USD","","","Early Milestones Bill.com          025SPXZONAACVEC Early Milestones Colorado Circle Bill.com 025SPX","[{""component_id"":""bdc_GmRoDjbb5AbCEOVbYsU9W"",""payment_unit_id"":""pu_GmRoDjbb5AbCEOVbYsU9W"",""kind"":""check"",""amount"":""10000.00"",""source"":""qbo_inferred"",""source_staged_payment_id"":""GmRoDjbb5AbCEOVbYsU9W"",""staged_payer"":""Early Milestones Colorado Circle"",""staged_date"":""2022-08-30"",""qb_deposit_id"":""21193"",""reconciliation_flag"":""ok"",""unit_kind"":""check"",""unit_evidence_id"":""GmRoDjbb5AbCEOVbYsU9W""}]","1","10000.00","[{""id"":""pu_GmRoDjbb5AbCEOVbYsU9W"",""kind"":""check"",""evidence_id"":""GmRoDjbb5AbCEOVbYsU9W"",""stripe_charge_id"":"""",""source_staged_payment_id"":""GmRoDjbb5AbCEOVbYsU9W"",""gross_amount"":""10000.00"",""fee_amount"":"""",""net_amount"":""10000.00"",""currency"":""USD"",""received_date"":""2022-08-30"",""lifecycle"":""received""}]","1","10000.00","[]","0","0.00","[]","0","0.00","0.00"
"bdep_dcc7280c5e7558fa7c12bd1d","bnk_dcc7280c5e7558fa7c12bd1d","2021-07-12","23.67","USD","","","STRIPE           TRANSFER          ST-N1V6A5D0H8S2 THE WILDFLOWER FOUNDAT","[]","0","0.00","[]","0","0.00","[{""stripe_payout_id"":""po_1JBs2yAhXr9x8yiRKpwbUEaJ"",""bank_deposit_id"":""bdep_dcc7280c5e7558fa7c12bd1d"",""amount"":""23.67"",""currency"":""USD"",""arrival_date"":""2021-07-11"",""deposit_date"":""2021-07-12"",""ambiguous_bank_match"":""false"",""payer_name"":""""}]","1","23.67","[]","0","0.00","23.67"
"bdep_1fba4d0c488c9f5cd8f574de","bnk_1fba4d0c488c9f5cd8f574de","2018-12-03","693.75","USD","","","INTUIT PYMT SOLN DEPOSIT    181201 524771997507722 THE WILDFLOWER FOUNDAT 201812032","[]","0","0.00","[]","0","0.00","[]","0","0.00","[{""id"":""bdqr_bdep_1fba4d0c488c9f5cd8f574de"",""bank_deposit_id"":""bdep_1fba4d0c488c9f5cd8f574de"",""bank_transaction_id"":""bnk_b1383e2d184d5db494b9c867"",""amount"":""693.75"",""deposit_date"":""2018-12-03"",""txn_date"":""2018-11-30"",""txn_type"":""Deposit"",""ref_no"":"""",""payee"":""Wild Rose Montessori School Inc"",""memo"":""System-recorded deposit for QuickBooks Payments"",""qb_posting"":"""",""account"":""1501 Undeposited Funds"",""class"":"""",""reconciliation_status"":""Reconciled"",""ambiguous"":""false""}]","1","693.75","693.75"
"bdep_a305fb6234b756ada8337e78","bnk_a305fb6234b756ada8337e78","2019-07-05","400","USD","","","INTUIT PYMT SOLN DEPOSIT    190704 524771997507722 THE WILDFLOWER FOUNDAT","[]","0","0.00","[]","0","0.00","[]","0","0.00","[{""id"":""bdqr_bdep_a305fb6234b756ada8337e78"",""bank_deposit_id"":""bdep_a305fb6234b756ada8337e78"",""bank_transaction_id"":""bnk_98402d2850fe79978780b402"",""amount"":""400"",""deposit_date"":""2019-07-05"",""txn_date"":""2019-07-03"",""txn_type"":""Deposit"",""ref_no"":"""",""payee"":""Loan- Hawthorn"",""memo"":""System-recorded deposit for QuickBooks Payments"",""qb_posting"":"""",""account"":""1501 Undeposited Funds"",""class"":"""",""reconciliation_status"":""Reconciled"",""ambiguous"":""false""}]","1","400.00","400.00"
"bdep_428dd5fc8562e8294509c759","bnk_428dd5fc8562e8294509c759","2020-05-14","489.75","USD","","","STRIPE           TRANSFER          ST-C6U7B1S1N3V1 THE WILDFLOWER FOUNDAT","[]","0","0.00","[]","0","0.00","[]","0","0.00","[]","0","0.00","489.75"
"bdep_b4ca270571a7e9b9224eaa4d","bnk_b4ca270571a7e9b9224eaa4d","2020-07-13","70000","USD","","","BLUE CROSS BS MN BLUE X DEP                        RMR*OI*FOUNDATIONGRANT**70000.00*70000.00*0.00\","[]","0","0.00","[]","0","0.00","[]","0","0.00","[{""id"":""bdqr_bdep_b4ca270571a7e9b9224eaa4d"",""bank_deposit_id"":""bdep_b4ca270571a7e9b9224eaa4d"",""bank_transaction_id"":""bnk_6f68a3dab7c855410c6429cd"",""amount"":""70000"",""deposit_date"":""2020-07-13"",""txn_date"":""2020-07-13"",""txn_type"":""Payment"",""ref_no"":"""",""payee"":""Blue Cross & Blue Shield Foundation of MN"",""memo"":"""",""qb_posting"":"""",""account"":""1503 Pledges/Services Receivable"",""class"":"""",""reconciliation_status"":""Reconciled"",""ambiguous"":""false""}]","1","70000.00","70000.00"
"bdep_02d4dbd58f375e7f620bae15","bnk_02d4dbd58f375e7f620bae15","2021-03-10","681.3","USD","","","COBRA TRUST ACCT BASICPacif                        COBRA REMIT","[]","0","0.00","[]","0","0.00","[]","0","0.00","[]","0","0.00","681.30"
"bdep_97caf51c35119f3a052bf513","bnk_97caf51c35119f3a052bf513","2026-03-06","43072.13","USD","","","Bill.com         Receivable        015IXQSSZIW72JN Multiple Payments Bill.com Receivables 015IXQSSZ","[]","0","0.00","[]","0","0.00","[]","0","0.00","[{""id"":""bdqr_bdep_97caf51c35119f3a052bf513"",""bank_deposit_id"":""bdep_97caf51c35119f3a052bf513"",""bank_transaction_id"":""bnk_d2d014e5ac3a6a4c8bef5e22"",""amount"":""43072.13"",""deposit_date"":""2026-03-06"",""txn_date"":""2026-03-06"",""txn_type"":""Journal"",""ref_no"":""JE CSP # Jan 30"",""payee"":"""",""memo"":""BILL 03/06/26 AR Payments"",""qb_posting"":"""",""account"":"""",""class"":"""",""reconciliation_status"":""Reconciled"",""ambiguous"":""false""}]","1","43072.13","43072.13"
"bdep_5d2bf077a66d15175fd8d249","bnk_5d2bf077a66d15175fd8d249","2024-01-31","897.73","USD","","","THE HARTFORD     HIST RTN   240131 14996743        THE WILDFLOWER FOUNDAT","[]","0","0.00","[]","0","0.00","[]","0","0.00","[]","0","0.00","897.73"
"bdep_a242ddaddc733f9d2b85a6e6","bnk_a242ddaddc733f9d2b85a6e6","2019-07-31","108.66","USD","","","STRIPE           TRANSFER          ST-L5N7E4K9V2J2 THE WILDFLOWER FOUNDAT","[]","0","0.00","[]","0","0.00","[]","0","0.00","[]","0","0.00","108.66"
"bdep_14f58a4ed6442a48278ab4a2","bnk_14f58a4ed6442a48278ab4a2","2019-07-08","38.23","USD","","","STRIPE           TRANSFER          ST-Z8M1R9X3U1P9 THE WILDFLOWER FOUNDAT","[]","0","0.00","[]","0","0.00","[]","0","0.00","[]","0","0.00","38.23"
"bdep_13736bd3126c4ebf83a8bd7a","bnk_13736bd3126c4ebf83a8bd7a","2021-12-01","212.5","USD","","","Morgan Stanley   ACH CREDIT 211130 101208553z5iby  The Wildflower Foundat","[]","0","0.00","[]","0","0.00","[]","0","0.00","[]","0","0.00","212.50"
"bdep_c7c677ed772930ca3b0eb78f","bnk_c7c677ed772930ca3b0eb78f","2026-01-21","4623.66","USD","","","Minnesota Wildfl Receivable        016XGEKOM3ZGIZW 016XGEKOM3ZGIZW Minnesota Wildfl Bill.com Inv TW","[]","0","0.00","[]","0","0.00","[]","0","0.00","[]","0","0.00","4623.66"
"bdep_9c4ff07a32faecb9fe51df3a","bnk_9c4ff07a32faecb9fe51df3a","2022-12-29","14.89","USD","","","MBI              SETL       221228 MED-I-BANK      MED-I-BANK","[]","0","0.00","[]","0","0.00","[]","0","0.00","[]","0","0.00","14.89"
"bdep_f614ed3490e90b47130e064b","bnk_f614ed3490e90b47130e064b","2020-04-23","5025.88","USD","","","STRIPE           TRANSFER          ST-A2R1C4Q1W5P8 THE WILDFLOWER FOUNDAT","[]","0","0.00","[]","0","0.00","[{""stripe_payout_id"":""po_1GaXy7AhXr9x8yiRU4Qof69l"",""bank_deposit_id"":""bdep_f614ed3490e90b47130e064b"",""amount"":""5025.88"",""currency"":""USD"",""arrival_date"":""2020-04-22"",""deposit_date"":""2020-04-23"",""ambiguous_bank_match"":""false"",""payer_name"":""""}]","1","5025.88","[]","0","0.00","5025.88"
"bdep_4ee67c06dadee00d3012b71a","bnk_4ee67c06dadee00d3012b71a","2019-07-26","200","USD","","","INTUIT PYMT SOLN DEPOSIT    190726 524771997507722 THE WILDFLOWER FOUNDAT","[]","0","0.00","[]","0","0.00","[]","0","0.00","[{""id"":""bdqr_bdep_4ee67c06dadee00d3012b71a"",""bank_deposit_id"":""bdep_4ee67c06dadee00d3012b71a"",""bank_transaction_id"":""bnk_fdb0676dcdd0bd03da150dd3"",""amount"":""200"",""deposit_date"":""2019-07-26"",""txn_date"":""2019-07-25"",""txn_type"":""Deposit"",""ref_no"":"""",""payee"":""Loan - Fox Flower"",""memo"":""System-recorded deposit for QuickBooks Payments"",""qb_posting"":"""",""account"":""1501 Undeposited Funds"",""class"":"""",""reconciliation_status"":""Reconciled"",""ambiguous"":""false""}]","1","200.00","200.00"
"bdep_988272d24253d8a0683a8ef3","bnk_988272d24253d8a0683a8ef3","2017-08-10","1066.26","USD","","","ATM CHECK DEPOSIT 08/10 3030 NICOLLET AVE MINNEAPOLIS MN 5813V 7365","[]","0","0.00","[]","0","0.00","[]","0","0.00","[]","0","0.00","1066.26"
"bdep_25664b88c1d834f9f4bad980","bnk_25664b88c1d834f9f4bad980","2022-09-07","2.57","USD","","","STRIPE           TRANSFER          ST-X4I0U6B9Q3U0 THE WILDFLOWER FOUNDAT","[]","0","0.00","[]","0","0.00","[{""stripe_payout_id"":""po_1LesMuAhXr9x8yiR4egbD0j3"",""bank_deposit_id"":""bdep_25664b88c1d834f9f4bad980"",""amount"":""2.57"",""currency"":""USD"",""arrival_date"":""2022-09-06"",""deposit_date"":""2022-09-07"",""ambiguous_bank_match"":""false"",""payer_name"":""""}]","1","2.57","[]","0","0.00","2.57"
"bdep_73f4b5b7ed2a969a5216a63e","bnk_73f4b5b7ed2a969a5216a63e","2019-03-19","40000","USD","","","WT SEQ106855 WF RETURN WIRES IN PROC /ORG=                                            SRF#    0009532067651860 TRN#190319106855  RFB#","[]","0","0.00","[]","0","0.00","[]","0","0.00","[]","0","0.00","40000.00"
"bdep_b9e22562c640a006a6aa2392","bnk_b9e22562c640a006a6aa2392","2020-08-28","2500","USD","","","ASTER MONTESSORI SEPT2020                          Wildflower Foundation","[]","0","0.00","[]","0","0.00","[]","0","0.00","[]","0","0.00","2500.00"
"bdep_957fab3c40be6e44f4f165fd","bnk_957fab3c40be6e44f4f165fd","2020-01-08","200","USD","","","INTUIT PYMT SOLN DEPOSIT    200108 524771997507722 THE WILDFLOWER FOUNDAT","[]","0","0.00","[]","0","0.00","[]","0","0.00","[{""id"":""bdqr_bdep_957fab3c40be6e44f4f165fd"",""bank_deposit_id"":""bdep_957fab3c40be6e44f4f165fd"",""bank_transaction_id"":""bnk_9d6577d70d37703ee59caee7"",""amount"":""200"",""deposit_date"":""2020-01-08"",""txn_date"":""2020-01-07"",""txn_type"":""Deposit"",""ref_no"":"""",""payee"":""Loan - Fox Flower"",""memo"":""System-recorded deposit for QuickBooks Payments"",""qb_posting"":"""",""account"":""1501 Undeposited Funds"",""class"":"""",""reconciliation_status"":""Reconciled"",""ambiguous"":""false""}]","1","200.00","200.00"
"bdep_aab045391e4ec038a5e1f968","bnk_aab045391e4ec038a5e1f968","2016-11-07","0.03","USD","","","Bill.com Verify 015IHFALACIPR89 Wildflower Foundation","[]","0","0.00","[]","0","0.00","[]","0","0.00","[]","0","0.00","0.03"
"bdep_3cadd4b4e1c28f52157b5797","bnk_3cadd4b4e1c28f52157b5797","2018-09-07","1.64","USD","","","STRIPE TRANSFER X","[]","0","0.00","[]","0","0.00","[]","0","0.00","[]","0","0.00","1.64"
"bdep_9af0dabb445d966311854176","bnk_9af0dabb445d966311854176","2026-02-11","1980.44","USD","","","Bill.com         Receivable        015XAEKUFAUZ669 Tiger Lily School Bill.com 015XAEKUFAUZ669 Inv #","[]","0","0.00","[]","0","0.00","[]","0","0.00","[{""id"":""bdqr_bdep_9af0dabb445d966311854176"",""bank_deposit_id"":""bdep_9af0dabb445d966311854176"",""bank_transaction_id"":""bnk_c12a4fc30e6cf8f07171dfb0"",""amount"":""1980.44"",""deposit_date"":""2026-02-11"",""txn_date"":""2026-02-11"",""txn_type"":""Journal"",""ref_no"":""JE CSP # Dec 2029"",""payee"":"""",""memo"":""BILL 02/11/26 AR Payments"",""qb_posting"":"""",""account"":"""",""class"":"""",""reconciliation_status"":""Reconciled"",""ambiguous"":""false""}]","1","1980.44","1980.44"
"bdep_79554f1a2bb3ab2210a3507c","bnk_79554f1a2bb3ab2210a3507c","2024-08-06","4523.02","USD","","","Wildflower New Y Receivable        016HCNFFH3FRLYX 016HCNFFH3FRLYX Wildflower New Y Bill.com Inv 79","[]","0","0.00","[]","0","0.00","[]","0","0.00","[]","0","0.00","4523.02"
"bdep_1fbdf2e0d4606109a4569252","bnk_1fbdf2e0d4606109a4569252","2026-01-21","200","USD","","","GUSTO PAYROLL    TAX 392885 260121 6semk7a9uu6     The Wildflower Foundat","[]","0","0.00","[]","0","0.00","[]","0","0.00","[]","0","0.00","200.00"
"bdep_5618898cc8b35ced79007284","bnk_5618898cc8b35ced79007284","2021-03-04","1000000","USD","","","WT FED#02520 JPMORGAN CHASE BAN    /ORG=THE VALHALLA CHARITABLE                       SRF#        4217500062JO TRN#210304014411  RFB#     ATS OF 21/03/03","[]","0","0.00","[]","0","0.00","[]","0","0.00","[{""id"":""bdqr_bdep_5618898cc8b35ced79007284"",""bank_deposit_id"":""bdep_5618898cc8b35ced79007284"",""bank_transaction_id"":""bnk_6cdbfdaa73bc09d5a6c314c6"",""amount"":""1000000"",""deposit_date"":""2021-03-04"",""txn_date"":""2021-03-04"",""txn_type"":""Payment"",""ref_no"":"""",""payee"":""Valhalla Charitable Fnd"",""memo"":"""",""qb_posting"":"""",""account"":""1503 Pledges/Services Receivable"",""class"":"""",""reconciliation_status"":""Reconciled"",""ambiguous"":""false""}]","1","1000000.00","1000000.00"
"bdep_26d6bc43abd7b89e470ae2af","bnk_26d6bc43abd7b89e470ae2af","2017-11-13","162.5","USD","","","INTUIT PYMT SOLN DEPOSIT 171111 524771997507722 THE WILDFLOWER FOUNDAT","[]","0","0.00","[]","0","0.00","[]","0","0.00","[{""id"":""bdqr_bdep_26d6bc43abd7b89e470ae2af"",""bank_deposit_id"":""bdep_26d6bc43abd7b89e470ae2af"",""bank_transaction_id"":""bnk_d452e2358243bfd398d6608b"",""amount"":""162.5"",""deposit_date"":""2017-11-13"",""txn_date"":""2017-11-10"",""txn_type"":""Deposit"",""ref_no"":"""",""payee"":""Loan - Tiger Lily"",""memo"":""System-recorded deposit for QuickBooks Payments"",""qb_posting"":"""",""account"":""1501 Undeposited Funds"",""class"":"""",""reconciliation_status"":""Reconciled"",""ambiguous"":""false""}]","1","162.50","162.50"
"bdep_43205e1ea9b1d76f85674b87","bnk_43205e1ea9b1d76f85674b87","2019-11-25","270","USD","","","ATM CHECK DEPOSIT              ON              11/25 1505 WEST LAKE ST         MINNEAPOLIS   MN  0002210           ATM ID 6991J    CARD 7365","[]","0","0.00","[]","0","0.00","[]","0","0.00","[]","0","0.00","270.00"
"bdep_36be655d18a5b73216060f91","bnk_36be655d18a5b73216060f91","2019-01-18","970.7","USD","","","STRIPE           TRANSFER                          X","[]","0","0.00","[]","0","0.00","[]","0","0.00","[]","0","0.00","970.70"
"bdep_87b403bffd4c9a03149b8423","bnk_87b403bffd4c9a03149b8423","2019-03-08","28.83","USD","","","STRIPE           TRANSFER                          X","[]","0","0.00","[]","0","0.00","[]","0","0.00","[]","0","0.00","28.83"
"bdep_432915fa8aeeb42c03236711","bnk_432915fa8aeeb42c03236711","2018-06-05","140801.72","USD","","","FROM BRK ****9888 TRANSFER REF 232458047","[{""component_id"":""bdc_YVFC5TLjn4JQr1EePgNSh"",""payment_unit_id"":""pu_YVFC5TLjn4JQr1EePgNSh"",""kind"":""other"",""amount"":""140801.72"",""source"":""qbo_inferred"",""source_staged_payment_id"":""YVFC5TLjn4JQr1EePgNSh"",""staged_payer"":""Arthur Rock Foundation"",""staged_date"":""2018-06-05"",""qb_deposit_id"":""3460"",""reconciliation_flag"":""ok"",""unit_kind"":""other"",""unit_evidence_id"":""YVFC5TLjn4JQr1EePgNSh""}]","1","140801.72","[{""id"":""pu_YVFC5TLjn4JQr1EePgNSh"",""kind"":""other"",""evidence_id"":""YVFC5TLjn4JQr1EePgNSh"",""stripe_charge_id"":"""",""source_staged_payment_id"":""YVFC5TLjn4JQr1EePgNSh"",""gross_amount"":""140801.72"",""fee_amount"":"""",""net_amount"":""140801.72"",""currency"":""USD"",""received_date"":""2018-06-05"",""lifecycle"":""received""}]","1","140801.72","[]","0","0.00","[]","0","0.00","0.00"
"bdep_4c0b0fedaecab006d0d778ac","bnk_4c0b0fedaecab006d0d778ac","2023-12-27","25000","USD","","","Gates Family Fou Bill.com          016RZLEYE371R3W Gates Family Foundation Bill.com 016RZLEYE371R3W","[{""component_id"":""bdc_znbokMCQu4O4uvZjRh5WC"",""payment_unit_id"":""pu_znbokMCQu4O4uvZjRh5WC"",""kind"":""check"",""amount"":""25000.00"",""source"":""qbo_inferred"",""source_staged_payment_id"":""znbokMCQu4O4uvZjRh5WC"",""staged_payer"":""Gates Family Foundation"",""staged_date"":""2023-12-27"",""qb_deposit_id"":""27329"",""reconciliation_flag"":""ok"",""unit_kind"":""check"",""unit_evidence_id"":""znbokMCQu4O4uvZjRh5WC""}]","1","25000.00","[{""id"":""pu_znbokMCQu4O4uvZjRh5WC"",""kind"":""check"",""evidence_id"":""znbokMCQu4O4uvZjRh5WC"",""stripe_charge_id"":"""",""source_staged_payment_id"":""znbokMCQu4O4uvZjRh5WC"",""gross_amount"":""25000.00"",""fee_amount"":"""",""net_amount"":""25000.00"",""currency"":""USD"",""received_date"":""2023-12-27"",""lifecycle"":""received""}]","1","25000.00","[]","0","0.00","[]","0","0.00","0.00"
"bdep_afa9a34be958687bb782d0d4","bnk_afa9a34be958687bb782d0d4","2021-02-12","125.1","USD","","","STRIPE           TRANSFER          ST-R8J0P1Q9D1O6 THE WILDFLOWER FOUNDAT","[]","0","0.00","[]","0","0.00","[]","0","0.00","[]","0","0.00","125.10"
"bdep_1f7e2dd9882a916a72fd1ff3","bnk_1f7e2dd9882a916a72fd1ff3","2019-01-23","485.2","USD","","","STRIPE           TRANSFER                          X","[]","0","0.00","[]","0","0.00","[]","0","0.00","[]","0","0.00","485.20"
"bdep_eb995d8d6ff6833caff4dea3","bnk_eb995d8d6ff6833caff4dea3","2018-10-09","600","USD","","","WF RETURN WIRES IN PROC WT SEQ223062 /ORG= SRF# 2018100900205220 TRN#181009223062 RFB#","[]","0","0.00","[]","0","0.00","[]","0","0.00","[]","0","0.00","600.00"
"bdep_4edcfd92ec32898fcfc8b7a0","bnk_4edcfd92ec32898fcfc8b7a0","2026-04-08","0.11","USD","","","Minnesota Wildfl Receivable        016JLLIQH42EBAI 016JLLIQH42EBAI Minnesota Wildfl Bill.com Inv TW","[]","0","0.00","[]","0","0.00","[]","0","0.00","[{""id"":""bdqr_bdep_4edcfd92ec32898fcfc8b7a0"",""bank_deposit_id"":""bdep_4edcfd92ec32898fcfc8b7a0"",""bank_transaction_id"":""bnk_78ce8c34a140cdbc398b98dd"",""amount"":""0.11"",""deposit_date"":""2026-04-08"",""txn_date"":""2026-04-07"",""txn_type"":""Payment"",""ref_no"":""P26040601 - 3236461"",""payee"":""Minnesota Wildflower Montessori School"",""memo"":""Inv TWF MarchInvoice008"",""qb_posting"":"""",""account"":""1503 Pledges/Services Receivable"",""class"":"""",""reconciliation_status"":""Reconciled"",""ambiguous"":""false""}]","1","0.11","0.11"
"bdep_eac7c8b1adea15ecbbf67827","bnk_eac7c8b1adea15ecbbf67827","2023-05-31","75000","USD","","","Flor de Loto Mon Bill.com          025KNKRYXHINC78 Flor de Loto Montessori Bill.com 025KNKRYXHINC78","[]","0","0.00","[]","0","0.00","[]","0","0.00","[]","0","0.00","75000.00"
"bdep_348db8b7523757d52bbab988","bnk_348db8b7523757d52bbab988","2025-12-30","80000","USD","","","WT FED#02N02 NATIONAL FINANCIAL    /ORG=FIDELITY FOUNDATION                           SRF#        XXXXXX9364JS TRN#XXXXXXXX2389  RFB#          WD87023201","[{""component_id"":""bdc_2FuX80J7AL1P1FH8GbuWs"",""payment_unit_id"":""pu_2FuX80J7AL1P1FH8GbuWs"",""kind"":""other"",""amount"":""15000.00"",""source"":""qbo_inferred"",""source_staged_payment_id"":""2FuX80J7AL1P1FH8GbuWs"",""staged_payer"":""Fidelity Foundations"",""staged_date"":""2025-12-30"",""qb_deposit_id"":""37053"",""reconciliation_flag"":""ok"",""unit_kind"":""other"",""unit_evidence_id"":""2FuX80J7AL1P1FH8GbuWs""},{""component_id"":""bdc_vXurKXgrl7361WZxuOoQv"",""payment_unit_id"":""pu_vXurKXgrl7361WZxuOoQv"",""kind"":""other"",""amount"":""65000.00"",""source"":""qbo_inferred"",""source_staged_payment_id"":""vXurKXgrl7361WZxuOoQv"",""staged_payer"":""Fidelity Foundations"",""staged_date"":""2025-12-30"",""qb_deposit_id"":""37053"",""reconciliation_flag"":""ok"",""unit_kind"":""other"",""unit_evidence_id"":""vXurKXgrl7361WZxuOoQv""}]","2","80000.00","[{""id"":""pu_2FuX80J7AL1P1FH8GbuWs"",""kind"":""other"",""evidence_id"":""2FuX80J7AL1P1FH8GbuWs"",""stripe_charge_id"":"""",""source_staged_payment_id"":""2FuX80J7AL1P1FH8GbuWs"",""gross_amount"":""15000.00"",""fee_amount"":"""",""net_amount"":""15000.00"",""currency"":""USD"",""received_date"":""2025-12-30"",""lifecycle"":""received""},{""id"":""pu_vXurKXgrl7361WZxuOoQv"",""kind"":""other"",""evidence_id"":""vXurKXgrl7361WZxuOoQv"",""stripe_charge_id"":"""",""source_staged_payment_id"":""vXurKXgrl7361WZxuOoQv"",""gross_amount"":""65000.00"",""fee_amount"":"""",""net_amount"":""65000.00"",""currency"":""USD"",""received_date"":""2025-12-30"",""lifecycle"":""received""}]","2","80000.00","[]","0","0.00","[]","0","0.00","0.00"
"bdep_f0359360b11492126775997b","bnk_f0359360b11492126775997b","2019-12-04","2000","USD","","","INTUIT PYMT SOLN DEPOSIT    191204 524771997507722 THE WILDFLOWER FOUNDAT","[]","0","0.00","[]","0","0.00","[]","0","0.00","[{""id"":""bdqr_bdep_f0359360b11492126775997b"",""bank_deposit_id"":""bdep_f0359360b11492126775997b"",""bank_transaction_id"":""bnk_643893993a8cacdd830b823e"",""amount"":""2000"",""deposit_date"":""2019-12-04"",""txn_date"":""2019-12-03"",""txn_type"":""Deposit"",""ref_no"":"""",""payee"":""Loan - Snowdrop"",""memo"":""System-recorded deposit for QuickBooks Payments"",""qb_posting"":"""",""account"":""1501 Undeposited Funds"",""class"":"""",""reconciliation_status"":""Reconciled"",""ambiguous"":""false""}]","1","2000.00","2000.00"
"bdep_aa02e8e41ac4aba8e3e951ab","bnk_aa02e8e41ac4aba8e3e951ab","2019-04-02","100000","USD","","","WT FED#01152 FIRST REPUBLIC BAN    /ORG=SILICON SCHOOLS FUND INC                      SRF#    19040111225995JA TRN#190402014733  RFB#","[{""component_id"":""bdc_psPej3jzrqnVDNPKq6yAT"",""payment_unit_id"":""pu_psPej3jzrqnVDNPKq6yAT"",""kind"":""other"",""amount"":""100000.00"",""source"":""qbo_inferred"",""source_staged_payment_id"":""psPej3jzrqnVDNPKq6yAT"",""staged_payer"":""Silicon  Schools Fund"",""staged_date"":""2019-04-02"",""qb_deposit_id"":""6953"",""reconciliation_flag"":""ok"",""unit_kind"":""other"",""unit_evidence_id"":""psPej3jzrqnVDNPKq6yAT""}]","1","100000.00","[{""id"":""pu_psPej3jzrqnVDNPKq6yAT"",""kind"":""other"",""evidence_id"":""psPej3jzrqnVDNPKq6yAT"",""stripe_charge_id"":"""",""source_staged_payment_id"":""psPej3jzrqnVDNPKq6yAT"",""gross_amount"":""100000.00"",""fee_amount"":"""",""net_amount"":""100000.00"",""currency"":""USD"",""received_date"":""2019-04-02"",""lifecycle"":""received""}]","1","100000.00","[]","0","0.00","[]","0","0.00","0.00"
"bdep_475726c1865682fd00c5c9a3","bnk_475726c1865682fd00c5c9a3","2021-10-15","550","USD","","","Varde Management Wells Farg 211014 0000000566      RMR*IV*Contribution 202**550\","[]","0","0.00","[]","0","0.00","[]","0","0.00","[{""id"":""bdqr_bdep_475726c1865682fd00c5c9a3"",""bank_deposit_id"":""bdep_475726c1865682fd00c5c9a3"",""bank_transaction_id"":""bnk_8178b6c3703d4b59bb662154"",""amount"":""550"",""deposit_date"":""2021-10-15"",""txn_date"":""2021-10-15"",""txn_type"":""Payment"",""ref_no"":"""",""payee"":""Varde"",""memo"":"""",""qb_posting"":"""",""account"":""1503 Pledges/Services Receivable"",""class"":"""",""reconciliation_status"":""Reconciled"",""ambiguous"":""false""}]","1","550.00","550.00"
"bdep_44b16bac38eb3bcdb2cc071f","bnk_44b16bac38eb3bcdb2cc071f","2025-10-03","550","USD","","","WT FED#02L02 NOTPROVIDED           /ORG=BROADSTREET IMPACT SERVICES, LLC              SRF#        XXXXXX0276JO TRN#XXXXXXXX9919  RFB#        XXXXXX0276JO","[]","0","0.00","[]","0","0.00","[]","0","0.00","[]","0","0.00","550.00"
"bdep_52eb9b63c66080566f233fc4","bnk_52eb9b63c66080566f233fc4","2026-01-13","50500","USD","","","ATM CHECK DEPOSIT              ON              01/13 4712 Chicago Ave          Minneapolis   MN  0006553           ATM ID 5819T    CARD 0628","[]","0","0.00","[]","0","0.00","[]","0","0.00","[]","0","0.00","50500.00"
"bdep_1300e60295f26a2f975795ee","bnk_1300e60295f26a2f975795ee","2020-09-18","97.2","USD","","","STRIPE           TRANSFER          ST-U5W2F9C7S4L5 THE WILDFLOWER FOUNDAT","[]","0","0.00","[]","0","0.00","[]","0","0.00","[]","0","0.00","97.20"
"bdep_ddd87ba045b8afb3f33c3815","bnk_ddd87ba045b8afb3f33c3815","2018-01-08","499","USD","","","INTUIT PYMT SOLN DEPOSIT 180106 524771997507722 THE WILDFLOWER FOUNDAT","[]","0","0.00","[]","0","0.00","[]","0","0.00","[]","0","0.00","499.00"
"bdep_537bfa941b885745b5b93be1","bnk_537bfa941b885745b5b93be1","2025-01-06","289.36","USD","","","STRIPE           TRANSFER          ST-N1M3S7A7J0Y5 THE WILDFLOWER FOUNDAT","[]","0","0.00","[]","0","0.00","[{""stripe_payout_id"":""po_1QdiTXAhXr9x8yiRj5qErF77"",""bank_deposit_id"":""bdep_537bfa941b885745b5b93be1"",""amount"":""289.36"",""currency"":""USD"",""arrival_date"":""2025-01-05"",""deposit_date"":""2025-01-06"",""ambiguous_bank_match"":""false"",""payer_name"":""""}]","1","289.36","[]","0","0.00","289.36"
"bdep_dbf05e890ba590d1d1885406","bnk_dbf05e890ba590d1d1885406","2019-04-09","11000","USD","","","ATM CHECK DEPOSIT              ON              04/09 1505 WEST LAKE ST         MINNEAPOLIS   MN  0009753           ATM ID 6991J    CARD 7365","[]","0","0.00","[]","0","0.00","[]","0","0.00","[{""id"":""bdqr_bdep_dbf05e890ba590d1d1885406"",""bank_deposit_id"":""bdep_dbf05e890ba590d1d1885406"",""bank_transaction_id"":""bnk_fec97d6eb299c60a998aae3b"",""amount"":""11000"",""deposit_date"":""2019-04-09"",""txn_date"":""2019-04-09"",""txn_type"":""Payment"",""ref_no"":"""",""payee"":""Cambridge Public Schools"",""memo"":"""",""qb_posting"":"""",""account"":""1503 Pledges/Services Receivable"",""class"":"""",""reconciliation_status"":""Reconciled"",""ambiguous"":""false""}]","1","11000.00","11000.00"
"bdep_db7fa98cee1414a89e7f64dc","bnk_db7fa98cee1414a89e7f64dc","2023-10-27","584.7","USD","","","STRIPE           TRANSFER          ST-H0R0D5P5M6N7 THE WILDFLOWER FOUNDAT","[]","0","0.00","[]","0","0.00","[{""stripe_payout_id"":""po_1O5IE6AhXr9x8yiR07VEkksC"",""bank_deposit_id"":""bdep_db7fa98cee1414a89e7f64dc"",""amount"":""584.7"",""currency"":""USD"",""arrival_date"":""2023-10-26"",""deposit_date"":""2023-10-27"",""ambiguous_bank_match"":""false"",""payer_name"":""""}]","1","584.70","[]","0","0.00","584.70"
"bdep_152ddc7055a597227917a153","bnk_152ddc7055a597227917a153","2025-05-01","646.61","USD","","","Bill.com         Receivable        015XDBMKEWH12U9    Goldenrod (C) Bill.com 015XDBMKEWH12U9 Inv #1","[]","0","0.00","[]","0","0.00","[]","0","0.00","[{""id"":""bdqr_bdep_152ddc7055a597227917a153"",""bank_deposit_id"":""bdep_152ddc7055a597227917a153"",""bank_transaction_id"":""bnk_d97162e461ae7d4b41e72597"",""amount"":""646.61"",""deposit_date"":""2025-05-01"",""txn_date"":""2025-05-01"",""txn_type"":""Journal"",""ref_no"":""IDC Mar 28"",""payee"":"""",""memo"":""BILL 05/01/25 AR Payments"",""qb_posting"":"""",""account"":"""",""class"":"""",""reconciliation_status"":""Reconciled"",""ambiguous"":""false""}]","1","646.61","646.61"
"bdep_30c0517ec86f4f263937c463","bnk_30c0517ec86f4f263937c463","2022-06-30","125000","USD","","","WT SEQ302337 THE WILDFLOWER LOAN FUN /ORG=                                            SRF#    0009514181924599 TRN#220630302337  RFB#","[]","0","0.00","[]","0","0.00","[]","0","0.00","[]","0","0.00","125000.00"
"bdep_efa7d4e697d94cae97d0a226","bnk_efa7d4e697d94cae97d0a226","2019-09-10","250","USD","","","INTUIT PYMT SOLN DEPOSIT    190910 524771997507722 THE WILDFLOWER FOUNDAT","[]","0","0.00","[]","0","0.00","[]","0","0.00","[]","0","0.00","250.00"
"bdep_4321c5ff7e73d9e403119883","bnk_4321c5ff7e73d9e403119883","2019-09-30","2500","USD","","","ASTER MONTESSORI PLEDGE1363                        Wildflower Foundation","[]","0","0.00","[]","0","0.00","[]","0","0.00","[{""id"":""bdqr_bdep_4321c5ff7e73d9e403119883"",""bank_deposit_id"":""bdep_4321c5ff7e73d9e403119883"",""bank_transaction_id"":""bnk_50b36e0b689a5bf1493503e9"",""amount"":""2500"",""deposit_date"":""2019-09-30"",""txn_date"":""2019-09-30"",""txn_type"":""Payment"",""ref_no"":"""",""payee"":""Loan - Aster"",""memo"":"""",""qb_posting"":"""",""account"":""1503 Pledges/Services Receivable"",""class"":"""",""reconciliation_status"":""Reconciled"",""ambiguous"":""false""}]","1","2500.00","2500.00"
"bdep_e191dba4b4fcf59c61c01a74","bnk_e191dba4b4fcf59c61c01a74","2019-06-28","292.03","USD","","","STRIPE           TRANSFER          ST-M0X0M6B1W1Q9 THE WILDFLOWER FOUNDAT","[]","0","0.00","[]","0","0.00","[]","0","0.00","[]","0","0.00","292.03"
