"stripe_payout_id","bank_deposit_id","amount","currency","arrival_date","deposit_date","ambiguous_bank_match","payer_name","deposit_id","deposit_source_bank_transaction_id","deposit_deposit_date","deposit_amount","deposit_currency","deposit_account","deposit_reference","deposit_memo","charges","charges_count","charges_tied_count","qb_direct","qb_direct_provenance","qb_direct_record_id","qb_direct_txn_id","qb_direct_amount","qb_direct_payee","qb_direct_date","qb_direct_memo","qb_direct_account","qb_direct_qb_deposit_id","qb_direct_source_staged_payment_id","qb_direct_payer","qb_direct_register_id","qb_direct_register_txn_date","qb_direct_register_txn_type","qb_direct_register_ref_no","qb_direct_register_payee","qb_direct_register_memo","qb_direct_register_qb_posting","qb_direct_register_account","qb_direct_register_class","qb_direct_register_reconciliation_status","qb_direct_charge_link_id","qb_direct_link_type","qb_direct_qb_staged_payment_id","qb_direct_qbo_evidence","qb_via_parent","qb_via_child","reaches_qb_anywhere","children_count","children_tied_count"
"po_1DTfQIAhXr9x8yiRyVRJfDU7","bdep_df1595eaf82bb29fb84cd035","2.61","USD","2018-11-07","2018-11-08","false","","bdep_df1595eaf82bb29fb84cd035","bnk_df1595eaf82bb29fb84cd035","2018-11-08","2.61","USD","","","STRIPE           TRANSFER                          X 201811082","[{""id"":""pu_ch_1DRosoAhXr9x8yiR62TBJxRw"",""kind"":""stripe_charge"",""stripe_charge_id"":""ch_1DRosoAhXr9x8yiR62TBJxRw"",""gross_amount"":""3.00"",""fee_amount"":""0.39"",""net_amount"":""2.61"",""currency"":""USD"",""received_date"":""2018-11-01"",""lifecycle"":""received"",""qb_direct"":""false"",""qb_direct_provenance"":"""",""reaches_qb_anywhere"":""false""}]","1","0","false","","","","","","","","","","","","","","","","","","","","","","","","","","false","false","false","1","0"
"po_1DYQRyAhXr9x8yiRRjO05ZsG","bdep_168117889655feef2b70c303","25.08","USD","2018-11-20","2018-11-21","false","","bdep_168117889655feef2b70c303","bnk_168117889655feef2b70c303","2018-11-21","25.08","USD","","","STRIPE           TRANSFER                          X 201811211","[{""id"":""pu_ch_1DYKxBAhXr9x8yiRrB6NydXa"",""kind"":""stripe_charge"",""stripe_charge_id"":""ch_1DYKxBAhXr9x8yiRrB6NydXa"",""gross_amount"":""26.14"",""fee_amount"":""1.06"",""net_amount"":""25.08"",""currency"":""USD"",""received_date"":""2018-11-19"",""lifecycle"":""received"",""qb_direct"":""false"",""qb_direct_provenance"":"""",""reaches_qb_anywhere"":""false""}]","1","0","false","","","","","","","","","","","","","","","","","","","","","","","","","","false","false","false","1","0"
"po_1DgOB7AhXr9x8yiR6TA9DUWv","bdep_aa9a2cb474a25e6963fd5894","4.97","USD","2018-12-12","2018-12-13","false","","bdep_aa9a2cb474a25e6963fd5894","bnk_aa9a2cb474a25e6963fd5894","2018-12-13","4.97","USD","","","STRIPE           TRANSFER                          X 201812132","[{""id"":""pu_ch_1Dg16AAhXr9x8yiR6Pg99erN"",""kind"":""stripe_charge"",""stripe_charge_id"":""ch_1Dg16AAhXr9x8yiR6Pg99erN"",""gross_amount"":""5.48"",""fee_amount"":""0.51"",""net_amount"":""4.97"",""currency"":""USD"",""received_date"":""2018-12-10"",""lifecycle"":""received"",""qb_direct"":""true"",""qb_direct_provenance"":""charge_qb_tie"",""reaches_qb_anywhere"":""true""}]","1","1","false","","","","","","","","","","","","","","","","","","","","","","","","","","false","true","true","1","1"
"po_1DnzoMAhXr9x8yiRWevOaj5Y","bdep_ad26415d071ae56cf86b1490","5015.5","USD","2019-01-02","2019-01-03","false","","bdep_ad26415d071ae56cf86b1490","bnk_ad26415d071ae56cf86b1490","2019-01-03","5015.5","USD","","","STRIPE           TRANSFER                          X","[{""id"":""pu_ch_1DnaPrAhXr9x8yiRQ7GuxXDq"",""kind"":""stripe_charge"",""stripe_charge_id"":""ch_1DnaPrAhXr9x8yiRQ7GuxXDq"",""gross_amount"":""5165.60"",""fee_amount"":""150.10"",""net_amount"":""5015.50"",""currency"":""USD"",""received_date"":""2018-12-31"",""lifecycle"":""received"",""qb_direct"":""true"",""qb_direct_provenance"":""charge_qb_tie"",""reaches_qb_anywhere"":""true""}]","1","1","false","","","","","","","","","","","","","","","","","","","","","","","","","","false","true","true","1","1"
"po_1FYmR3AhXr9x8yiRdbRgODNb","bdep_0a05da3da157ae3e9cfce90c","72.52","USD","2019-10-29","2019-10-30","false","","bdep_0a05da3da157ae3e9cfce90c","bnk_0a05da3da157ae3e9cfce90c","2019-10-30","72.52","USD","","","STRIPE           TRANSFER          ST-B0G8E8P1Y5X3 THE WILDFLOWER FOUNDAT","[{""id"":""pu_ch_1FYg08AhXr9x8yiRtGy0nIhH"",""kind"":""stripe_charge"",""stripe_charge_id"":""ch_1FYg08AhXr9x8yiRtGy0nIhH"",""gross_amount"":""75.00"",""fee_amount"":""2.48"",""net_amount"":""72.52"",""currency"":""USD"",""received_date"":""2019-10-28"",""lifecycle"":""received"",""qb_direct"":""false"",""qb_direct_provenance"":"""",""reaches_qb_anywhere"":""false""}]","1","0","false","","","","","","","","","","","","","","","","","","","","","","","","","","false","false","false","1","0"
"po_1FloeqAhXr9x8yiRbcQ215Pr","bdep_f5a3f741ec66345060f6f951","96.8","USD","2019-12-04","2019-12-05","false","","bdep_f5a3f741ec66345060f6f951","bnk_f5a3f741ec66345060f6f951","2019-12-05","96.8","USD","","","STRIPE           TRANSFER          ST-O0D6Q4Q8B8W0 THE WILDFLOWER FOUNDAT","[{""id"":""pu_ch_1FlbofAhXr9x8yiRANXZMlml"",""kind"":""stripe_charge"",""stripe_charge_id"":""ch_1FlbofAhXr9x8yiRANXZMlml"",""gross_amount"":""100.00"",""fee_amount"":""3.20"",""net_amount"":""96.80"",""currency"":""USD"",""received_date"":""2019-12-03"",""lifecycle"":""received"",""qb_direct"":""false"",""qb_direct_provenance"":"""",""reaches_qb_anywhere"":""false""}]","1","0","false","","","","","","","","","","","","","","","","","","","","","","","","","","false","false","false","1","0"
"po_1Fvw3nAhXr9x8yiRSAzagv77","bdep_7a2e8d1007a9331fbfece64d","970.7","USD","2020-01-01","2020-01-02","false","","bdep_7a2e8d1007a9331fbfece64d","bnk_7a2e8d1007a9331fbfece64d","2020-01-02","970.7","USD","","","STRIPE           TRANSFER          ST-N9X5N7O7V1D8 THE WILDFLOWER FOUNDAT","[{""id"":""pu_ch_1FukggAhXr9x8yiRvTka5Jvf"",""kind"":""stripe_charge"",""stripe_charge_id"":""ch_1FukggAhXr9x8yiRvTka5Jvf"",""gross_amount"":""1000.00"",""fee_amount"":""29.30"",""net_amount"":""970.70"",""currency"":""USD"",""received_date"":""2019-12-28"",""lifecycle"":""received"",""qb_direct"":""false"",""qb_direct_provenance"":"""",""reaches_qb_anywhere"":""false""}]","1","0","false","","","","","","","","","","","","","","","","","","","","","","","","","","false","false","false","1","0"
"po_1GDMfWAhXr9x8yiRq0YRdPor","bdep_bf80636ed8fe195b7fba7635","25.13","USD","2020-02-18","2020-02-19","false","","bdep_bf80636ed8fe195b7fba7635","bnk_bf80636ed8fe195b7fba7635","2020-02-19","25.13","USD","","","STRIPE           TRANSFER          ST-H6D1T3G8O7W8 THE WILDFLOWER FOUNDAT","[{""id"":""pu_ch_1GC65WAhXr9x8yiR0Oqrh0oA"",""kind"":""stripe_charge"",""stripe_charge_id"":""ch_1GC65WAhXr9x8yiR0Oqrh0oA"",""gross_amount"":""26.19"",""fee_amount"":""1.06"",""net_amount"":""25.13"",""currency"":""USD"",""received_date"":""2020-02-14"",""lifecycle"":""received"",""qb_direct"":""false"",""qb_direct_provenance"":"""",""reaches_qb_anywhere"":""false""}]","1","0","false","","","","","","","","","","","","","","","","","","","","","","","","","","false","false","false","1","0"
"po_1GPfFOAhXr9x8yiR53mKWisK","bdep_1938597dfb89defeecab8ce5","5.03","USD","2020-03-23","2020-03-24","false","","bdep_1938597dfb89defeecab8ce5","bnk_1938597dfb89defeecab8ce5","2020-03-24","5.03","USD","","","STRIPE           TRANSFER          ST-F0J3M1I7B3W9 THE WILDFLOWER FOUNDAT","[{""id"":""pu_ch_1GOlp1AhXr9x8yiReTPP5N3Q"",""kind"":""stripe_charge"",""stripe_charge_id"":""ch_1GOlp1AhXr9x8yiReTPP5N3Q"",""gross_amount"":""5.49"",""fee_amount"":""0.46"",""net_amount"":""5.03"",""currency"":""USD"",""received_date"":""2020-03-20"",""lifecycle"":""received"",""qb_direct"":""false"",""qb_direct_provenance"":"""",""reaches_qb_anywhere"":""false""}]","1","0","false","","","","","","","","","","","","","","","","","","","","","","","","","","false","false","false","1","0"
"po_1GSYlwAhXr9x8yiRiAAFdQZw","bdep_b398893a6bb00c8ad323d715","35.18","USD","2020-03-31","2020-04-01","false","","bdep_b398893a6bb00c8ad323d715","bnk_b398893a6bb00c8ad323d715","2020-04-01","35.18","USD","","","STRIPE           TRANSFER          ST-H4R2M2A0E1N3 THE WILDFLOWER FOUNDAT","[{""id"":""pu_ch_1GRWUMAhXr9x8yiRhkLkHegz"",""kind"":""stripe_charge"",""stripe_charge_id"":""ch_1GRWUMAhXr9x8yiRhkLkHegz"",""gross_amount"":""10.66"",""fee_amount"":""0.61"",""net_amount"":""10.05"",""currency"":""USD"",""received_date"":""2020-03-27"",""lifecycle"":""received"",""qb_direct"":""false"",""qb_direct_provenance"":"""",""reaches_qb_anywhere"":""false""},{""id"":""pu_ch_1GRx63AhXr9x8yiRwn5TPkkS"",""kind"":""stripe_charge"",""stripe_charge_id"":""ch_1GRx63AhXr9x8yiRwn5TPkkS"",""gross_amount"":""26.19"",""fee_amount"":""1.06"",""net_amount"":""25.13"",""currency"":""USD"",""received_date"":""2020-03-29"",""lifecycle"":""received"",""qb_direct"":""false"",""qb_direct_provenance"":"""",""reaches_qb_anywhere"":""false""}]","2","0","false","","","","","","","","","","","","","","","","","","","","","","","","","","false","false","false","2","0"
"po_1GSvvyAhXr9x8yiRvtpw2ICC","bdep_51ed2514d8242b30368f4f05","50.26","USD","2020-04-01","2020-04-02","false","","bdep_51ed2514d8242b30368f4f05","bnk_51ed2514d8242b30368f4f05","2020-04-02","50.26","USD","","","STRIPE           TRANSFER          ST-Z5Q4J7P9G1U8 THE WILDFLOWER FOUNDAT","[{""id"":""pu_ch_1GSpdxAhXr9x8yiRlb76y8HP"",""kind"":""stripe_charge"",""stripe_charge_id"":""ch_1GSpdxAhXr9x8yiRlb76y8HP"",""gross_amount"":""52.07"",""fee_amount"":""1.81"",""net_amount"":""50.26"",""currency"":""USD"",""received_date"":""2020-03-31"",""lifecycle"":""received"",""qb_direct"":""false"",""qb_direct_provenance"":"""",""reaches_qb_anywhere"":""false""}]","1","0","false","","","","","","","","","","","","","","","","","","","","","","","","","","false","false","false","1","0"
"po_1GUjuGAhXr9x8yiRPPDHAvs9","bdep_71d795172dfc764f2a529437","60.31","USD","2020-04-06","2020-04-07","false","","bdep_71d795172dfc764f2a529437","bnk_71d795172dfc764f2a529437","2020-04-07","60.31","USD","","","STRIPE           TRANSFER          ST-Z9X9U7J3J7B9 THE WILDFLOWER FOUNDAT","[{""id"":""pu_ch_1GTsGFAhXr9x8yiRx3lE7QKK"",""kind"":""stripe_charge"",""stripe_charge_id"":""ch_1GTsGFAhXr9x8yiRx3lE7QKK"",""gross_amount"":""10.66"",""fee_amount"":""0.61"",""net_amount"":""10.05"",""currency"":""USD"",""received_date"":""2020-04-03"",""lifecycle"":""received"",""qb_direct"":""true"",""qb_direct_provenance"":""charge_qb_tie"",""reaches_qb_anywhere"":""true""},{""id"":""pu_ch_1GTyGtAhXr9x8yiRD5JZHvwB"",""kind"":""stripe_charge"",""stripe_charge_id"":""ch_1GTyGtAhXr9x8yiRD5JZHvwB"",""gross_amount"":""52.07"",""fee_amount"":""1.81"",""net_amount"":""50.26"",""currency"":""USD"",""received_date"":""2020-04-03"",""lifecycle"":""received"",""qb_direct"":""true"",""qb_direct_provenance"":""charge_qb_tie"",""reaches_qb_anywhere"":""true""}]","2","2","false","","","","","","","","","","","","","","","","","","","","","","","","","","false","true","true","2","2"
"po_1GXduUAhXr9x8yiRjJXpD8ND","bdep_e3b8984705cd2ff5ad7694ef","48.25","USD","2020-04-14","2020-04-15","false","","bdep_e3b8984705cd2ff5ad7694ef","bnk_e3b8984705cd2ff5ad7694ef","2020-04-15","48.25","USD","","","STRIPE           TRANSFER          ST-B0S3Y8K4E1H7 THE WILDFLOWER FOUNDAT","[{""id"":""pu_ch_1GXEIEAhXr9x8yiR50nfe1bB"",""kind"":""stripe_charge"",""stripe_charge_id"":""ch_1GXEIEAhXr9x8yiR50nfe1bB"",""gross_amount"":""50.00"",""fee_amount"":""1.75"",""net_amount"":""48.25"",""currency"":""USD"",""received_date"":""2020-04-12"",""lifecycle"":""received"",""qb_direct"":""true"",""qb_direct_provenance"":""charge_qb_tie"",""reaches_qb_anywhere"":""true""}]","1","1","false","","","","","","","","","","","","","","","","","","","","","","","","","","false","true","true","1","1"
"po_1GaBffAhXr9x8yiRXaS9qVP1","bdep_0a22ec805e9680733650ccb1","485.2","USD","2020-04-21","2020-04-22","false","","bdep_0a22ec805e9680733650ccb1","bnk_0a22ec805e9680733650ccb1","2020-04-22","485.2","USD","","","STRIPE           TRANSFER          ST-P7I4Y2X0V8Y0 THE WILDFLOWER FOUNDAT","[{""id"":""pu_ch_1Ga2vsAhXr9x8yiRunWDsfcd"",""kind"":""stripe_charge"",""stripe_charge_id"":""ch_1Ga2vsAhXr9x8yiRunWDsfcd"",""gross_amount"":""500.00"",""fee_amount"":""14.80"",""net_amount"":""485.20"",""currency"":""USD"",""received_date"":""2020-04-20"",""lifecycle"":""received"",""qb_direct"":""false"",""qb_direct_provenance"":"""",""reaches_qb_anywhere"":""false""}]","1","0","false","","","","","","","","","","","","","","","","","","","","","","","","","","false","false","false","1","0"
"po_1GaXy7AhXr9x8yiRU4Qof69l","bdep_f614ed3490e90b47130e064b","5025.88","USD","2020-04-22","2020-04-23","false","","bdep_f614ed3490e90b47130e064b","bnk_f614ed3490e90b47130e064b","2020-04-23","5025.88","USD","","","STRIPE           TRANSFER          ST-A2R1C4Q1W5P8 THE WILDFLOWER FOUNDAT","[{""id"":""pu_ch_1GaU9WAhXr9x8yiROS1ZEMct"",""kind"":""stripe_charge"",""stripe_charge_id"":""ch_1GaU9WAhXr9x8yiROS1ZEMct"",""gross_amount"":""5176.29"",""fee_amount"":""150.41"",""net_amount"":""5025.88"",""currency"":""USD"",""received_date"":""2020-04-21"",""lifecycle"":""received"",""qb_direct"":""false"",""qb_direct_provenance"":"""",""reaches_qb_anywhere"":""false""}]","1","0","false","","","","","","","","","","","","","","","","","","","","","","","","","","false","false","false","1","0"
"po_1GsJI6AhXr9x8yiRIJu49HRr","bdep_b045cc113b95db03511eb5a7","502.59","USD","2020-06-10","2020-06-11","false","","bdep_b045cc113b95db03511eb5a7","bnk_b045cc113b95db03511eb5a7","2020-06-11","502.59","USD","","","STRIPE           TRANSFER          ST-I8U8F0P3V7Z8 THE WILDFLOWER FOUNDAT","[{""id"":""pu_ch_1Gs90LAhXr9x8yiRN2cIlbMn"",""kind"":""stripe_charge"",""stripe_charge_id"":""ch_1Gs90LAhXr9x8yiRN2cIlbMn"",""gross_amount"":""517.91"",""fee_amount"":""15.32"",""net_amount"":""502.59"",""currency"":""USD"",""received_date"":""2020-06-09"",""lifecycle"":""received"",""qb_direct"":""false"",""qb_direct_provenance"":"""",""reaches_qb_anywhere"":""false""}]","1","0","false","","","","","","","","","","","","","","","","","","","","","","","","","","false","false","false","1","0"
"po_1GuqqFAhXr9x8yiRjWA50JGQ","bdep_90456f0be030a385bbb1def4","485.2","USD","2020-06-17","2020-06-18","false","","bdep_90456f0be030a385bbb1def4","bnk_90456f0be030a385bbb1def4","2020-06-18","485.2","USD","","","STRIPE           TRANSFER          ST-Z3W8Y6V5O8W1 THE WILDFLOWER FOUNDAT","[{""id"":""pu_ch_1Gun1lAhXr9x8yiRzmQpsAhS"",""kind"":""stripe_charge"",""stripe_charge_id"":""ch_1Gun1lAhXr9x8yiRzmQpsAhS"",""gross_amount"":""500.00"",""fee_amount"":""14.80"",""net_amount"":""485.20"",""currency"":""USD"",""received_date"":""2020-06-16"",""lifecycle"":""received"",""qb_direct"":""false"",""qb_direct_provenance"":"""",""reaches_qb_anywhere"":""false""}]","1","0","false","","","","","","","","","","","","","","","","","","","","","","","","","","false","false","false","1","0"
"po_1HBWLpAhXr9x8yiRl80TfMxS","bdep_6a096e75489f7d9854451ca8","119.13","USD","2020-08-02","2020-08-03","false","","bdep_6a096e75489f7d9854451ca8","bnk_6a096e75489f7d9854451ca8","2020-08-03","119.13","USD","","","STRIPE           TRANSFER          ST-C1E2B3G8T0C5 THE WILDFLOWER FOUNDAT","[{""id"":""pu_ch_1HAafXAhXr9x8yiR5nig0D8s"",""kind"":""stripe_charge"",""stripe_charge_id"":""ch_1HAafXAhXr9x8yiR5nig0D8s"",""gross_amount"":""124.53"",""fee_amount"":""5.40"",""net_amount"":""119.13"",""currency"":""USD"",""received_date"":""2020-07-30"",""lifecycle"":""received"",""qb_direct"":""false"",""qb_direct_provenance"":"""",""reaches_qb_anywhere"":""false""}]","1","0","false","","","","","","","","","","","","","","","","","","","","","","","","","","false","false","false","1","0"
"po_1HQkPGAhXr9x8yiR19YgI5pr","bdep_531dec06c792e728f9a2042b","124.09","USD","2020-09-13","2020-09-14","false","","bdep_531dec06c792e728f9a2042b","bnk_531dec06c792e728f9a2042b","2020-09-14","124.09","USD","","","STRIPE           TRANSFER          ST-E5V9I6C0Z9I7 THE WILDFLOWER FOUNDAT","[{""id"":""pu_ch_1HPuA5AhXr9x8yiRAWVeh5N2"",""kind"":""stripe_charge"",""stripe_charge_id"":""ch_1HPuA5AhXr9x8yiRAWVeh5N2"",""gross_amount"":""129.71"",""fee_amount"":""5.62"",""net_amount"":""124.09"",""currency"":""USD"",""received_date"":""2020-09-10"",""lifecycle"":""received"",""qb_direct"":""false"",""qb_direct_provenance"":"""",""reaches_qb_anywhere"":""false""}]","1","0","false","","","","","","","","","","","","","","","","","","","","","","","","","","false","false","false","1","0"
"po_1HU0hKAhXr9x8yiRs9pJnXWL","bdep_be2eb9808d1b10c96eeaa527","191.5","USD","2020-09-22","2020-09-23","false","","bdep_be2eb9808d1b10c96eeaa527","bnk_be2eb9808d1b10c96eeaa527","2020-09-23","191.5","USD","","","STRIPE           TRANSFER          ST-X9E9G4P2M6D8 THE WILDFLOWER FOUNDAT","[{""id"":""pu_ch_1HTWq8AhXr9x8yiRAdHHwg8l"",""kind"":""stripe_charge"",""stripe_charge_id"":""ch_1HTWq8AhXr9x8yiRAdHHwg8l"",""gross_amount"":""200.00"",""fee_amount"":""8.50"",""net_amount"":""191.50"",""currency"":""USD"",""received_date"":""2020-09-20"",""lifecycle"":""received"",""qb_direct"":""false"",""qb_direct_provenance"":"""",""reaches_qb_anywhere"":""false""}]","1","0","false","","","","","","","","","","","","","","","","","","","","","","","","","","false","false","false","1","0"
"po_1His2vAhXr9x8yiRrZWfatyZ","bdep_a8e3cf9f6fa5dde9c7b5b860","99.27","USD","2020-11-02","2020-11-03","false","","bdep_a8e3cf9f6fa5dde9c7b5b860","bnk_a8e3cf9f6fa5dde9c7b5b860","2020-11-03","99.27","USD","","","STRIPE           TRANSFER          ST-U9Z4C3Q6O3C0 THE WILDFLOWER FOUNDAT","[{""id"":""pu_ch_1HhyRYAhXr9x8yiRRjdeu6jz"",""kind"":""stripe_charge"",""stripe_charge_id"":""ch_1HhyRYAhXr9x8yiRRjdeu6jz"",""gross_amount"":""103.83"",""fee_amount"":""4.56"",""net_amount"":""99.27"",""currency"":""USD"",""received_date"":""2020-10-30"",""lifecycle"":""received"",""qb_direct"":""false"",""qb_direct_provenance"":"""",""reaches_qb_anywhere"":""false""}]","1","0","false","","","","","","","","","","","","","","","","","","","","","","","","","","false","false","false","1","0"
"po_1HjbR6AhXr9x8yiRzMxCWtDK","bdep_f9d764f20d1b947e8836892f","99.27","USD","2020-11-04","2020-11-05","false","","bdep_f9d764f20d1b947e8836892f","bnk_f9d764f20d1b947e8836892f","2020-11-05","99.27","USD","","","STRIPE           TRANSFER          ST-G6V4I2H2R5Y5 THE WILDFLOWER FOUNDAT","[{""id"":""pu_ch_1HjLNXAhXr9x8yiR7IMnlIay"",""kind"":""stripe_charge"",""stripe_charge_id"":""ch_1HjLNXAhXr9x8yiR7IMnlIay"",""gross_amount"":""103.83"",""fee_amount"":""4.56"",""net_amount"":""99.27"",""currency"":""USD"",""received_date"":""2020-11-03"",""lifecycle"":""received"",""qb_direct"":""false"",""qb_direct_provenance"":"""",""reaches_qb_anywhere"":""false""}]","1","0","false","","","","","","","","","","","","","","","","","","","","","","","","","","false","false","false","1","0"
"po_1HoJrjAhXr9x8yiRYSWv6QIu","bdep_a90739e44dca4774ba6e231d","479.2","USD","2020-11-17","2020-11-18","false","","bdep_a90739e44dca4774ba6e231d","bnk_a90739e44dca4774ba6e231d","2020-11-18","479.2","USD","","","STRIPE           TRANSFER          ST-D4F4B3W9Q7I9 THE WILDFLOWER FOUNDAT","[{""id"":""pu_ch_1HoDaIAhXr9x8yiR32VDoogz"",""kind"":""stripe_charge"",""stripe_charge_id"":""ch_1HoDaIAhXr9x8yiR32VDoogz"",""gross_amount"":""500.00"",""fee_amount"":""20.80"",""net_amount"":""479.20"",""currency"":""USD"",""received_date"":""2020-11-16"",""lifecycle"":""received"",""qb_direct"":""false"",""qb_direct_provenance"":"""",""reaches_qb_anywhere"":""false""}]","1","0","false","","","","","","","","","","","","","","","","","","","","","","","","","","false","false","false","1","0"
"po_1HsedHAhXr9x8yiR7JhSdjpG","bdep_f85a91eb28c9731ea0f4f188","2.57","USD","2020-11-29","2020-11-30","false","","bdep_f85a91eb28c9731ea0f4f188","bnk_f85a91eb28c9731ea0f4f188","2020-11-30","2.57","USD","","","STRIPE           TRANSFER          ST-N4O7V3S3R3E8 THE WILDFLOWER FOUNDAT","[{""id"":""pu_ch_1HrR34AhXr9x8yiRCDpYpCSr"",""kind"":""stripe_charge"",""stripe_charge_id"":""ch_1HrR34AhXr9x8yiRCDpYpCSr"",""gross_amount"":""3.00"",""fee_amount"":""0.43"",""net_amount"":""2.57"",""currency"":""USD"",""received_date"":""2020-11-25"",""lifecycle"":""received"",""qb_direct"":""false"",""qb_direct_provenance"":"""",""reaches_qb_anywhere"":""false""}]","1","0","false","","","","","","","","","","","","","","","","","","","","","","","","","","false","false","false","1","0"
"po_1HtOhoAhXr9x8yiRmHh0t5HL","bdep_e12dbd62f23fc0200bff3f52","120.42","USD","2020-12-01","2020-12-02","false","","bdep_e12dbd62f23fc0200bff3f52","bnk_e12dbd62f23fc0200bff3f52","2020-12-02","120.42","USD","","","STRIPE           TRANSFER          ST-B9Z5K1J8F9G1 THE WILDFLOWER FOUNDAT","[{""id"":""pu_ch_1HtG0MAhXr9x8yiRjLcCp02r"",""kind"":""stripe_charge"",""stripe_charge_id"":""ch_1HtG0MAhXr9x8yiRjLcCp02r"",""gross_amount"":""100.00"",""fee_amount"":""4.40"",""net_amount"":""95.60"",""currency"":""USD"",""received_date"":""2020-11-30"",""lifecycle"":""received"",""qb_direct"":""false"",""qb_direct_provenance"":"""",""reaches_qb_anywhere"":""false""},{""id"":""pu_ch_1HtIdxAhXr9x8yiRYkLACz46"",""kind"":""stripe_charge"",""stripe_charge_id"":""ch_1HtIdxAhXr9x8yiRYkLACz46"",""gross_amount"":""26.19"",""fee_amount"":""1.37"",""net_amount"":""24.82"",""currency"":""USD"",""received_date"":""2020-11-30"",""lifecycle"":""received"",""qb_direct"":""false"",""qb_direct_provenance"":"""",""reaches_qb_anywhere"":""false""}]","2","0","false","","","","","","","","","","","","","","","","","","","","","","","","","","false","false","false","2","0"
"po_1HtksDAhXr9x8yiRBvXA8Nlt","bdep_269fbde415576c4fc740edeb","3199.32","USD","2020-12-02","2020-12-03","false","","bdep_269fbde415576c4fc740edeb","bnk_269fbde415576c4fc740edeb","2020-12-03","3199.32","USD","","","STRIPE           TRANSFER          ST-B2I6J5O6G0F1 THE WILDFLOWER FOUNDAT","[{""id"":""pu_ch_1HtOwaAhXr9x8yiRWUz9kOIV"",""kind"":""stripe_charge"",""stripe_charge_id"":""ch_1HtOwaAhXr9x8yiRWUz9kOIV"",""gross_amount"":""50.00"",""fee_amount"":""2.35"",""net_amount"":""47.65"",""currency"":""USD"",""received_date"":""2020-11-30"",""lifecycle"":""received"",""qb_direct"":""false"",""qb_direct_provenance"":"""",""reaches_qb_anywhere"":""false""},{""id"":""pu_ch_1HtaUQAhXr9x8yiRXIivBR4A"",""kind"":""stripe_charge"",""stripe_charge_id"":""ch_1HtaUQAhXr9x8yiRXIivBR4A"",""gross_amount"":""26.19"",""fee_amount"":""1.37"",""net_amount"":""24.82"",""currency"":""USD"",""received_date"":""2020-12-01"",""lifecycle"":""received"",""qb_direct"":""false"",""qb_direct_provenance"":"""",""reaches_qb_anywhere"":""false""},{""id"":""pu_ch_1HtaxfAhXr9x8yiR1fgNBHKG"",""kind"":""stripe_charge"",""stripe_charge_id"":""ch_1HtaxfAhXr9x8yiR1fgNBHKG"",""gross_amount"":""259.11"",""fee_amount"":""10.92"",""net_amount"":""248.19"",""currency"":""USD"",""received_date"":""2020-12-01"",""lifecycle"":""received"",""qb_direct"":""false"",""qb_direct_provenance"":"""",""reaches_qb_anywhere"":""false""},{""id"":""pu_ch_1Htb4aAhXr9x8yiR5zl1B7f4"",""kind"":""stripe_charge"",""stripe_charge_id"":""ch_1Htb4aAhXr9x8yiR5zl1B7f4"",""gross_amount"":""1553.11"",""fee_amount"":""63.98"",""net_amount"":""1489.13"",""currency"":""USD"",""received_date"":""2020-12-01"",""lifecycle"":""received"",""qb_direct"":""false"",""qb_direct_provenance"":"""",""reaches_qb_anywhere"":""false""},{""id"":""pu_ch_1HtbMRAhXr9x8yiRWJnEUpgv"",""kind"":""stripe_charge"",""stripe_charge_id"":""ch_1HtbMRAhXr9x8yiRWJnEUpgv"",""gross_amount"":""259.11"",""fee_amount"":""10.92"",""net_amount"":""248.19"",""currency"":""USD"",""received_date"":""2020-12-01"",""lifecycle"":""received"",""qb_direct"":""false"",""qb_direct_provenance"":"""",""reaches_qb_anywhere"":""false""},{""id"":""pu_ch_1Htbv0AhXr9x8yiRvRT2XkMo"",""kind"":""stripe_charge"",""stripe_charge_id"":""ch_1Htbv0AhXr9x8yiRvRT2XkMo"",""gross_amount"":""103.83"",""fee_amount"":""4.56"",""net_amount"":""99.27"",""currency"":""USD"",""received_date"":""2020-12-01"",""lifecycle"":""received"",""qb_direct"":""false"",""qb_direct_provenance"":"""",""reaches_qb_anywhere"":""false""},{""id"":""pu_ch_1HtbzbAhXr9x8yiRwpeUVrze"",""kind"":""stripe_charge"",""stripe_charge_id"":""ch_1HtbzbAhXr9x8yiRwpeUVrze"",""gross_amount"":""50.00"",""fee_amount"":""2.35"",""net_amount"":""47.65"",""currency"":""USD"",""received_date"":""2020-12-01"",""lifecycle"":""received"",""qb_direct"":""false"",""qb_direct_provenance"":"""",""reaches_qb_anywhere"":""false""},{""id"":""pu_ch_1Htc52AhXr9x8yiRFOEzzsU2"",""kind"":""stripe_charge"",""stripe_charge_id"":""ch_1Htc52AhXr9x8yiRFOEzzsU2"",""gross_amount"":""103.83"",""fee_amount"":""4.56"",""net_amount"":""99.27"",""currency"":""USD"",""received_date"":""2020-12-01"",""lifecycle"":""received"",""qb_direct"":""false"",""qb_direct_provenance"":"""",""reaches_qb_anywhere"":""false""},{""id"":""pu_ch_1HtcFZAhXr9x8yiRFQwsTiG9"",""kind"":""stripe_charge"",""stripe_charge_id"":""ch_1HtcFZAhXr9x8yiRFQwsTiG9"",""gross_amount"":""103.83"",""fee_amount"":""4.56"",""net_amount"":""99.27"",""currency"":""USD"",""received_date"":""2020-12-01"",""lifecycle"":""received"",""qb_direct"":""false"",""qb_direct_provenance"":"""",""reaches_qb_anywhere"":""false""},{""id"":""pu_ch_1HtcuOAhXr9x8yiRRpfCmVNH"",""kind"":""stripe_charge"",""stripe_charge_id"":""ch_1HtcuOAhXr9x8yiRRpfCmVNH"",""gross_amount"":""300.00"",""fee_amount"":""12.60"",""net_amount"":""287.40"",""currency"":""USD"",""received_date"":""2020-12-01"",""lifecycle"":""received"",""qb_direct"":""false"",""qb_direct_provenance"":"""",""reaches_qb_anywhere"":""false""},{""id"":""pu_ch_1Htdo6AhXr9x8yiRSWfW74Tk"",""kind"":""stripe_charge"",""stripe_charge_id"":""ch_1Htdo6AhXr9x8yiRSWfW74Tk"",""gross_amount"":""26.19"",""fee_amount"":""1.37"",""net_amount"":""24.82"",""currency"":""USD"",""received_date"":""2020-12-01"",""lifecycle"":""received"",""qb_direct"":""false"",""qb_direct_provenance"":"""",""reaches_qb_anywhere"":""false""},{""id"":""pu_ch_1HtfKGAhXr9x8yiRmb8xKKhr"",""kind"":""stripe_charge"",""stripe_charge_id"":""ch_1HtfKGAhXr9x8yiRmb8xKKhr"",""gross_amount"":""250.00"",""fee_amount"":""10.55"",""net_amount"":""239.45"",""currency"":""USD"",""received_date"":""2020-12-01"",""lifecycle"":""received"",""qb_direct"":""false"",""qb_direct_provenance"":"""",""reaches_qb_anywhere"":""false""},{""id"":""pu_ch_1HtfVuAhXr9x8yiRjZAtIUlZ"",""kind"":""stripe_charge"",""stripe_charge_id"":""ch_1HtfVuAhXr9x8yiRjZAtIUlZ"",""gross_amount"":""50.00"",""fee_amount"":""2.35"",""net_amount"":""47.65"",""currency"":""USD"",""received_date"":""2020-12-01"",""lifecycle"":""received"",""qb_direct"":""false"",""qb_direct_provenance"":"""",""reaches_qb_anywhere"":""false""},{""id"":""pu_ch_1HtgWAAhXr9x8yiRsKrLF1T8"",""kind"":""stripe_charge"",""stripe_charge_id"":""ch_1HtgWAAhXr9x8yiRsKrLF1T8"",""gross_amount"":""26.19"",""fee_amount"":""1.37"",""net_amount"":""24.82"",""currency"":""USD"",""received_date"":""2020-12-01"",""lifecycle"":""received"",""qb_direct"":""false"",""qb_direct_provenance"":"""",""reaches_qb_anywhere"":""false""},{""id"":""pu_ch_1HtgahAhXr9x8yiRM9lATA0n"",""kind"":""stripe_charge"",""stripe_charge_id"":""ch_1HtgahAhXr9x8yiRM9lATA0n"",""gross_amount"":""103.83"",""fee_amount"":""4.56"",""net_amount"":""99.27"",""currency"":""USD"",""received_date"":""2020-12-01"",""lifecycle"":""received"",""qb_direct"":""false"",""qb_direct_provenance"":"""",""reaches_qb_anywhere"":""false""},{""id"":""pu_ch_1HthIqAhXr9x8yiRFmaF3ude"",""kind"":""stripe_charge"",""stripe_charge_id"":""ch_1HthIqAhXr9x8yiRFmaF3ude"",""gross_amount"":""50.00"",""fee_amount"":""2.35"",""net_amount"":""47.65"",""currency"":""USD"",""received_date"":""2020-12-01"",""lifecycle"":""received"",""qb_direct"":""false"",""qb_direct_provenance"":"""",""reaches_qb_anywhere"":""false""},{""id"":""pu_ch_1HtiazAhXr9x8yiRr94g9zNC"",""kind"":""stripe_charge"",""stripe_charge_id"":""ch_1HtiazAhXr9x8yiRr94g9zNC"",""gross_amount"":""26.19"",""fee_amount"":""1.37"",""net_amount"":""24.82"",""currency"":""USD"",""received_date"":""2020-12-01"",""lifecycle"":""received"",""qb_direct"":""false"",""qb_direct_provenance"":"""",""reaches_qb_anywhere"":""false""}]","17","0","false","","","","","","","","","","","","","","","","","","","","","","","","","","false","false","false","17","0"
"po_1Hu6g7AhXr9x8yiRXg76I3oy","bdep_6aa880e43bf5bb418028e0ca","940.06","USD","2020-12-03","2020-12-04","false","","bdep_6aa880e43bf5bb418028e0ca","bnk_6aa880e43bf5bb418028e0ca","2020-12-04","940.06","USD","","","STRIPE           TRANSFER          ST-T4J9M2I4R9F8 THE WILDFLOWER FOUNDAT","[{""id"":""pu_ch_1HtkCDAhXr9x8yiRqyDYTt0i"",""kind"":""stripe_charge"",""stripe_charge_id"":""ch_1HtkCDAhXr9x8yiRqyDYTt0i"",""gross_amount"":""21.01"",""fee_amount"":""1.16"",""net_amount"":""19.85"",""currency"":""USD"",""received_date"":""2020-12-01"",""lifecycle"":""received"",""qb_direct"":""false"",""qb_direct_provenance"":"""",""reaches_qb_anywhere"":""false""},{""id"":""pu_ch_1HtkNiAhXr9x8yiR4Qm5wryu"",""kind"":""stripe_charge"",""stripe_charge_id"":""ch_1HtkNiAhXr9x8yiR4Qm5wryu"",""gross_amount"":""103.83"",""fee_amount"":""4.56"",""net_amount"":""99.27"",""currency"":""USD"",""received_date"":""2020-12-01"",""lifecycle"":""received"",""qb_direct"":""false"",""qb_direct_provenance"":"""",""reaches_qb_anywhere"":""false""},{""id"":""pu_ch_1Htl3KAhXr9x8yiRhH1kJAE6"",""kind"":""stripe_charge"",""stripe_charge_id"":""ch_1Htl3KAhXr9x8yiRhH1kJAE6"",""gross_amount"":""100.00"",""fee_amount"":""4.40"",""net_amount"":""95.60"",""currency"":""USD"",""received_date"":""2020-12-01"",""lifecycle"":""received"",""qb_direct"":""false"",""qb_direct_provenance"":"""",""reaches_qb_anywhere"":""false""},{""id"":""pu_ch_1HtlW1AhXr9x8yiRKQ5qT5PW"",""kind"":""stripe_charge"",""stripe_charge_id"":""ch_1HtlW1AhXr9x8yiRKQ5qT5PW"",""gross_amount"":""100.00"",""fee_amount"":""4.40"",""net_amount"":""95.60"",""currency"":""USD"",""received_date"":""2020-12-01"",""lifecycle"":""received"",""qb_direct"":""false"",""qb_direct_provenance"":"""",""reaches_qb_anywhere"":""false""},{""id"":""pu_ch_1HtlaiAhXr9x8yiRjctzrcsd"",""kind"":""stripe_charge"",""stripe_charge_id"":""ch_1HtlaiAhXr9x8yiRjctzrcsd"",""gross_amount"":""100.00"",""fee_amount"":""4.40"",""net_amount"":""95.60"",""currency"":""USD"",""received_date"":""2020-12-01"",""lifecycle"":""received"",""qb_direct"":""false"",""qb_direct_provenance"":"""",""reaches_qb_anywhere"":""false""},{""id"":""pu_ch_1HtlxEAhXr9x8yiRsVsTkXDh"",""kind"":""stripe_charge"",""stripe_charge_id"":""ch_1HtlxEAhXr9x8yiRsVsTkXDh"",""gross_amount"":""26.19"",""fee_amount"":""1.37"",""net_amount"":""24.82"",""currency"":""USD"",""received_date"":""2020-12-01"",""lifecycle"":""received"",""qb_direct"":""false"",""qb_direct_provenance"":"""",""reaches_qb_anywhere"":""false""},{""id"":""pu_ch_1HtmGmAhXr9x8yiRR0ktUKNi"",""kind"":""stripe_charge"",""stripe_charge_id"":""ch_1HtmGmAhXr9x8yiRR0ktUKNi"",""gross_amount"":""250.00"",""fee_amount"":""10.55"",""net_amount"":""239.45"",""currency"":""USD"",""received_date"":""2020-12-01"",""lifecycle"":""received"",""qb_direct"":""false"",""qb_direct_provenance"":"""",""reaches_qb_anywhere"":""false""},{""id"":""pu_ch_1HtmRGAhXr9x8yiRMxE6bTDh"",""kind"":""stripe_charge"",""stripe_charge_id"":""ch_1HtmRGAhXr9x8yiRMxE6bTDh"",""gross_amount"":""25.00"",""fee_amount"":""1.33"",""net_amount"":""23.67"",""currency"":""USD"",""received_date"":""2020-12-01"",""lifecycle"":""received"",""qb_direct"":""false"",""qb_direct_provenance"":"""",""reaches_qb_anywhere"":""false""},{""id"":""pu_ch_1Htmc6AhXr9x8yiRS8zVzEXg"",""kind"":""stripe_charge"",""stripe_charge_id"":""ch_1Htmc6AhXr9x8yiRS8zVzEXg"",""gross_amount"":""26.19"",""fee_amount"":""1.37"",""net_amount"":""24.82"",""currency"":""USD"",""received_date"":""2020-12-01"",""lifecycle"":""received"",""qb_direct"":""false"",""qb_direct_provenance"":"""",""reaches_qb_anywhere"":""false""},{""id"":""pu_ch_1Htu0gAhXr9x8yiRmCVb54jM"",""kind"":""stripe_charge"",""stripe_charge_id"":""ch_1Htu0gAhXr9x8yiRmCVb54jM"",""gross_amount"":""50.00"",""fee_amount"":""2.35"",""net_amount"":""47.65"",""currency"":""USD"",""received_date"":""2020-12-02"",""lifecycle"":""received"",""qb_direct"":""false"",""qb_direct_provenance"":"""",""reaches_qb_anywhere"":""false""},{""id"":""pu_ch_1HtvpTAhXr9x8yiRBwK3TUhk"",""kind"":""stripe_charge"",""stripe_charge_id"":""ch_1HtvpTAhXr9x8yiRBwK3TUhk"",""gross_amount"":""26.19"",""fee_amount"":""1.37"",""net_amount"":""24.82"",""currency"":""USD"",""received_date"":""2020-12-02"",""lifecycle"":""received"",""qb_direct"":""false"",""qb_direct_provenance"":"""",""reaches_qb_anywhere"":""false""},{""id"":""pu_ch_1HtxctAhXr9x8yiRa0yMlTtT"",""kind"":""stripe_charge"",""stripe_charge_id"":""ch_1HtxctAhXr9x8yiRa0yMlTtT"",""gross_amount"":""103.83"",""fee_amount"":""4.56"",""net_amount"":""99.27"",""currency"":""USD"",""received_date"":""2020-12-02"",""lifecycle"":""received"",""qb_direct"":""false"",""qb_direct_provenance"":"""",""reaches_qb_anywhere"":""false""},{""id"":""pu_ch_1HtyIHAhXr9x8yiRvm1KgHEV"",""kind"":""stripe_charge"",""stripe_charge_id"":""ch_1HtyIHAhXr9x8yiRvm1KgHEV"",""gross_amount"":""52.07"",""fee_amount"":""2.43"",""net_amount"":""49.64"",""currency"":""USD"",""received_date"":""2020-12-02"",""lifecycle"":""received"",""qb_direct"":""false"",""qb_direct_provenance"":"""",""reaches_qb_anywhere"":""false""}]","13","0","false","","","","","","","","","","","","","","","","","","","","","","","","","","false","false","false","13","0"
"po_1HvuewAhXr9x8yiRzoIptzyJ","bdep_1873e581e2c8ae90be73148d","125","USD","2020-12-08","2020-12-09","false","","bdep_1873e581e2c8ae90be73148d","bnk_1873e581e2c8ae90be73148d","2020-12-09","125","USD","","","STRIPE           TRANSFER          ST-G9N4H0M5N7Q1 THE WILDFLOWER FOUNDAT","[{""id"":""pu_py_1HtSMoAhXr9x8yiRjwpcybdj"",""kind"":""stripe_charge"",""stripe_charge_id"":""py_1HtSMoAhXr9x8yiRjwpcybdj"",""gross_amount"":""102.04"",""fee_amount"":""2.04"",""net_amount"":""100.00"",""currency"":""USD"",""received_date"":""2020-12-01"",""lifecycle"":""received"",""qb_direct"":""false"",""qb_direct_provenance"":"""",""reaches_qb_anywhere"":""false""},{""id"":""pu_py_1Htg0oAhXr9x8yiRlKOWzRFm"",""kind"":""stripe_charge"",""stripe_charge_id"":""py_1Htg0oAhXr9x8yiRlKOWzRFm"",""gross_amount"":""25.51"",""fee_amount"":""0.51"",""net_amount"":""25.00"",""currency"":""USD"",""received_date"":""2020-12-01"",""lifecycle"":""received"",""qb_direct"":""false"",""qb_direct_provenance"":"""",""reaches_qb_anywhere"":""false""}]","2","0","false","","","","","","","","","","","","","","","","","","","","","","","","","","false","false","false","2","0"
"po_1HvvsaAhXr9x8yiRt6iAEdBq","bdep_cb0e5156124f1f533aed863f","248.19","USD","2020-12-08","2020-12-09","false","","bdep_cb0e5156124f1f533aed863f","bnk_cb0e5156124f1f533aed863f","2020-12-09","248.19","USD","","","STRIPE           TRANSFER          ST-B9S8A5M7G1H4 THE WILDFLOWER FOUNDAT","[{""id"":""pu_ch_1HvpIbAhXr9x8yiR2WtuSesI"",""kind"":""stripe_charge"",""stripe_charge_id"":""ch_1HvpIbAhXr9x8yiR2WtuSesI"",""gross_amount"":""259.11"",""fee_amount"":""10.92"",""net_amount"":""248.19"",""currency"":""USD"",""received_date"":""2020-12-07"",""lifecycle"":""received"",""qb_direct"":""false"",""qb_direct_provenance"":"""",""reaches_qb_anywhere"":""false""}]","1","0","false","","","","","","","","","","","","","","","","","","","","","","","","","","false","false","false","1","0"
"po_1HwHQPAhXr9x8yiRGaIiY5wY","bdep_1ddd7c8430a70870973d4cd2","271.86","USD","2020-12-09","2020-12-10","false","","bdep_1ddd7c8430a70870973d4cd2","bnk_1ddd7c8430a70870973d4cd2","2020-12-10","271.86","USD","","","STRIPE           TRANSFER          ST-O5D2M5A9S3P7 THE WILDFLOWER FOUNDAT","[{""id"":""pu_ch_1HvttyAhXr9x8yiR4G8rawAc"",""kind"":""stripe_charge"",""stripe_charge_id"":""ch_1HvttyAhXr9x8yiR4G8rawAc"",""gross_amount"":""25.00"",""fee_amount"":""1.33"",""net_amount"":""23.67"",""currency"":""USD"",""received_date"":""2020-12-07"",""lifecycle"":""received"",""qb_direct"":""false"",""qb_direct_provenance"":"""",""reaches_qb_anywhere"":""false""},{""id"":""pu_ch_1HwB02AhXr9x8yiRtTAs1kLs"",""kind"":""stripe_charge"",""stripe_charge_id"":""ch_1HwB02AhXr9x8yiRtTAs1kLs"",""gross_amount"":""259.11"",""fee_amount"":""10.92"",""net_amount"":""248.19"",""currency"":""USD"",""received_date"":""2020-12-08"",""lifecycle"":""received"",""qb_direct"":""false"",""qb_direct_provenance"":"""",""reaches_qb_anywhere"":""false""}]","2","0","false","","","","","","","","","","","","","","","","","","","","","","","","","","false","false","false","2","0"
"po_1I10aWAhXr9x8yiRlFU9Xg67","bdep_cabe7742ee31f6ecdee5fba0","496.38","USD","2020-12-22","2020-12-23","false","","bdep_cabe7742ee31f6ecdee5fba0","bnk_cabe7742ee31f6ecdee5fba0","2020-12-23","496.38","USD","","","STRIPE           TRANSFER          ST-S4T9J4M5A1C7 THE WILDFLOWER FOUNDAT","[{""id"":""pu_ch_1I0w5JAhXr9x8yiR4RVonoKs"",""kind"":""stripe_charge"",""stripe_charge_id"":""ch_1I0w5JAhXr9x8yiR4RVonoKs"",""gross_amount"":""517.91"",""fee_amount"":""21.53"",""net_amount"":""496.38"",""currency"":""USD"",""received_date"":""2020-12-21"",""lifecycle"":""received"",""qb_direct"":""false"",""qb_direct_provenance"":"""",""reaches_qb_anywhere"":""false""}]","1","0","false","","","","","","","","","","","","","","","","","","","","","","","","","","false","false","false","1","0"
"po_1I1M8UAhXr9x8yiRtITT7LoX","bdep_44025274156b01d27ae4707b","479.2","USD","2020-12-23","2020-12-24","false","","bdep_44025274156b01d27ae4707b","bnk_44025274156b01d27ae4707b","2020-12-24","479.2","USD","","","STRIPE           TRANSFER          ST-I4L0K2K0K1H8 THE WILDFLOWER FOUNDAT","[{""id"":""pu_ch_1I0ybNAhXr9x8yiR73JwEriA"",""kind"":""stripe_charge"",""stripe_charge_id"":""ch_1I0ybNAhXr9x8yiR73JwEriA"",""gross_amount"":""500.00"",""fee_amount"":""20.80"",""net_amount"":""479.20"",""currency"":""USD"",""received_date"":""2020-12-21"",""lifecycle"":""received"",""qb_direct"":""false"",""qb_direct_provenance"":"""",""reaches_qb_anywhere"":""false""}]","1","0","false","","","","","","","","","","","","","","","","","","","","","","","","","","false","false","false","1","0"
"po_1I3uNRAhXr9x8yiR4sP47keF","bdep_a34ef9128e93c2344376d5bf","99.27","USD","2020-12-30","2020-12-31","false","","bdep_a34ef9128e93c2344376d5bf","bnk_a34ef9128e93c2344376d5bf","2020-12-31","99.27","USD","","","STRIPE           TRANSFER          ST-M2V3F1I2G3M5 THE WILDFLOWER FOUNDAT","[{""id"":""pu_ch_1I3o4FAhXr9x8yiRLIvDs12k"",""kind"":""stripe_charge"",""stripe_charge_id"":""ch_1I3o4FAhXr9x8yiRLIvDs12k"",""gross_amount"":""103.83"",""fee_amount"":""4.56"",""net_amount"":""99.27"",""currency"":""USD"",""received_date"":""2020-12-29"",""lifecycle"":""received"",""qb_direct"":""false"",""qb_direct_provenance"":"""",""reaches_qb_anywhere"":""false""}]","1","0","false","","","","","","","","","","","","","","","","","","","","","","","","","","false","false","false","1","0"
"po_1I5i1cAhXr9x8yiR69t8ZwmN","bdep_0715f2450cf4bde928c0809b","479.2","USD","2021-01-04","2021-01-05","true","","bdep_0715f2450cf4bde928c0809b","bnk_0715f2450cf4bde928c0809b","2021-01-05","479.2","USD","","","STRIPE           TRANSFER          ST-Z3J0V5O4A0M5 THE WILDFLOWER FOUNDAT","[{""id"":""pu_ch_1I4YyxAhXr9x8yiRXwzAjtlU"",""kind"":""stripe_charge"",""stripe_charge_id"":""ch_1I4YyxAhXr9x8yiRXwzAjtlU"",""gross_amount"":""500.00"",""fee_amount"":""20.80"",""net_amount"":""479.20"",""currency"":""USD"",""received_date"":""2020-12-31"",""lifecycle"":""received"",""qb_direct"":""false"",""qb_direct_provenance"":"""",""reaches_qb_anywhere"":""false""}]","1","0","false","","","","","","","","","","","","","","","","","","","","","","","","","","false","false","false","1","0"
"po_1I64YuAhXr9x8yiRQ89ltowM","bdep_97332f28f6faf359999f8c10","24.82","USD","2021-01-05","2021-01-06","false","","bdep_97332f28f6faf359999f8c10","bnk_97332f28f6faf359999f8c10","2021-01-06","24.82","USD","","","STRIPE           TRANSFER          ST-P8F5G0M6C5J5 THE WILDFLOWER FOUNDAT","[{""id"":""pu_ch_1I5bz3AhXr9x8yiRy5sRkjdg"",""kind"":""stripe_charge"",""stripe_charge_id"":""ch_1I5bz3AhXr9x8yiRy5sRkjdg"",""gross_amount"":""26.19"",""fee_amount"":""1.37"",""net_amount"":""24.82"",""currency"":""USD"",""received_date"":""2021-01-03"",""lifecycle"":""received"",""qb_direct"":""false"",""qb_direct_provenance"":"""",""reaches_qb_anywhere"":""false""}]","1","0","false","","","","","","","","","","","","","","","","","","","","","","","","","","false","false","false","1","0"
"po_1I8FS2AhXr9x8yiRyBDfBJIB","bdep_7871da90df169cbce5ce9a5d","23.67","USD","2021-01-11","2021-01-12","false","","bdep_7871da90df169cbce5ce9a5d","bnk_7871da90df169cbce5ce9a5d","2021-01-12","23.67","USD","","","STRIPE           TRANSFER          ST-Z3Q5T1Q6L7G8 THE WILDFLOWER FOUNDAT","[{""id"":""pu_ch_1I7NuzAhXr9x8yiRJvTgdE4J"",""kind"":""stripe_charge"",""stripe_charge_id"":""ch_1I7NuzAhXr9x8yiRJvTgdE4J"",""gross_amount"":""25.00"",""fee_amount"":""1.33"",""net_amount"":""23.67"",""currency"":""USD"",""received_date"":""2021-01-08"",""lifecycle"":""received"",""qb_direct"":""false"",""qb_direct_provenance"":"""",""reaches_qb_anywhere"":""false""}]","1","0","false","","","","","","","","","","","","","","","","","","","","","","","","","","false","false","false","1","0"
"po_1IGxPLAhXr9x8yiR8hj5Hz4Q","bdep_1585438062b7fc3698591384","496.38","USD","2021-02-04","2021-02-05","false","","bdep_1585438062b7fc3698591384","bnk_1585438062b7fc3698591384","2021-02-05","496.38","USD","","","STRIPE           TRANSFER          ST-O0R4D5A6L6K1 THE WILDFLOWER FOUNDAT","[{""id"":""pu_ch_1IGmEFAhXr9x8yiRcEfRCYIm"",""kind"":""stripe_charge"",""stripe_charge_id"":""ch_1IGmEFAhXr9x8yiRcEfRCYIm"",""gross_amount"":""517.91"",""fee_amount"":""21.53"",""net_amount"":""496.38"",""currency"":""USD"",""received_date"":""2021-02-03"",""lifecycle"":""received"",""qb_direct"":""false"",""qb_direct_provenance"":"""",""reaches_qb_anywhere"":""false""}]","1","0","false","","","","","","","","","","","","","","","","","","","","","","","","","","false","false","false","1","0"
"po_1II2TRAhXr9x8yiRxod8PXKY","bdep_8283e73764c5a6e75cec5317","2.57","USD","2021-02-07","2021-02-08","false","","bdep_8283e73764c5a6e75cec5317","bnk_8283e73764c5a6e75cec5317","2021-02-08","2.57","USD","","","STRIPE           TRANSFER          ST-L4B7R8O5O5I2 THE WILDFLOWER FOUNDAT","[{""id"":""pu_ch_1IHAJJAhXr9x8yiRRVD9Z0Jq"",""kind"":""stripe_charge"",""stripe_charge_id"":""ch_1IHAJJAhXr9x8yiRRVD9Z0Jq"",""gross_amount"":""3.00"",""fee_amount"":""0.43"",""net_amount"":""2.57"",""currency"":""USD"",""received_date"":""2021-02-04"",""lifecycle"":""received"",""qb_direct"":""false"",""qb_direct_provenance"":"""",""reaches_qb_anywhere"":""false""}]","1","0","false","","","","","","","","","","","","","","","","","","","","","","","","","","false","false","false","1","0"
"po_1IIlwyAhXr9x8yiR5iMVuWzE","bdep_c406ba18a86e4ea4c733fded","23.67","USD","2021-02-09","2021-02-10","false","","bdep_c406ba18a86e4ea4c733fded","bnk_c406ba18a86e4ea4c733fded","2021-02-10","23.67","USD","","","STRIPE           TRANSFER          ST-B6H5S2B7U3M7 THE WILDFLOWER FOUNDAT","[{""id"":""pu_ch_1IIcv2AhXr9x8yiRmR4rB1vc"",""kind"":""stripe_charge"",""stripe_charge_id"":""ch_1IIcv2AhXr9x8yiRmR4rB1vc"",""gross_amount"":""25.00"",""fee_amount"":""1.33"",""net_amount"":""23.67"",""currency"":""USD"",""received_date"":""2021-02-08"",""lifecycle"":""received"",""qb_direct"":""false"",""qb_direct_provenance"":"""",""reaches_qb_anywhere"":""false""}]","1","0","false","","","","","","","","","","","","","","","","","","","","","","","","","","false","false","false","1","0"
"po_1INpLLAhXr9x8yiRE93HXFuy","bdep_2f5a1080921a861a9f735c70","1500","USD","2021-02-23","2021-02-24","false","","bdep_2f5a1080921a861a9f735c70","bnk_2f5a1080921a861a9f735c70","2021-02-24","1500","USD","","","STRIPE           TRANSFER          ST-I8P3W7I9K9G4 THE WILDFLOWER FOUNDAT","[{""id"":""pu_py_1ILJZfAhXr9x8yiRxTc9EOir"",""kind"":""stripe_charge"",""stripe_charge_id"":""py_1ILJZfAhXr9x8yiRxTc9EOir"",""gross_amount"":""1523.28"",""fee_amount"":""23.28"",""net_amount"":""1500.00"",""currency"":""USD"",""received_date"":""2021-02-15"",""lifecycle"":""received"",""qb_direct"":""false"",""qb_direct_provenance"":"""",""reaches_qb_anywhere"":""false""}]","1","0","false","","","","","","","","","","","","","","","","","","","","","","","","","","false","false","false","1","0"
"po_1ISvJ9AhXr9x8yiRIhDQYLg2","bdep_14323790bff961933245587b","23.67","USD","2021-03-09","2021-03-10","false","","bdep_14323790bff961933245587b","bnk_14323790bff961933245587b","2021-03-10","23.67","USD","","","STRIPE           TRANSFER          ST-A4I4H5K2P4L2 THE WILDFLOWER FOUNDAT","[{""id"":""pu_ch_1ISmKpAhXr9x8yiRYTlX6Ek5"",""kind"":""stripe_charge"",""stripe_charge_id"":""ch_1ISmKpAhXr9x8yiRYTlX6Ek5"",""gross_amount"":""25.00"",""fee_amount"":""1.33"",""net_amount"":""23.67"",""currency"":""USD"",""received_date"":""2021-03-08"",""lifecycle"":""received"",""qb_direct"":""false"",""qb_direct_provenance"":"""",""reaches_qb_anywhere"":""false""}]","1","0","false","","","","","","","","","","","","","","","","","","","","","","","","","","false","false","false","1","0"
"po_1ITe4mAhXr9x8yiRbmlTxQGh","bdep_49f528bcdd3142762e54ef45","14.89","USD","2021-03-11","2021-03-12","false","","bdep_49f528bcdd3142762e54ef45","bnk_49f528bcdd3142762e54ef45","2021-03-12","14.89","USD","","","STRIPE           TRANSFER          ST-Q5B5H7Y9A0H8 THE WILDFLOWER FOUNDAT","[{""id"":""pu_ch_1ITMAjAhXr9x8yiRJpbcMjVj"",""kind"":""stripe_charge"",""stripe_charge_id"":""ch_1ITMAjAhXr9x8yiRJpbcMjVj"",""gross_amount"":""15.84"",""fee_amount"":""0.95"",""net_amount"":""14.89"",""currency"":""USD"",""received_date"":""2021-03-10"",""lifecycle"":""received"",""qb_direct"":""false"",""qb_direct_provenance"":"""",""reaches_qb_anywhere"":""false""}]","1","0","false","","","","","","","","","","","","","","","","","","","","","","","","","","false","false","false","1","0"
"po_1Iesf6AhXr9x8yiRaPFuFvr7","bdep_1989222fddef264a176b122b","23.67","USD","2021-04-11","2021-04-12","false","","bdep_1989222fddef264a176b122b","bnk_1989222fddef264a176b122b","2021-04-12","23.67","USD","","","STRIPE           TRANSFER          ST-A6M1F7Q8Y5U6 THE WILDFLOWER FOUNDAT","[{""id"":""pu_ch_1Ie0pKAhXr9x8yiR4jlukA2f"",""kind"":""stripe_charge"",""stripe_charge_id"":""ch_1Ie0pKAhXr9x8yiR4jlukA2f"",""gross_amount"":""25.00"",""fee_amount"":""1.33"",""net_amount"":""23.67"",""currency"":""USD"",""received_date"":""2021-04-08"",""lifecycle"":""received"",""qb_direct"":""false"",""qb_direct_provenance"":"""",""reaches_qb_anywhere"":""false""}]","1","0","false","","","","","","","","","","","","","","","","","","","","","","","","","","false","false","false","1","0"
"po_1IpkX0AhXr9x8yiRHzwWxanz","bdep_24ba5f8d2fa95f3205f045b0","23.67","USD","2021-05-11","2021-05-12","false","","bdep_24ba5f8d2fa95f3205f045b0","bnk_24ba5f8d2fa95f3205f045b0","2021-05-12","23.67","USD","","","STRIPE           TRANSFER          ST-M9T1H9Z4D3Q9 THE WILDFLOWER FOUNDAT","[{""id"":""pu_ch_1IorliAhXr9x8yiRG48YW3BO"",""kind"":""stripe_charge"",""stripe_charge_id"":""ch_1IorliAhXr9x8yiRG48YW3BO"",""gross_amount"":""25.00"",""fee_amount"":""1.33"",""net_amount"":""23.67"",""currency"":""USD"",""received_date"":""2021-05-08"",""lifecycle"":""received"",""qb_direct"":""false"",""qb_direct_provenance"":"""",""reaches_qb_anywhere"":""false""}]","1","0","false","","","","","","","","","","","","","","","","","","","","","","","","","","false","false","false","1","0"
"po_1J0H91AhXr9x8yiRozfRhOGr","bdep_ec876b48bda9816978576342","23.67","USD","2021-06-09","2021-06-10","false","","bdep_ec876b48bda9816978576342","bnk_ec876b48bda9816978576342","2021-06-10","23.67","USD","","","STRIPE           TRANSFER          ST-J7Y3Z0G7S0B0 THE WILDFLOWER FOUNDAT","[{""id"":""pu_ch_1J06tLAhXr9x8yiRw61Qivtz"",""kind"":""stripe_charge"",""stripe_charge_id"":""ch_1J06tLAhXr9x8yiRw61Qivtz"",""gross_amount"":""25.00"",""fee_amount"":""1.33"",""net_amount"":""23.67"",""currency"":""USD"",""received_date"":""2021-06-08"",""lifecycle"":""received"",""qb_direct"":""false"",""qb_direct_provenance"":"""",""reaches_qb_anywhere"":""false""}]","1","0","false","","","","","","","","","","","","","","","","","","","","","","","","","","false","false","false","1","0"
"po_1JBs2yAhXr9x8yiRKpwbUEaJ","bdep_dcc7280c5e7558fa7c12bd1d","23.67","USD","2021-07-11","2021-07-12","false","","bdep_dcc7280c5e7558fa7c12bd1d","bnk_dcc7280c5e7558fa7c12bd1d","2021-07-12","23.67","USD","","","STRIPE           TRANSFER          ST-N1V6A5D0H8S2 THE WILDFLOWER FOUNDAT","[{""id"":""pu_ch_1JAxp8AhXr9x8yiRp0AF9UKO"",""kind"":""stripe_charge"",""stripe_charge_id"":""ch_1JAxp8AhXr9x8yiRp0AF9UKO"",""gross_amount"":""25.00"",""fee_amount"":""1.33"",""net_amount"":""23.67"",""currency"":""USD"",""received_date"":""2021-07-08"",""lifecycle"":""received"",""qb_direct"":""false"",""qb_direct_provenance"":"""",""reaches_qb_anywhere"":""false""}]","1","0","false","","","","","","","","","","","","","","","","","","","","","","","","","","false","false","false","1","0"
"po_1JMk74AhXr9x8yiRRwjjoAow","bdep_91f1d7a03d0991a17de00bcf","23.67","USD","2021-08-10","2021-08-11","false","","bdep_91f1d7a03d0991a17de00bcf","bnk_91f1d7a03d0991a17de00bcf","2021-08-11","23.67","USD","","","STRIPE           TRANSFER          ST-H7A9O5E5Q2W3 THE WILDFLOWER FOUNDAT","[{""id"":""pu_ch_3JMFTvAhXr9x8yiR05k39R8y"",""kind"":""stripe_charge"",""stripe_charge_id"":""ch_3JMFTvAhXr9x8yiR05k39R8y"",""gross_amount"":""25.00"",""fee_amount"":""1.33"",""net_amount"":""23.67"",""currency"":""USD"",""received_date"":""2021-08-08"",""lifecycle"":""received"",""qb_direct"":""false"",""qb_direct_provenance"":"""",""reaches_qb_anywhere"":""false""}]","1","0","false","","","","","","","","","","","","","","","","","","","","","","","","","","false","false","false","1","0"
"po_1JOv1RAhXr9x8yiRaEvJqqmT","bdep_13f9d4ac3dc42b8f8693d550","4963.76","USD","2021-08-16","2021-08-17","false","","bdep_13f9d4ac3dc42b8f8693d550","bnk_13f9d4ac3dc42b8f8693d550","2021-08-17","4963.76","USD","","","STRIPE           TRANSFER          ST-K2Q1H5N0U5Y7 THE WILDFLOWER FOUNDAT","[{""id"":""pu_ch_3JO93xAhXr9x8yiR1aogGH4m"",""kind"":""stripe_charge"",""stripe_charge_id"":""ch_3JO93xAhXr9x8yiR1aogGH4m"",""gross_amount"":""5176.29"",""fee_amount"":""212.53"",""net_amount"":""4963.76"",""currency"":""USD"",""received_date"":""2021-08-13"",""lifecycle"":""received"",""qb_direct"":""false"",""qb_direct_provenance"":"""",""reaches_qb_anywhere"":""false""}]","1","0","false","","","","","","","","","","","","","","","","","","","","","","","","","","false","false","false","1","0"
"po_1JXdU4AhXr9x8yiRBITBSZy8","bdep_c13ea9c27afceccf984462b9","23.67","USD","2021-09-09","2021-09-10","false","","bdep_c13ea9c27afceccf984462b9","bnk_c13ea9c27afceccf984462b9","2021-09-10","23.67","USD","","","STRIPE           TRANSFER          ST-T1M5V4H0K6Q5 THE WILDFLOWER FOUNDAT","[{""id"":""pu_ch_3JXUKOAhXr9x8yiR1HMlsoJu"",""kind"":""stripe_charge"",""stripe_charge_id"":""ch_3JXUKOAhXr9x8yiR1HMlsoJu"",""gross_amount"":""25.00"",""fee_amount"":""1.33"",""net_amount"":""23.67"",""currency"":""USD"",""received_date"":""2021-09-08"",""lifecycle"":""received"",""qb_direct"":""false"",""qb_direct_provenance"":"""",""reaches_qb_anywhere"":""false""}]","1","0","false","","","","","","","","","","","","","","","","","","","","","","","","","","false","false","false","1","0"
"po_1Jh2wGAhXr9x8yiRtdzIgviZ","bdep_57f3a9394e964cd551b7e7b1","24.56","USD","2021-10-05","2021-10-06","false","","bdep_57f3a9394e964cd551b7e7b1","bnk_57f3a9394e964cd551b7e7b1","2021-10-06","24.56","USD","","","STRIPE           TRANSFER          ST-Q7Y9Q5F0O1R5 THE WILDFLOWER FOUNDAT","[{""id"":""pu_ch_3JgY8EAhXr9x8yiR0OdjVYVF"",""kind"":""stripe_charge"",""stripe_charge_id"":""ch_3JgY8EAhXr9x8yiR0OdjVYVF"",""gross_amount"":""26.19"",""fee_amount"":""1.63"",""net_amount"":""24.56"",""currency"":""USD"",""received_date"":""2021-10-03"",""lifecycle"":""received"",""qb_direct"":""false"",""qb_direct_provenance"":"""",""reaches_qb_anywhere"":""false""}]","1","0","false","","","","","","","","","","","","","","","","","","","","","","","","","","false","false","false","1","0"
"po_1JjaCTAhXr9x8yiRquIh9G2w","bdep_a0040b2b2a9bcf9067d659f2","23.67","USD","2021-10-12","2021-10-13","false","","bdep_a0040b2b2a9bcf9067d659f2","bnk_a0040b2b2a9bcf9067d659f2","2021-10-13","23.67","USD","","","STRIPE           TRANSFER          ST-V4K6Z7R6S0Z2 THE WILDFLOWER FOUNDAT","[{""id"":""pu_ch_3JiLfrAhXr9x8yiR0YwxIVvM"",""kind"":""stripe_charge"",""stripe_charge_id"":""ch_3JiLfrAhXr9x8yiR0YwxIVvM"",""gross_amount"":""25.00"",""fee_amount"":""1.33"",""net_amount"":""23.67"",""currency"":""USD"",""received_date"":""2021-10-08"",""lifecycle"":""received"",""qb_direct"":""false"",""qb_direct_provenance"":"""",""reaches_qb_anywhere"":""false""}]","1","0","false","","","","","","","","","","","","","","","","","","","","","","","","","","false","false","false","1","0"
"po_1JtkrIAhXr9x8yiR3Uv6JGK1","bdep_817db2d5e92a967d2fde74ee","23.67","USD","2021-11-09","2021-11-10","false","","bdep_817db2d5e92a967d2fde74ee","bnk_817db2d5e92a967d2fde74ee","2021-11-10","23.67","USD","","","STRIPE           TRANSFER          ST-H1Z4B0C2H7Z4 THE WILDFLOWER FOUNDAT","[{""id"":""pu_ch_3JtaW5AhXr9x8yiR11nozNsx"",""kind"":""stripe_charge"",""stripe_charge_id"":""ch_3JtaW5AhXr9x8yiR11nozNsx"",""gross_amount"":""25.00"",""fee_amount"":""1.33"",""net_amount"":""23.67"",""currency"":""USD"",""received_date"":""2021-11-08"",""lifecycle"":""received"",""qb_direct"":""false"",""qb_direct_provenance"":"""",""reaches_qb_anywhere"":""false""}]","1","0","false","","","","","","","","","","","","","","","","","","","","","","","","","","false","false","false","1","0"
"po_1K4dVrAhXr9x8yiR6PWWDQJq","bdep_056a8b380c0d5545ce60fdbf","5291.08","USD","2021-12-09","2021-12-10","false","","bdep_056a8b380c0d5545ce60fdbf","bnk_056a8b380c0d5545ce60fdbf","2021-12-10","5291.08","USD","","","STRIPE           TRANSFER          ST-J0U5W5T8Q0Y8 THE WILDFLOWER FOUNDAT","[{""id"":""pu_ch_3K4WUdAhXr9x8yiR0GgEw5Py"",""kind"":""stripe_charge"",""stripe_charge_id"":""ch_3K4WUdAhXr9x8yiR0GgEw5Py"",""gross_amount"":""5000.00"",""fee_amount"":""205.30"",""net_amount"":""4794.70"",""currency"":""USD"",""received_date"":""2021-12-08"",""lifecycle"":""received"",""qb_direct"":""true"",""qb_direct_provenance"":""charge_qb_tie"",""reaches_qb_anywhere"":""true""},{""id"":""pu_ch_3K4Zq5AhXr9x8yiR1k3hoQVV"",""kind"":""stripe_charge"",""stripe_charge_id"":""ch_3K4Zq5AhXr9x8yiR1k3hoQVV"",""gross_amount"":""517.91"",""fee_amount"":""21.53"",""net_amount"":""496.38"",""currency"":""USD"",""received_date"":""2021-12-08"",""lifecycle"":""received"",""qb_direct"":""true"",""qb_direct_provenance"":""charge_qb_tie"",""reaches_qb_anywhere"":""true""}]","2","2","false","","","","","","","","","","","","","","","","","","","","","","","","","","false","true","true","2","2"
"po_1K5hzCAhXr9x8yiRCsRkbmMq","bdep_75cb64ca917ea625bf5bb630","194.87","USD","2021-12-12","2021-12-13","false","","bdep_75cb64ca917ea625bf5bb630","bnk_75cb64ca917ea625bf5bb630","2021-12-13","194.87","USD","","","STRIPE           TRANSFER          ST-L7D9M6T8N5R4 THE WILDFLOWER FOUNDAT","[{""id"":""pu_ch_3K4o5GAhXr9x8yiR0Tq3ZwJY"",""kind"":""stripe_charge"",""stripe_charge_id"":""ch_3K4o5GAhXr9x8yiR0Tq3ZwJY"",""gross_amount"":""100.00"",""fee_amount"":""4.40"",""net_amount"":""95.60"",""currency"":""USD"",""received_date"":""2021-12-09"",""lifecycle"":""received"",""qb_direct"":""false"",""qb_direct_provenance"":"""",""reaches_qb_anywhere"":""false""},{""id"":""pu_ch_3K4qTwAhXr9x8yiR0pK6Dgt8"",""kind"":""stripe_charge"",""stripe_charge_id"":""ch_3K4qTwAhXr9x8yiR0pK6Dgt8"",""gross_amount"":""103.83"",""fee_amount"":""4.56"",""net_amount"":""99.27"",""currency"":""USD"",""received_date"":""2021-12-09"",""lifecycle"":""received"",""qb_direct"":""false"",""qb_direct_provenance"":"""",""reaches_qb_anywhere"":""false""}]","2","0","false","","","","","","","","","","","","","","","","","","","","","","","","","","false","false","false","2","0"
"po_1K6oBzAhXr9x8yiRXlVh4RfA","bdep_39d907f60b5e7556dc6dffcb","5203.21","USD","2021-12-15","2021-12-16","false","","bdep_39d907f60b5e7556dc6dffcb","bnk_39d907f60b5e7556dc6dffcb","2021-12-16","5203.21","USD","","","STRIPE           TRANSFER          ST-L1F4N2N4I3N3 THE WILDFLOWER FOUNDAT","[{""id"":""pu_ch_3K6ZwYAhXr9x8yiR1InFVHaE"",""kind"":""stripe_charge"",""stripe_charge_id"":""ch_3K6ZwYAhXr9x8yiR1InFVHaE"",""gross_amount"":""250.00"",""fee_amount"":""10.55"",""net_amount"":""239.45"",""currency"":""USD"",""received_date"":""2021-12-14"",""lifecycle"":""received"",""qb_direct"":""true"",""qb_direct_provenance"":""charge_qb_tie"",""reaches_qb_anywhere"":""true""},{""id"":""pu_ch_3K6hokAhXr9x8yiR04ht7hoq"",""kind"":""stripe_charge"",""stripe_charge_id"":""ch_3K6hokAhXr9x8yiR04ht7hoq"",""gross_amount"":""5176.29"",""fee_amount"":""212.53"",""net_amount"":""4963.76"",""currency"":""USD"",""received_date"":""2021-12-14"",""lifecycle"":""received"",""qb_direct"":""true"",""qb_direct_provenance"":""charge_qb_tie"",""reaches_qb_anywhere"":""true""}]","2","2","false","","","","","","","","","","","","","","","","","","","","","","","","","","false","true","true","2","2"
"po_1K7AjnAhXr9x8yiRYymoKL3e","bdep_76c3e36b669c34fd209dece2","239.45","USD","2021-12-16","2021-12-17","false","","bdep_76c3e36b669c34fd209dece2","bnk_76c3e36b669c34fd209dece2","2021-12-17","239.45","USD","","","STRIPE           TRANSFER          ST-J0J9N4B6S7E5 THE WILDFLOWER FOUNDAT","[{""id"":""pu_ch_3K6zlWAhXr9x8yiR1df4MVEi"",""kind"":""stripe_charge"",""stripe_charge_id"":""ch_3K6zlWAhXr9x8yiR1df4MVEi"",""gross_amount"":""250.00"",""fee_amount"":""10.55"",""net_amount"":""239.45"",""currency"":""USD"",""received_date"":""2021-12-15"",""lifecycle"":""received"",""qb_direct"":""false"",""qb_direct_provenance"":"""",""reaches_qb_anywhere"":""false""}]","1","0","false","","","","","","","","","","","","","","","","","","","","","","","","","","false","false","false","1","0"
"po_1K8FIlAhXr9x8yiRyCqaceRw","bdep_160e8ec2ed4c594b26ff2e8a","47.65","USD","2021-12-19","2021-12-20","false","","bdep_160e8ec2ed4c594b26ff2e8a","bnk_160e8ec2ed4c594b26ff2e8a","2021-12-20","47.65","USD","","","STRIPE           TRANSFER          ST-T1Y9R9B6Z7T3 THE WILDFLOWER FOUNDAT","[{""id"":""pu_ch_3K7Mf3AhXr9x8yiR1Zofog9p"",""kind"":""stripe_charge"",""stripe_charge_id"":""ch_3K7Mf3AhXr9x8yiR1Zofog9p"",""gross_amount"":""50.00"",""fee_amount"":""2.35"",""net_amount"":""47.65"",""currency"":""USD"",""received_date"":""2021-12-16"",""lifecycle"":""received"",""qb_direct"":""true"",""qb_direct_provenance"":""charge_qb_tie"",""reaches_qb_anywhere"":""true""}]","1","1","false","","","","","","","","","","","","","","","","","","","","","","","","","","false","true","true","1","1"
"po_1K8bZGAhXr9x8yiRiNk1fNVz","bdep_9e36b859eda40b42a4a0e1c7","47.65","USD","2021-12-20","2021-12-21","false","","bdep_9e36b859eda40b42a4a0e1c7","bnk_9e36b859eda40b42a4a0e1c7","2021-12-21","47.65","USD","","","STRIPE           TRANSFER          ST-I9I6U0B1U7O7 THE WILDFLOWER FOUNDAT","[{""id"":""pu_ch_3K7hO4AhXr9x8yiR0avGRHJU"",""kind"":""stripe_charge"",""stripe_charge_id"":""ch_3K7hO4AhXr9x8yiR0avGRHJU"",""gross_amount"":""50.00"",""fee_amount"":""2.35"",""net_amount"":""47.65"",""currency"":""USD"",""received_date"":""2021-12-17"",""lifecycle"":""received"",""qb_direct"":""true"",""qb_direct_provenance"":""charge_qb_tie"",""reaches_qb_anywhere"":""true""}]","1","1","false","","","","","","","","","","","","","","","","","","","","","","","","","","false","true","true","1","1"
"po_1KDfq8AhXr9x8yiRB4VD0UHv","bdep_0897b8f1a1c30c9b9af2eb70","248.19","USD","2022-01-03","2022-01-04","false","","bdep_0897b8f1a1c30c9b9af2eb70","bnk_0897b8f1a1c30c9b9af2eb70","2022-01-04","248.19","USD","","","STRIPE           TRANSFER          ST-G5P2R9C9E6C7 THE WILDFLOWER FOUNDAT","[{""id"":""pu_ch_3KCrHoAhXr9x8yiR1qEM78H6"",""kind"":""stripe_charge"",""stripe_charge_id"":""ch_3KCrHoAhXr9x8yiR1qEM78H6"",""gross_amount"":""259.11"",""fee_amount"":""10.92"",""net_amount"":""248.19"",""currency"":""USD"",""received_date"":""2021-12-31"",""lifecycle"":""received"",""qb_direct"":""true"",""qb_direct_provenance"":""charge_qb_tie"",""reaches_qb_anywhere"":""true""}]","1","1","false","","","","","","","","","","","","","","","","","","","","","","","","","","false","true","true","1","1"
"po_1KOE7JAhXr9x8yiRmTVjX06E","bdep_5bc481d9560d942bffd59cfc","248.19","USD","2022-02-01","2022-02-02","false","","bdep_5bc481d9560d942bffd59cfc","bnk_5bc481d9560d942bffd59cfc","2022-02-02","248.19","USD","","","STRIPE           TRANSFER          ST-Z5L0F3P6P5E7 THE WILDFLOWER FOUNDAT","[]","0","0","false","","","","","","","","","","","","","","","","","","","","","","","","","","false","false","false","0","0"
"po_1L4yOBAhXr9x8yiRTj2ETOgI","bdep_d3108722bc82ad57c22edf2d","2076.66","USD","2022-05-30","2022-05-31","false","","bdep_d3108722bc82ad57c22edf2d","bnk_d3108722bc82ad57c22edf2d","2022-05-31","2076.66","USD","","","STRIPE           TRANSFER          ST-G7K5C0A9F7K4 THE WILDFLOWER FOUNDAT","[{""id"":""pu_ch_3KYw8nAhXr9x8yiR0Jh2b7i6"",""kind"":""stripe_charge"",""stripe_charge_id"":""ch_3KYw8nAhXr9x8yiR0Jh2b7i6"",""gross_amount"":""21.01"",""fee_amount"":""1.16"",""net_amount"":""19.85"",""currency"":""USD"",""received_date"":""2022-03-02"",""lifecycle"":""received"",""qb_direct"":""true"",""qb_direct_provenance"":""charge_qb_tie"",""reaches_qb_anywhere"":""true""},{""id"":""pu_ch_3KZFh2AhXr9x8yiR0rr1AZNo"",""kind"":""stripe_charge"",""stripe_charge_id"":""ch_3KZFh2AhXr9x8yiR0rr1AZNo"",""gross_amount"":""52.07"",""fee_amount"":""2.43"",""net_amount"":""49.64"",""currency"":""USD"",""received_date"":""2022-03-03"",""lifecycle"":""received"",""qb_direct"":""true"",""qb_direct_provenance"":""charge_qb_tie"",""reaches_qb_anywhere"":""true""},{""id"":""pu_ch_3KZGeUAhXr9x8yiR1sa5jrT5"",""kind"":""stripe_charge"",""stripe_charge_id"":""ch_3KZGeUAhXr9x8yiR1sa5jrT5"",""gross_amount"":""50.00"",""fee_amount"":""2.35"",""net_amount"":""47.65"",""currency"":""USD"",""received_date"":""2022-03-03"",""lifecycle"":""received"",""qb_direct"":""true"",""qb_direct_provenance"":""charge_qb_tie"",""reaches_qb_anywhere"":""true""},{""id"":""pu_ch_3KZGhYAhXr9x8yiR0uxTZRc3"",""kind"":""stripe_charge"",""stripe_charge_id"":""ch_3KZGhYAhXr9x8yiR0uxTZRc3"",""gross_amount"":""52.07"",""fee_amount"":""2.43"",""net_amount"":""49.64"",""currency"":""USD"",""received_date"":""2022-03-03"",""lifecycle"":""received"",""qb_direct"":""true"",""qb_direct_provenance"":""charge_qb_tie"",""reaches_qb_anywhere"":""true""},{""id"":""pu_ch_3Ka9uFAhXr9x8yiR05Xfum56"",""kind"":""stripe_charge"",""stripe_charge_id"":""ch_3Ka9uFAhXr9x8yiR05Xfum56"",""gross_amount"":""2000.00"",""fee_amount"":""82.30"",""net_amount"":""1917.70"",""currency"":""USD"",""received_date"":""2022-03-05"",""lifecycle"":""received"",""qb_direct"":""true"",""qb_direct_provenance"":""charge_qb_tie"",""reaches_qb_anywhere"":""true""},{""id"":""pu_ch_3KapgLAhXr9x8yiR1QaflMjk"",""kind"":""stripe_charge"",""stripe_charge_id"":""ch_3KapgLAhXr9x8yiR1QaflMjk"",""gross_amount"":""103.83"",""fee_amount"":""4.56"",""net_amount"":""99.27"",""currency"":""USD"",""received_date"":""2022-03-07"",""lifecycle"":""received"",""qb_direct"":""true"",""qb_direct_provenance"":""charge_qb_tie"",""reaches_qb_anywhere"":""true""},{""id"":""pu_ch_3KbojKAhXr9x8yiR0sRgl9Ne"",""kind"":""stripe_charge"",""stripe_charge_id"":""ch_3KbojKAhXr9x8yiR0sRgl9Ne"",""gross_amount"":""103.83"",""fee_amount"":""4.56"",""net_amount"":""99.27"",""currency"":""USD"",""received_date"":""2022-03-10"",""lifecycle"":""received"",""qb_direct"":""true"",""qb_direct_provenance"":""charge_qb_tie"",""reaches_qb_anywhere"":""true""},{""id"":""pu_ch_3KrChUAhXr9x8yiR01XG2KfV"",""kind"":""stripe_charge"",""stripe_charge_id"":""ch_3KrChUAhXr9x8yiR01XG2KfV"",""gross_amount"":""52.07"",""fee_amount"":""2.43"",""net_amount"":""49.64"",""currency"":""USD"",""received_date"":""2022-04-21"",""lifecycle"":""received"",""qb_direct"":""true"",""qb_direct_provenance"":""charge_qb_tie"",""reaches_qb_anywhere"":""true""}]","8","8","false","","","","","","","","","","","","","","","","","","","","","","","","","","false","true","true","8","8"
"po_1L8dpCAhXr9x8yiR8g4oW9iT","bdep_a13a6647ae5e4e9e4cdbfad5","4.49","USD","2022-06-09","2022-06-10","false","","bdep_a13a6647ae5e4e9e4cdbfad5","bnk_a13a6647ae5e4e9e4cdbfad5","2022-06-10","4.49","USD","","","STRIPE           TRANSFER          ST-C3X5H9Y7G6V7 THE WILDFLOWER FOUNDAT","[{""id"":""pu_ch_3L8Ux4AhXr9x8yiR1eIThBuP"",""kind"":""stripe_charge"",""stripe_charge_id"":""ch_3L8Ux4AhXr9x8yiR1eIThBuP"",""gross_amount"":""5.00"",""fee_amount"":""0.51"",""net_amount"":""4.49"",""currency"":""USD"",""received_date"":""2022-06-08"",""lifecycle"":""received"",""qb_direct"":""true"",""qb_direct_provenance"":""charge_qb_tie"",""reaches_qb_anywhere"":""true""}]","1","1","false","","","","","","","","","","","","","","","","","","","","","","","","","","false","true","true","1","1"
"po_1LDJxKAhXr9x8yiRM4hbuhEz","bdep_8296d2026bd8f7fbf48134e0","247.05","USD","2022-06-22","2022-06-23","false","","bdep_8296d2026bd8f7fbf48134e0","bnk_8296d2026bd8f7fbf48134e0","2022-06-23","247.05","USD","","","STRIPE           TRANSFER          ST-B6O3A6E7S2I8 THE WILDFLOWER FOUNDAT","[{""id"":""pu_ch_3LCpMJAhXr9x8yiR0Qwvoud6"",""kind"":""stripe_charge"",""stripe_charge_id"":""ch_3LCpMJAhXr9x8yiR0Qwvoud6"",""gross_amount"":""26.19"",""fee_amount"":""1.37"",""net_amount"":""24.82"",""currency"":""USD"",""received_date"":""2022-06-20"",""lifecycle"":""received"",""qb_direct"":""false"",""qb_direct_provenance"":"""",""reaches_qb_anywhere"":""false""},{""id"":""pu_ch_3LCphjAhXr9x8yiR1C9DbW5v"",""kind"":""stripe_charge"",""stripe_charge_id"":""ch_3LCphjAhXr9x8yiR1C9DbW5v"",""gross_amount"":""52.07"",""fee_amount"":""2.43"",""net_amount"":""49.64"",""currency"":""USD"",""received_date"":""2022-06-20"",""lifecycle"":""received"",""qb_direct"":""false"",""qb_direct_provenance"":"""",""reaches_qb_anywhere"":""false""},{""id"":""pu_ch_3LCqWKAhXr9x8yiR1VNZMpxf"",""kind"":""stripe_charge"",""stripe_charge_id"":""ch_3LCqWKAhXr9x8yiR1VNZMpxf"",""gross_amount"":""25.00"",""fee_amount"":""1.33"",""net_amount"":""23.67"",""currency"":""USD"",""received_date"":""2022-06-20"",""lifecycle"":""received"",""qb_direct"":""false"",""qb_direct_provenance"":"""",""reaches_qb_anywhere"":""false""},{""id"":""pu_ch_3LCqluAhXr9x8yiR0ugxWvyS"",""kind"":""stripe_charge"",""stripe_charge_id"":""ch_3LCqluAhXr9x8yiR0ugxWvyS"",""gross_amount"":""52.07"",""fee_amount"":""2.43"",""net_amount"":""49.64"",""currency"":""USD"",""received_date"":""2022-06-20"",""lifecycle"":""received"",""qb_direct"":""false"",""qb_direct_provenance"":"""",""reaches_qb_anywhere"":""false""},{""id"":""pu_ch_3LCsOXAhXr9x8yiR18Kq6B12"",""kind"":""stripe_charge"",""stripe_charge_id"":""ch_3LCsOXAhXr9x8yiR18Kq6B12"",""gross_amount"":""52.07"",""fee_amount"":""2.43"",""net_amount"":""49.64"",""currency"":""USD"",""received_date"":""2022-06-20"",""lifecycle"":""received"",""qb_direct"":""false"",""qb_direct_provenance"":"""",""reaches_qb_anywhere"":""false""},{""id"":""pu_ch_3LCxycAhXr9x8yiR1qROUq99"",""kind"":""stripe_charge"",""stripe_charge_id"":""ch_3LCxycAhXr9x8yiR1qROUq99"",""gross_amount"":""52.07"",""fee_amount"":""2.43"",""net_amount"":""49.64"",""currency"":""USD"",""received_date"":""2022-06-20"",""lifecycle"":""received"",""qb_direct"":""false"",""qb_direct_provenance"":"""",""reaches_qb_anywhere"":""false""}]","6","0","false","","","","","","","","","","","","","","","","","","","","","","","","","","false","false","false","6","0"
"po_1LFT3IAhXr9x8yiR6SFcZozl","bdep_b996089fce44175f5837f81e","983","USD","2022-06-28","2022-06-29","false","","bdep_b996089fce44175f5837f81e","bnk_b996089fce44175f5837f81e","2022-06-29","983","USD","","","STRIPE           TRANSFER          ST-G4V7Y1E4S3A5 THE WILDFLOWER FOUNDAT","[{""id"":""pu_py_1LCpNiAhXr9x8yiR3DiGUJ4g"",""kind"":""stripe_charge"",""stripe_charge_id"":""py_1LCpNiAhXr9x8yiR3DiGUJ4g"",""gross_amount"":""1000.00"",""fee_amount"":""17.00"",""net_amount"":""983.00"",""currency"":""USD"",""received_date"":""2022-06-20"",""lifecycle"":""received"",""qb_direct"":""true"",""qb_direct_provenance"":""charge_qb_tie"",""reaches_qb_anywhere"":""true""}]","1","1","false","","","","","","","","","","","","","","","","","","","","","","","","","","false","true","true","1","1"
"po_1LFUoNAhXr9x8yiR967bca3X","bdep_67e0ea68985b878cce24444c","39.71","USD","2022-06-28","2022-06-29","false","","bdep_67e0ea68985b878cce24444c","bnk_67e0ea68985b878cce24444c","2022-06-29","39.71","USD","","","STRIPE           TRANSFER          ST-Z8J9N0M8J8X5 THE WILDFLOWER FOUNDAT","[{""id"":""pu_ch_3LEv3JAhXr9x8yiR09oqdq5l"",""kind"":""stripe_charge"",""stripe_charge_id"":""ch_3LEv3JAhXr9x8yiR09oqdq5l"",""gross_amount"":""41.72"",""fee_amount"":""2.01"",""net_amount"":""39.71"",""currency"":""USD"",""received_date"":""2022-06-26"",""lifecycle"":""received"",""qb_direct"":""true"",""qb_direct_provenance"":""charge_qb_tie"",""reaches_qb_anywhere"":""true""}]","1","1","false","","","","","","","","","","","","","","","","","","","","","","","","","","false","true","true","1","1"
"po_1LNrqqAhXr9x8yiRHddBDFTz","bdep_8e1716ab115ee93b87641ab4","49.64","USD","2022-07-21","2022-07-22","false","","bdep_8e1716ab115ee93b87641ab4","bnk_8e1716ab115ee93b87641ab4","2022-07-22","49.64","USD","","","STRIPE           TRANSFER          ST-V4S1F6A3C8U1 THE WILDFLOWER FOUNDAT","[{""id"":""pu_ch_3LNfrvAhXr9x8yiR1eLqJLDi"",""kind"":""stripe_charge"",""stripe_charge_id"":""ch_3LNfrvAhXr9x8yiR1eLqJLDi"",""gross_amount"":""52.07"",""fee_amount"":""2.43"",""net_amount"":""49.64"",""currency"":""USD"",""received_date"":""2022-07-20"",""lifecycle"":""received"",""qb_direct"":""false"",""qb_direct_provenance"":"""",""reaches_qb_anywhere"":""false""}]","1","0","false","","","","","","","","","","","","","","","","","","","","","","","","","","false","false","false","1","0"
"po_1LPdo3AhXr9x8yiRwQyyyDkn","bdep_d5f8f132c53150ea14add392","694.93","USD","2022-07-26","2022-07-27","false","","bdep_d5f8f132c53150ea14add392","bnk_d5f8f132c53150ea14add392","2022-07-27","694.93","USD","","","STRIPE           TRANSFER          ST-U6U6G8Z2X0L4 THE WILDFLOWER FOUNDAT","[{""id"":""pu_ch_3LOg6vAhXr9x8yiR1tMoByKp"",""kind"":""stripe_charge"",""stripe_charge_id"":""ch_3LOg6vAhXr9x8yiR1tMoByKp"",""gross_amount"":""517.91"",""fee_amount"":""21.53"",""net_amount"":""496.38"",""currency"":""USD"",""received_date"":""2022-07-23"",""lifecycle"":""received"",""qb_direct"":""false"",""qb_direct_provenance"":"""",""reaches_qb_anywhere"":""false""},{""id"":""pu_ch_3LPSnoAhXr9x8yiR0mZzEh3o"",""kind"":""stripe_charge"",""stripe_charge_id"":""ch_3LPSnoAhXr9x8yiR0mZzEh3o"",""gross_amount"":""207.35"",""fee_amount"":""8.80"",""net_amount"":""198.55"",""currency"":""USD"",""received_date"":""2022-07-25"",""lifecycle"":""received"",""qb_direct"":""false"",""qb_direct_provenance"":"""",""reaches_qb_anywhere"":""false""}]","2","0","false","","","","","","","","","","","","","","","","","","","","","","","","","","false","false","false","2","0"
"po_1LSZzkAhXr9x8yiR1vHXWQOK","bdep_608c90c70a3b3bffa57a8e83","24.82","USD","2022-08-03","2022-08-04","false","","bdep_608c90c70a3b3bffa57a8e83","bnk_608c90c70a3b3bffa57a8e83","2022-08-04","24.82","USD","","","STRIPE           TRANSFER          ST-T9E8G3H2D7N6 THE WILDFLOWER FOUNDAT","[{""id"":""pu_ch_3LSPWVAhXr9x8yiR0e3krOFp"",""kind"":""stripe_charge"",""stripe_charge_id"":""ch_3LSPWVAhXr9x8yiR0e3krOFp"",""gross_amount"":""26.19"",""fee_amount"":""1.37"",""net_amount"":""24.82"",""currency"":""USD"",""received_date"":""2022-08-02"",""lifecycle"":""received"",""qb_direct"":""true"",""qb_direct_provenance"":""charge_qb_tie"",""reaches_qb_anywhere"":""true""}]","1","1","false","","","","","","","","","","","","","","","","","","","","","","","","","","false","true","true","1","1"
"po_1LZ4uOAhXr9x8yiRajo0MZYg","bdep_ad37549e630f6b857434ea2c","4.96","USD","2022-08-21","2022-08-22","false","","bdep_ad37549e630f6b857434ea2c","bnk_ad37549e630f6b857434ea2c","2022-08-22","4.96","USD","","","STRIPE           TRANSFER          ST-X4P0M0Q2H7T0 THE WILDFLOWER FOUNDAT","[{""id"":""pu_ch_3LY7uWAhXr9x8yiR1Y6xBa5R"",""kind"":""stripe_charge"",""stripe_charge_id"":""ch_3LY7uWAhXr9x8yiR1Y6xBa5R"",""gross_amount"":""5.49"",""fee_amount"":""0.53"",""net_amount"":""4.96"",""currency"":""USD"",""received_date"":""2022-08-18"",""lifecycle"":""received"",""qb_direct"":""true"",""qb_direct_provenance"":""charge_qb_tie"",""reaches_qb_anywhere"":""true""}]","1","1","false","","","","","","","","","","","","","","","","","","","","","","","","","","false","true","true","1","1"
"po_1LZn4TAhXr9x8yiR6RRhNpMe","bdep_8df6536955806037835c0d5a","49.64","USD","2022-08-23","2022-08-24","false","","bdep_8df6536955806037835c0d5a","bnk_8df6536955806037835c0d5a","2022-08-24","49.64","USD","","","STRIPE           TRANSFER          ST-Z2E9D8U6X0A3 THE WILDFLOWER FOUNDAT","[{""id"":""pu_ch_3LYudbAhXr9x8yiR1rzT97il"",""kind"":""stripe_charge"",""stripe_charge_id"":""ch_3LYudbAhXr9x8yiR1rzT97il"",""gross_amount"":""52.07"",""fee_amount"":""2.43"",""net_amount"":""49.64"",""currency"":""USD"",""received_date"":""2022-08-20"",""lifecycle"":""received"",""qb_direct"":""true"",""qb_direct_provenance"":""charge_qb_tie"",""reaches_qb_anywhere"":""true""}]","1","1","false","","","","","","","","","","","","","","","","","","","","","","","","","","false","true","true","1","1"
"po_1LesMuAhXr9x8yiR4egbD0j3","bdep_25664b88c1d834f9f4bad980","2.57","USD","2022-09-06","2022-09-07","false","","bdep_25664b88c1d834f9f4bad980","bnk_25664b88c1d834f9f4bad980","2022-09-07","2.57","USD","","","STRIPE           TRANSFER          ST-X4I0U6B9Q3U0 THE WILDFLOWER FOUNDAT","[{""id"":""pu_ch_3LdhRVAhXr9x8yiR0vV9WIb8"",""kind"":""stripe_charge"",""stripe_charge_id"":""ch_3LdhRVAhXr9x8yiR0vV9WIb8"",""gross_amount"":""3.00"",""fee_amount"":""0.43"",""net_amount"":""2.57"",""currency"":""USD"",""received_date"":""2022-09-02"",""lifecycle"":""received"",""qb_direct"":""true"",""qb_direct_provenance"":""charge_qb_tie"",""reaches_qb_anywhere"":""true""}]","1","1","false","","","","","","","","","","","","","","","","","","","","","","","","","","false","true","true","1","1"
"po_1LkLf3AhXr9x8yiRm9EXUppr","bdep_ee092f6cb7bfebf60226e03f","49.64","USD","2022-09-21","2022-09-22","false","","bdep_ee092f6cb7bfebf60226e03f","bnk_ee092f6cb7bfebf60226e03f","2022-09-22","49.64","USD","","","STRIPE           TRANSFER          ST-V7X6O1U7M9S7 THE WILDFLOWER FOUNDAT","[{""id"":""pu_ch_3Lk9PKAhXr9x8yiR1vK1K1Xk"",""kind"":""stripe_charge"",""stripe_charge_id"":""ch_3Lk9PKAhXr9x8yiR1vK1K1Xk"",""gross_amount"":""52.07"",""fee_amount"":""2.43"",""net_amount"":""49.64"",""currency"":""USD"",""received_date"":""2022-09-20"",""lifecycle"":""received"",""qb_direct"":""true"",""qb_direct_provenance"":""charge_qb_tie"",""reaches_qb_anywhere"":""true""}]","1","1","false","","","","","","","","","","","","","","","","","","","","","","","","","","false","true","true","1","1"
"po_1LkiH4AhXr9x8yiRBozvmGUR","bdep_3d95c42a2344757909d42d88","4.96","USD","2022-09-22","2022-09-23","false","","bdep_3d95c42a2344757909d42d88","bnk_3d95c42a2344757909d42d88","2022-09-23","4.96","USD","","","STRIPE           TRANSFER          ST-G4F0T0V6Z0O0 THE WILDFLOWER FOUNDAT","[{""id"":""pu_ch_3LkSEKAhXr9x8yiR1CQwBar8"",""kind"":""stripe_charge"",""stripe_charge_id"":""ch_3LkSEKAhXr9x8yiR1CQwBar8"",""gross_amount"":""5.49"",""fee_amount"":""0.53"",""net_amount"":""4.96"",""currency"":""USD"",""received_date"":""2022-09-21"",""lifecycle"":""received"",""qb_direct"":""true"",""qb_direct_provenance"":""charge_qb_tie"",""reaches_qb_anywhere"":""true""}]","1","1","false","","","","","","","","","","","","","","","","","","","","","","","","","","false","true","true","1","1"
"po_1LlmFjAhXr9x8yiREGptCN6S","bdep_9d1fd782589933da3b36a94f","1449.22","USD","2022-09-25","2022-09-26","false","","bdep_9d1fd782589933da3b36a94f","bnk_9d1fd782589933da3b36a94f","2022-09-26","1449.22","USD","","","STRIPE           TRANSFER          ST-B1Z4V0D8P4F9 THE WILDFLOWER FOUNDAT","[{""id"":""pu_ch_3LkonwAhXr9x8yiR14bGbfWH"",""kind"":""stripe_charge"",""stripe_charge_id"":""ch_3LkonwAhXr9x8yiR14bGbfWH"",""gross_amount"":""26.19"",""fee_amount"":""1.37"",""net_amount"":""24.82"",""currency"":""USD"",""received_date"":""2022-09-22"",""lifecycle"":""received"",""qb_direct"":""false"",""qb_direct_provenance"":"""",""reaches_qb_anywhere"":""false""},{""id"":""pu_ch_3LkozMAhXr9x8yiR1OZLT8mb"",""kind"":""stripe_charge"",""stripe_charge_id"":""ch_3LkozMAhXr9x8yiR1OZLT8mb"",""gross_amount"":""259.11"",""fee_amount"":""10.92"",""net_amount"":""248.19"",""currency"":""USD"",""received_date"":""2022-09-22"",""lifecycle"":""received"",""qb_direct"":""false"",""qb_direct_provenance"":"""",""reaches_qb_anywhere"":""false""},{""id"":""pu_ch_3Lkp9VAhXr9x8yiR1mW323rm"",""kind"":""stripe_charge"",""stripe_charge_id"":""ch_3Lkp9VAhXr9x8yiR1mW323rm"",""gross_amount"":""50.00"",""fee_amount"":""2.35"",""net_amount"":""47.65"",""currency"":""USD"",""received_date"":""2022-09-22"",""lifecycle"":""received"",""qb_direct"":""false"",""qb_direct_provenance"":"""",""reaches_qb_anywhere"":""false""},{""id"":""pu_ch_3Lkq79AhXr9x8yiR1j9QRJqy"",""kind"":""stripe_charge"",""stripe_charge_id"":""ch_3Lkq79AhXr9x8yiR1j9QRJqy"",""gross_amount"":""103.83"",""fee_amount"":""4.56"",""net_amount"":""99.27"",""currency"":""USD"",""received_date"":""2022-09-22"",""lifecycle"":""received"",""qb_direct"":""false"",""qb_direct_provenance"":"""",""reaches_qb_anywhere"":""false""},{""id"":""pu_ch_3LkqCaAhXr9x8yiR1PTFnzYq"",""kind"":""stripe_charge"",""stripe_charge_id"":""ch_3LkqCaAhXr9x8yiR1PTFnzYq"",""gross_amount"":""25.00"",""fee_amount"":""1.33"",""net_amount"":""23.67"",""currency"":""USD"",""received_date"":""2022-09-22"",""lifecycle"":""received"",""qb_direct"":""false"",""qb_direct_provenance"":"""",""reaches_qb_anywhere"":""false""},{""id"":""pu_ch_3LkrHIAhXr9x8yiR0Gojppzf"",""kind"":""stripe_charge"",""stripe_charge_id"":""ch_3LkrHIAhXr9x8yiR0Gojppzf"",""gross_amount"":""103.83"",""fee_amount"":""4.56"",""net_amount"":""99.27"",""currency"":""USD"",""received_date"":""2022-09-22"",""lifecycle"":""received"",""qb_direct"":""false"",""qb_direct_provenance"":"""",""reaches_qb_anywhere"":""false""},{""id"":""pu_ch_3LkrayAhXr9x8yiR1qLNSIVH"",""kind"":""stripe_charge"",""stripe_charge_id"":""ch_3LkrayAhXr9x8yiR1qLNSIVH"",""gross_amount"":""103.83"",""fee_amount"":""4.56"",""net_amount"":""99.27"",""currency"":""USD"",""received_date"":""2022-09-22"",""lifecycle"":""received"",""qb_direct"":""false"",""qb_direct_provenance"":"""",""reaches_qb_anywhere"":""false""},{""id"":""pu_ch_3LkrprAhXr9x8yiR1TWP3WfX"",""kind"":""stripe_charge"",""stripe_charge_id"":""ch_3LkrprAhXr9x8yiR1TWP3WfX"",""gross_amount"":""103.83"",""fee_amount"":""4.56"",""net_amount"":""99.27"",""currency"":""USD"",""received_date"":""2022-09-22"",""lifecycle"":""received"",""qb_direct"":""false"",""qb_direct_provenance"":"""",""reaches_qb_anywhere"":""false""},{""id"":""pu_ch_3LksTpAhXr9x8yiR0Ir1olXW"",""kind"":""stripe_charge"",""stripe_charge_id"":""ch_3LksTpAhXr9x8yiR0Ir1olXW"",""gross_amount"":""15.84"",""fee_amount"":""0.95"",""net_amount"":""14.89"",""currency"":""USD"",""received_date"":""2022-09-22"",""lifecycle"":""received"",""qb_direct"":""false"",""qb_direct_provenance"":"""",""reaches_qb_anywhere"":""false""},{""id"":""pu_ch_3LksuYAhXr9x8yiR1MFnsAy0"",""kind"":""stripe_charge"",""stripe_charge_id"":""ch_3LksuYAhXr9x8yiR1MFnsAy0"",""gross_amount"":""50.00"",""fee_amount"":""2.35"",""net_amount"":""47.65"",""currency"":""USD"",""received_date"":""2022-09-22"",""lifecycle"":""received"",""qb_direct"":""false"",""qb_direct_provenance"":"""",""reaches_qb_anywhere"":""false""},{""id"":""pu_ch_3LktHuAhXr9x8yiR1kG9Lg5i"",""kind"":""stripe_charge"",""stripe_charge_id"":""ch_3LktHuAhXr9x8yiR1kG9Lg5i"",""gross_amount"":""259.11"",""fee_amount"":""10.92"",""net_amount"":""248.19"",""currency"":""USD"",""received_date"":""2022-09-22"",""lifecycle"":""received"",""qb_direct"":""false"",""qb_direct_provenance"":"""",""reaches_qb_anywhere"":""false""},{""id"":""pu_ch_3LktfKAhXr9x8yiR1DLSQiwY"",""kind"":""stripe_charge"",""stripe_charge_id"":""ch_3LktfKAhXr9x8yiR1DLSQiwY"",""gross_amount"":""103.83"",""fee_amount"":""4.56"",""net_amount"":""99.27"",""currency"":""USD"",""received_date"":""2022-09-22"",""lifecycle"":""received"",""qb_direct"":""false"",""qb_direct_provenance"":"""",""reaches_qb_anywhere"":""false""},{""id"":""pu_ch_3LktgOAhXr9x8yiR0O08XAeo"",""kind"":""stripe_charge"",""stripe_charge_id"":""ch_3LktgOAhXr9x8yiR0O08XAeo"",""gross_amount"":""103.83"",""fee_amount"":""4.56"",""net_amount"":""99.27"",""currency"":""USD"",""received_date"":""2022-09-22"",""lifecycle"":""received"",""qb_direct"":""false"",""qb_direct_provenance"":"""",""reaches_qb_anywhere"":""false""},{""id"":""pu_ch_3LkvmIAhXr9x8yiR1BSaCMvL"",""kind"":""stripe_charge"",""stripe_charge_id"":""ch_3LkvmIAhXr9x8yiR1BSaCMvL"",""gross_amount"":""103.83"",""fee_amount"":""4.56"",""net_amount"":""99.27"",""currency"":""USD"",""received_date"":""2022-09-22"",""lifecycle"":""received"",""qb_direct"":""false"",""qb_direct_provenance"":"""",""reaches_qb_anywhere"":""false""},{""id"":""pu_ch_3LkwcRAhXr9x8yiR1wCnlNlc"",""kind"":""stripe_charge"",""stripe_charge_id"":""ch_3LkwcRAhXr9x8yiR1wCnlNlc"",""gross_amount"":""103.83"",""fee_amount"":""4.56"",""net_amount"":""99.27"",""currency"":""USD"",""received_date"":""2022-09-22"",""lifecycle"":""received"",""qb_direct"":""false"",""qb_direct_provenance"":"""",""reaches_qb_anywhere"":""false""}]","15","0","false","","","","","","","","","","","","","","","","","","","","","","","","","","false","false","false","15","0"
"po_1Lm755AhXr9x8yiRKv8vKveQ","bdep_6dbf80d993aa5b6ddf9a063a","219.69","USD","2022-09-26","2022-09-27","false","","bdep_6dbf80d993aa5b6ddf9a063a","bnk_6dbf80d993aa5b6ddf9a063a","2022-09-27","219.69","USD","","","STRIPE           TRANSFER          ST-G1Q4P3X6E8H0 THE WILDFLOWER FOUNDAT","[{""id"":""pu_ch_3Ll07GAhXr9x8yiR1fqeZngj"",""kind"":""stripe_charge"",""stripe_charge_id"":""ch_3Ll07GAhXr9x8yiR1fqeZngj"",""gross_amount"":""26.19"",""fee_amount"":""1.37"",""net_amount"":""24.82"",""currency"":""USD"",""received_date"":""2022-09-22"",""lifecycle"":""received"",""qb_direct"":""false"",""qb_direct_provenance"":"""",""reaches_qb_anywhere"":""false""},{""id"":""pu_ch_3LlDh5AhXr9x8yiR1iZxNGfY"",""kind"":""stripe_charge"",""stripe_charge_id"":""ch_3LlDh5AhXr9x8yiR1iZxNGfY"",""gross_amount"":""77.95"",""fee_amount"":""3.50"",""net_amount"":""74.45"",""currency"":""USD"",""received_date"":""2022-09-23"",""lifecycle"":""received"",""qb_direct"":""false"",""qb_direct_provenance"":"""",""reaches_qb_anywhere"":""false""},{""id"":""pu_ch_3LlIIkAhXr9x8yiR0lgPzVXY"",""kind"":""stripe_charge"",""stripe_charge_id"":""ch_3LlIIkAhXr9x8yiR0lgPzVXY"",""gross_amount"":""100.00"",""fee_amount"":""4.40"",""net_amount"":""95.60"",""currency"":""USD"",""received_date"":""2022-09-23"",""lifecycle"":""received"",""qb_direct"":""false"",""qb_direct_provenance"":"""",""reaches_qb_anywhere"":""false""},{""id"":""pu_ch_3LlLODAhXr9x8yiR0nEFc1os"",""kind"":""stripe_charge"",""stripe_charge_id"":""ch_3LlLODAhXr9x8yiR0nEFc1os"",""gross_amount"":""26.19"",""fee_amount"":""1.37"",""net_amount"":""24.82"",""currency"":""USD"",""received_date"":""2022-09-23"",""lifecycle"":""received"",""qb_direct"":""false"",""qb_direct_provenance"":"""",""reaches_qb_anywhere"":""false""}]","4","0","false","","","","","","","","","","","","","","","","","","","","","","","","","","false","false","false","4","0"
"po_1LmUJGAhXr9x8yiRwGN5KtI5","bdep_1435c3bacb7d0dc3f3aa9f0f","1422.52","USD","2022-09-27","2022-09-28","false","","bdep_1435c3bacb7d0dc3f3aa9f0f","bnk_1435c3bacb7d0dc3f3aa9f0f","2022-09-28","1422.52","USD","","","STRIPE           TRANSFER          ST-V6P8R6L9B4G6 THE WILDFLOWER FOUNDAT","[{""id"":""pu_ch_3LlfhrAhXr9x8yiR0LdlCLMj"",""kind"":""stripe_charge"",""stripe_charge_id"":""ch_3LlfhrAhXr9x8yiR0LdlCLMj"",""gross_amount"":""26.19"",""fee_amount"":""1.37"",""net_amount"":""24.82"",""currency"":""USD"",""received_date"":""2022-09-24"",""lifecycle"":""received"",""qb_direct"":""true"",""qb_direct_provenance"":""charge_qb_tie"",""reaches_qb_anywhere"":""true""},{""id"":""pu_ch_3Llz4zAhXr9x8yiR1mQOZct6"",""kind"":""stripe_charge"",""stripe_charge_id"":""ch_3Llz4zAhXr9x8yiR1mQOZct6"",""gross_amount"":""100.00"",""fee_amount"":""4.40"",""net_amount"":""95.60"",""currency"":""USD"",""received_date"":""2022-09-25"",""lifecycle"":""received"",""qb_direct"":""true"",""qb_direct_provenance"":""charge_qb_tie"",""reaches_qb_anywhere"":""true""},{""id"":""pu_ch_3Lm1o5AhXr9x8yiR06m8a8K0"",""kind"":""stripe_charge"",""stripe_charge_id"":""ch_3Lm1o5AhXr9x8yiR06m8a8K0"",""gross_amount"":""103.83"",""fee_amount"":""4.56"",""net_amount"":""99.27"",""currency"":""USD"",""received_date"":""2022-09-25"",""lifecycle"":""received"",""qb_direct"":""true"",""qb_direct_provenance"":""charge_qb_tie"",""reaches_qb_anywhere"":""true""},{""id"":""pu_ch_3LmFRdAhXr9x8yiR0VicBd8V"",""kind"":""stripe_charge"",""stripe_charge_id"":""ch_3LmFRdAhXr9x8yiR0VicBd8V"",""gross_amount"":""1035.51"",""fee_amount"":""42.76"",""net_amount"":""992.75"",""currency"":""USD"",""received_date"":""2022-09-26"",""lifecycle"":""received"",""qb_direct"":""true"",""qb_direct_provenance"":""charge_qb_tie"",""reaches_qb_anywhere"":""true""},{""id"":""pu_ch_3LmGW2AhXr9x8yiR1GTkkPU4"",""kind"":""stripe_charge"",""stripe_charge_id"":""ch_3LmGW2AhXr9x8yiR1GTkkPU4"",""gross_amount"":""100.00"",""fee_amount"":""4.40"",""net_amount"":""95.60"",""currency"":""USD"",""received_date"":""2022-09-26"",""lifecycle"":""received"",""qb_direct"":""true"",""qb_direct_provenance"":""charge_qb_tie"",""reaches_qb_anywhere"":""true""},{""id"":""pu_ch_3LmLikAhXr9x8yiR1OxWYIRW"",""kind"":""stripe_charge"",""stripe_charge_id"":""ch_3LmLikAhXr9x8yiR1OxWYIRW"",""gross_amount"":""100.00"",""fee_amount"":""4.40"",""net_amount"":""95.60"",""currency"":""USD"",""received_date"":""2022-09-26"",""lifecycle"":""received"",""qb_direct"":""true"",""qb_direct_provenance"":""charge_qb_tie"",""reaches_qb_anywhere"":""true""},{""id"":""pu_ch_3LmQ5eAhXr9x8yiR0iMbqF8n"",""kind"":""stripe_charge"",""stripe_charge_id"":""ch_3LmQ5eAhXr9x8yiR0iMbqF8n"",""gross_amount"":""20.00"",""fee_amount"":""1.12"",""net_amount"":""18.88"",""currency"":""USD"",""received_date"":""2022-09-26"",""lifecycle"":""received"",""qb_direct"":""true"",""qb_direct_provenance"":""charge_qb_tie"",""reaches_qb_anywhere"":""true""}]","7","7","false","","","","","","","","","","","","","","","","","","","","","","","","","","false","true","true","7","7"
"po_1LnDriAhXr9x8yiRD6usLTKl","bdep_228b819516621dca715d3fed","378.32","USD","2022-09-29","2022-09-30","false","","bdep_228b819516621dca715d3fed","bnk_228b819516621dca715d3fed","2022-09-30","378.32","USD","","","STRIPE           TRANSFER          ST-N9N2D0Z2U6B0 THE WILDFLOWER FOUNDAT","[{""id"":""pu_ch_3Lmqw1AhXr9x8yiR1MFA4TxZ"",""kind"":""stripe_charge"",""stripe_charge_id"":""ch_3Lmqw1AhXr9x8yiR1MFA4TxZ"",""gross_amount"":""136.00"",""fee_amount"":""5.87"",""net_amount"":""130.13"",""currency"":""USD"",""received_date"":""2022-09-27"",""lifecycle"":""received"",""qb_direct"":""true"",""qb_direct_provenance"":""charge_qb_tie"",""reaches_qb_anywhere"":""true""},{""id"":""pu_ch_3Ln5WrAhXr9x8yiR134Q2sGI"",""kind"":""stripe_charge"",""stripe_charge_id"":""ch_3Ln5WrAhXr9x8yiR134Q2sGI"",""gross_amount"":""259.11"",""fee_amount"":""10.92"",""net_amount"":""248.19"",""currency"":""USD"",""received_date"":""2022-09-28"",""lifecycle"":""received"",""qb_direct"":""true"",""qb_direct_provenance"":""charge_qb_tie"",""reaches_qb_anywhere"":""true""}]","2","2","false","","","","","","","","","","","","","","","","","","","","","","","","","","false","true","true","2","2"
"po_1LoJr2AhXr9x8yiRRCkRPAHK","bdep_1c7a2113b68f1e1205ee16a9","248.19","USD","2022-10-02","2022-10-03","false","","bdep_1c7a2113b68f1e1205ee16a9","bnk_1c7a2113b68f1e1205ee16a9","2022-10-03","248.19","USD","","","STRIPE           TRANSFER          ST-G4K4I3H5J2N8 THE WILDFLOWER FOUNDAT","[{""id"":""pu_ch_3LnOgRAhXr9x8yiR0fiZ6tQX"",""kind"":""stripe_charge"",""stripe_charge_id"":""ch_3LnOgRAhXr9x8yiR0fiZ6tQX"",""gross_amount"":""259.11"",""fee_amount"":""10.92"",""net_amount"":""248.19"",""currency"":""USD"",""received_date"":""2022-09-29"",""lifecycle"":""received"",""qb_direct"":""true"",""qb_direct_provenance"":""charge_qb_tie"",""reaches_qb_anywhere"":""true""}]","1","1","false","","","","","","","","","","","","","","","","","","","","","","","","","","false","true","true","1","1"
"po_1Log1CAhXr9x8yiRUeV2RLWL","bdep_6587f7eb165949741a1640e9","99.27","USD","2022-10-03","2022-10-04","false","","bdep_6587f7eb165949741a1640e9","bnk_6587f7eb165949741a1640e9","2022-10-04","99.27","USD","","","STRIPE           TRANSFER          ST-P9H0R2Y6T3K2 THE WILDFLOWER FOUNDAT","[{""id"":""pu_ch_3LnsqvAhXr9x8yiR1btYvYin"",""kind"":""stripe_charge"",""stripe_charge_id"":""ch_3LnsqvAhXr9x8yiR1btYvYin"",""gross_amount"":""103.83"",""fee_amount"":""4.56"",""net_amount"":""99.27"",""currency"":""USD"",""received_date"":""2022-09-30"",""lifecycle"":""received"",""qb_direct"":""true"",""qb_direct_provenance"":""charge_qb_tie"",""reaches_qb_anywhere"":""true""}]","1","1","false","","","","","","","","","","","","","","","","","","","","","","","","","","false","true","true","1","1"
"po_1Lp22GAhXr9x8yiRJIYCe2nR","bdep_5e8859f81f1d6113a3073b77","198.54","USD","2022-10-04","2022-10-05","false","","bdep_5e8859f81f1d6113a3073b77","bnk_5e8859f81f1d6113a3073b77","2022-10-05","198.54","USD","","","STRIPE           TRANSFER          ST-X3O6J0Z9H6P9 THE WILDFLOWER FOUNDAT","[{""id"":""pu_ch_3LoArlAhXr9x8yiR0dtsBBji"",""kind"":""stripe_charge"",""stripe_charge_id"":""ch_3LoArlAhXr9x8yiR0dtsBBji"",""gross_amount"":""103.83"",""fee_amount"":""4.56"",""net_amount"":""99.27"",""currency"":""USD"",""received_date"":""2022-10-01"",""lifecycle"":""received"",""qb_direct"":""true"",""qb_direct_provenance"":""charge_qb_tie"",""reaches_qb_anywhere"":""true""},{""id"":""pu_ch_3LowvBAhXr9x8yiR1fVy0Blc"",""kind"":""stripe_charge"",""stripe_charge_id"":""ch_3LowvBAhXr9x8yiR1fVy0Blc"",""gross_amount"":""103.83"",""fee_amount"":""4.56"",""net_amount"":""99.27"",""currency"":""USD"",""received_date"":""2022-10-03"",""lifecycle"":""received"",""qb_direct"":""true"",""qb_direct_provenance"":""charge_qb_tie"",""reaches_qb_anywhere"":""true""}]","2","2","false","","","","","","","","","","","","","","","","","","","","","","","","","","false","true","true","2","2"
"po_1LvvkrAhXr9x8yiR9rrH6bSl","bdep_a1898e020374391240d2727d","49.48","USD","2022-10-23","2022-10-24","false","","bdep_a1898e020374391240d2727d","bnk_a1898e020374391240d2727d","2022-10-24","49.48","USD","","","STRIPE           TRANSFER          ST-K3I8Q9E6V9Z8 THE WILDFLOWER FOUNDAT","[{""id"":""pu_ch_3Lv1ipAhXr9x8yiR15JvuQlT"",""kind"":""stripe_charge"",""stripe_charge_id"":""ch_3Lv1ipAhXr9x8yiR15JvuQlT"",""gross_amount"":""52.07"",""fee_amount"":""2.59"",""net_amount"":""49.48"",""currency"":""USD"",""received_date"":""2022-10-20"",""lifecycle"":""received"",""qb_direct"":""true"",""qb_direct_provenance"":""charge_qb_tie"",""reaches_qb_anywhere"":""true""}]","1","1","false","","","","","","","","","","","","","","","","","","","","","","","","","","false","true","true","1","1"
"po_1M6nrjAhXr9x8yiR1HWXnuYJ","bdep_d54950364585d7dfb1540ace","53.95","USD","2022-11-22","2022-11-23","false","","bdep_d54950364585d7dfb1540ace","bnk_d54950364585d7dfb1540ace","2022-11-23","53.95","USD","","","STRIPE           TRANSFER          ST-M6Y8K2N2I0E8 THE WILDFLOWER FOUNDAT","[{""id"":""pu_ch_3M6GPRAhXr9x8yiR1SH6j26D"",""kind"":""stripe_charge"",""stripe_charge_id"":""ch_3M6GPRAhXr9x8yiR1SH6j26D"",""gross_amount"":""52.07"",""fee_amount"":""2.59"",""net_amount"":""49.48"",""currency"":""USD"",""received_date"":""2022-11-20"",""lifecycle"":""received"",""qb_direct"":""false"",""qb_direct_provenance"":"""",""reaches_qb_anywhere"":""false""},{""id"":""pu_ch_3M6cb3AhXr9x8yiR1A59mrp9"",""kind"":""stripe_charge"",""stripe_charge_id"":""ch_3M6cb3AhXr9x8yiR1A59mrp9"",""gross_amount"":""5.00"",""fee_amount"":""0.53"",""net_amount"":""4.47"",""currency"":""USD"",""received_date"":""2022-11-21"",""lifecycle"":""received"",""qb_direct"":""false"",""qb_direct_provenance"":"""",""reaches_qb_anywhere"":""false""}]","2","0","false","","","","","","","","","","","","","","","","","","","","","","","","","","false","false","false","2","0"
"po_1M9jfsAhXr9x8yiRNyMVvYu4","bdep_642d26820a9e81cc0ab77c94","8.94","USD","2022-11-30","2022-12-01","false","","bdep_642d26820a9e81cc0ab77c94","bnk_642d26820a9e81cc0ab77c94","2022-12-01","8.94","USD","","","STRIPE           TRANSFER          ST-O6J5J1K9S0F0 THE WILDFLOWER FOUNDAT","[{""id"":""pu_ch_3M9XcOAhXr9x8yiR0iAC7wkn"",""kind"":""stripe_charge"",""stripe_charge_id"":""ch_3M9XcOAhXr9x8yiR0iAC7wkn"",""gross_amount"":""5.00"",""fee_amount"":""0.53"",""net_amount"":""4.47"",""currency"":""USD"",""received_date"":""2022-11-29"",""lifecycle"":""received"",""qb_direct"":""true"",""qb_direct_provenance"":""charge_qb_tie"",""reaches_qb_anywhere"":""true""},{""id"":""pu_ch_3M9YDIAhXr9x8yiR1RV3ImeD"",""kind"":""stripe_charge"",""stripe_charge_id"":""ch_3M9YDIAhXr9x8yiR1RV3ImeD"",""gross_amount"":""5.00"",""fee_amount"":""0.53"",""net_amount"":""4.47"",""currency"":""USD"",""received_date"":""2022-11-29"",""lifecycle"":""received"",""qb_direct"":""true"",""qb_direct_provenance"":""charge_qb_tie"",""reaches_qb_anywhere"":""true""}]","2","2","false","","","","","","","","","","","","","","","","","","","","","","","","","","false","true","true","2","2"
"po_1MA3zVAhXr9x8yiRrwCXuwWZ","bdep_791eb1fa96e83f76497afbff","74.46","USD","2022-12-01","2022-12-02","false","","bdep_791eb1fa96e83f76497afbff","bnk_791eb1fa96e83f76497afbff","2022-12-02","74.46","USD","","","STRIPE           TRANSFER          ST-P0S4A8Y0J2W8 THE WILDFLOWER FOUNDAT","[{""id"":""pu_ch_3M9hQdAhXr9x8yiR0o3xafDZ"",""kind"":""stripe_charge"",""stripe_charge_id"":""ch_3M9hQdAhXr9x8yiR0o3xafDZ"",""gross_amount"":""26.27"",""fee_amount"":""1.45"",""net_amount"":""24.82"",""currency"":""USD"",""received_date"":""2022-11-29"",""lifecycle"":""received"",""qb_direct"":""true"",""qb_direct_provenance"":""charge_qb_tie"",""reaches_qb_anywhere"":""true""},{""id"":""pu_ch_3M9xyTAhXr9x8yiR0pVyqVE4"",""kind"":""stripe_charge"",""stripe_charge_id"":""ch_3M9xyTAhXr9x8yiR0pVyqVE4"",""gross_amount"":""52.23"",""fee_amount"":""2.59"",""net_amount"":""49.64"",""currency"":""USD"",""received_date"":""2022-11-30"",""lifecycle"":""received"",""qb_direct"":""true"",""qb_direct_provenance"":""charge_qb_tie"",""reaches_qb_anywhere"":""true""}]","2","2","false","","","","","","","","","","","","","","","","","","","","","","","","","","false","true","true","2","2"
"po_1MBTJZAhXr9x8yiRrMcKwF5S","bdep_10b2a5e15f47e8cabb78783f","500","USD","2022-12-05","2022-12-06","false","","bdep_10b2a5e15f47e8cabb78783f","bnk_10b2a5e15f47e8cabb78783f","2022-12-06","500","USD","","","STRIPE           TRANSFER          ST-E9E0Q3I2T8W5 THE WILDFLOWER FOUNDAT","[{""id"":""pu_py_1M8pSvAhXr9x8yiRPhdZCjeK"",""kind"":""stripe_charge"",""stripe_charge_id"":""py_1M8pSvAhXr9x8yiRPhdZCjeK"",""gross_amount"":""511.77"",""fee_amount"":""11.77"",""net_amount"":""500.00"",""currency"":""USD"",""received_date"":""2022-11-27"",""lifecycle"":""received"",""qb_direct"":""true"",""qb_direct_provenance"":""charge_qb_tie"",""reaches_qb_anywhere"":""true""}]","1","1","false","","","","","","","","","","","","","","","","","","","","","","","","","","false","true","true","1","1"
"po_1MBv3qAhXr9x8yiR7s00xKnU","bdep_e9386079bfe9e5a954a59ff4","5075.38","USD","2022-12-06","2022-12-07","false","","bdep_e9386079bfe9e5a954a59ff4","bnk_e9386079bfe9e5a954a59ff4","2022-12-07","5075.38","USD","","","STRIPE           TRANSFER          ST-Q1Y7G7H6E0F6 THE WILDFLOWER FOUNDAT","[{""id"":""pu_ch_3MBimpAhXr9x8yiR0v7egT8X"",""kind"":""stripe_charge"",""stripe_charge_id"":""ch_3MBimpAhXr9x8yiR0v7egT8X"",""gross_amount"":""259.92"",""fee_amount"":""11.74"",""net_amount"":""248.18"",""currency"":""USD"",""received_date"":""2022-12-05"",""lifecycle"":""received"",""qb_direct"":""true"",""qb_direct_provenance"":""charge_qb_tie"",""reaches_qb_anywhere"":""true""},{""id"":""pu_ch_3MBj9RAhXr9x8yiR0n9G3WEC"",""kind"":""stripe_charge"",""stripe_charge_id"":""ch_3MBj9RAhXr9x8yiR0n9G3WEC"",""gross_amount"":""50.00"",""fee_amount"":""2.50"",""net_amount"":""47.50"",""currency"":""USD"",""received_date"":""2022-12-05"",""lifecycle"":""received"",""qb_direct"":""true"",""qb_direct_provenance"":""charge_qb_tie"",""reaches_qb_anywhere"":""true""},{""id"":""pu_ch_3MBkGSAhXr9x8yiR0lnMLEPu"",""kind"":""stripe_charge"",""stripe_charge_id"":""ch_3MBkGSAhXr9x8yiR0lnMLEPu"",""gross_amount"":""5000.00"",""fee_amount"":""220.30"",""net_amount"":""4779.70"",""currency"":""USD"",""received_date"":""2022-12-05"",""lifecycle"":""received"",""qb_direct"":""true"",""qb_direct_provenance"":""charge_qb_tie"",""reaches_qb_anywhere"":""true""}]","3","3","false","","","","","","","","","","","","","","","","","","","","","","","","","","false","true","true","3","3"
"po_1MCEFlAhXr9x8yiRqKocqk99","bdep_fb257c6f495c06b38f700413","496.36","USD","2022-12-07","2022-12-08","false","","bdep_fb257c6f495c06b38f700413","bnk_fb257c6f495c06b38f700413","2022-12-08","496.36","USD","","","STRIPE           TRANSFER          ST-W7C8A0M4P9W6 THE WILDFLOWER FOUNDAT","[{""id"":""pu_ch_3MBq1OAhXr9x8yiR1ATPKrSN"",""kind"":""stripe_charge"",""stripe_charge_id"":""ch_3MBq1OAhXr9x8yiR1ATPKrSN"",""gross_amount"":""519.52"",""fee_amount"":""23.16"",""net_amount"":""496.36"",""currency"":""USD"",""received_date"":""2022-12-05"",""lifecycle"":""received"",""qb_direct"":""true"",""qb_direct_provenance"":""charge_qb_tie"",""reaches_qb_anywhere"":""true""}]","1","1","false","","","","","","","","","","","","","","","","","","","","","","","","","","false","true","true","1","1"
"po_1MEPAwAhXr9x8yiRMzRy5gCx","bdep_9d5e05ff64b503728479ce07","198.55","USD","2022-12-13","2022-12-14","false","","bdep_9d5e05ff64b503728479ce07","bnk_9d5e05ff64b503728479ce07","2022-12-14","198.55","USD","","","STRIPE           TRANSFER          ST-K0L0J6V0O9R6 THE WILDFLOWER FOUNDAT","[{""id"":""pu_ch_3MDU2GAhXr9x8yiR0nxefQ3b"",""kind"":""stripe_charge"",""stripe_charge_id"":""ch_3MDU2GAhXr9x8yiR0nxefQ3b"",""gross_amount"":""208.00"",""fee_amount"":""9.45"",""net_amount"":""198.55"",""currency"":""USD"",""received_date"":""2022-12-10"",""lifecycle"":""received"",""qb_direct"":""true"",""qb_direct_provenance"":""charge_qb_tie"",""reaches_qb_anywhere"":""true""}]","1","1","false","","","","","","","","","","","","","","","","","","","","","","","","","","false","true","true","1","1"
"po_1MHLQPAhXr9x8yiR0MNVQBnb","bdep_21a0ea3125d1404c2f3e65a1","49.48","USD","2022-12-21","2022-12-22","false","","bdep_21a0ea3125d1404c2f3e65a1","bnk_21a0ea3125d1404c2f3e65a1","2022-12-22","49.48","USD","","","STRIPE           TRANSFER          ST-M4H4W9M6M7J9 THE WILDFLOWER FOUNDAT","[{""id"":""pu_ch_3MH8lXAhXr9x8yiR1MIa4Zti"",""kind"":""stripe_charge"",""stripe_charge_id"":""ch_3MH8lXAhXr9x8yiR1MIa4Zti"",""gross_amount"":""52.07"",""fee_amount"":""2.59"",""net_amount"":""49.48"",""currency"":""USD"",""received_date"":""2022-12-20"",""lifecycle"":""received"",""qb_direct"":""true"",""qb_direct_provenance"":""charge_qb_tie"",""reaches_qb_anywhere"":""true""}]","1","1","false","","","","","","","","","","","","","","","","","","","","","","","","","","false","true","true","1","1"
"po_1MJrAoAhXr9x8yiRedhs0Bxg","bdep_c0000b74ed8a027729a6bde8","238.7","USD","2022-12-28","2022-12-29","false","","bdep_c0000b74ed8a027729a6bde8","bnk_c0000b74ed8a027729a6bde8","2022-12-29","238.7","USD","","","STRIPE           TRANSFER          ST-H7G1N9L5C2D3 THE WILDFLOWER FOUNDAT","[{""id"":""pu_ch_3MJNx4AhXr9x8yiR1eTvCuY3"",""kind"":""stripe_charge"",""stripe_charge_id"":""ch_3MJNx4AhXr9x8yiR1eTvCuY3"",""gross_amount"":""250.00"",""fee_amount"":""11.30"",""net_amount"":""238.70"",""currency"":""USD"",""received_date"":""2022-12-26"",""lifecycle"":""received"",""qb_direct"":""true"",""qb_direct_provenance"":""charge_qb_tie"",""reaches_qb_anywhere"":""true""}]","1","1","false","","","","","","","","","","","","","","","","","","","","","","","","","","false","true","true","1","1"
"po_1MTH9wAhXr9x8yiRnUhwSNKN","bdep_e61d883382eed1bcd3d820d1","49.48","USD","2023-01-23","2023-01-24","false","","bdep_e61d883382eed1bcd3d820d1","bnk_e61d883382eed1bcd3d820d1","2023-01-24","49.48","USD","","","STRIPE           TRANSFER          ST-W8Z7Z0O9T2G1 THE WILDFLOWER FOUNDAT","[{""id"":""pu_ch_3MSNXNAhXr9x8yiR1FHIwrDj"",""kind"":""stripe_charge"",""stripe_charge_id"":""ch_3MSNXNAhXr9x8yiR1FHIwrDj"",""gross_amount"":""52.07"",""fee_amount"":""2.59"",""net_amount"":""49.48"",""currency"":""USD"",""received_date"":""2023-01-20"",""lifecycle"":""received"",""qb_direct"":""true"",""qb_direct_provenance"":""charge_qb_tie"",""reaches_qb_anywhere"":""true""}]","1","1","false","","","","","","","","","","","","","","","","","","","","","","","","","","false","true","true","1","1"
"po_1Me9eaAhXr9x8yiRzsVaTQJA","bdep_743888d7025754a917b4987a","49.48","USD","2023-02-22","2023-02-23","false","","bdep_743888d7025754a917b4987a","bnk_743888d7025754a917b4987a","2023-02-23","49.48","USD","","","STRIPE           TRANSFER          ST-S4L6R5B1A2P9 THE WILDFLOWER FOUNDAT","[{""id"":""pu_ch_3MdcMJAhXr9x8yiR03BOOQiC"",""kind"":""stripe_charge"",""stripe_charge_id"":""ch_3MdcMJAhXr9x8yiR03BOOQiC"",""gross_amount"":""52.07"",""fee_amount"":""2.59"",""net_amount"":""49.48"",""currency"":""USD"",""received_date"":""2023-02-20"",""lifecycle"":""received"",""qb_direct"":""true"",""qb_direct_provenance"":""charge_qb_tie"",""reaches_qb_anywhere"":""true""}]","1","1","false","","","","","","","","","","","","","","","","","","","","","","","","","","false","true","true","1","1"
"po_1Miq32AhXr9x8yiRsvPiWdhS","bdep_1dae5ac2a4f9478aeceb2894","694.91","USD","2023-03-07","2023-03-08","false","","bdep_1dae5ac2a4f9478aeceb2894","bnk_1dae5ac2a4f9478aeceb2894","2023-03-08","694.91","USD","","","STRIPE           TRANSFER          ST-X3D5D1N1V5E5 THE WILDFLOWER FOUNDAT","[{""id"":""pu_ch_3MhixaAhXr9x8yiR08XvkiAJ"",""kind"":""stripe_charge"",""stripe_charge_id"":""ch_3MhixaAhXr9x8yiR08XvkiAJ"",""gross_amount"":""727.21"",""fee_amount"":""32.30"",""net_amount"":""694.91"",""currency"":""USD"",""received_date"":""2023-03-03"",""lifecycle"":""received"",""qb_direct"":""true"",""qb_direct_provenance"":""charge_qb_tie"",""reaches_qb_anywhere"":""true""}]","1","1","false","","","","","","","","","","","","","","","","","","","","","","","","","","false","true","true","1","1"
"po_1MnDxqAhXr9x8yiRQH58QrzJ","bdep_6f39739226c7df80dfc040bc","4.96","USD","2023-03-19","2023-03-20","false","","bdep_6f39739226c7df80dfc040bc","bnk_6f39739226c7df80dfc040bc","2023-03-20","4.96","USD","","","STRIPE           TRANSFER          ST-V9K1Y6U9V1X8 THE WILDFLOWER FOUNDAT","[{""id"":""pu_ch_3MmPDNAhXr9x8yiR1ou1DrQn"",""kind"":""stripe_charge"",""stripe_charge_id"":""ch_3MmPDNAhXr9x8yiR1ou1DrQn"",""gross_amount"":""5.50"",""fee_amount"":""0.54"",""net_amount"":""4.96"",""currency"":""USD"",""received_date"":""2023-03-16"",""lifecycle"":""received"",""qb_direct"":""true"",""qb_direct_provenance"":""charge_qb_tie"",""reaches_qb_anywhere"":""true""}]","1","1","false","","","","","","","","","","","","","","","","","","","","","","","","","","false","true","true","1","1"
"po_1MnyUcAhXr9x8yiRNrJsGp7I","bdep_f6d7474c729816d10ad4e856","49.48","USD","2023-03-21","2023-03-22","false","","bdep_f6d7474c729816d10ad4e856","bnk_f6d7474c729816d10ad4e856","2023-03-22","49.48","USD","","","STRIPE           TRANSFER          ST-F1L2V7B8O0I4 THE WILDFLOWER FOUNDAT","[{""id"":""pu_ch_3MnlfWAhXr9x8yiR0OkddHf0"",""kind"":""stripe_charge"",""stripe_charge_id"":""ch_3MnlfWAhXr9x8yiR0OkddHf0"",""gross_amount"":""52.07"",""fee_amount"":""2.59"",""net_amount"":""49.48"",""currency"":""USD"",""received_date"":""2023-03-20"",""lifecycle"":""received"",""qb_direct"":""true"",""qb_direct_provenance"":""charge_qb_tie"",""reaches_qb_anywhere"":""true""}]","1","1","false","","","","","","","","","","","","","","","","","","","","","","","","","","false","true","true","1","1"
"po_1NA3VXAhXr9x8yiR9eanl7wI","bdep_88ccc2ba26df2ca18aa7d3bd","5441.35","USD","2023-05-21","2023-05-22","false","","bdep_88ccc2ba26df2ca18aa7d3bd","bnk_88ccc2ba26df2ca18aa7d3bd","2023-05-22","5441.35","USD","","","STRIPE           TRANSFER          ST-F4O9Z3C4J5E4 THE WILDFLOWER FOUNDAT","[{""id"":""pu_ch_3N9AzEAhXr9x8yiR0VV5iWfR"",""kind"":""stripe_charge"",""stripe_charge_id"":""ch_3N9AzEAhXr9x8yiR0VV5iWfR"",""gross_amount"":""500.00"",""fee_amount"":""22.30"",""net_amount"":""477.70"",""currency"":""USD"",""received_date"":""2023-05-18"",""lifecycle"":""received"",""qb_direct"":""true"",""qb_direct_provenance"":""charge_qb_tie"",""reaches_qb_anywhere"":""true""},{""id"":""pu_ch_3N9FvgAhXr9x8yiR0HHxu60S"",""kind"":""stripe_charge"",""stripe_charge_id"":""ch_3N9FvgAhXr9x8yiR0HHxu60S"",""gross_amount"":""5192.42"",""fee_amount"":""228.77"",""net_amount"":""4963.65"",""currency"":""USD"",""received_date"":""2023-05-18"",""lifecycle"":""received"",""qb_direct"":""true"",""qb_direct_provenance"":""charge_qb_tie"",""reaches_qb_anywhere"":""true""}]","2","2","false","","","","","","","","","","","","","","","","","","","","","","","","","","false","true","true","2","2"
"po_1NDfleAhXr9x8yiRMVzV6gis","bdep_b2c7c0676553b52e3c49a93e","248.18","USD","2023-05-31","2023-06-01","false","","bdep_b2c7c0676553b52e3c49a93e","bnk_b2c7c0676553b52e3c49a93e","2023-06-01","248.18","USD","","","STRIPE           TRANSFER          ST-Q9E1Q8W2F6J5 THE WILDFLOWER FOUNDAT","[{""id"":""pu_ch_3NCu8UAhXr9x8yiR04WhMXe8"",""kind"":""stripe_charge"",""stripe_charge_id"":""ch_3NCu8UAhXr9x8yiR04WhMXe8"",""gross_amount"":""259.92"",""fee_amount"":""11.74"",""net_amount"":""248.18"",""currency"":""USD"",""received_date"":""2023-05-28"",""lifecycle"":""received"",""qb_direct"":""true"",""qb_direct_provenance"":""charge_qb_tie"",""reaches_qb_anywhere"":""true""}]","1","1","false","","","","","","","","","","","","","","","","","","","","","","","","","","false","true","true","1","1"
"po_1O5IE6AhXr9x8yiR07VEkksC","bdep_db7fa98cee1414a89e7f64dc","584.7","USD","2023-10-26","2023-10-27","false","","bdep_db7fa98cee1414a89e7f64dc","bnk_db7fa98cee1414a89e7f64dc","2023-10-27","584.7","USD","","","STRIPE           TRANSFER          ST-H0R0D5P5M6N7 THE WILDFLOWER FOUNDAT","[{""id"":""pu_py_1O2iSqAhXr9x8yiReWHkmWBz"",""kind"":""stripe_charge"",""stripe_charge_id"":""py_1O2iSqAhXr9x8yiReWHkmWBz"",""gross_amount"":""600.00"",""fee_amount"":""15.30"",""net_amount"":""584.70"",""currency"":""USD"",""received_date"":""2023-10-18"",""lifecycle"":""received"",""qb_direct"":""true"",""qb_direct_provenance"":""charge_qb_tie"",""reaches_qb_anywhere"":""true""}]","1","1","false","","","","","","","","","","","","","","","","","","","","","","","","","","false","true","true","1","1"
"po_1OUKPQAhXr9x8yiRdSE9W0sL","bdep_526a4c6a5ce146916deb47cf","238.07","USD","2024-01-03","2024-01-04","false","","bdep_526a4c6a5ce146916deb47cf","bnk_526a4c6a5ce146916deb47cf","2024-01-04","238.07","USD","","","STRIPE           TRANSFER          ST-R8S1Z1R7Z6T2 THE WILDFLOWER FOUNDAT","[{""id"":""pu_ch_3OTBCUAhXr9x8yiR09ZmWvEs"",""kind"":""stripe_charge"",""stripe_charge_id"":""ch_3OTBCUAhXr9x8yiR09ZmWvEs"",""gross_amount"":""250.00"",""fee_amount"":""11.93"",""net_amount"":""238.07"",""currency"":""USD"",""received_date"":""2023-12-30"",""lifecycle"":""received"",""qb_direct"":""true"",""qb_direct_provenance"":""charge_qb_tie"",""reaches_qb_anywhere"":""true""}]","1","1","false","","","","","","","","","","","","","","","","","","","","","","","","","","false","true","true","1","1"
"po_1PztOwAhXr9x8yiRarNk4q5S","bdep_09bb31a360f636d5ca47e957","992.71","USD","2024-09-17","2024-09-18","false","","bdep_09bb31a360f636d5ca47e957","bnk_09bb31a360f636d5ca47e957","2024-09-18","992.71","USD","","","STRIPE           TRANSFER          ST-D5P8F6Z9G8E7 THE WILDFLOWER FOUNDAT","[]","0","0","false","","","","","","","","","","","","","","","","","","","","","","","","","","false","false","false","0","0"
"po_1QFulkAhXr9x8yiRnGqGxTok","bdep_7b8119b30f2f5f51975f9b28","4.46","USD","2024-10-31","2024-11-01","false","","bdep_7b8119b30f2f5f51975f9b28","bnk_7b8119b30f2f5f51975f9b28","2024-11-01","4.46","USD","","","STRIPE           TRANSFER          ST-V0Z6N3P9L1Q7 THE WILDFLOWER FOUNDAT","[{""id"":""pu_ch_3QFhwbAhXr9x8yiR0dRvpvDx"",""kind"":""stripe_charge"",""stripe_charge_id"":""ch_3QFhwbAhXr9x8yiR0dRvpvDx"",""gross_amount"":""5.00"",""fee_amount"":""0.54"",""net_amount"":""4.46"",""currency"":""USD"",""received_date"":""2024-10-30"",""lifecycle"":""received"",""qb_direct"":""false"",""qb_direct_provenance"":"""",""reaches_qb_anywhere"":""false""}]","1","0","false","","","","","","","","","","","","","","","","","","","","","","","","","","false","false","false","1","0"
"po_1QHzUYAhXr9x8yiRzGPeI1oN","bdep_1d9a436b23f813e2ed458aa6","9.92","USD","2024-11-06","2024-11-07","false","","bdep_1d9a436b23f813e2ed458aa6","bnk_1d9a436b23f813e2ed458aa6","2024-11-07","9.92","USD","","","STRIPE           TRANSFER          ST-X6X5P3V9I5C9 THE WILDFLOWER FOUNDAT","[{""id"":""pu_ch_3QHaobAhXr9x8yiR1Sfqdpmi"",""kind"":""stripe_charge"",""stripe_charge_id"":""ch_3QHaobAhXr9x8yiR1Sfqdpmi"",""gross_amount"":""5.52"",""fee_amount"":""0.56"",""net_amount"":""4.96"",""currency"":""USD"",""received_date"":""2024-11-04"",""lifecycle"":""received"",""qb_direct"":""false"",""qb_direct_provenance"":"""",""reaches_qb_anywhere"":""false""},{""id"":""pu_ch_3QHavPAhXr9x8yiR0mi8lXtc"",""kind"":""stripe_charge"",""stripe_charge_id"":""ch_3QHavPAhXr9x8yiR0mi8lXtc"",""gross_amount"":""5.52"",""fee_amount"":""0.56"",""net_amount"":""4.96"",""currency"":""USD"",""received_date"":""2024-11-04"",""lifecycle"":""received"",""qb_direct"":""false"",""qb_direct_provenance"":"""",""reaches_qb_anywhere"":""false""}]","2","0","false","","","","","","","","","","","","","","","","","","","","","","","","","","false","false","false","2","0"
"po_1QIPzmAhXr9x8yiRsGQAAsEl","bdep_3e0858074bb5cfed40959ae8","992.71","USD","2024-11-07","2024-11-08","false","","bdep_3e0858074bb5cfed40959ae8","bnk_3e0858074bb5cfed40959ae8","2024-11-08","992.71","USD","","","STRIPE           TRANSFER          ST-U8L6K2H6G1S3 THE WILDFLOWER FOUNDAT","[{""id"":""pu_ch_3QIGEFAhXr9x8yiR171HUn5J"",""kind"":""stripe_charge"",""stripe_charge_id"":""ch_3QIGEFAhXr9x8yiR171HUn5J"",""gross_amount"":""1041.44"",""fee_amount"":""48.73"",""net_amount"":""992.71"",""currency"":""USD"",""received_date"":""2024-11-06"",""lifecycle"":""received"",""qb_direct"":""false"",""qb_direct_provenance"":"""",""reaches_qb_anywhere"":""false""}]","1","0","false","","","","","","","","","","","","","","","","","","","","","","","","","","false","false","false","1","0"
"po_1QKxMJAhXr9x8yiRjWatUCXc","bdep_3cdf520ff6b65f72f39e547c","290.41","USD","2024-11-14","2024-11-15","false","","bdep_3cdf520ff6b65f72f39e547c","bnk_3cdf520ff6b65f72f39e547c","2024-11-15","290.41","USD","","","STRIPE           TRANSFER          ST-M5L2S2I7D4G9 THE WILDFLOWER FOUNDAT","[{""id"":""pu_ch_3QKjYpAhXr9x8yiR1MREmvtd"",""kind"":""stripe_charge"",""stripe_charge_id"":""ch_3QKjYpAhXr9x8yiR1MREmvtd"",""gross_amount"":""100.00"",""fee_amount"":""4.95"",""net_amount"":""95.05"",""currency"":""USD"",""received_date"":""2024-11-13"",""lifecycle"":""received"",""qb_direct"":""false"",""qb_direct_provenance"":"""",""reaches_qb_anywhere"":""false""},{""id"":""pu_ch_3QKn0VAhXr9x8yiR0TAYKR5p"",""kind"":""stripe_charge"",""stripe_charge_id"":""ch_3QKn0VAhXr9x8yiR0TAYKR5p"",""gross_amount"":""200.00"",""fee_amount"":""9.60"",""net_amount"":""190.40"",""currency"":""USD"",""received_date"":""2024-11-13"",""lifecycle"":""received"",""qb_direct"":""false"",""qb_direct_provenance"":"""",""reaches_qb_anywhere"":""false""},{""id"":""pu_ch_3QKoLrAhXr9x8yiR0Mg7zprN"",""kind"":""stripe_charge"",""stripe_charge_id"":""ch_3QKoLrAhXr9x8yiR0Mg7zprN"",""gross_amount"":""5.52"",""fee_amount"":""0.56"",""net_amount"":""4.96"",""currency"":""USD"",""received_date"":""2024-11-13"",""lifecycle"":""received"",""qb_direct"":""false"",""qb_direct_provenance"":"""",""reaches_qb_anywhere"":""false""}]","3","0","false","","","","","","","","","","","","","","","","","","","","","","","","","","false","false","false","3","0"
"po_1QM18VAhXr9x8yiRA7PFpc7m","bdep_a06d0a90700b06d8023a9220","190.4","USD","2024-11-17","2024-11-18","false","","bdep_a06d0a90700b06d8023a9220","bnk_a06d0a90700b06d8023a9220","2024-11-18","190.4","USD","","","STRIPE           TRANSFER          ST-O2R1O5T4F6C1 THE WILDFLOWER FOUNDAT","[{""id"":""pu_ch_3QLA56AhXr9x8yiR0u2EP3zw"",""kind"":""stripe_charge"",""stripe_charge_id"":""ch_3QLA56AhXr9x8yiR0u2EP3zw"",""gross_amount"":""200.00"",""fee_amount"":""9.60"",""net_amount"":""190.40"",""currency"":""USD"",""received_date"":""2024-11-14"",""lifecycle"":""received"",""qb_direct"":""false"",""qb_direct_provenance"":"""",""reaches_qb_anywhere"":""false""}]","1","0","false","","","","","","","","","","","","","","","","","","","","","","","","","","false","false","false","1","0"
"po_1QMM3UAhXr9x8yiREq2zgQEh","bdep_d287c7c988f8002d4faa2ce0","238.07","USD","2024-11-18","2024-11-19","false","","bdep_d287c7c988f8002d4faa2ce0","bnk_d287c7c988f8002d4faa2ce0","2024-11-19","238.07","USD","","","STRIPE           TRANSFER          ST-Q8V9N5L7P8K6 THE WILDFLOWER FOUNDAT","[{""id"":""pu_ch_3QLXUJAhXr9x8yiR1qYT8ibj"",""kind"":""stripe_charge"",""stripe_charge_id"":""ch_3QLXUJAhXr9x8yiR1qYT8ibj"",""gross_amount"":""250.00"",""fee_amount"":""11.93"",""net_amount"":""238.07"",""currency"":""USD"",""received_date"":""2024-11-15"",""lifecycle"":""received"",""qb_direct"":""false"",""qb_direct_provenance"":"""",""reaches_qb_anywhere"":""false""}]","1","0","false","","","","","","","","","","","","","","","","","","","","","","","","","","false","false","false","1","0"
"po_1QNUCdAhXr9x8yiR2vopqWcR","bdep_bef8dee88c901c3792cee623","4767.2","USD","2024-11-21","2024-11-22","false","","bdep_bef8dee88c901c3792cee623","bnk_bef8dee88c901c3792cee623","2024-11-22","4767.2","USD","","","STRIPE           TRANSFER          ST-A3N9O1Q6S2Z7 THE WILDFLOWER FOUNDAT","[{""id"":""pu_ch_3QNKW6AhXr9x8yiR0XRUjz5h"",""kind"":""stripe_charge"",""stripe_charge_id"":""ch_3QNKW6AhXr9x8yiR0XRUjz5h"",""gross_amount"":""5000.00"",""fee_amount"":""232.80"",""net_amount"":""4767.20"",""currency"":""USD"",""received_date"":""2024-11-20"",""lifecycle"":""received"",""qb_direct"":""true"",""qb_direct_provenance"":""charge_qb_tie"",""reaches_qb_anywhere"":""true""}]","1","1","false","","","","","","","","","","","","","","","","","","","","","","","","","","false","true","true","1","1"
"po_1QOUp8AhXr9x8yiR7y3DBEdl","bdep_0ac75a943e6564ae3df831c9","24.82","USD","2024-11-24","2024-11-25","false","","bdep_0ac75a943e6564ae3df831c9","bnk_0ac75a943e6564ae3df831c9","2024-11-25","24.82","USD","","","STRIPE           TRANSFER          ST-R5D6J5Y9K2L9 THE WILDFLOWER FOUNDAT","[{""id"":""pu_ch_3QNRWYAhXr9x8yiR0AQrmQz3"",""kind"":""stripe_charge"",""stripe_charge_id"":""ch_3QNRWYAhXr9x8yiR0AQrmQz3"",""gross_amount"":""26.34"",""fee_amount"":""1.52"",""net_amount"":""24.82"",""currency"":""USD"",""received_date"":""2024-11-20"",""lifecycle"":""received"",""qb_direct"":""false"",""qb_direct_provenance"":"""",""reaches_qb_anywhere"":""false""}]","1","0","false","","","","","","","","","","","","","","","","","","","","","","","","","","false","false","false","1","0"
"po_1QSB6jAhXr9x8yiRAuux0yaB","bdep_2b6cb927274e578715f2e1ea","1004.56","USD","2024-12-04","2024-12-05","false","","bdep_2b6cb927274e578715f2e1ea","bnk_2b6cb927274e578715f2e1ea","2024-12-05","1004.56","USD","","","STRIPE           TRANSFER          ST-R8Q7I9Y2I5D5 THE WILDFLOWER FOUNDAT","[{""id"":""pu_ch_3QRy5dAhXr9x8yiR0QfQ0UG7"",""kind"":""stripe_charge"",""stripe_charge_id"":""ch_3QRy5dAhXr9x8yiR0QfQ0UG7"",""gross_amount"":""115.88"",""fee_amount"":""5.69"",""net_amount"":""110.19"",""currency"":""USD"",""received_date"":""2024-12-03"",""lifecycle"":""received"",""qb_direct"":""false"",""qb_direct_provenance"":"""",""reaches_qb_anywhere"":""false""},{""id"":""pu_ch_3QRyX0AhXr9x8yiR1mSseuVu"",""kind"":""stripe_charge"",""stripe_charge_id"":""ch_3QRyX0AhXr9x8yiR1mSseuVu"",""gross_amount"":""75.00"",""fee_amount"":""3.79"",""net_amount"":""71.21"",""currency"":""USD"",""received_date"":""2024-12-03"",""lifecycle"":""received"",""qb_direct"":""false"",""qb_direct_provenance"":"""",""reaches_qb_anywhere"":""false""},{""id"":""pu_ch_3QRyeeAhXr9x8yiR14sgI9Aq"",""kind"":""stripe_charge"",""stripe_charge_id"":""ch_3QRyeeAhXr9x8yiR14sgI9Aq"",""gross_amount"":""52.37"",""fee_amount"":""2.74"",""net_amount"":""49.63"",""currency"":""USD"",""received_date"":""2024-12-03"",""lifecycle"":""received"",""qb_direct"":""false"",""qb_direct_provenance"":"""",""reaches_qb_anywhere"":""false""},{""id"":""pu_ch_3QRzCyAhXr9x8yiR1VF62JGM"",""kind"":""stripe_charge"",""stripe_charge_id"":""ch_3QRzCyAhXr9x8yiR1VF62JGM"",""gross_amount"":""100.00"",""fee_amount"":""4.95"",""net_amount"":""95.05"",""currency"":""USD"",""received_date"":""2024-12-03"",""lifecycle"":""received"",""qb_direct"":""false"",""qb_direct_provenance"":"""",""reaches_qb_anywhere"":""false""},{""id"":""pu_ch_3QS0GcAhXr9x8yiR1ZOsNan3"",""kind"":""stripe_charge"",""stripe_charge_id"":""ch_3QS0GcAhXr9x8yiR1ZOsNan3"",""gross_amount"":""30.00"",""fee_amount"":""1.69"",""net_amount"":""28.31"",""currency"":""USD"",""received_date"":""2024-12-03"",""lifecycle"":""received"",""qb_direct"":""false"",""qb_direct_provenance"":"""",""reaches_qb_anywhere"":""false""},{""id"":""pu_ch_3QS1fSAhXr9x8yiR1ADsOdkB"",""kind"":""stripe_charge"",""stripe_charge_id"":""ch_3QS1fSAhXr9x8yiR1ADsOdkB"",""gross_amount"":""156.48"",""fee_amount"":""7.58"",""net_amount"":""148.90"",""currency"":""USD"",""received_date"":""2024-12-03"",""lifecycle"":""received"",""qb_direct"":""false"",""qb_direct_provenance"":"""",""reaches_qb_anywhere"":""false""},{""id"":""pu_ch_3QS1jjAhXr9x8yiR123xEiuh"",""kind"":""stripe_charge"",""stripe_charge_id"":""ch_3QS1jjAhXr9x8yiR123xEiuh"",""gross_amount"":""26.34"",""fee_amount"":""1.52"",""net_amount"":""24.82"",""currency"":""USD"",""received_date"":""2024-12-03"",""lifecycle"":""received"",""qb_direct"":""false"",""qb_direct_provenance"":"""",""reaches_qb_anywhere"":""false""},{""id"":""pu_ch_3QS2G3AhXr9x8yiR0LRsxhSP"",""kind"":""stripe_charge"",""stripe_charge_id"":""ch_3QS2G3AhXr9x8yiR0LRsxhSP"",""gross_amount"":""500.00"",""fee_amount"":""23.55"",""net_amount"":""476.45"",""currency"":""USD"",""received_date"":""2024-12-03"",""lifecycle"":""received"",""qb_direct"":""false"",""qb_direct_provenance"":"""",""reaches_qb_anywhere"":""false""}]","8","0","false","","","","","","","","","","","","","","","","","","","","","","","","","","false","false","false","8","0"
"po_1QSUopAhXr9x8yiRKLBraMLZ","bdep_26470942cf8fa4d496b14a85","1102.1","USD","2024-12-05","2024-12-06","false","","bdep_26470942cf8fa4d496b14a85","bnk_26470942cf8fa4d496b14a85","2024-12-06","1102.1","USD","","","STRIPE           TRANSFER          ST-P0H2C7W7L6N8 THE WILDFLOWER FOUNDAT","[{""id"":""pu_ch_3QS9HZAhXr9x8yiR12O8MceN"",""kind"":""stripe_charge"",""stripe_charge_id"":""ch_3QS9HZAhXr9x8yiR12O8MceN"",""gross_amount"":""1000.00"",""fee_amount"":""46.80"",""net_amount"":""953.20"",""currency"":""USD"",""received_date"":""2024-12-03"",""lifecycle"":""received"",""qb_direct"":""false"",""qb_direct_provenance"":"""",""reaches_qb_anywhere"":""false""},{""id"":""pu_ch_3QSN8kAhXr9x8yiR1YszMe0N"",""kind"":""stripe_charge"",""stripe_charge_id"":""ch_3QSN8kAhXr9x8yiR1YszMe0N"",""gross_amount"":""156.48"",""fee_amount"":""7.58"",""net_amount"":""148.90"",""currency"":""USD"",""received_date"":""2024-12-04"",""lifecycle"":""received"",""qb_direct"":""false"",""qb_direct_provenance"":"""",""reaches_qb_anywhere"":""false""}]","2","0","false","","","","","","","","","","","","","","","","","","","","","","","","","","false","false","false","2","0"
"po_1QTazUAhXr9x8yiRkMj989qE","bdep_13a6360b69979ada0a234475","95.05","USD","2024-12-08","2024-12-09","false","","bdep_13a6360b69979ada0a234475","bnk_13a6360b69979ada0a234475","2024-12-09","95.05","USD","","","STRIPE           TRANSFER          ST-R6L3H4A5X4W8 THE WILDFLOWER FOUNDAT","[{""id"":""pu_ch_3QSfRbAhXr9x8yiR0JSAMVce"",""kind"":""stripe_charge"",""stripe_charge_id"":""ch_3QSfRbAhXr9x8yiR0JSAMVce"",""gross_amount"":""100.00"",""fee_amount"":""4.95"",""net_amount"":""95.05"",""currency"":""USD"",""received_date"":""2024-12-05"",""lifecycle"":""received"",""qb_direct"":""false"",""qb_direct_provenance"":"""",""reaches_qb_anywhere"":""false""}]","1","0","false","","","","","","","","","","","","","","","","","","","","","","","","","","false","false","false","1","0"
"po_1QTwJZAhXr9x8yiRvP2PdBwP","bdep_d61721dea6fc7c9226a84b69","47.37","USD","2024-12-09","2024-12-10","false","","bdep_d61721dea6fc7c9226a84b69","bnk_d61721dea6fc7c9226a84b69","2024-12-10","47.37","USD","","","STRIPE           TRANSFER          ST-Y9S5P4B0J6Y6 THE WILDFLOWER FOUNDAT","[{""id"":""pu_ch_3QT4i6AhXr9x8yiR1uKRqIP3"",""kind"":""stripe_charge"",""stripe_charge_id"":""ch_3QT4i6AhXr9x8yiR1uKRqIP3"",""gross_amount"":""50.00"",""fee_amount"":""2.63"",""net_amount"":""47.37"",""currency"":""USD"",""received_date"":""2024-12-06"",""lifecycle"":""received"",""qb_direct"":""false"",""qb_direct_provenance"":"""",""reaches_qb_anywhere"":""false""}]","1","0","false","","","","","","","","","","","","","","","","","","","","","","","","","","false","false","false","1","0"
"po_1QWTgMAhXr9x8yiRkVK3U6gv","bdep_35d57872e891f040541deefe","23.53","USD","2024-12-16","2024-12-17","false","","bdep_35d57872e891f040541deefe","bnk_35d57872e891f040541deefe","2024-12-17","23.53","USD","","","STRIPE           TRANSFER          ST-C1O4I7T5B0M3 THE WILDFLOWER FOUNDAT","[{""id"":""pu_ch_3QVbx2AhXr9x8yiR02dcYYth"",""kind"":""stripe_charge"",""stripe_charge_id"":""ch_3QVbx2AhXr9x8yiR02dcYYth"",""gross_amount"":""25.00"",""fee_amount"":""1.47"",""net_amount"":""23.53"",""currency"":""USD"",""received_date"":""2024-12-13"",""lifecycle"":""received"",""qb_direct"":""false"",""qb_direct_provenance"":"""",""reaches_qb_anywhere"":""false""}]","1","0","false","","","","","","","","","","","","","","","","","","","","","","","","","","false","false","false","1","0"
"po_1QYdoWAhXr9x8yiR49v6MfaN","bdep_eaf45e40eac1cfcfab9d7e63","120.84","USD","2024-12-22","2024-12-23","false","","bdep_eaf45e40eac1cfcfab9d7e63","bnk_eaf45e40eac1cfcfab9d7e63","2024-12-23","120.84","USD","","","STRIPE           TRANSFER          ST-J6F2W0L4R8B3 THE WILDFLOWER FOUNDAT","[{""id"":""pu_ch_3QXee6AhXr9x8yiR0pYf7jfC"",""kind"":""stripe_charge"",""stripe_charge_id"":""ch_3QXee6AhXr9x8yiR0pYf7jfC"",""gross_amount"":""52.37"",""fee_amount"":""2.74"",""net_amount"":""49.63"",""currency"":""USD"",""received_date"":""2024-12-19"",""lifecycle"":""received"",""qb_direct"":""false"",""qb_direct_provenance"":"""",""reaches_qb_anywhere"":""false""},{""id"":""pu_ch_3QXlsgAhXr9x8yiR18k6UJEP"",""kind"":""stripe_charge"",""stripe_charge_id"":""ch_3QXlsgAhXr9x8yiR18k6UJEP"",""gross_amount"":""75.00"",""fee_amount"":""3.79"",""net_amount"":""71.21"",""currency"":""USD"",""received_date"":""2024-12-19"",""lifecycle"":""received"",""qb_direct"":""false"",""qb_direct_provenance"":"""",""reaches_qb_anywhere"":""false""}]","2","0","false","","","","","","","","","","","","","","","","","","","","","","","","","","false","false","false","2","0"
"po_1QZ0GLAhXr9x8yiREFdipEzG","bdep_3a68ea4d9e7e7371071a127c","496","USD","2024-12-23","2024-12-24","false","","bdep_3a68ea4d9e7e7371071a127c","bnk_3a68ea4d9e7e7371071a127c","2024-12-24","496","USD","","","STRIPE           TRANSFER          ST-M6Y3Y1C5Q2U3 THE WILDFLOWER FOUNDAT","[{""id"":""pu_py_1QVrSuAhXr9x8yiRFnuHARUR"",""kind"":""stripe_charge"",""stripe_charge_id"":""py_1QVrSuAhXr9x8yiRFnuHARUR"",""gross_amount"":""513.08"",""fee_amount"":""13.08"",""net_amount"":""500.00"",""currency"":""USD"",""received_date"":""2024-12-14"",""lifecycle"":""received"",""qb_direct"":""false"",""qb_direct_provenance"":"""",""reaches_qb_anywhere"":""false""}]","1","0","false","","","","","","","","","","","","","","","","","","","","","","","","","","false","false","false","1","0"
"po_1QZj0vAhXr9x8yiReABDeog3","bdep_22dd49cabef05651dfd70b49","953.2","USD","2024-12-25","2024-12-26","false","","bdep_22dd49cabef05651dfd70b49","bnk_22dd49cabef05651dfd70b49","2024-12-26","953.2","USD","","","STRIPE           TRANSFER          ST-D2N8O6Z3J2W0 THE WILDFLOWER FOUNDAT","[{""id"":""pu_ch_3QYoMsAhXr9x8yiR0pyjDSJD"",""kind"":""stripe_charge"",""stripe_charge_id"":""ch_3QYoMsAhXr9x8yiR0pyjDSJD"",""gross_amount"":""1000.00"",""fee_amount"":""46.80"",""net_amount"":""953.20"",""currency"":""USD"",""received_date"":""2024-12-22"",""lifecycle"":""received"",""qb_direct"":""true"",""qb_direct_provenance"":""charge_qb_tie"",""reaches_qb_anywhere"":""true""}]","1","1","false","","","","","","","","","","","","","","","","","","","","","","","","","","false","true","true","1","1"
"po_1Qa5asAhXr9x8yiRugjbC5EU","bdep_1f48f30490aee3778ebfe919","148.9","USD","2024-12-26","2024-12-27","false","","bdep_1f48f30490aee3778ebfe919","bnk_1f48f30490aee3778ebfe919","2024-12-27","148.9","USD","","","STRIPE           TRANSFER          ST-I1F2H3F1C8B2 THE WILDFLOWER FOUNDAT","[{""id"":""pu_ch_3QZf3QAhXr9x8yiR0BJFSTLC"",""kind"":""stripe_charge"",""stripe_charge_id"":""ch_3QZf3QAhXr9x8yiR0BJFSTLC"",""gross_amount"":""156.48"",""fee_amount"":""7.58"",""net_amount"":""148.90"",""currency"":""USD"",""received_date"":""2024-12-24"",""lifecycle"":""received"",""qb_direct"":""false"",""qb_direct_provenance"":"""",""reaches_qb_anywhere"":""false""}]","1","0","false","","","","","","","","","","","","","","","","","","","","","","","","","","false","false","false","1","0"
"po_1QbB1YAhXr9x8yiRvekYilfK","bdep_ac0072a6da757dd3856c33cc","148.9","USD","2024-12-29","2024-12-30","false","","bdep_ac0072a6da757dd3856c33cc","bnk_ac0072a6da757dd3856c33cc","2024-12-30","148.9","USD","","","STRIPE           TRANSFER          ST-V5K0D5G7Q9W5 THE WILDFLOWER FOUNDAT","[{""id"":""pu_ch_3Qa1PxAhXr9x8yiR0GYIXgbd"",""kind"":""stripe_charge"",""stripe_charge_id"":""ch_3Qa1PxAhXr9x8yiR0GYIXgbd"",""gross_amount"":""156.48"",""fee_amount"":""7.58"",""net_amount"":""148.90"",""currency"":""USD"",""received_date"":""2024-12-25"",""lifecycle"":""received"",""qb_direct"":""false"",""qb_direct_provenance"":"""",""reaches_qb_anywhere"":""false""}]","1","0","false","","","","","","","","","","","","","","","","","","","","","","","","","","false","false","false","1","0"
"po_1QcGVTAhXr9x8yiRPL7BRs9l","bdep_51beefa297d24e0811b7ec4e","625.35","USD","2025-01-01","2025-01-02","false","","bdep_51beefa297d24e0811b7ec4e","bnk_51beefa297d24e0811b7ec4e","2025-01-02","625.35","USD","","","STRIPE           TRANSFER          ST-I6S8E0Q3U4P7 THE WILDFLOWER FOUNDAT","[{""id"":""pu_ch_3QblmwAhXr9x8yiR17jd8x9K"",""kind"":""stripe_charge"",""stripe_charge_id"":""ch_3QblmwAhXr9x8yiR17jd8x9K"",""gross_amount"":""500.00"",""fee_amount"":""23.55"",""net_amount"":""476.45"",""currency"":""USD"",""received_date"":""2024-12-30"",""lifecycle"":""received"",""qb_direct"":""false"",""qb_direct_provenance"":"""",""reaches_qb_anywhere"":""false""},{""id"":""pu_ch_3QbndyAhXr9x8yiR0T2yRkGy"",""kind"":""stripe_charge"",""stripe_charge_id"":""ch_3QbndyAhXr9x8yiR0T2yRkGy"",""gross_amount"":""156.48"",""fee_amount"":""7.58"",""net_amount"":""148.90"",""currency"":""USD"",""received_date"":""2024-12-30"",""lifecycle"":""received"",""qb_direct"":""false"",""qb_direct_provenance"":"""",""reaches_qb_anywhere"":""false""}]","2","0","false","","","","","","","","","","","","","","","","","","","","","","","","","","false","false","false","2","0"
"po_1QdiTXAhXr9x8yiRj5qErF77","bdep_537bfa941b885745b5b93be1","289.36","USD","2025-01-05","2025-01-06","false","","bdep_537bfa941b885745b5b93be1","bnk_537bfa941b885745b5b93be1","2025-01-06","289.36","USD","","","STRIPE           TRANSFER          ST-N1M3S7A7J0Y5 THE WILDFLOWER FOUNDAT","[{""id"":""pu_ch_3QcFpQAhXr9x8yiR09juSiH4"",""kind"":""stripe_charge"",""stripe_charge_id"":""ch_3QcFpQAhXr9x8yiR09juSiH4"",""gross_amount"":""104.42"",""fee_amount"":""5.16"",""net_amount"":""99.26"",""currency"":""USD"",""received_date"":""2024-12-31"",""lifecycle"":""received"",""qb_direct"":""false"",""qb_direct_provenance"":"""",""reaches_qb_anywhere"":""false""},{""id"":""pu_ch_3QcJEuAhXr9x8yiR1g8u6qH7"",""kind"":""stripe_charge"",""stripe_charge_id"":""ch_3QcJEuAhXr9x8yiR1g8u6qH7"",""gross_amount"":""50.00"",""fee_amount"":""2.63"",""net_amount"":""47.37"",""currency"":""USD"",""received_date"":""2024-12-31"",""lifecycle"":""received"",""qb_direct"":""false"",""qb_direct_provenance"":"""",""reaches_qb_anywhere"":""false""},{""id"":""pu_ch_3Qcu6sAhXr9x8yiR1Ih7MFvv"",""kind"":""stripe_charge"",""stripe_charge_id"":""ch_3Qcu6sAhXr9x8yiR1Ih7MFvv"",""gross_amount"":""150.00"",""fee_amount"":""7.27"",""net_amount"":""142.73"",""currency"":""USD"",""received_date"":""2025-01-02"",""lifecycle"":""received"",""qb_direct"":""false"",""qb_direct_provenance"":"""",""reaches_qb_anywhere"":""false""}]","3","0","false","","","","","","","","","","","","","","","","","","","","","","","","","","false","false","false","3","0"
"po_1Qe4tUAhXr9x8yiRV6r5EZ5i","bdep_0024f734bc285a8b0a7edbf8","194.9","USD","2025-01-06","2025-01-07","false","","bdep_0024f734bc285a8b0a7edbf8","bnk_0024f734bc285a8b0a7edbf8","2025-01-07","194.9","USD","","","STRIPE           TRANSFER          ST-Y4Z8C4D9B6I1 THE WILDFLOWER FOUNDAT","[{""id"":""pu_py_1Qaj1AAhXr9x8yiR1Zo6kRqv"",""kind"":""stripe_charge"",""stripe_charge_id"":""py_1Qaj1AAhXr9x8yiR1Zo6kRqv"",""gross_amount"":""200.00"",""fee_amount"":""5.10"",""net_amount"":""194.90"",""currency"":""USD"",""received_date"":""2024-12-27"",""lifecycle"":""received"",""qb_direct"":""false"",""qb_direct_provenance"":"""",""reaches_qb_anywhere"":""false""}]","1","0","false","","","","","","","","","","","","","","","","","","","","","","","","","","false","false","false","1","0"
"po_1QlKdvAhXr9x8yiR4xVXrQpp","bdep_e6964e5fd6d27e3b65ff85e9","49.63","USD","2025-01-26","2025-01-27","false","","bdep_e6964e5fd6d27e3b65ff85e9","bnk_e6964e5fd6d27e3b65ff85e9","2025-01-27","49.63","USD","","","STRIPE           TRANSFER          ST-O6D0L2L9Y6F5 THE WILDFLOWER FOUNDAT","[{""id"":""pu_ch_3QkF0iAhXr9x8yiR0aG7zEOW"",""kind"":""stripe_charge"",""stripe_charge_id"":""ch_3QkF0iAhXr9x8yiR0aG7zEOW"",""gross_amount"":""52.37"",""fee_amount"":""2.74"",""net_amount"":""49.63"",""currency"":""USD"",""received_date"":""2025-01-22"",""lifecycle"":""received"",""qb_direct"":""false"",""qb_direct_provenance"":"""",""reaches_qb_anywhere"":""false""}]","1","0","false","","","","","","","","","","","","","","","","","","","","","","","","","","false","false","false","1","0"
"po_1QqPQtAhXr9x8yiRrBYkZc4a","bdep_0b8c4f8d4b4ba73e72d7b15e","714.83","USD","2025-02-09","2025-02-10","false","","bdep_0b8c4f8d4b4ba73e72d7b15e","bnk_0b8c4f8d4b4ba73e72d7b15e","2025-02-10","714.83","USD","","","STRIPE           TRANSFER          ST-Z9Z0C8K9N5J6 THE WILDFLOWER FOUNDAT","[{""id"":""pu_ch_3QpWAcAhXr9x8yiR042N6uyY"",""kind"":""stripe_charge"",""stripe_charge_id"":""ch_3QpWAcAhXr9x8yiR042N6uyY"",""gross_amount"":""750.00"",""fee_amount"":""35.17"",""net_amount"":""714.83"",""currency"":""USD"",""received_date"":""2025-02-06"",""lifecycle"":""received"",""qb_direct"":""true"",""qb_direct_provenance"":""charge_qb_tie"",""reaches_qb_anywhere"":""true""}]","1","1","false","","","","","","","","","","","","","","","","","","","","","","","","","","false","true","true","1","1"
"po_1QwvU8AhXr9x8yiRug2lBPhu","bdep_4ac4f91a212c3a7da859015a","190.4","USD","2025-02-27","2025-02-28","false","","bdep_4ac4f91a212c3a7da859015a","bnk_4ac4f91a212c3a7da859015a","2025-02-28","190.4","USD","","","STRIPE           TRANSFER          ST-X4D3M7G1Z8Z1 THE WILDFLOWER FOUNDAT","[{""id"":""pu_ch_3Qwbt5AhXr9x8yiR1xoi7vsN"",""kind"":""stripe_charge"",""stripe_charge_id"":""ch_3Qwbt5AhXr9x8yiR1xoi7vsN"",""gross_amount"":""200.00"",""fee_amount"":""9.60"",""net_amount"":""190.40"",""currency"":""USD"",""received_date"":""2025-02-25"",""lifecycle"":""received"",""qb_direct"":""false"",""qb_direct_provenance"":"""",""reaches_qb_anywhere"":""false""}]","1","0","false","","","","","","","","","","","","","","","","","","","","","","","","","","false","false","false","1","0"
"po_1RGrr3AhXr9x8yiRlYOFugKA","bdep_d79213c061b917877676fc66","1901.7","USD","2025-04-23","2025-04-24","false","","bdep_d79213c061b917877676fc66","bnk_d79213c061b917877676fc66","2025-04-24","1901.7","USD","","","STRIPE           TRANSFER          ST-P9N4T0D8L3L4 THE WILDFLOWER FOUNDAT","[{""id"":""pu_ch_3RGjU9AhXr9x8yiR0R0PeFa8"",""kind"":""stripe_charge"",""stripe_charge_id"":""ch_3RGjU9AhXr9x8yiR0R0PeFa8"",""gross_amount"":""2000.00"",""fee_amount"":""98.30"",""net_amount"":""1901.70"",""currency"":""USD"",""received_date"":""2025-04-22"",""lifecycle"":""received"",""qb_direct"":""true"",""qb_direct_provenance"":""charge_qb_tie"",""reaches_qb_anywhere"":""true""}]","1","1","false","","","","","","","","","","","","","","","","","","","","","","","","","","false","true","true","1","1"
"po_1RlgPeAhXr9x8yiRBUnQaiF7","bdep_ca40df926c98167bf3cb10c5","189.9","USD","2025-07-17","2025-07-18","false","","bdep_ca40df926c98167bf3cb10c5","bnk_ca40df926c98167bf3cb10c5","2025-07-18","189.9","USD","","","STRIPE           TRANSFER          ST-T0Q2Q6T9H6O0 THE WILDFLOWER FOUNDAT","[{""id"":""pu_ch_3RlWooAhXr9x8yiR0HK7xQdP"",""kind"":""stripe_charge"",""stripe_charge_id"":""ch_3RlWooAhXr9x8yiR0HK7xQdP"",""gross_amount"":""200.00"",""fee_amount"":""10.10"",""net_amount"":""189.90"",""currency"":""USD"",""received_date"":""2025-07-16"",""lifecycle"":""received"",""qb_direct"":""true"",""qb_direct_provenance"":""charge_qb_tie"",""reaches_qb_anywhere"":""true""}]","1","1","false","","","","","","","","","","","","","","","","","","","","","","","","","","false","true","true","1","1"
"po_1RwBBHAhXr9x8yiRiMG4EdAJ","bdep_d1cfe853446a701468c73d3e","2062.55","USD","2025-08-14","2025-08-15","false","","bdep_d1cfe853446a701468c73d3e","bnk_d1cfe853446a701468c73d3e","2025-08-15","2062.55","USD","","","STRIPE           TRANSFER          ST-W2X1C8G7R0O4 THE WILDFLOWER FOUNDAT","[{""id"":""pu_ch_3RvecrAhXr9x8yiR1MYv6Tai"",""kind"":""stripe_charge"",""stripe_charge_id"":""ch_3RvecrAhXr9x8yiR1MYv6Tai"",""gross_amount"":""2088.00"",""fee_amount"":""102.61"",""net_amount"":""1985.39"",""currency"":""USD"",""received_date"":""2025-08-13"",""lifecycle"":""received"",""qb_direct"":""false"",""qb_direct_provenance"":"""",""reaches_qb_anywhere"":""false""},{""id"":""pu_ch_3Rvi39AhXr9x8yiR01szC5Pc"",""kind"":""stripe_charge"",""stripe_charge_id"":""ch_3Rvi39AhXr9x8yiR01szC5Pc"",""gross_amount"":""26.41"",""fee_amount"":""1.60"",""net_amount"":""24.81"",""currency"":""USD"",""received_date"":""2025-08-13"",""lifecycle"":""received"",""qb_direct"":""false"",""qb_direct_provenance"":"""",""reaches_qb_anywhere"":""false""},{""id"":""pu_ch_3RvidgAhXr9x8yiR0TLkjwVd"",""kind"":""stripe_charge"",""stripe_charge_id"":""ch_3RvidgAhXr9x8yiR0TLkjwVd"",""gross_amount"":""50.00"",""fee_amount"":""2.75"",""net_amount"":""47.25"",""currency"":""USD"",""received_date"":""2025-08-13"",""lifecycle"":""received"",""qb_direct"":""false"",""qb_direct_provenance"":"""",""reaches_qb_anywhere"":""false""},{""id"":""pu_ch_3RvihLAhXr9x8yiR0ViwOyKC"",""kind"":""stripe_charge"",""stripe_charge_id"":""ch_3RvihLAhXr9x8yiR0ViwOyKC"",""gross_amount"":""3.00"",""fee_amount"":""0.45"",""net_amount"":""2.55"",""currency"":""USD"",""received_date"":""2025-08-13"",""lifecycle"":""received"",""qb_direct"":""false"",""qb_direct_provenance"":"""",""reaches_qb_anywhere"":""false""},{""id"":""pu_ch_3RvimpAhXr9x8yiR17gsBOrs"",""kind"":""stripe_charge"",""stripe_charge_id"":""ch_3RvimpAhXr9x8yiR17gsBOrs"",""gross_amount"":""3.00"",""fee_amount"":""0.45"",""net_amount"":""2.55"",""currency"":""USD"",""received_date"":""2025-08-13"",""lifecycle"":""received"",""qb_direct"":""false"",""qb_direct_provenance"":"""",""reaches_qb_anywhere"":""false""}]","5","0","false","","","","","","","","","","","","","","","","","","","","","","","","","","false","false","false","5","0"
"po_1S8VftAhXr9x8yiRIFYpzI3Y","bdep_12841c68448fcb492c65ec6f","94.8","USD","2025-09-17","2025-09-18","false","","bdep_12841c68448fcb492c65ec6f","bnk_12841c68448fcb492c65ec6f","2025-09-18","94.8","USD","","","STRIPE           TRANSFER          ST-Z8E2C2P5J5A2 THE WILDFLOWER FOUNDAT","[{""id"":""pu_ch_3S83otAhXr9x8yiR13Sxo7PH"",""kind"":""stripe_charge"",""stripe_charge_id"":""ch_3S83otAhXr9x8yiR13Sxo7PH"",""gross_amount"":""100.00"",""fee_amount"":""5.20"",""net_amount"":""94.80"",""currency"":""USD"",""received_date"":""2025-09-16"",""lifecycle"":""received"",""qb_direct"":""false"",""qb_direct_provenance"":"""",""reaches_qb_anywhere"":""false""}]","1","0","false","","","","","","","","","","","","","","","","","","","","","","","","","","false","false","false","1","0"
"po_1SRjLWAhXr9x8yiRs09QsInE","bdep_8a06ced0a5c9b40cb18af38f","4.97","USD","2025-11-09","2025-11-10","false","","bdep_8a06ced0a5c9b40cb18af38f","bnk_8a06ced0a5c9b40cb18af38f","2025-11-10","4.97","USD","","","STRIPE           TRANSFER          ST-B5Q6L5A7Z3U3 THE WILDFLOWER FOUNDAT","[{""id"":""pu_ch_3SQcL3AhXr9x8yiR1hl9JboW"",""kind"":""stripe_charge"",""stripe_charge_id"":""ch_3SQcL3AhXr9x8yiR1hl9JboW"",""gross_amount"":""5.54"",""fee_amount"":""0.57"",""net_amount"":""4.97"",""currency"":""USD"",""received_date"":""2025-11-06"",""lifecycle"":""received"",""qb_direct"":""false"",""qb_direct_provenance"":"""",""reaches_qb_anywhere"":""false""}]","1","0","false","","","","","","","","","","","","","","","","","","","","","","","","","","false","false","false","1","0"
"po_1STAmxAhXr9x8yiR0e0NhkeT","bdep_93ea5773b91967d579ea829d","47.25","USD","2025-11-13","2025-11-14","false","","bdep_93ea5773b91967d579ea829d","bnk_93ea5773b91967d579ea829d","2025-11-14","47.25","USD","","","STRIPE           TRANSFER          ST-V7L0F4C5E7T3 THE WILDFLOWER FOUNDAT","[{""id"":""pu_ch_3SSgzAAhXr9x8yiR0u7Ldd7C"",""kind"":""stripe_charge"",""stripe_charge_id"":""ch_3SSgzAAhXr9x8yiR0u7Ldd7C"",""gross_amount"":""50.00"",""fee_amount"":""2.75"",""net_amount"":""47.25"",""currency"":""USD"",""received_date"":""2025-11-12"",""lifecycle"":""received"",""qb_direct"":""false"",""qb_direct_provenance"":"""",""reaches_qb_anywhere"":""false""}]","1","0","false","","","","","","","","","","","","","","","","","","","","","","","","","","false","false","false","1","0"
"po_1SUGMQAhXr9x8yiRr3NYpOZe","bdep_7d084ed342a8819e55bd3455","17.8","USD","2025-11-16","2025-11-17","false","","bdep_7d084ed342a8819e55bd3455","bnk_7d084ed342a8819e55bd3455","2025-11-17","17.8","USD","","","STRIPE           TRANSFER          ST-F8I3G4K5B3U1 THE WILDFLOWER FOUNDAT","[{""id"":""pu_ch_3SSpvNAhXr9x8yiR0cDoTqWj"",""kind"":""stripe_charge"",""stripe_charge_id"":""ch_3SSpvNAhXr9x8yiR0cDoTqWj"",""gross_amount"":""5.00"",""fee_amount"":""0.55"",""net_amount"":""4.45"",""currency"":""USD"",""received_date"":""2025-11-12"",""lifecycle"":""received"",""qb_direct"":""false"",""qb_direct_provenance"":"""",""reaches_qb_anywhere"":""false""},{""id"":""pu_ch_3SSyhhAhXr9x8yiR1zQ2uNyr"",""kind"":""stripe_charge"",""stripe_charge_id"":""ch_3SSyhhAhXr9x8yiR1zQ2uNyr"",""gross_amount"":""5.00"",""fee_amount"":""0.55"",""net_amount"":""4.45"",""currency"":""USD"",""received_date"":""2025-11-13"",""lifecycle"":""received"",""qb_direct"":""false"",""qb_direct_provenance"":"""",""reaches_qb_anywhere"":""false""},{""id"":""pu_ch_3SSylDAhXr9x8yiR0uS4G7Me"",""kind"":""stripe_charge"",""stripe_charge_id"":""ch_3SSylDAhXr9x8yiR0uS4G7Me"",""gross_amount"":""5.00"",""fee_amount"":""0.55"",""net_amount"":""4.45"",""currency"":""USD"",""received_date"":""2025-11-13"",""lifecycle"":""received"",""qb_direct"":""false"",""qb_direct_provenance"":"""",""reaches_qb_anywhere"":""false""},{""id"":""pu_ch_3ST2atAhXr9x8yiR1JsCQbIx"",""kind"":""stripe_charge"",""stripe_charge_id"":""ch_3ST2atAhXr9x8yiR1JsCQbIx"",""gross_amount"":""5.00"",""fee_amount"":""0.55"",""net_amount"":""4.45"",""currency"":""USD"",""received_date"":""2025-11-13"",""lifecycle"":""received"",""qb_direct"":""false"",""qb_direct_provenance"":"""",""reaches_qb_anywhere"":""false""}]","4","0","false","","","","","","","","","","","","","","","","","","","","","","","","","","false","false","false","4","0"
"po_1SUyqzAhXr9x8yiRwVrdNUC0","bdep_a2f5d9821436187b5bd3043d","47.25","USD","2025-11-18","2025-11-19","false","","bdep_a2f5d9821436187b5bd3043d","bnk_a2f5d9821436187b5bd3043d","2025-11-19","47.25","USD","","","STRIPE           TRANSFER          ST-S9F6C6B1K4E2 THE WILDFLOWER FOUNDAT","[{""id"":""pu_ch_3SUByYAhXr9x8yiR1cJfV6GH"",""kind"":""stripe_charge"",""stripe_charge_id"":""ch_3SUByYAhXr9x8yiR1cJfV6GH"",""gross_amount"":""50.00"",""fee_amount"":""2.75"",""net_amount"":""47.25"",""currency"":""USD"",""received_date"":""2025-11-16"",""lifecycle"":""received"",""qb_direct"":""false"",""qb_direct_provenance"":"""",""reaches_qb_anywhere"":""false""}]","1","0","false","","","","","","","","","","","","","","","","","","","","","","","","","","false","false","false","1","0"
"po_1SaQZDAhXr9x8yiRbWXl8rVB","bdep_5a40b2dff80db46d65fab6f1","593.23","USD","2025-12-03","2025-12-04","false","","bdep_5a40b2dff80db46d65fab6f1","bnk_5a40b2dff80db46d65fab6f1","2025-12-04","593.23","USD","","","STRIPE           TRANSFER          ST-Q8U4V2U5N5C8 THE WILDFLOWER FOUNDAT","[{""id"":""pu_ch_3SZwXKAhXr9x8yiR0byK60TY"",""kind"":""stripe_charge"",""stripe_charge_id"":""ch_3SZwXKAhXr9x8yiR0byK60TY"",""gross_amount"":""50.00"",""fee_amount"":""2.75"",""net_amount"":""47.25"",""currency"":""USD"",""received_date"":""2025-12-02"",""lifecycle"":""received"",""qb_direct"":""true"",""qb_direct_provenance"":""charge_qb_tie"",""reaches_qb_anywhere"":""true""},{""id"":""pu_ch_3SZxnJAhXr9x8yiR1U80Pvs5"",""kind"":""stripe_charge"",""stripe_charge_id"":""ch_3SZxnJAhXr9x8yiR1U80Pvs5"",""gross_amount"":""574.43"",""fee_amount"":""28.45"",""net_amount"":""545.98"",""currency"":""USD"",""received_date"":""2025-12-02"",""lifecycle"":""received"",""qb_direct"":""true"",""qb_direct_provenance"":""charge_qb_tie"",""reaches_qb_anywhere"":""true""}]","2","2","false","","","","","","","","","","","","","","","","","","","","","","","","","","false","true","true","2","2"
"po_1SamyjAhXr9x8yiRB5AsCvp6","bdep_aa6808efb936b6304f6e1c07","227.79","USD","2025-12-04","2025-12-05","false","","bdep_aa6808efb936b6304f6e1c07","bnk_aa6808efb936b6304f6e1c07","2025-12-05","227.79","USD","","","STRIPE           TRANSFER          ST-E8U0F9X9M0Z5 THE WILDFLOWER FOUNDAT","[{""id"":""pu_ch_3SaGCMAhXr9x8yiR1cxBjssT"",""kind"":""stripe_charge"",""stripe_charge_id"":""ch_3SaGCMAhXr9x8yiR1cxBjssT"",""gross_amount"":""50.00"",""fee_amount"":""2.75"",""net_amount"":""47.25"",""currency"":""USD"",""received_date"":""2025-12-03"",""lifecycle"":""received"",""qb_direct"":""true"",""qb_direct_provenance"":""charge_qb_tie"",""reaches_qb_anywhere"":""true""},{""id"":""pu_ch_3SaGxQAhXr9x8yiR0dgnhMoa"",""kind"":""stripe_charge"",""stripe_charge_id"":""ch_3SaGxQAhXr9x8yiR0dgnhMoa"",""gross_amount"":""50.00"",""fee_amount"":""2.75"",""net_amount"":""47.25"",""currency"":""USD"",""received_date"":""2025-12-03"",""lifecycle"":""received"",""qb_direct"":""true"",""qb_direct_provenance"":""charge_qb_tie"",""reaches_qb_anywhere"":""true""},{""id"":""pu_ch_3SaIMaAhXr9x8yiR0JW114pg"",""kind"":""stripe_charge"",""stripe_charge_id"":""ch_3SaIMaAhXr9x8yiR0JW114pg"",""gross_amount"":""104.70"",""fee_amount"":""5.43"",""net_amount"":""99.27"",""currency"":""USD"",""received_date"":""2025-12-03"",""lifecycle"":""received"",""qb_direct"":""true"",""qb_direct_provenance"":""charge_qb_tie"",""reaches_qb_anywhere"":""true""},{""id"":""pu_ch_3SaIvNAhXr9x8yiR06wLwN95"",""kind"":""stripe_charge"",""stripe_charge_id"":""ch_3SaIvNAhXr9x8yiR06wLwN95"",""gross_amount"":""10.00"",""fee_amount"":""0.79"",""net_amount"":""9.21"",""currency"":""USD"",""received_date"":""2025-12-03"",""lifecycle"":""received"",""qb_direct"":""true"",""qb_direct_provenance"":""charge_qb_tie"",""reaches_qb_anywhere"":""true""},{""id"":""pu_ch_3SaM9IAhXr9x8yiR1bquhGnR"",""kind"":""stripe_charge"",""stripe_charge_id"":""ch_3SaM9IAhXr9x8yiR1bquhGnR"",""gross_amount"":""26.41"",""fee_amount"":""1.60"",""net_amount"":""24.81"",""currency"":""USD"",""received_date"":""2025-12-03"",""lifecycle"":""received"",""qb_direct"":""true"",""qb_direct_provenance"":""charge_qb_tie"",""reaches_qb_anywhere"":""true""}]","5","5","false","","","","","","","","","","","","","","","","","","","","","","","","","","false","true","true","5","5"
"po_1SbrxVAhXr9x8yiRheal6RHT","bdep_2f810c8f91f874d1ee26f5f3","146.55","USD","2025-12-07","2025-12-08","false","","bdep_2f810c8f91f874d1ee26f5f3","bnk_2f810c8f91f874d1ee26f5f3","2025-12-08","146.55","USD","","","STRIPE           TRANSFER          ST-F8R6J5O3U5B1 THE WILDFLOWER FOUNDAT","[{""id"":""pu_ch_3SaYa3AhXr9x8yiR11OsO74u"",""kind"":""stripe_charge"",""stripe_charge_id"":""ch_3SaYa3AhXr9x8yiR11OsO74u"",""gross_amount"":""156.89"",""fee_amount"":""10.34"",""net_amount"":""146.55"",""currency"":""USD"",""received_date"":""2025-12-04"",""lifecycle"":""received"",""qb_direct"":""true"",""qb_direct_provenance"":""charge_qb_tie"",""reaches_qb_anywhere"":""true""}]","1","1","false","","","","","","","","","","","","","","","","","","","","","","","","","","false","true","true","1","1"
"po_1SfrgdAhXr9x8yiRZXDWDdmu","bdep_eb594ece9b01b20a3acdf2e0","1447.06","USD","2025-12-18","2025-12-19","false","","bdep_eb594ece9b01b20a3acdf2e0","bnk_eb594ece9b01b20a3acdf2e0","2025-12-19","1447.06","USD","","","STRIPE           TRANSFER          ST-T4P8O8U5Z4H5 THE WILDFLOWER FOUNDAT","[{""id"":""pu_ch_3SfLugAhXr9x8yiR0jvxbamr"",""kind"":""stripe_charge"",""stripe_charge_id"":""ch_3SfLugAhXr9x8yiR0jvxbamr"",""gross_amount"":""522.24"",""fee_amount"":""25.88"",""net_amount"":""496.36"",""currency"":""USD"",""received_date"":""2025-12-17"",""lifecycle"":""received"",""qb_direct"":""true"",""qb_direct_provenance"":""charge_qb_tie"",""reaches_qb_anywhere"":""true""},{""id"":""pu_ch_3SfP1dAhXr9x8yiR1VZkvcxL"",""kind"":""stripe_charge"",""stripe_charge_id"":""ch_3SfP1dAhXr9x8yiR1VZkvcxL"",""gross_amount"":""1000.00"",""fee_amount"":""49.30"",""net_amount"":""950.70"",""currency"":""USD"",""received_date"":""2025-12-17"",""lifecycle"":""received"",""qb_direct"":""true"",""qb_direct_provenance"":""charge_qb_tie"",""reaches_qb_anywhere"":""true""}]","2","2","false","","","","","","","","","","","","","","","","","","","","","","","","","","false","true","true","2","2"
"po_1SgxOpAhXr9x8yiRjJbckD9R","bdep_b2ba67b9f5f50175b2ea077f","1000.01","USD","2025-12-21","2025-12-22","false","","bdep_b2ba67b9f5f50175b2ea077f","bnk_b2ba67b9f5f50175b2ea077f","2025-12-22","1000.01","USD","","","STRIPE           TRANSFER          ST-Q5E2Y9H7Z5V8 THE WILDFLOWER FOUNDAT","[{""id"":""pu_py_1SddlYAhXr9x8yiRM7pymWVa"",""kind"":""stripe_charge"",""stripe_charge_id"":""py_1SddlYAhXr9x8yiRM7pymWVa"",""gross_amount"":""1025.52"",""fee_amount"":""25.51"",""net_amount"":""1000.01"",""currency"":""USD"",""received_date"":""2025-12-12"",""lifecycle"":""received"",""qb_direct"":""false"",""qb_direct_provenance"":"""",""reaches_qb_anywhere"":""false""}]","1","0","false","","","","","","","","","","","","","","","","","","","","","","","","","","false","false","false","1","0"
"po_1ShJiTAhXr9x8yiRi0wctIiu","bdep_db112d6f2819a5171d48b537","94.8","USD","2025-12-22","2025-12-23","false","","bdep_db112d6f2819a5171d48b537","bnk_db112d6f2819a5171d48b537","2025-12-23","94.8","USD","","","STRIPE           TRANSFER          ST-V5T0A2X4T0G8 THE WILDFLOWER FOUNDAT","[{""id"":""pu_ch_3Sg2waAhXr9x8yiR0RriKFuA"",""kind"":""stripe_charge"",""stripe_charge_id"":""ch_3Sg2waAhXr9x8yiR0RriKFuA"",""gross_amount"":""100.00"",""fee_amount"":""5.20"",""net_amount"":""94.80"",""currency"":""USD"",""received_date"":""2025-12-19"",""lifecycle"":""received"",""qb_direct"":""true"",""qb_direct_provenance"":""charge_qb_tie"",""reaches_qb_anywhere"":""true""}]","1","1","false","","","","","","","","","","","","","","","","","","","","","","","","","","false","true","true","1","1"
"po_1ShffmAhXr9x8yiRcAPHactL","bdep_e2d6abe3e0c84ce6e30d7f2b","1489.06","USD","2025-12-23","2025-12-24","false","","bdep_e2d6abe3e0c84ce6e30d7f2b","bnk_e2d6abe3e0c84ce6e30d7f2b","2025-12-24","1489.06","USD","","","STRIPE           TRANSFER          ST-N3O6R5P6X7B2 THE WILDFLOWER FOUNDAT","[{""id"":""pu_ch_3ShBTqAhXr9x8yiR0hT9X8Ay"",""kind"":""stripe_charge"",""stripe_charge_id"":""ch_3ShBTqAhXr9x8yiR0hT9X8Ay"",""gross_amount"":""1044.16"",""fee_amount"":""51.46"",""net_amount"":""992.70"",""currency"":""USD"",""received_date"":""2025-12-22"",""lifecycle"":""received"",""qb_direct"":""true"",""qb_direct_provenance"":""charge_qb_tie"",""reaches_qb_anywhere"":""true""},{""id"":""pu_ch_3ShCS4AhXr9x8yiR1zCjZw6i"",""kind"":""stripe_charge"",""stripe_charge_id"":""ch_3ShCS4AhXr9x8yiR1zCjZw6i"",""gross_amount"":""522.24"",""fee_amount"":""25.88"",""net_amount"":""496.36"",""currency"":""USD"",""received_date"":""2025-12-22"",""lifecycle"":""received"",""qb_direct"":""true"",""qb_direct_provenance"":""charge_qb_tie"",""reaches_qb_anywhere"":""true""}]","2","2","false","","","","","","","","","","","","","","","","","","","","","","","","","","false","true","true","2","2"
"po_1SkDDhAhXr9x8yiRJ0iELqmB","bdep_b27454f8a965e0372b6e5dc4","94.8","USD","2025-12-30","2025-12-31","false","","bdep_b27454f8a965e0372b6e5dc4","bnk_b27454f8a965e0372b6e5dc4","2025-12-31","94.8","USD","","","STRIPE           TRANSFER          ST-B6J3C3X8R6K4 THE WILDFLOWER FOUNDAT","[{""id"":""pu_ch_3SjkcNAhXr9x8yiR01io4fqO"",""kind"":""stripe_charge"",""stripe_charge_id"":""ch_3SjkcNAhXr9x8yiR01io4fqO"",""gross_amount"":""100.00"",""fee_amount"":""5.20"",""net_amount"":""94.80"",""currency"":""USD"",""received_date"":""2025-12-29"",""lifecycle"":""received"",""qb_direct"":""true"",""qb_direct_provenance"":""charge_qb_tie"",""reaches_qb_anywhere"":""true""}]","1","1","false","","","","","","","","","","","","","","","","","","","","","","","","","","false","true","true","1","1"
"po_1SkwWyAhXr9x8yiRv6KJ7fFW","bdep_898d36f128cee33bc9038a34","496.36","USD","2026-01-01","2026-01-02","false","","bdep_898d36f128cee33bc9038a34","bnk_898d36f128cee33bc9038a34","2026-01-02","496.36","USD","","","STRIPE           TRANSFER          ST-X6U9H3B6E4V4 THE WILDFLOWER FOUNDAT","[{""id"":""pu_ch_3SkCfoAhXr9x8yiR1qef9diw"",""kind"":""stripe_charge"",""stripe_charge_id"":""ch_3SkCfoAhXr9x8yiR1qef9diw"",""gross_amount"":""522.24"",""fee_amount"":""25.88"",""net_amount"":""496.36"",""currency"":""USD"",""received_date"":""2025-12-30"",""lifecycle"":""received"",""qb_direct"":""true"",""qb_direct_provenance"":""charge_qb_tie"",""reaches_qb_anywhere"":""true""}]","1","1","false","","","","","","","","","","","","","","","","","","","","","","","","","","false","true","true","1","1"
"po_1SmNpiAhXr9x8yiRRnFKOz4s","bdep_80df09f53b5d483fe1b1004b","99.27","USD","2026-01-05","2026-01-06","false","","bdep_80df09f53b5d483fe1b1004b","bnk_80df09f53b5d483fe1b1004b","2026-01-06","99.27","USD","","","STRIPE           TRANSFER          ST-S2X4L6N9T0F5 THE WILDFLOWER FOUNDAT","[{""id"":""pu_ch_3SkdrJAhXr9x8yiR1yMvW5mH"",""kind"":""stripe_charge"",""stripe_charge_id"":""ch_3SkdrJAhXr9x8yiR1yMvW5mH"",""gross_amount"":""104.70"",""fee_amount"":""5.43"",""net_amount"":""99.27"",""currency"":""USD"",""received_date"":""2025-12-31"",""lifecycle"":""received"",""qb_direct"":""true"",""qb_direct_provenance"":""charge_qb_tie"",""reaches_qb_anywhere"":""true""}]","1","1","false","","","","","","","","","","","","","","","","","","","","","","","","","","false","true","true","1","1"
"po_1SuMyEAhXr9x8yiRfM9XHzeg","bdep_6e002b67d817954d51321443","142.35","USD","2026-01-27","2026-01-28","false","","bdep_6e002b67d817954d51321443","bnk_6e002b67d817954d51321443","2026-01-28","142.35","USD","","","STRIPE           TRANSFER          ST-P3T2A6X9Q5J4 THE WILDFLOWER FOUNDAT","[{""id"":""pu_ch_3St9moAhXr9x8yiR0V0dIEJR"",""kind"":""stripe_charge"",""stripe_charge_id"":""ch_3St9moAhXr9x8yiR0V0dIEJR"",""gross_amount"":""150.00"",""fee_amount"":""7.65"",""net_amount"":""142.35"",""currency"":""USD"",""received_date"":""2026-01-24"",""lifecycle"":""received"",""qb_direct"":""true"",""qb_direct_provenance"":""charge_qb_tie"",""reaches_qb_anywhere"":""true""}]","1","1","false","","","","","","","","","","","","","","","","","","","","","","","","","","false","true","true","1","1"
"po_1Sv5BiAhXr9x8yiRAUitilST","bdep_df36daf1b6ce344108445e18","248.17","USD","2026-01-29","2026-01-30","false","","bdep_df36daf1b6ce344108445e18","bnk_df36daf1b6ce344108445e18","2026-01-30","248.17","USD","","","STRIPE           TRANSFER          ST-Y8B9K1Z4S1Q1 THE WILDFLOWER FOUNDAT","[{""id"":""pu_ch_3SuMEZAhXr9x8yiR1CURblou"",""kind"":""stripe_charge"",""stripe_charge_id"":""ch_3SuMEZAhXr9x8yiR1CURblou"",""gross_amount"":""261.28"",""fee_amount"":""13.11"",""net_amount"":""248.17"",""currency"":""USD"",""received_date"":""2026-01-27"",""lifecycle"":""received"",""qb_direct"":""true"",""qb_direct_provenance"":""charge_qb_tie"",""reaches_qb_anywhere"":""true""}]","1","1","false","","","","","","","","","","","","","","","","","","","","","","","","","","false","true","true","1","1"
"po_1T0ATjAhXr9x8yiR4dGePxUN","bdep_6d85ecc6f34d660b736fd75f","1922.64","USD","2026-02-12","2026-02-13","false","","bdep_6d85ecc6f34d660b736fd75f","bnk_6d85ecc6f34d660b736fd75f","2026-02-13","1922.64","USD","","","STRIPE           TRANSFER          ST-X7F8K2L9R8Y6 THE WILDFLOWER FOUNDAT","[{""id"":""pu_ch_3SzglzAhXr9x8yiR0IyHG4fk"",""kind"":""stripe_charge"",""stripe_charge_id"":""ch_3SzglzAhXr9x8yiR0IyHG4fk"",""gross_amount"":""5.00"",""fee_amount"":""0.55"",""net_amount"":""4.45"",""currency"":""USD"",""received_date"":""2026-02-11"",""lifecycle"":""received"",""qb_direct"":""true"",""qb_direct_provenance"":""charge_qb_tie"",""reaches_qb_anywhere"":""true""},{""id"":""pu_ch_3SzhDaAhXr9x8yiR0EVOeJ6V"",""kind"":""stripe_charge"",""stripe_charge_id"":""ch_3SzhDaAhXr9x8yiR0EVOeJ6V"",""gross_amount"":""100.00"",""fee_amount"":""5.20"",""net_amount"":""94.80"",""currency"":""USD"",""received_date"":""2026-02-11"",""lifecycle"":""received"",""qb_direct"":""true"",""qb_direct_provenance"":""charge_qb_tie"",""reaches_qb_anywhere"":""true""},{""id"":""pu_ch_3SziCJAhXr9x8yiR0c6doAxI"",""kind"":""stripe_charge"",""stripe_charge_id"":""ch_3SziCJAhXr9x8yiR0c6doAxI"",""gross_amount"":""209.09"",""fee_amount"":""10.54"",""net_amount"":""198.55"",""currency"":""USD"",""received_date"":""2026-02-11"",""lifecycle"":""received"",""qb_direct"":""true"",""qb_direct_provenance"":""charge_qb_tie"",""reaches_qb_anywhere"":""true""},{""id"":""pu_ch_3SziGcAhXr9x8yiR1GfWYnNI"",""kind"":""stripe_charge"",""stripe_charge_id"":""ch_3SziGcAhXr9x8yiR1GfWYnNI"",""gross_amount"":""261.28"",""fee_amount"":""13.11"",""net_amount"":""248.17"",""currency"":""USD"",""received_date"":""2026-02-11"",""lifecycle"":""received"",""qb_direct"":""true"",""qb_direct_provenance"":""charge_qb_tie"",""reaches_qb_anywhere"":""true""},{""id"":""pu_ch_3SziJiAhXr9x8yiR0Bdy5ndi"",""kind"":""stripe_charge"",""stripe_charge_id"":""ch_3SziJiAhXr9x8yiR0Bdy5ndi"",""gross_amount"":""104.70"",""fee_amount"":""5.43"",""net_amount"":""99.27"",""currency"":""USD"",""received_date"":""2026-02-11"",""lifecycle"":""received"",""qb_direct"":""true"",""qb_direct_provenance"":""charge_qb_tie"",""reaches_qb_anywhere"":""true""},{""id"":""pu_ch_3Szik8AhXr9x8yiR07lTkd1e"",""kind"":""stripe_charge"",""stripe_charge_id"":""ch_3Szik8AhXr9x8yiR07lTkd1e"",""gross_amount"":""50.00"",""fee_amount"":""2.75"",""net_amount"":""47.25"",""currency"":""USD"",""received_date"":""2026-02-11"",""lifecycle"":""received"",""qb_direct"":""true"",""qb_direct_provenance"":""charge_qb_tie"",""reaches_qb_anywhere"":""true""},{""id"":""pu_ch_3SziwfAhXr9x8yiR1j5TURZW"",""kind"":""stripe_charge"",""stripe_charge_id"":""ch_3SziwfAhXr9x8yiR1j5TURZW"",""gross_amount"":""250.00"",""fee_amount"":""12.55"",""net_amount"":""237.45"",""currency"":""USD"",""received_date"":""2026-02-11"",""lifecycle"":""received"",""qb_direct"":""true"",""qb_direct_provenance"":""charge_qb_tie"",""reaches_qb_anywhere"":""true""},{""id"":""pu_ch_3SzkSWAhXr9x8yiR1xqvQtdA"",""kind"":""stripe_charge"",""stripe_charge_id"":""ch_3SzkSWAhXr9x8yiR1xqvQtdA"",""gross_amount"":""1044.16"",""fee_amount"":""51.46"",""net_amount"":""992.70"",""currency"":""USD"",""received_date"":""2026-02-11"",""lifecycle"":""received"",""qb_direct"":""true"",""qb_direct_provenance"":""charge_qb_tie"",""reaches_qb_anywhere"":""true""}]","8","8","false","","","","","","","","","","","","","","","","","","","","","","","","","","false","true","true","8","8"
"po_1T1cD1AhXr9x8yiRQT1LN97U","bdep_8fa6ad6193cee9f570dd0e45","500","USD","2026-02-16","2026-02-17","false","","bdep_8fa6ad6193cee9f570dd0e45","bnk_8fa6ad6193cee9f570dd0e45","2026-02-17","500","USD","","","STRIPE           TRANSFER          ST-H0E0A5U4X8L1 THE WILDFLOWER FOUNDAT","[{""id"":""pu_py_1SxwOxAhXr9x8yiRF1A08AZu"",""kind"":""stripe_charge"",""stripe_charge_id"":""py_1SxwOxAhXr9x8yiRF1A08AZu"",""gross_amount"":""514.41"",""fee_amount"":""14.41"",""net_amount"":""500.00"",""currency"":""USD"",""received_date"":""2026-02-06"",""lifecycle"":""received"",""qb_direct"":""true"",""qb_direct_provenance"":""charge_qb_tie"",""reaches_qb_anywhere"":""true""}]","1","1","false","","","","","","","","","","","","","","","","","","","","","","","","","","false","true","true","1","1"
"po_1T1cDOAhXr9x8yiRVWlrF59U","bdep_cc536a5e259f9ea74d48a5c1","5154","USD","2026-02-16","2026-02-17","false","","bdep_cc536a5e259f9ea74d48a5c1","bnk_cc536a5e259f9ea74d48a5c1","2026-02-17","5154","USD","","","STRIPE           TRANSFER          ST-T7G7X0P4G9A1 THE WILDFLOWER FOUNDAT","[{""id"":""pu_ch_3SzqnVAhXr9x8yiR1aLk4cBK"",""kind"":""stripe_charge"",""stripe_charge_id"":""ch_3SzqnVAhXr9x8yiR1aLk4cBK"",""gross_amount"":""100.00"",""fee_amount"":""5.20"",""net_amount"":""94.80"",""currency"":""USD"",""received_date"":""2026-02-11"",""lifecycle"":""received"",""qb_direct"":""true"",""qb_direct_provenance"":""charge_qb_tie"",""reaches_qb_anywhere"":""true""},{""id"":""pu_ch_3T008lAhXr9x8yiR07MwHsWR"",""kind"":""stripe_charge"",""stripe_charge_id"":""ch_3T008lAhXr9x8yiR07MwHsWR"",""gross_amount"":""104.70"",""fee_amount"":""5.43"",""net_amount"":""99.27"",""currency"":""USD"",""received_date"":""2026-02-12"",""lifecycle"":""received"",""qb_direct"":""true"",""qb_direct_provenance"":""charge_qb_tie"",""reaches_qb_anywhere"":""true""},{""id"":""pu_ch_3T00g6AhXr9x8yiR0Ee4lN9J"",""kind"":""stripe_charge"",""stripe_charge_id"":""ch_3T00g6AhXr9x8yiR0Ee4lN9J"",""gross_amount"":""42.07"",""fee_amount"":""2.36"",""net_amount"":""39.71"",""currency"":""USD"",""received_date"":""2026-02-12"",""lifecycle"":""received"",""qb_direct"":""true"",""qb_direct_provenance"":""charge_qb_tie"",""reaches_qb_anywhere"":""true""},{""id"":""pu_ch_3T02uUAhXr9x8yiR1CIYJ3S2"",""kind"":""stripe_charge"",""stripe_charge_id"":""ch_3T02uUAhXr9x8yiR1CIYJ3S2"",""gross_amount"":""100.00"",""fee_amount"":""5.20"",""net_amount"":""94.80"",""currency"":""USD"",""received_date"":""2026-02-12"",""lifecycle"":""received"",""qb_direct"":""true"",""qb_direct_provenance"":""charge_qb_tie"",""reaches_qb_anywhere"":""true""},{""id"":""pu_ch_3T03iIAhXr9x8yiR0y4Wo4pc"",""kind"":""stripe_charge"",""stripe_charge_id"":""ch_3T03iIAhXr9x8yiR0y4Wo4pc"",""gross_amount"":""25.00"",""fee_amount"":""1.53"",""net_amount"":""23.47"",""currency"":""USD"",""received_date"":""2026-02-12"",""lifecycle"":""received"",""qb_direct"":""true"",""qb_direct_provenance"":""charge_qb_tie"",""reaches_qb_anywhere"":""true""},{""id"":""pu_ch_3T03l0AhXr9x8yiR0Xl9VZyw"",""kind"":""stripe_charge"",""stripe_charge_id"":""ch_3T03l0AhXr9x8yiR0Xl9VZyw"",""gross_amount"":""5000.00"",""fee_amount"":""245.30"",""net_amount"":""4754.70"",""currency"":""USD"",""received_date"":""2026-02-12"",""lifecycle"":""received"",""qb_direct"":""true"",""qb_direct_provenance"":""charge_qb_tie"",""reaches_qb_anywhere"":""true""},{""id"":""pu_ch_3T09EgAhXr9x8yiR04FwNRIw"",""kind"":""stripe_charge"",""stripe_charge_id"":""ch_3T09EgAhXr9x8yiR04FwNRIw"",""gross_amount"":""50.00"",""fee_amount"":""2.75"",""net_amount"":""47.25"",""currency"":""USD"",""received_date"":""2026-02-12"",""lifecycle"":""received"",""qb_direct"":""true"",""qb_direct_provenance"":""charge_qb_tie"",""reaches_qb_anywhere"":""true""}]","7","7","false","","","","","","","","","","","","","","","","","","","","","","","","","","false","true","true","7","7"
"po_1T1yETAhXr9x8yiRUS1f2Ibp","bdep_db7169082997d714050d90e9","950.7","USD","2026-02-17","2026-02-18","false","","bdep_db7169082997d714050d90e9","bnk_db7169082997d714050d90e9","2026-02-18","950.7","USD","","","STRIPE           TRANSFER          ST-Q1N9R5Y2V0N3 THE WILDFLOWER FOUNDAT","[{""id"":""pu_ch_3T0W46AhXr9x8yiR11efFIoM"",""kind"":""stripe_charge"",""stripe_charge_id"":""ch_3T0W46AhXr9x8yiR11efFIoM"",""gross_amount"":""1000.00"",""fee_amount"":""49.30"",""net_amount"":""950.70"",""currency"":""USD"",""received_date"":""2026-02-13"",""lifecycle"":""received"",""qb_direct"":""true"",""qb_direct_provenance"":""charge_qb_tie"",""reaches_qb_anywhere"":""true""}]","1","1","false","","","","","","","","","","","","","","","","","","","","","","","","","","false","true","true","1","1"
"po_1T2KhqAhXr9x8yiRABqw1ZG3","bdep_8eb2194a4b5082c45a5a695e","893.41","USD","2026-02-18","2026-02-19","false","","bdep_8eb2194a4b5082c45a5a695e","bnk_8eb2194a4b5082c45a5a695e","2026-02-19","893.41","USD","","","STRIPE           TRANSFER          ST-Q8N1T8Q3R9P0 THE WILDFLOWER FOUNDAT","[{""id"":""pu_ch_3T19H9AhXr9x8yiR1TMjiOXA"",""kind"":""stripe_charge"",""stripe_charge_id"":""ch_3T19H9AhXr9x8yiR1TMjiOXA"",""gross_amount"":""261.28"",""fee_amount"":""13.11"",""net_amount"":""248.17"",""currency"":""USD"",""received_date"":""2026-02-15"",""lifecycle"":""received"",""qb_direct"":""true"",""qb_direct_provenance"":""charge_qb_tie"",""reaches_qb_anywhere"":""true""},{""id"":""pu_ch_3T1na5AhXr9x8yiR03KrQ5mg"",""kind"":""stripe_charge"",""stripe_charge_id"":""ch_3T1na5AhXr9x8yiR03KrQ5mg"",""gross_amount"":""417.85"",""fee_amount"":""20.78"",""net_amount"":""397.07"",""currency"":""USD"",""received_date"":""2026-02-17"",""lifecycle"":""received"",""qb_direct"":""true"",""qb_direct_provenance"":""charge_qb_tie"",""reaches_qb_anywhere"":""true""},{""id"":""pu_ch_3T1pWVAhXr9x8yiR0yp1ensS"",""kind"":""stripe_charge"",""stripe_charge_id"":""ch_3T1pWVAhXr9x8yiR0yp1ensS"",""gross_amount"":""261.28"",""fee_amount"":""13.11"",""net_amount"":""248.17"",""currency"":""USD"",""received_date"":""2026-02-17"",""lifecycle"":""received"",""qb_direct"":""true"",""qb_direct_provenance"":""charge_qb_tie"",""reaches_qb_anywhere"":""true""}]","3","3","false","","","","","","","","","","","","","","","","","","","","","","","","","","false","true","true","3","3"
"po_1T4VmHAhXr9x8yiRWzJO2XdX","bdep_e49dda140679e33bcf5ecfb1","47.25","USD","2026-02-24","2026-02-25","false","","bdep_e49dda140679e33bcf5ecfb1","bnk_e49dda140679e33bcf5ecfb1","2026-02-25","47.25","USD","","","STRIPE           TRANSFER          ST-E3W5P2I6E7Z9 THE WILDFLOWER FOUNDAT","[{""id"":""pu_ch_3T3mLHAhXr9x8yiR1ZgAaoQf"",""kind"":""stripe_charge"",""stripe_charge_id"":""ch_3T3mLHAhXr9x8yiR1ZgAaoQf"",""gross_amount"":""50.00"",""fee_amount"":""2.75"",""net_amount"":""47.25"",""currency"":""USD"",""received_date"":""2026-02-22"",""lifecycle"":""received"",""qb_direct"":""true"",""qb_direct_provenance"":""charge_qb_tie"",""reaches_qb_anywhere"":""true""}]","1","1","false","","","","","","","","","","","","","","","","","","","","","","","","","","false","true","true","1","1"
"po_1T4sGbAhXr9x8yiRgb3TJ0kR","bdep_8290ca8c2878685ba48244a0","49.64","USD","2026-02-25","2026-02-26","false","","bdep_8290ca8c2878685ba48244a0","bnk_8290ca8c2878685ba48244a0","2026-02-26","49.64","USD","","","STRIPE           TRANSFER          ST-T6M0L2F2L4V2 THE WILDFLOWER FOUNDAT","[{""id"":""pu_ch_3T4PwlAhXr9x8yiR0SEZhowl"",""kind"":""stripe_charge"",""stripe_charge_id"":""ch_3T4PwlAhXr9x8yiR0SEZhowl"",""gross_amount"":""52.51"",""fee_amount"":""2.87"",""net_amount"":""49.64"",""currency"":""USD"",""received_date"":""2026-02-24"",""lifecycle"":""received"",""qb_direct"":""true"",""qb_direct_provenance"":""charge_qb_tie"",""reaches_qb_anywhere"":""true""}]","1","1","false","","","","","","","","","","","","","","","","","","","","","","","","","","false","true","true","1","1"
"po_1T6K1GAhXr9x8yiRqOXCwl1o","bdep_11b464ae094b6c967431062a","47.25","USD","2026-03-01","2026-03-02","false","","bdep_11b464ae094b6c967431062a","bnk_11b464ae094b6c967431062a","2026-03-02","47.25","USD","","","STRIPE           TRANSFER          ST-G6W1P1F5E9P2 THE WILDFLOWER FOUNDAT","[{""id"":""pu_ch_3T4srAAhXr9x8yiR04uolGlk"",""kind"":""stripe_charge"",""stripe_charge_id"":""ch_3T4srAAhXr9x8yiR04uolGlk"",""gross_amount"":""50.00"",""fee_amount"":""2.75"",""net_amount"":""47.25"",""currency"":""USD"",""received_date"":""2026-02-25"",""lifecycle"":""received"",""qb_direct"":""true"",""qb_direct_provenance"":""charge_qb_tie"",""reaches_qb_anywhere"":""true""}]","1","1","false","","","","","","","","","","","","","","","","","","","","","","","","","","false","true","true","1","1"
"po_1T7mMgAhXr9x8yiRgiJWDEab","bdep_3118a06d2e8381c3371b348f","47.25","USD","2026-03-05","2026-03-06","false","","bdep_3118a06d2e8381c3371b348f","bnk_3118a06d2e8381c3371b348f","2026-03-06","47.25","USD","","","STRIPE           TRANSFER          ST-D3M8R3E0C6I3 THE WILDFLOWER FOUNDAT","[{""id"":""pu_ch_3T7JKQAhXr9x8yiR07gtTFGr"",""kind"":""stripe_charge"",""stripe_charge_id"":""ch_3T7JKQAhXr9x8yiR07gtTFGr"",""gross_amount"":""50.00"",""fee_amount"":""2.75"",""net_amount"":""47.25"",""currency"":""USD"",""received_date"":""2026-03-04"",""lifecycle"":""received"",""qb_direct"":""false"",""qb_direct_provenance"":"""",""reaches_qb_anywhere"":""false""}]","1","0","false","","","","","","","","","","","","","","","","","","","","","","","","","","false","false","false","1","0"
"po_1T9afVAhXr9x8yiRskDL4F35","bdep_ad015efd7ebf40b0b342c57b","191.99","USD","2026-03-10","2026-03-11","false","","bdep_ad015efd7ebf40b0b342c57b","bnk_ad015efd7ebf40b0b342c57b","2026-03-11","191.99","USD","","","STRIPE           TRANSFER          ST-N5X7Q1T6S0B3 THE WILDFLOWER FOUNDAT","[{""id"":""pu_ch_3T8fYUAhXr9x8yiR0ICgO19R"",""kind"":""stripe_charge"",""stripe_charge_id"":""ch_3T8fYUAhXr9x8yiR0ICgO19R"",""gross_amount"":""150.00"",""fee_amount"":""7.65"",""net_amount"":""142.35"",""currency"":""USD"",""received_date"":""2026-03-08"",""lifecycle"":""received"",""qb_direct"":""true"",""qb_direct_provenance"":""charge_qb_tie"",""reaches_qb_anywhere"":""true""},{""id"":""pu_ch_3T8r5YAhXr9x8yiR0nXRc9Xg"",""kind"":""stripe_charge"",""stripe_charge_id"":""ch_3T8r5YAhXr9x8yiR0nXRc9Xg"",""gross_amount"":""52.51"",""fee_amount"":""2.87"",""net_amount"":""49.64"",""currency"":""USD"",""received_date"":""2026-03-08"",""lifecycle"":""received"",""qb_direct"":""true"",""qb_direct_provenance"":""charge_qb_tie"",""reaches_qb_anywhere"":""true""}]","2","2","false","","","","","","","","","","","","","","","","","","","","","","","","","","false","true","true","2","2"
"po_1TEflnAhXr9x8yiR08ccyQws","bdep_c9686a81b7d08e4d34265495","47.25","USD","2026-03-24","2026-03-25","false","","bdep_c9686a81b7d08e4d34265495","bnk_c9686a81b7d08e4d34265495","2026-03-25","47.25","USD","","","STRIPE           TRANSFER          ST-D5H5Q6R7R7S8 THE WILDFLOWER FOUNDAT","[{""id"":""pu_ch_3TDwClAhXr9x8yiR0oquIFPK"",""kind"":""stripe_charge"",""stripe_charge_id"":""ch_3TDwClAhXr9x8yiR0oquIFPK"",""gross_amount"":""50.00"",""fee_amount"":""2.75"",""net_amount"":""47.25"",""currency"":""USD"",""received_date"":""2026-03-22"",""lifecycle"":""received"",""qb_direct"":""true"",""qb_direct_provenance"":""charge_qb_tie"",""reaches_qb_anywhere"":""true""}]","1","1","false","","","","","","","","","","","","","","","","","","","","","","","","","","false","true","true","1","1"
"po_1TFOjBAhXr9x8yiRFZ5YymFZ","bdep_d14000c2ab287f79a5956988","950.7","USD","2026-03-26","2026-03-27","false","","bdep_d14000c2ab287f79a5956988","bnk_d14000c2ab287f79a5956988","2026-03-27","950.7","USD","","","STRIPE           TRANSFER          ST-X9M0G9F4G7A9 THE WILDFLOWER FOUNDAT","[{""id"":""pu_ch_3TExdsAhXr9x8yiR0rCVtNUk"",""kind"":""stripe_charge"",""stripe_charge_id"":""ch_3TExdsAhXr9x8yiR0rCVtNUk"",""gross_amount"":""1000.00"",""fee_amount"":""49.30"",""net_amount"":""950.70"",""currency"":""USD"",""received_date"":""2026-03-25"",""lifecycle"":""received"",""qb_direct"":""true"",""qb_direct_provenance"":""charge_qb_tie"",""reaches_qb_anywhere"":""true""}]","1","1","false","","","","","","","","","","","","","","","","","","","","","","","","","","false","true","true","1","1"
"po_1TKTNIAhXr9x8yiR9eLcEI2O","bdep_fbb441999dc7b7f9ad7048a5","142.35","USD","2026-04-09","2026-04-10","false","","bdep_fbb441999dc7b7f9ad7048a5","bnk_fbb441999dc7b7f9ad7048a5","2026-04-10","142.35","USD","","","STRIPE           TRANSFER          ST-H2P7Q8Z1Y0U2 THE WILDFLOWER FOUNDAT","[{""id"":""pu_ch_3TJyXSAhXr9x8yiR0JNnNht9"",""kind"":""stripe_charge"",""stripe_charge_id"":""ch_3TJyXSAhXr9x8yiR0JNnNht9"",""gross_amount"":""150.00"",""fee_amount"":""7.65"",""net_amount"":""142.35"",""currency"":""USD"",""received_date"":""2026-04-08"",""lifecycle"":""received"",""qb_direct"":""true"",""qb_direct_provenance"":""charge_qb_tie"",""reaches_qb_anywhere"":""true""}]","1","1","false","","","","","","","","","","","","","","","","","","","","","","","","","","false","true","true","1","1"
"po_1TW3l0AhXr9x8yiR28ftuJnu","bdep_6d335181f0331772dab0db36","142.35","USD","2026-05-11","2026-05-12","false","","bdep_6d335181f0331772dab0db36","bnk_6d335181f0331772dab0db36","2026-05-12","142.35","USD","","","STRIPE           TRANSFER          ST-V6J7K6J9K9S7 THE WILDFLOWER FOUNDAT","[{""id"":""pu_ch_3TUqs3AhXr9x8yiR1Y2lJjss"",""kind"":""stripe_charge"",""stripe_charge_id"":""ch_3TUqs3AhXr9x8yiR1Y2lJjss"",""gross_amount"":""150.00"",""fee_amount"":""7.65"",""net_amount"":""142.35"",""currency"":""USD"",""received_date"":""2026-05-08"",""lifecycle"":""received"",""qb_direct"":""true"",""qb_direct_provenance"":""charge_qb_tie"",""reaches_qb_anywhere"":""true""}]","1","1","false","","","","","","","","","","","","","","","","","","","","","","","","","","false","true","true","1","1"
"po_1TgaJDAhXr9x8yiRZLUuG9BH","bdep_87050ed62510b92031d114ee","142.35","USD","2026-06-09","2026-06-10","false","","bdep_87050ed62510b92031d114ee","bnk_87050ed62510b92031d114ee","2026-06-10","142.35","USD","","","STRIPE           TRANSFER          ST-B6O5Z5P4M0R7 THE WILDFLOWER FOUNDAT","[{""id"":""pu_ch_3Tg5gHAhXr9x8yiR1E07MjUB"",""kind"":""stripe_charge"",""stripe_charge_id"":""ch_3Tg5gHAhXr9x8yiR1E07MjUB"",""gross_amount"":""150.00"",""fee_amount"":""7.65"",""net_amount"":""142.35"",""currency"":""USD"",""received_date"":""2026-06-08"",""lifecycle"":""received"",""qb_direct"":""false"",""qb_direct_provenance"":"""",""reaches_qb_anywhere"":""false""}]","1","0","false","","","","","","","","","","","","","","","","","","","","","","","","","","false","false","false","1","0"
"po_1TlevJAhXr9x8yiRyELH81qW","bdep_b7c2e1f074283e80c191818f","99.27","USD","2026-06-23","2026-06-24","false","","bdep_b7c2e1f074283e80c191818f","bnk_b7c2e1f074283e80c191818f","2026-06-24","99.27","USD","","","STRIPE           TRANSFER          ST-E3A5C3Z3T6E4 THE WILDFLOWER FOUNDAT","[{""id"":""pu_ch_3TjsuvAhXr9x8yiR1hYfN7nu"",""kind"":""stripe_charge"",""stripe_charge_id"":""ch_3TjsuvAhXr9x8yiR1hYfN7nu"",""gross_amount"":""104.70"",""fee_amount"":""5.43"",""net_amount"":""99.27"",""currency"":""USD"",""received_date"":""2026-06-18"",""lifecycle"":""received"",""qb_direct"":""false"",""qb_direct_provenance"":"""",""reaches_qb_anywhere"":""false""}]","1","0","false","","","","","","","","","","","","","","","","","","","","","","","","","","false","false","false","1","0"
"po_1TrSVJAhXr9x8yiRU84eePbK","bdep_5cf776407242cafb0661bb82","142.35","USD","2026-07-09","2026-07-10","false","","bdep_5cf776407242cafb0661bb82","bnk_5cf776407242cafb0661bb82","2026-07-10","142.35","USD","","","STRIPE           TRANSFER          ST-Y7W2H9Z8Y5U4 THE WILDFLOWER FOUNDAT","[{""id"":""pu_ch_3TqxziAhXr9x8yiR1O4q09qF"",""kind"":""stripe_charge"",""stripe_charge_id"":""ch_3TqxziAhXr9x8yiR1O4q09qF"",""gross_amount"":""150.00"",""fee_amount"":""7.65"",""net_amount"":""142.35"",""currency"":""USD"",""received_date"":""2026-07-08"",""lifecycle"":""received"",""qb_direct"":""false"",""qb_direct_provenance"":"""",""reaches_qb_anywhere"":""false""}]","1","0","false","","","","","","","","","","","","","","","","","","","","","","","","","","false","false","false","1","0"
