bank_deposit_id,deposit_amount,deposit_date,deposit_memo,reason,decision_source,created_by_user_id,note,qbo_accounts,qbo_payers,qbo_evidence
"bdep_19ce3d08896e9add231a4392","118363.19","2026-07-09T00:00:00.000Z","ONLINE TRANSFER JUNE 26 OPEX DRAW 1 REF #BB0YVGT8FZ","other","human","usr_matthew_kramer","","","",""
"bdep_3801be9e4b9c7a3fae043acb","65.62","2026-07-07T00:00:00.000Z","GUSTO PAYROLL    TAX 832906 260707 6seml615btc     The Wildflower Foundat","tax_refund","human","usr_matthew_kramer","","","",""
"bdep_407a639e58ae91874f7010da","3945.85","2025-08-04T00:00:00.000Z","DC WILDFLOWER PU EFT PYMT   080125 Charter School  The Wildflower Foundat","earned_income","human","usr_matthew_kramer","","","",""
"bdep_4ac3e77cdc2af573c31b7933","300000.00","2026-07-14T00:00:00.000Z","TRANSFER FROM BRK ****9888 REF# 632826369","intercompany_transfer","human","usr_matthew_kramer","","","",""
"bdep_5d9bb719bbab1b2288d234d0","200000.00","2026-02-27T00:00:00.000Z","TRANSFER FROM BRK ****9888 REF# 615328531","intercompany_transfer","human","usr_matthew_kramer","","1004 BROKERAGE","","[{""source"":""bank_deposit_qbo_register"",""id"":""bdqr_bdep_5d9bb719bbab1b2288d234d0"",""bank_transaction_id"":""bnk_28c7af574403110730e32cd7"",""amount"":""200000.00"",""txn_date"":""2026-02-27T00:00:00.000Z"",""txn_type"":""Transfer"",""accounts"":[""1004 BROKERAGE""],""memo"":""Transfer to operations account"",""reconciliation_status"":""Reconciled""}]"
"bdep_6a7405fd4827423d2b08bfae","300000.00","2026-07-01T00:00:00.000Z","TRANSFER FROM BRK ****9888 REF# 631507914","intercompany_transfer","human","usr_matthew_kramer","","","",""
"bdep_74316e836ba3ba6ec162dc7a","400000.00","2026-02-04T00:00:00.000Z","TRANSFER FROM BRK ****9888 REF# 612560826","intercompany_transfer","human","usr_matthew_kramer","","1004 BROKERAGE","","[{""source"":""bank_deposit_qbo_register"",""id"":""bdqr_bdep_74316e836ba3ba6ec162dc7a"",""bank_transaction_id"":""bnk_bc38330cb8850f20bc75cf77"",""amount"":""400000.00"",""txn_date"":""2026-02-04T00:00:00.000Z"",""txn_type"":""Transfer"",""accounts"":[""1004 BROKERAGE""],""memo"":""Transfer to monthly operations"",""reconciliation_status"":""Reconciled""}]"
"bdep_83a68fcfd4b16e1c422a3c1f","3945.85","2025-08-11T00:00:00.000Z","DC WILDFLOWER PU EFT PYMT   080825 Charter School  The Wildflower Foundat","earned_income","human","usr_matthew_kramer","","","",""
"bdep_846fac1e59f2d2c4b12f5e07","122687.35","2026-07-15T00:00:00.000Z","ONLINE TRANSFER JUNE OPEX 2 BUT DRAW WAS FOR 126K  REF #BB0YXLPK8T","other","human","usr_matthew_kramer","","","",""
"bdep_9758432a6823e4d50e53ceeb","6000.00","2025-08-12T00:00:00.000Z","Bill.com         VoidPaymnt        015JZQHXBALYR7T Center for Guided Montessori Studies Bill.com 01","expense_refund","human","usr_matthew_kramer","","","","[{""source"":""bank_deposit_qbo_register"",""id"":""bdqr_bdep_9758432a6823e4d50e53ceeb"",""bank_transaction_id"":""bnk_846cbe85e5d2b7a8afe30873"",""amount"":""6000.00"",""txn_date"":""2025-08-12T00:00:00.000Z"",""txn_type"":""Journal"",""ref_no"":""BILL.com 08/12/25 CR"",""memo"":""BILL 08/12/25 Credit P25050801 - 0877632"",""reconciliation_status"":""Reconciled""}]"
"bdep_ca687dcc605158617b885db6","200000.00","2026-05-05T00:00:00.000Z","TRANSFER FROM BRK ****9888 REF# 624290930","intercompany_transfer","human","usr_matthew_kramer","","1004 BROKERAGE","","[{""source"":""bank_deposit_qbo_register"",""id"":""bdqr_bdep_ca687dcc605158617b885db6"",""bank_transaction_id"":""bnk_19b653843739e14eb5dadbec"",""amount"":""200000.00"",""txn_date"":""2026-05-05T00:00:00.000Z"",""txn_type"":""Transfer"",""accounts"":[""1004 BROKERAGE""],""memo"":""Transfer to Operating Account"",""reconciliation_status"":""Reconciled""}]"
"bdep_ce3a0723b64018278f8ff2a3","605.48","2025-11-07T00:00:00.000Z","Bill.com         VoidPaymnt        015CNEPQOTQCD5E Center for Guided Montessori Studies Bill.com 01","expense_refund","human","usr_matthew_kramer","","","","[{""source"":""bank_deposit_qbo_register"",""id"":""bdqr_bdep_ce3a0723b64018278f8ff2a3"",""bank_transaction_id"":""bnk_9ac8f8bc30f433d3263f7d32"",""amount"":""605.48"",""txn_date"":""2025-11-07T00:00:00.000Z"",""txn_type"":""Journal"",""ref_no"":""Bill.com CR_11_7_25"",""memo"":""BILL 11/07/25 Credit P25080401 - 7634981"",""reconciliation_status"":""Reconciled""}]"
"bdep_cf625c83d803c283a9d3ab72","6508.00","2025-07-24T00:00:00.000Z","Bill.com         VoidPaymnt        015GLUUCECL29XU Center for Guided Montessori Studies Bill.com 01","expense_refund","human","usr_matthew_kramer","","","","[{""source"":""bank_deposit_qbo_register"",""id"":""bdqr_bdep_cf625c83d803c283a9d3ab72"",""bank_transaction_id"":""bnk_4f2790eb3730a59f0b9f55dc"",""amount"":""6508.00"",""txn_date"":""2025-07-24T00:00:00.000Z"",""txn_type"":""Journal"",""ref_no"":""Bill.com Credit 7/24"",""memo"":""BILL 07/24/25 Credit P25041801 - 7245043"",""reconciliation_status"":""Reconciled""}]"
"bdep_d77de48b49a28f5f5ae8ad2c","2675.89","2025-10-23T00:00:00.000Z","Bill.com         Receivable        015ZHQBGTWPK38C Jun Zi Lan Montessori School, Inc. Bill.com 015Z","earned_income","human","usr_matthew_kramer","","","","[{""source"":""bank_deposit_qbo_register"",""id"":""bdqr_bdep_d77de48b49a28f5f5ae8ad2c"",""bank_transaction_id"":""bnk_63ac3f6664f5b6669641dd0d"",""amount"":""2675.89"",""txn_date"":""2025-10-23T00:00:00.000Z"",""txn_type"":""Journal"",""ref_no"":""PPD Exp Sep 2027"",""memo"":""BILL 10/23/25 AR Payments"",""reconciliation_status"":""Reconciled""}]"
"bdep_de9d92882fa6811435cf7ec2","200000.00","2025-12-17T00:00:00.000Z","TRANSFER FROM BRK ****9888 REF# 606495171","intercompany_transfer","human","usr_matthew_kramer","","1004 BROKERAGE","","[{""source"":""bank_deposit_qbo_register"",""id"":""bdqr_bdep_de9d92882fa6811435cf7ec2"",""bank_transaction_id"":""bnk_d614f8cc099f25fe4181bd70"",""amount"":""200000.00"",""txn_date"":""2025-12-17T00:00:00.000Z"",""txn_type"":""Transfer"",""accounts"":[""1004 BROKERAGE""],""reconciliation_status"":""Reconciled""}]"
"bdep_e8d8cdc41a04805b2239cd97","6179.08","2025-12-12T00:00:00.000Z","DC WILDFLOWER PU EFT PYMT   121125 Charter School  The Wildflower Foundat","earned_income","human","usr_matthew_kramer","","1503 Pledges/Services Receivable","DC Wildflower Public Charter School","[{""source"":""bank_deposit_qbo_register"",""id"":""bdqr_bdep_e8d8cdc41a04805b2239cd97"",""bank_transaction_id"":""bnk_ff066264247a793182c86a32"",""amount"":""6179.08"",""txn_date"":""2025-12-12T00:00:00.000Z"",""txn_type"":""Payment"",""ref_no"":""11122872"",""payer"":""DC Wildflower Public Charter School"",""accounts"":[""1503 Pledges/Services Receivable""],""reconciliation_status"":""Reconciled""}]"
"bdep_00b1e2cb7719cfcffde234c5","250000.00","2025-03-03T00:00:00.000Z","TRANSFER FROM BRK ****9888 REF# 569101398","intercompany_transfer","rule_derived","","reviewed: componentless deposit, all QB accounts non-donation (0185)","1004 BROKERAGE | BUSINESS CHECKING (XXXXXX 8945)","","[{""source"":""deposit_qbo_components"",""id"":""dqc_6DlPnfzh1_SgC2pgfjfBM"",""staged_payment_id"":""6DlPnfzh1_SgC2pgfjfBM"",""qb_deposit_id"":""32435"",""qb_entity_type"":""deposit"",""qb_entity_id"":""32435"",""amount"":""250000.00"",""date_received"":""2025-03-03T00:00:00.000Z"",""accounts"":[""1004 BROKERAGE"",""BUSINESS CHECKING (XXXXXX 8945)""],""raw_reference"":""BUSINESS CHECKING (XXXXXX 8945)"",""line_description"":""TRANSFER FROM BRK ****9888 REF# 569101398""}]"
"bdep_016c4c55274cdbae48a17ead","1347.33","2025-09-18T00:00:00.000Z","Roxbury Roots Mo Receivable        016AMZEAU3V1LTN 016AMZEAU3V1LTN Roxbury Roots Mo Bill.com Inv 49","membership","rule_derived","","reviewed: componentless deposit, all QB accounts non-donation (0185)","Network Membership Fees (School SItes)","Roxbury Roots Montessori, Inc.","[{""source"":""deposit_qbo_components"",""id"":""dqc_aPbrPY0FK1s3f8I3KjHGP"",""staged_payment_id"":""aPbrPY0FK1s3f8I3KjHGP"",""qb_deposit_id"":""35896"",""qb_entity_type"":""payment"",""qb_entity_id"":""35298"",""amount"":""1347.33"",""date_received"":""2025-09-17T00:00:00.000Z"",""payer"":""Roxbury Roots Montessori, Inc."",""accounts"":[""Network Membership Fees (School SItes)""],""items"":[""School Contributions""],""raw_reference"":""P25091602 - 9220385"",""line_description"":""Inv 49"",""transaction_memo"":""Inv 49""}]"
"bdep_01ab2a9ce01694d0647db61c","1454.55","2025-01-27T00:00:00.000Z","Wildflower Monte Receivable        016USQUHO3MD1TE 016USQUHO3MD1TE Wildflower Monte Bill.com Inv 17","membership","rule_derived","","reviewed: componentless deposit, all QB accounts non-donation (0185)","Network Membership Fees (School SItes)","Wildflower Montessori Public Schools of Colorado (c)","[{""source"":""deposit_qbo_components"",""id"":""dqc_AgRLAmXcXkqJyUowG6qP4"",""staged_payment_id"":""AgRLAmXcXkqJyUowG6qP4"",""qb_deposit_id"":""32444"",""qb_entity_type"":""payment"",""qb_entity_id"":""31739"",""amount"":""1454.55"",""date_received"":""2025-01-24T00:00:00.000Z"",""payer"":""Wildflower Montessori Public Schools of Colorado (c)"",""accounts"":[""Network Membership Fees (School SItes)""],""items"":[""School Contributions""],""raw_reference"":""P25012102 - 9192217"",""line_description"":""Inv 1734800475834"",""transaction_memo"":""Inv 1734800475834""}]"
"bdep_01b3b9e255d78cb56748cd8b","2036.69","2020-06-04T00:00:00.000Z","STRIPE           TRANSFER          ST-R1M4R6I3G6H5 THE WILDFLOWER FOUNDAT","earned_income","rule_derived","","reviewed: componentless deposit, all QB accounts non-donation (0185)","4020 Services - Earned Income | BUSINESS CHECKING (XXXXXX 8945)","Stripe","[{""source"":""deposit_qbo_components"",""id"":""dqc_wJDQoSqtWqCePuG4qkjRM"",""staged_payment_id"":""wJDQoSqtWqCePuG4qkjRM"",""qb_deposit_id"":""12219"",""qb_entity_type"":""deposit"",""qb_entity_id"":""12219"",""amount"":""2036.69"",""date_received"":""2020-06-04T00:00:00.000Z"",""payer"":""Stripe"",""accounts"":[""4020 Services - Earned Income"",""BUSINESS CHECKING (XXXXXX 8945)""],""classes"":[""Spo - Embracing Equity (deleted)""],""raw_reference"":""BUSINESS CHECKING (XXXXXX 8945)"",""line_description"":""STRIPE           TRANSFER          ST-R1M4R6I3G6H5 THE WILDFLOWER FOUNDAT""}]"
"bdep_02632aa654d8d1723ef8e44f","970.40","2019-07-17T00:00:00.000Z","STRIPE           TRANSFER          ST-E4M2K5V8O7K2 THE WILDFLOWER FOUNDAT","earned_income","rule_derived","","reviewed: componentless deposit, all QB accounts non-donation (0185)","4020 Services - Earned Income | BUSINESS CHECKING (XXXXXX 8945)","Stripe","[{""source"":""deposit_qbo_components"",""id"":""dqc_Ki-aZ8mF69f2jsGSXo3rW"",""staged_payment_id"":""Ki-aZ8mF69f2jsGSXo3rW"",""qb_deposit_id"":""8312"",""qb_entity_type"":""deposit"",""qb_entity_id"":""8312"",""amount"":""970.40"",""date_received"":""2019-07-17T00:00:00.000Z"",""payer"":""Stripe"",""accounts"":[""4020 Services - Earned Income"",""BUSINESS CHECKING (XXXXXX 8945)""],""classes"":[""Existing School Support (deleted)""],""raw_reference"":""STRIPE           TRANSFER          ST-E4M2K5V8O7K2 THE WILDFLOWER FOUNDAT"",""line_description"":""STRIPE           TRANSFER          ST-E4M2K5V8O7K2 THE WILDFLOWER FOUNDAT"",""transaction_memo"":""STRIPE           TRANSFER          ST-E4M2K5V8O7K2 THE WILDFLOWER FOUNDAT""}]"
"bdep_03430d11392e3d49c28b6a92","666.67","2025-11-12T00:00:00.000Z","Desert Peach Mon Bill.com          026MMMUYJ1O3BHS Desert Peach Montessori School Bill.com 026MMMUY","membership","rule_derived","","reviewed: componentless deposit, all QB accounts non-donation (0185)","Network Membership Fees (School SItes)","Desert Peach Montessori","[{""source"":""deposit_qbo_components"",""id"":""dqc_AlwTJuIyztlyHjkWzAm0-"",""staged_payment_id"":""AlwTJuIyztlyHjkWzAm0-"",""qb_deposit_id"":""36584"",""qb_entity_type"":""payment"",""qb_entity_id"":""36123"",""amount"":""666.67"",""date_received"":""2025-11-10T00:00:00.000Z"",""payer"":""Desert Peach Montessori"",""accounts"":[""Network Membership Fees (School SItes)""],""items"":[""School Contributions""],""raw_reference"":""P25110502 - 2507503"",""line_description"":""Inv TWF - Nov Invoice020"",""transaction_memo"":""Inv TWF - Nov Invoice020""}]"
"bdep_03989bf5dc2d1cad60b7815c","17.18","2018-11-19T00:00:00.000Z","STRIPE           TRANSFER                          X 201811192","earned_income","rule_derived","","reviewed: componentless deposit, all QB accounts non-donation (0185)","4020 Services - Earned Income | BUSINESS CHECKING (XXXXXX 8945)","","[{""source"":""deposit_qbo_components"",""id"":""dqc_4eG8yP73UnkwQsXb4s46Z"",""staged_payment_id"":""4eG8yP73UnkwQsXb4s46Z"",""qb_deposit_id"":""5354"",""qb_entity_type"":""deposit"",""qb_entity_id"":""5354"",""amount"":""17.18"",""date_received"":""2018-11-19T00:00:00.000Z"",""accounts"":[""4020 Services - Earned Income"",""BUSINESS CHECKING (XXXXXX 8945)""],""raw_reference"":""STRIPE           TRANSFER                          X 201811192"",""line_description"":""STRIPE           TRANSFER                          X 201811192"",""transaction_memo"":""STRIPE           TRANSFER                          X 201811192""}]"
"bdep_04606997a3471cee503179ca","485.20","2019-01-16T00:00:00.000Z","STRIPE           TRANSFER                          X","earned_income","rule_derived","","reviewed: componentless deposit, all QB accounts non-donation (0185)","4020 Services - Earned Income | BUSINESS CHECKING (XXXXXX 8945)","","[{""source"":""deposit_qbo_components"",""id"":""dqc_yQ1GJ6rQk9GN55gbxDDVI"",""staged_payment_id"":""yQ1GJ6rQk9GN55gbxDDVI"",""qb_deposit_id"":""5961"",""qb_entity_type"":""deposit"",""qb_entity_id"":""5961"",""amount"":""485.20"",""date_received"":""2019-01-16T00:00:00.000Z"",""accounts"":[""4020 Services - Earned Income"",""BUSINESS CHECKING (XXXXXX 8945)""],""classes"":[""Existing School Support (deleted)""],""raw_reference"":""STRIPE           TRANSFER                          X"",""line_description"":""STRIPE           TRANSFER                          X"",""transaction_memo"":""STRIPE           TRANSFER                          X""}]"
"bdep_04c0d657ca0cc025f71c038a","33.68","2019-07-02T00:00:00.000Z","STRIPE           TRANSFER          ST-O2V8R7B3L0X3 THE WILDFLOWER FOUNDAT","earned_income","rule_derived","","reviewed: componentless deposit, all QB accounts non-donation (0185)","4020 Services - Earned Income | BUSINESS CHECKING (XXXXXX 8945)","Stripe","[{""source"":""deposit_qbo_components"",""id"":""dqc_3OXt8pNWY7frOnaBdKVFn"",""staged_payment_id"":""3OXt8pNWY7frOnaBdKVFn"",""qb_deposit_id"":""7805"",""qb_entity_type"":""deposit"",""qb_entity_id"":""7805"",""amount"":""33.68"",""date_received"":""2019-07-02T00:00:00.000Z"",""payer"":""Stripe"",""accounts"":[""4020 Services - Earned Income"",""BUSINESS CHECKING (XXXXXX 8945)""],""classes"":[""Existing School Support (deleted)""],""raw_reference"":""STRIPE           TRANSFER          ST-O2V8R7B3L0X3 THE WILDFLOWER FOUNDAT"",""line_description"":""STRIPE           TRANSFER          ST-O2V8R7B3L0X3 THE WILDFLOWER FOUNDAT"",""transaction_memo"":""STRIPE           TRANSFER          ST-O2V8R7B3L0X3 THE WILDFLOWER FOUNDAT""}]"
"bdep_04c9aed86610353c22cf5f7a","28.83","2018-11-30T00:00:00.000Z","STRIPE           TRANSFER                          X 201811302","earned_income","rule_derived","","reviewed: componentless deposit, all QB accounts non-donation (0185)","4020 Services - Earned Income | BUSINESS CHECKING (XXXXXX 8945)","","[{""source"":""deposit_qbo_components"",""id"":""dqc_0qH7zNX2XtIACgCveVZ6x"",""staged_payment_id"":""0qH7zNX2XtIACgCveVZ6x"",""qb_deposit_id"":""5349"",""qb_entity_type"":""deposit"",""qb_entity_id"":""5349"",""amount"":""28.83"",""date_received"":""2018-11-30T00:00:00.000Z"",""accounts"":[""4020 Services - Earned Income"",""BUSINESS CHECKING (XXXXXX 8945)""],""raw_reference"":""STRIPE           TRANSFER                          X 201811302"",""line_description"":""STRIPE           TRANSFER                          X 201811302"",""transaction_memo"":""STRIPE           TRANSFER                          X 201811302""}]"
"bdep_04e7d9c8518498126a84c8b3","2135.24","2021-09-30T00:00:00.000Z","TIGER LILY MONTE SENDER     210930       XXXXX7822 0000WILDFLOWER FOUND","loan","rule_derived","","reviewed: componentless deposit, all QB accounts non-donation (0185)","1600 Loans to Schools | BUSINESS CHECKING (XXXXXX 8945)","Loan - Tiger Lily","[{""source"":""deposit_qbo_components"",""id"":""dqc_ojnYp1FKpMxF8rpimT8JZ"",""staged_payment_id"":""ojnYp1FKpMxF8rpimT8JZ"",""qb_deposit_id"":""17733"",""qb_entity_type"":""deposit"",""qb_entity_id"":""17733"",""amount"":""2135.24"",""date_received"":""2021-09-30T00:00:00.000Z"",""payer"":""Loan - Tiger Lily"",""accounts"":[""1600 Loans to Schools"",""BUSINESS CHECKING (XXXXXX 8945)""],""raw_reference"":""BUSINESS CHECKING (XXXXXX 8945)"",""line_description"":""TIGER LILY MONTE SENDER     210930       XXXXX7822 0000WILDFLOWER FOUND""}]"
"bdep_0504f794d21e918e8a283e34","4616.00","2020-11-20T00:00:00.000Z","ALLIANT INSURANC HIST RTN   201120 9MWPCF          WILDFLOWER INVOICES","expense_refund","rule_derived","","reviewed: componentless deposit, all QB accounts non-donation (0185)","7006 All Other Expenditures:Insurance | BUSINESS CHECKING (XXXXXX 8945)","Alliant Insurance Services, Inc.","[{""source"":""deposit_qbo_components"",""id"":""dqc_B5xfRxwRMzR8Z5-Dk4f7K"",""staged_payment_id"":""B5xfRxwRMzR8Z5-Dk4f7K"",""qb_deposit_id"":""13857"",""qb_entity_type"":""deposit"",""qb_entity_id"":""13857"",""amount"":""4616.00"",""date_received"":""2020-11-20T00:00:00.000Z"",""payer"":""Alliant Insurance Services, Inc."",""accounts"":[""7006 All Other Expenditures:Insurance"",""BUSINESS CHECKING (XXXXXX 8945)""],""classes"":[""National (deleted):Foundation Operations (deleted)""],""raw_reference"":""BUSINESS CHECKING (XXXXXX 8945)"",""line_description"":""ALLIANT INSURANC HIST RTN   201120 9MWPCF          WILDFLOWER INVOICES""}]"
"bdep_0533cf98954fe1c6021692b8","485.20","2020-03-27T00:00:00.000Z","STRIPE           TRANSFER          ST-A1V8P6B1E4R2 THE WILDFLOWER FOUNDAT","earned_income","rule_derived","","reviewed: componentless deposit, all QB accounts non-donation (0185)","4020 Services - Earned Income | BUSINESS CHECKING (XXXXXX 8945)","Stripe","[{""source"":""deposit_qbo_components"",""id"":""dqc_Me_gtemRhhxybSuh7IAvI"",""staged_payment_id"":""Me_gtemRhhxybSuh7IAvI"",""qb_deposit_id"":""11585"",""qb_entity_type"":""deposit"",""qb_entity_id"":""11585"",""amount"":""485.20"",""date_received"":""2020-03-27T00:00:00.000Z"",""payer"":""Stripe"",""accounts"":[""4020 Services - Earned Income"",""BUSINESS CHECKING (XXXXXX 8945)""],""classes"":[""Spo - Embracing Equity (deleted)""],""raw_reference"":""BUSINESS CHECKING (XXXXXX 8945)"",""line_description"":""STRIPE           TRANSFER          ST-A1V8P6B1E4R2 THE WILDFLOWER FOUNDAT""}]"
"bdep_0658d92ae158b45ca9ee5a36","1454.55","2025-04-24T00:00:00.000Z","Wildflower Monte Receivable        016DTJTGI3PMRL9 016DTJTGI3PMRL9 Wildflower Monte Bill.com Inv 23","membership","rule_derived","","reviewed: componentless deposit, all QB accounts non-donation (0185)","Network Membership Fees (School SItes)","Wildflower Montessori Public Schools of Colorado (c)","[{""source"":""deposit_qbo_components"",""id"":""dqc_s4fV_z3IlsWRIrD5MdNn4"",""staged_payment_id"":""s4fV_z3IlsWRIrD5MdNn4"",""qb_deposit_id"":""33554"",""qb_entity_type"":""payment"",""qb_entity_id"":""33051"",""amount"":""1454.55"",""date_received"":""2025-04-23T00:00:00.000Z"",""payer"":""Wildflower Montessori Public Schools of Colorado (c)"",""accounts"":[""Network Membership Fees (School SItes)""],""items"":[""School Contributions""],""raw_reference"":""P25042102 - 1027978"",""line_description"":""Inv 23-TWF"",""transaction_memo"":""Inv 23-TWF""}]"
"bdep_06eb2714972c6f2300934227","496.38","2020-08-03T00:00:00.000Z","STRIPE           TRANSFER          ST-E3Q8R4B2K6H3 THE WILDFLOWER FOUNDAT","earned_income","rule_derived","","reviewed: componentless deposit, all QB accounts non-donation (0185)","4020 Services - Earned Income | BUSINESS CHECKING (XXXXXX 8945)","Stripe","[{""source"":""deposit_qbo_components"",""id"":""dqc_pw7HQI0zI58FYHAmEkybb"",""staged_payment_id"":""pw7HQI0zI58FYHAmEkybb"",""qb_deposit_id"":""12891"",""qb_entity_type"":""deposit"",""qb_entity_id"":""12891"",""amount"":""496.38"",""date_received"":""2020-08-03T00:00:00.000Z"",""payer"":""Stripe"",""accounts"":[""4020 Services - Earned Income"",""BUSINESS CHECKING (XXXXXX 8945)""],""classes"":[""Spo - Embracing Equity (deleted)""],""raw_reference"":""BUSINESS CHECKING (XXXXXX 8945)"",""line_description"":""STRIPE           TRANSFER          ST-E3Q8R4B2K6H3 THE WILDFLOWER FOUNDAT""}]"
"bdep_07260dd539f84328c1c9f3b3","94.00","2020-12-03T00:00:00.000Z","GUSTO            HIST RTN   201203 6semjp4npbo     The Wildflower Foundat","expense_refund","rule_derived","","reviewed: componentless deposit, all QB accounts non-donation (0185)","2002 Benefit Liability | BUSINESS CHECKING (XXXXXX 8945)","","[{""source"":""deposit_qbo_components"",""id"":""dqc_4CPFLY1hvjZDBU1DgoFoN"",""staged_payment_id"":""4CPFLY1hvjZDBU1DgoFoN"",""qb_deposit_id"":""14235"",""qb_entity_type"":""deposit"",""qb_entity_id"":""14235"",""amount"":""94.00"",""date_received"":""2020-12-03T00:00:00.000Z"",""accounts"":[""2002 Benefit Liability"",""BUSINESS CHECKING (XXXXXX 8945)""],""classes"":[""National (deleted):Foundation Operations (deleted)""],""raw_reference"":""BUSINESS CHECKING (XXXXXX 8945)"",""line_description"":""GUSTO            HIST RTN   201203 6semjp4npbo     The Wildflower Foundat""}]"
"bdep_077aea0d4b36b13ac2f62961","24.82","2021-02-11T00:00:00.000Z","STRIPE           TRANSFER          ST-Y1X7M0J8B7R5 THE WILDFLOWER FOUNDAT","earned_income","rule_derived","","reviewed: componentless deposit, all QB accounts non-donation (0185)","4020 Services - Earned Income | BUSINESS CHECKING (XXXXXX 8945)","Stripe","[{""source"":""deposit_qbo_components"",""id"":""dqc_SC4saa8aNm-EpDaE26y28"",""staged_payment_id"":""SC4saa8aNm-EpDaE26y28"",""qb_deposit_id"":""14788"",""qb_entity_type"":""deposit"",""qb_entity_id"":""14788"",""amount"":""24.82"",""date_received"":""2021-02-11T00:00:00.000Z"",""payer"":""Stripe"",""accounts"":[""4020 Services - Earned Income"",""BUSINESS CHECKING (XXXXXX 8945)""],""classes"":[""Spo - Embracing Equity (deleted)""],""raw_reference"":""BUSINESS CHECKING (XXXXXX 8945)"",""line_description"":""STRIPE           TRANSFER          ST-Y1X7M0J8B7R5 THE WILDFLOWER FOUNDAT""}]"
"bdep_099997efd0c8a2af40706851","15.00","2017-05-05T00:00:00.000Z","PARTIAL WIRE TRANS SVC CHARGE REVERSAL","expense_refund","rule_derived","","reviewed: componentless deposit, all QB accounts non-donation (0185)","7003 All Other Expenditures:Bank Charges | BUSINESS CHECKING (XXXXXX 8945)","","[{""source"":""deposit_qbo_components"",""id"":""dqc_LGnxfV7_fKE22ahJk1F4b"",""staged_payment_id"":""LGnxfV7_fKE22ahJk1F4b"",""qb_deposit_id"":""913"",""qb_entity_type"":""deposit"",""qb_entity_id"":""913"",""amount"":""15.00"",""date_received"":""2017-05-05T00:00:00.000Z"",""accounts"":[""7003 All Other Expenditures:Bank Charges"",""BUSINESS CHECKING (XXXXXX 8945)""],""classes"":[""Overhead (deleted)""],""raw_reference"":""PARTIAL WIRE TRANS SVC CHARGE REVERSAL"",""line_description"":""PARTIAL WIRE TRANS SVC CHARGE REVERSAL"",""transaction_memo"":""PARTIAL WIRE TRANS SVC CHARGE REVERSAL""}]"
"bdep_0a2e06490217415f876d7059","545.45","2024-12-30T00:00:00.000Z","Rain Lily Montes Receivable        016AHSKYP3LFFPV 016AHSKYP3LFFPV Rain Lily Montes Bill.com Inv G","membership","rule_derived","","reviewed: componentless deposit, all QB accounts non-donation (0185)","Network Membership Fees (School SItes)","Rain Lily Montessori School, Inc.","[{""source"":""deposit_qbo_components"",""id"":""dqc_6EMN0MOhxb8RvI7MbMY8q"",""staged_payment_id"":""6EMN0MOhxb8RvI7MbMY8q"",""qb_deposit_id"":""31648"",""qb_entity_type"":""payment"",""qb_entity_id"":""31309"",""amount"":""545.45"",""date_received"":""2024-12-27T00:00:00.000Z"",""payer"":""Rain Lily Montessori School, Inc."",""accounts"":[""Network Membership Fees (School SItes)""],""items"":[""School Contributions""],""raw_reference"":""P24122302 - 3274115"",""line_description"":""Inv G 9654-12996"",""transaction_memo"":""Inv G 9654-12996""}]"
"bdep_0b008bf8958aeb9f4b88002b","1670.80","2022-11-09T00:00:00.000Z","BASIC            BASICCOBRA 221109                 The Wildflower Foundat","expense_refund","rule_derived","","reviewed: componentless deposit, all QB accounts non-donation (0185)","2002 Benefit Liability | BUSINESS CHECKING (XXXXXX 8945)","","[{""source"":""deposit_qbo_components"",""id"":""dqc_kdh5L3nW4KS_9lMraUzg7"",""staged_payment_id"":""kdh5L3nW4KS_9lMraUzg7"",""qb_deposit_id"":""22374"",""qb_entity_type"":""deposit"",""qb_entity_id"":""22374"",""amount"":""1670.80"",""date_received"":""2022-11-09T00:00:00.000Z"",""accounts"":[""2002 Benefit Liability"",""BUSINESS CHECKING (XXXXXX 8945)""],""raw_reference"":""BUSINESS CHECKING (XXXXXX 8945)"",""line_description"":""BASIC            BASICCOBRA 221109                 The Wildflower Foundat""}]"
"bdep_0b2d5c73a5564e1c2885e152","4623.66","2025-11-07T00:00:00.000Z","Minnesota Wildfl Receivable        016XHRTHJ3WWU7J 016XHRTHJ3WWU7J Minnesota Wildfl Bill.com Inv TW","membership","rule_derived","","reviewed: componentless deposit, all QB accounts non-donation (0185)","Network Membership Fees (School SItes)","Minnesota Wildflower Montessori School","[{""source"":""deposit_qbo_components"",""id"":""dqc_gYV3FdJtgDMtqZUilsN7z"",""staged_payment_id"":""gYV3FdJtgDMtqZUilsN7z"",""qb_deposit_id"":""36583"",""qb_entity_type"":""payment"",""qb_entity_id"":""36122"",""amount"":""4623.66"",""date_received"":""2025-11-06T00:00:00.000Z"",""payer"":""Minnesota Wildflower Montessori School"",""accounts"":[""Network Membership Fees (School SItes)""],""items"":[""School Contributions""],""raw_reference"":""P25110501 - 5431725"",""line_description"":""Inv TWF - Nov Invoice054"",""transaction_memo"":""Inv TWF - Nov Invoice054""}]"
"bdep_0b565698a07a42bf47d3ccaa","485.20","2020-03-04T00:00:00.000Z","STRIPE           TRANSFER          ST-A3Z9A1R4D3S6 THE WILDFLOWER FOUNDAT","earned_income","rule_derived","","reviewed: componentless deposit, all QB accounts non-donation (0185)","4020 Services - Earned Income | BUSINESS CHECKING (XXXXXX 8945)","Stripe","[{""source"":""deposit_qbo_components"",""id"":""dqc_FeEg2xsbPcNwNlfIfC-DT"",""staged_payment_id"":""FeEg2xsbPcNwNlfIfC-DT"",""qb_deposit_id"":""11532"",""qb_entity_type"":""deposit"",""qb_entity_id"":""11532"",""amount"":""485.20"",""date_received"":""2020-03-04T00:00:00.000Z"",""payer"":""Stripe"",""accounts"":[""4020 Services - Earned Income"",""BUSINESS CHECKING (XXXXXX 8945)""],""classes"":[""Spo - Embracing Equity (deleted)""],""raw_reference"":""BUSINESS CHECKING (XXXXXX 8945)"",""line_description"":""STRIPE           TRANSFER          ST-A3Z9A1R4D3S6 THE WILDFLOWER FOUNDAT""}]"
"bdep_0b983ccd4626bd798ffc209d","4990.56","2026-03-04T00:00:00.000Z","Wildflower New Y Receivable        016MONGEW40ZDYW 016MONGEW40ZDYW Wildflower New Y Bill.com Inv TW","membership","rule_derived","","reviewed: affiliated-school membership (name-confirmed; 0176)","1503 Pledges/Services Receivable","Wildflower New York Charter School","[{""source"":""bank_deposit_qbo_register"",""id"":""bdqr_bdep_0b983ccd4626bd798ffc209d"",""bank_transaction_id"":""bnk_5d251043da25b8820c676f29"",""amount"":""4990.56"",""txn_date"":""2026-03-03T00:00:00.000Z"",""txn_type"":""Payment"",""ref_no"":""P26030202 - 2785716"",""payer"":""Wildflower New York Charter School"",""accounts"":[""1503 Pledges/Services Receivable""],""memo"":""Inv TWF MarchInvoice028"",""reconciliation_status"":""Reconciled""}]"
"bdep_0bc6160c59be749803463325","1500.00","2024-11-08T00:00:00.000Z","ACUDEN           EFT PAY    241108 XXXXXXXX61341   THE WILDFLOWER FOUNDAT","earned_income","rule_derived","","reviewed: componentless deposit, all QB accounts non-donation (0185)","4020 Services - Earned Income | BUSINESS CHECKING (XXXXXX 8945)","Acuden","[{""source"":""deposit_qbo_components"",""id"":""dqc_5AJOS6vgz474fVV8plHvi"",""staged_payment_id"":""5AJOS6vgz474fVV8plHvi"",""qb_deposit_id"":""30927"",""qb_entity_type"":""deposit"",""qb_entity_id"":""30927"",""amount"":""1500.00"",""date_received"":""2024-11-08T00:00:00.000Z"",""payer"":""Acuden"",""accounts"":[""4020 Services - Earned Income"",""BUSINESS CHECKING (XXXXXX 8945)""],""raw_reference"":""BUSINESS CHECKING (XXXXXX 8945)"",""line_description"":""ACUDEN           EFT PAY    241108 XXXXXXXX61341   THE WILDFLOWER FOUNDAT""}]"
"bdep_0c1430833ec0425e791e30b2","0.01","2023-03-31T00:00:00.000Z","Lawyers' Committ ACCTVERIFY        016FZIDOZ2LK1U5 THE WILDFLOWER FOUNDAT","expense_refund","rule_derived","","reviewed: componentless deposit, all QB accounts non-donation (0185)","7008 All Other Expenditures:Uncategorized Expenditure | BUSINESS CHECKING (XXXXXX 8945)","","[{""source"":""deposit_qbo_components"",""id"":""dqc_2AnblIW1eZUi-spVm5w3U"",""staged_payment_id"":""2AnblIW1eZUi-spVm5w3U"",""qb_deposit_id"":""24023"",""qb_entity_type"":""deposit"",""qb_entity_id"":""24023"",""amount"":""0.01"",""date_received"":""2023-03-31T00:00:00.000Z"",""accounts"":[""7008 All Other Expenditures:Uncategorized Expenditure"",""BUSINESS CHECKING (XXXXXX 8945)""],""classes"":[""National (deleted):Foundation General (deleted)""],""raw_reference"":""BUSINESS CHECKING (XXXXXX 8945)"",""line_description"":""Lawyers' Committ ACCTVERIFY        016FZIDOZ2LK1U5 THE WILDFLOWER FOUNDAT""}]"
"bdep_0c2803231f9e77fe0b0b7b39","187.50","2018-02-12T00:00:00.000Z","INTUIT PYMT SOLN DEPOSIT 180210 524771997507722 THE WILDFLOWER FOUNDAT","loan","rule_derived","","reviewed: componentless deposit, all QB accounts non-donation (0185)","Interest Earned | Loans to Schools","Loan - Tiger Lily","[{""source"":""deposit_qbo_components"",""id"":""dqc_K3RC6B0TP3hUMHz800U4G"",""staged_payment_id"":""K3RC6B0TP3hUMHz800U4G"",""qb_deposit_id"":""2779"",""qb_entity_type"":""payment"",""qb_entity_id"":""2491"",""amount"":""187.50"",""date_received"":""2018-02-05T00:00:00.000Z"",""payer"":""Loan - Tiger Lily"",""accounts"":[""Interest Earned"",""Loans to Schools""],""classes"":[""Loan Payment (deleted)""],""items"":[""INTEREST"",""LOAN REPAYMENT""],""line_description"":""Paid via QuickBooks Payments: Payment ID aj148jyl"",""transaction_memo"":""Paid via QuickBooks Payments: Payment ID aj148jyl""}]"
"bdep_0d02e65db520c81a762743a6","3731.18","2025-02-20T00:00:00.000Z","Minnesota Wildfl Receivable        016LCFXXN3N9PHO 016LCFXXN3N9PHO Minnesota Wildfl Bill.com Inv TC","membership","rule_derived","","reviewed: componentless deposit, all QB accounts non-donation (0185)","Network Membership Fees (School SItes)","Minnesota Wildflower Montessori School","[{""source"":""deposit_qbo_components"",""id"":""dqc_mkcluz44jnevofq_brLKb"",""staged_payment_id"":""mkcluz44jnevofq_brLKb"",""qb_deposit_id"":""32463"",""qb_entity_type"":""payment"",""qb_entity_id"":""32136"",""amount"":""3731.18"",""date_received"":""2025-02-19T00:00:00.000Z"",""payer"":""Minnesota Wildflower Montessori School"",""accounts"":[""Network Membership Fees (School SItes)""],""items"":[""School Contributions""],""raw_reference"":""P25021801 - 5434088"",""line_description"":""Inv TC Girasol 33"",""transaction_memo"":""Inv TC Girasol 33""}]"
"bdep_0e61941574c4fdd73056cf73","33.68","2020-12-10T00:00:00.000Z","STRIPE           TRANSFER          ST-N9T1S6O5B3W8 THE WILDFLOWER FOUNDAT","earned_income","rule_derived","","reviewed: componentless deposit, all QB accounts non-donation (0185)","4020 Services - Earned Income | BUSINESS CHECKING (XXXXXX 8945)","Stripe","[{""source"":""deposit_qbo_components"",""id"":""dqc_5lGGykFsWTCqIWcqAKYsv"",""staged_payment_id"":""5lGGykFsWTCqIWcqAKYsv"",""qb_deposit_id"":""13970"",""qb_entity_type"":""deposit"",""qb_entity_id"":""13970"",""amount"":""33.68"",""date_received"":""2020-12-10T00:00:00.000Z"",""payer"":""Stripe"",""accounts"":[""4020 Services - Earned Income"",""BUSINESS CHECKING (XXXXXX 8945)""],""classes"":[""Spo - Embracing Equity (deleted)""],""raw_reference"":""BUSINESS CHECKING (XXXXXX 8945)"",""line_description"":""STRIPE           TRANSFER          ST-N9T1S6O5B3W8 THE WILDFLOWER FOUNDAT""}]"
"bdep_0e7422e335f0aa5dd3e7e293","2527.80","2020-07-13T00:00:00.000Z","TELE-TRANSFER FR XXXXXX5891 REFERENCE #TF08GXM53F","loan","rule_derived","","reviewed: componentless deposit, all QB accounts non-donation (0185)","2102 Due to (from) Loan Funds:Due to (from) Loan Fund II | BUSINESS CHECKING (XXXXXX 8945)","","[{""source"":""deposit_qbo_components"",""id"":""dqc_OPEqeh1wP6SV1XszNiTHJ"",""staged_payment_id"":""OPEqeh1wP6SV1XszNiTHJ"",""qb_deposit_id"":""12960"",""qb_entity_type"":""deposit"",""qb_entity_id"":""12960"",""amount"":""2527.80"",""date_received"":""2020-07-13T00:00:00.000Z"",""accounts"":[""2102 Due to (from) Loan Funds:Due to (from) Loan Fund II"",""BUSINESS CHECKING (XXXXXX 8945)""],""classes"":[""National (deleted)""],""raw_reference"":""Transfer for Calvert Payment made from General Checking Vs LF II"",""line_description"":""Transfer for Calvert Payment made from General Checking Vs LF II"",""transaction_memo"":""Transfer for Calvert Payment made from General Checking Vs LF II""}]"
"bdep_0e8c911000dd82fe4fa193c2","14000.00","2024-02-09T00:00:00.000Z","WT FED#03296 US BANK, NA           /ORG=FUTURE FOCUSED SOLUTIONS LLC                  SRF#        240209B01LWX TRN#XXXXXXXX1885  RFB#        240209B01LWX","intercompany_transfer","rule_derived","","reviewed: componentless deposit, all QB accounts non-donation (0185)","1505 Uncategorized Asset | BUSINESS CHECKING (XXXXXX 8945)","Future Focused Solutions","[{""source"":""deposit_qbo_components"",""id"":""dqc_mxohy1DCNAP6QlasOQP6b"",""staged_payment_id"":""mxohy1DCNAP6QlasOQP6b"",""qb_deposit_id"":""27619"",""qb_entity_type"":""deposit"",""qb_entity_id"":""27619"",""amount"":""14000.00"",""date_received"":""2024-02-09T00:00:00.000Z"",""payer"":""Future Focused Solutions"",""accounts"":[""1505 Uncategorized Asset"",""BUSINESS CHECKING (XXXXXX 8945)""],""raw_reference"":""BUSINESS CHECKING (XXXXXX 8945)"",""line_description"":""WT FED#03296 US BANK, NA           /ORG=FUTURE FOCUSED SOLUTIONS LLC                  SRF#        240209B01LWX TRN#XXXXXXXX1885  RFB#        240209B01LWX""}]"
"bdep_0ed33b4410857e8f5750755d","480.20","2020-03-11T00:00:00.000Z","STRIPE           TRANSFER          ST-H4O0F9U8X7A7 THE WILDFLOWER FOUNDAT","earned_income","rule_derived","","reviewed: componentless deposit, all QB accounts non-donation (0185)","4020 Services - Earned Income | BUSINESS CHECKING (XXXXXX 8945)","Stripe","[{""source"":""deposit_qbo_components"",""id"":""dqc_BL9TiVZ9WARvFpnPz0ftX"",""staged_payment_id"":""BL9TiVZ9WARvFpnPz0ftX"",""qb_deposit_id"":""11586"",""qb_entity_type"":""deposit"",""qb_entity_id"":""11586"",""amount"":""480.20"",""date_received"":""2020-03-11T00:00:00.000Z"",""payer"":""Stripe"",""accounts"":[""4020 Services - Earned Income"",""BUSINESS CHECKING (XXXXXX 8945)""],""classes"":[""Spo - Embracing Equity (deleted)""],""raw_reference"":""BUSINESS CHECKING (XXXXXX 8945)"",""line_description"":""STRIPE           TRANSFER          ST-H4O0F9U8X7A7 THE WILDFLOWER FOUNDAT""}]"
"bdep_0f72a82b733830d00e7de59f","485.20","2019-03-13T00:00:00.000Z","STRIPE           TRANSFER                          X","earned_income","rule_derived","","reviewed: componentless deposit, all QB accounts non-donation (0185)","4020 Services - Earned Income | BUSINESS CHECKING (XXXXXX 8945)","","[{""source"":""deposit_qbo_components"",""id"":""dqc_HgINEFDY0hAyuRQ0v_DR-"",""staged_payment_id"":""HgINEFDY0hAyuRQ0v_DR-"",""qb_deposit_id"":""6612"",""qb_entity_type"":""deposit"",""qb_entity_id"":""6612"",""amount"":""485.20"",""date_received"":""2019-03-13T00:00:00.000Z"",""accounts"":[""4020 Services - Earned Income"",""BUSINESS CHECKING (XXXXXX 8945)""],""classes"":[""Existing School Support (deleted)""],""raw_reference"":""STRIPE           TRANSFER                          X"",""line_description"":""STRIPE           TRANSFER                          X"",""transaction_memo"":""STRIPE           TRANSFER                          X""}]"
"bdep_0f750651c42f7c6c410c943c","545.45","2025-08-01T00:00:00.000Z","Bill.com         Receivable        015YFPYSENLHV8N Acacia Montessori (C) Bill.com 015YFPYSENLHV8N I","membership","rule_derived","","reviewed: affiliated-school membership (name-confirmed; 0176)","","","[{""source"":""bank_deposit_qbo_register"",""id"":""bdqr_bdep_0f750651c42f7c6c410c943c"",""bank_transaction_id"":""bnk_bc04a5800c86ae3832eabb2e"",""amount"":""545.45"",""txn_date"":""2025-08-01T00:00:00.000Z"",""txn_type"":""Journal"",""ref_no"":""BILL.com 08/01/25 AR"",""memo"":""BILL 08/01/25 AR Payments"",""reconciliation_status"":""Reconciled""}]"
"bdep_0f966b689b9553296bbbc44e","653.68","2024-09-17T00:00:00.000Z","Sundrops Montess Receivable        016CDRLNG3HJQZ4 016CDRLNG3HJQZ4 Sundrops Montess Bill.com Inv 79","membership","rule_derived","","reviewed: affiliated-school membership (name-confirmed; 0176)","1503 Pledges/Services Receivable","Sundrops Montessori School","[{""source"":""bank_deposit_qbo_register"",""id"":""bdqr_bdep_0f966b689b9553296bbbc44e"",""bank_transaction_id"":""bnk_36982124a6ce57a36963802b"",""amount"":""653.68"",""txn_date"":""2024-09-16T00:00:00.000Z"",""txn_type"":""Payment"",""ref_no"":""P24091101 - 4201336"",""payer"":""Sundrops Montessori School"",""accounts"":[""1503 Pledges/Services Receivable""],""memo"":""Inv 79252461-138"",""reconciliation_status"":""Reconciled""}]"
"bdep_0fc699ab506640a4e7b0e6f7","23.97","2020-06-23T00:00:00.000Z","STRIPE           TRANSFER          ST-E4A4H0N9W0R7 THE WILDFLOWER FOUNDAT","earned_income","rule_derived","","reviewed: componentless deposit, all QB accounts non-donation (0185)","4020 Services - Earned Income | BUSINESS CHECKING (XXXXXX 8945)","Stripe","[{""source"":""deposit_qbo_components"",""id"":""dqc_onMq5LtQcbAbOdcBYWclh"",""staged_payment_id"":""onMq5LtQcbAbOdcBYWclh"",""qb_deposit_id"":""12229"",""qb_entity_type"":""deposit"",""qb_entity_id"":""12229"",""amount"":""23.97"",""date_received"":""2020-06-23T00:00:00.000Z"",""payer"":""Stripe"",""accounts"":[""4020 Services - Earned Income"",""BUSINESS CHECKING (XXXXXX 8945)""],""classes"":[""Spo - Embracing Equity (deleted)""],""raw_reference"":""BUSINESS CHECKING (XXXXXX 8945)"",""line_description"":""STRIPE           TRANSFER          ST-E4A4H0N9W0R7 THE WILDFLOWER FOUNDAT""}]"
"bdep_1074c96114915ff27436b186","266.00","2022-04-29T00:00:00.000Z","DEPARTAMENTO DEL HIST RTN   220429 927017          THE WILDFLOWER FOUND","expense_refund","rule_derived","","reviewed: componentless deposit, all QB accounts non-donation (0185)","7042 All Other Expenditures:Conference Registration Fees | BUSINESS CHECKING (XXXXXX 8945)","","[{""source"":""deposit_qbo_components"",""id"":""dqc_9BcfOrIC-dnu9MjjmJwdY"",""staged_payment_id"":""9BcfOrIC-dnu9MjjmJwdY"",""qb_deposit_id"":""20122"",""qb_entity_type"":""deposit"",""qb_entity_id"":""20122"",""amount"":""266.00"",""date_received"":""2022-04-29T00:00:00.000Z"",""accounts"":[""7042 All Other Expenditures:Conference Registration Fees"",""BUSINESS CHECKING (XXXXXX 8945)""],""classes"":[""Hubs (deleted):Hub - Puerto Rico (deleted)""],""raw_reference"":""BUSINESS CHECKING (XXXXXX 8945)"",""line_description"":""DEPARTAMENTO DEL HIST RTN   220429 927017          THE WILDFLOWER FOUND""}]"
"bdep_11fde5da8ccf5cad847b5160","8295.00","2023-06-23T00:00:00.000Z","Bill.com         Receivable        016GJLHPK2OW2K5 Dandelion - Customer Bill.com 016GJLHPK2OW2K5 In","membership","rule_derived","","reviewed: affiliated-school membership (name-confirmed; 0176)","1503 Pledges/Services Receivable","Dandelion Parent Education Incorporated","[{""source"":""bank_deposit_qbo_register"",""id"":""bdqr_bdep_11fde5da8ccf5cad847b5160"",""bank_transaction_id"":""bnk_3614a9272a0118dd9168cc13"",""amount"":""8295.00"",""txn_date"":""2023-06-23T00:00:00.000Z"",""txn_type"":""Payment"",""payer"":""Dandelion Parent Education Incorporated"",""accounts"":[""1503 Pledges/Services Receivable""],""reconciliation_status"":""Reconciled""}]"
"bdep_1224b60ba269559f476b4075","545.45","2024-11-25T00:00:00.000Z","Desert Peach Mon Bill.com          026LYGSIK168H8P Desert Peach Montessori School Bill.com 026LYGSI","membership","rule_derived","","reviewed: componentless deposit, all QB accounts non-donation (0185)","Network Membership Fees (School SItes)","Desert Peach Montessori","[{""source"":""deposit_qbo_components"",""id"":""dqc_MVAXQ2p9lSgCMgeRh3O7A"",""staged_payment_id"":""MVAXQ2p9lSgCMgeRh3O7A"",""qb_deposit_id"":""32036"",""qb_entity_type"":""payment"",""qb_entity_id"":""30761"",""amount"":""545.45"",""date_received"":""2024-11-22T00:00:00.000Z"",""payer"":""Desert Peach Montessori"",""accounts"":[""Network Membership Fees (School SItes)""],""items"":[""School Contributions""],""raw_reference"":""P24111902 - 5405992"",""line_description"":""Invoice: CSP 9.1.64"",""transaction_memo"":""Invoice: CSP 9.1.64""}]"
"bdep_128ef5cfc3a76ea36662a434","1517.18","2020-05-11T00:00:00.000Z","COBRA TRUST ACCT BASICPacif                        COBRA REMIT","expense_refund","rule_derived","","reviewed: componentless deposit, all QB accounts non-donation (0185)","2002 Benefit Liability | BUSINESS CHECKING (XXXXXX 8945)","","[{""source"":""deposit_qbo_components"",""id"":""dqc_py617ibVKMwN8_3GlcwvJ"",""staged_payment_id"":""py617ibVKMwN8_3GlcwvJ"",""qb_deposit_id"":""12014"",""qb_entity_type"":""deposit"",""qb_entity_id"":""12014"",""amount"":""1517.18"",""date_received"":""2020-05-11T00:00:00.000Z"",""accounts"":[""2002 Benefit Liability"",""BUSINESS CHECKING (XXXXXX 8945)""],""classes"":[""National (deleted)""],""raw_reference"":""BUSINESS CHECKING (XXXXXX 8945)"",""line_description"":""COBRA TRUST ACCT BASICPacif                        COBRA REMIT""}]"
"bdep_12d40e9856a047eb8e45d28a","3549.00","2024-05-24T00:00:00.000Z","DC WILDFLOWER PU EFT PYMT   052324 Charter School  The Wildflower Foundat","earned_income","rule_derived","","reviewed: componentless deposit, all QB accounts non-donation (0185)","4020 Services - Earned Income | BUSINESS CHECKING (XXXXXX 8945)","DC Wildflower Public Charter School (v)","[{""source"":""deposit_qbo_components"",""id"":""dqc_6Lfn-jXL4mFxTnwdMKFoE"",""staged_payment_id"":""6Lfn-jXL4mFxTnwdMKFoE"",""qb_deposit_id"":""28831"",""qb_entity_type"":""deposit"",""qb_entity_id"":""28831"",""amount"":""3549.00"",""date_received"":""2024-05-24T00:00:00.000Z"",""payer"":""DC Wildflower Public Charter School (v)"",""accounts"":[""4020 Services - Earned Income"",""BUSINESS CHECKING (XXXXXX 8945)""],""raw_reference"":""BUSINESS CHECKING (XXXXXX 8945)"",""line_description"":""DC WILDFLOWER PU EFT PYMT   052324 Charter School  The Wildflower Foundat""}]"
"bdep_1302500c18cdc110c85d1104","1140.15","2023-10-16T00:00:00.000Z","BASIC            BASICCOBRA 231016                 The Wildflower Foundat","expense_refund","rule_derived","","reviewed: componentless deposit, all QB accounts non-donation (0185)","2002 Benefit Liability | BUSINESS CHECKING (XXXXXX 8945)","","[{""source"":""deposit_qbo_components"",""id"":""dqc_6aenEhtieBQNN8IrwmRkb"",""staged_payment_id"":""6aenEhtieBQNN8IrwmRkb"",""qb_deposit_id"":""26748"",""qb_entity_type"":""deposit"",""qb_entity_id"":""26748"",""amount"":""1140.15"",""date_received"":""2023-10-16T00:00:00.000Z"",""accounts"":[""2002 Benefit Liability"",""BUSINESS CHECKING (XXXXXX 8945)""],""raw_reference"":""BUSINESS CHECKING (XXXXXX 8945)"",""line_description"":""BASIC            BASICCOBRA 231016                 The Wildflower Foundat""}]"
"bdep_13995a10e736845d48f847c7","2522.44","2025-03-27T00:00:00.000Z","Wild Rose Montes Receivable        016QFDZSP3OL2KV 016QFDZSP3OL2KV Wild Rose Montes Bill.com Inv 11","membership","rule_derived","","reviewed: componentless deposit, all QB accounts non-donation (0185)","Network Membership Fees (School SItes)","Wild Rose Montessori School Inc","[{""source"":""deposit_qbo_components"",""id"":""dqc_BzChumCT6nZ2soSNfBT6Y"",""staged_payment_id"":""BzChumCT6nZ2soSNfBT6Y"",""qb_deposit_id"":""33542"",""qb_entity_type"":""payment"",""qb_entity_id"":""32617"",""amount"":""2522.44"",""date_received"":""2025-03-26T00:00:00.000Z"",""payer"":""Wild Rose Montessori School Inc"",""accounts"":[""Network Membership Fees (School SItes)""],""items"":[""School Contributions""],""raw_reference"":""P25032002 - 3272591"",""line_description"":""Inv 115"",""transaction_memo"":""Inv 115""}]"
"bdep_13a847764ebc284adfa8179e","970.70","2019-03-06T00:00:00.000Z","STRIPE           TRANSFER                          X","earned_income","rule_derived","","reviewed: componentless deposit, all QB accounts non-donation (0185)","4020 Services - Earned Income | BUSINESS CHECKING (XXXXXX 8945)","","[{""source"":""deposit_qbo_components"",""id"":""dqc_A49m8PeMLhIOogzBAyv1L"",""staged_payment_id"":""A49m8PeMLhIOogzBAyv1L"",""qb_deposit_id"":""6509"",""qb_entity_type"":""deposit"",""qb_entity_id"":""6509"",""amount"":""970.70"",""date_received"":""2019-03-06T00:00:00.000Z"",""accounts"":[""4020 Services - Earned Income"",""BUSINESS CHECKING (XXXXXX 8945)""],""classes"":[""Existing School Support (deleted)""],""raw_reference"":""STRIPE           TRANSFER                          X"",""line_description"":""STRIPE           TRANSFER                          X"",""transaction_memo"":""STRIPE           TRANSFER                          X""}]"
"bdep_13bb6616f63875316eae86e4","727.65","2018-11-01T00:00:00.000Z","STRIPE           TRANSFER                          X 201811012","earned_income","rule_derived","","reviewed: componentless deposit, all QB accounts non-donation (0185)","4020 Services - Earned Income | BUSINESS CHECKING (XXXXXX 8945)","","[{""source"":""deposit_qbo_components"",""id"":""dqc_J91kPz_M3YokVJ_sJXbri"",""staged_payment_id"":""J91kPz_M3YokVJ_sJXbri"",""qb_deposit_id"":""5108"",""qb_entity_type"":""deposit"",""qb_entity_id"":""5108"",""amount"":""727.65"",""date_received"":""2018-11-01T00:00:00.000Z"",""accounts"":[""4020 Services - Earned Income"",""BUSINESS CHECKING (XXXXXX 8945)""],""raw_reference"":""STRIPE           TRANSFER                          X 201811012"",""line_description"":""STRIPE           TRANSFER                          X 201811012"",""transaction_memo"":""STRIPE           TRANSFER                          X 201811012""}]"
"bdep_13fc503306c475e0c6c4c6ad","1024.13","2022-01-18T00:00:00.000Z","TIGER LILY MONTE SENDER     220118       XXXXX1088 0000WILDFLOWER FOUND","loan","rule_derived","","reviewed: componentless deposit, all QB accounts non-donation (0185)","1600 Loans to Schools | BUSINESS CHECKING (XXXXXX 8945)","Loan - Tiger Lily","[{""source"":""deposit_qbo_components"",""id"":""dqc_hFshP6bysmeLpvyxnPaxb"",""staged_payment_id"":""hFshP6bysmeLpvyxnPaxb"",""qb_deposit_id"":""18624"",""qb_entity_type"":""deposit"",""qb_entity_id"":""18624"",""amount"":""1024.13"",""date_received"":""2022-01-18T00:00:00.000Z"",""payer"":""Loan - Tiger Lily"",""accounts"":[""1600 Loans to Schools"",""BUSINESS CHECKING (XXXXXX 8945)""],""classes"":[""Hubs (deleted):Hub - Massachusetts (deleted)""],""raw_reference"":""BUSINESS CHECKING (XXXXXX 8945)"",""line_description"":""TIGER LILY MONTE SENDER     220118       XXXXX1088 0000WILDFLOWER FOUND""}]"
"bdep_144b9bcdf4b513d045beba06","539.03","2018-10-04T00:00:00.000Z","STRIPE TRANSFER X","earned_income","rule_derived","","reviewed: componentless deposit, all QB accounts non-donation (0185)","4020 Services - Earned Income | BUSINESS CHECKING (XXXXXX 8945)","","[{""source"":""deposit_qbo_components"",""id"":""dqc_qI3_g9LVtqZJsgruT5U8C"",""staged_payment_id"":""qI3_g9LVtqZJsgruT5U8C"",""qb_deposit_id"":""4742"",""qb_entity_type"":""deposit"",""qb_entity_id"":""4742"",""amount"":""539.03"",""date_received"":""2018-10-04T00:00:00.000Z"",""accounts"":[""4020 Services - Earned Income"",""BUSINESS CHECKING (XXXXXX 8945)""],""classes"":[""Overhead (deleted)""],""raw_reference"":""STRIPE TRANSFER X"",""line_description"":""STRIPE TRANSFER X"",""transaction_memo"":""STRIPE TRANSFER X""}]"
"bdep_148b5ff104083845736bfa4c","1454.55","2025-02-24T00:00:00.000Z","Wildflower Monte Receivable        016GCURLT3NDNXD 016GCURLT3NDNXD Wildflower Monte Bill.com Inv TC","membership","rule_derived","","reviewed: componentless deposit, all QB accounts non-donation (0185)","Network Membership Fees (School SItes)","Wildflower Montessori Public Schools of Colorado (c)","[{""source"":""deposit_qbo_components"",""id"":""dqc_S0FS8esw5qgnjYpXY5mIc"",""staged_payment_id"":""S0FS8esw5qgnjYpXY5mIc"",""qb_deposit_id"":""32464"",""qb_entity_type"":""payment"",""qb_entity_id"":""32163"",""amount"":""1454.55"",""date_received"":""2025-02-21T00:00:00.000Z"",""payer"":""Wildflower Montessori Public Schools of Colorado (c)"",""accounts"":[""Network Membership Fees (School SItes)""],""items"":[""School Contributions""],""raw_reference"":""P25021802 - 5760494"",""line_description"":""Inv TC Girasol 42"",""transaction_memo"":""Inv TC Girasol 42""}]"
"bdep_14b4b38cdb6b4cc597da06a4","485.20","2019-07-26T00:00:00.000Z","STRIPE           TRANSFER          ST-K8S9J3Y8T0A9 THE WILDFLOWER FOUNDAT","earned_income","rule_derived","","reviewed: componentless deposit, all QB accounts non-donation (0185)","4020 Services - Earned Income | BUSINESS CHECKING (XXXXXX 8945)","Stripe","[{""source"":""deposit_qbo_components"",""id"":""dqc_cNVy0tKjllb9GoSnAK6S3"",""staged_payment_id"":""cNVy0tKjllb9GoSnAK6S3"",""qb_deposit_id"":""8308"",""qb_entity_type"":""deposit"",""qb_entity_id"":""8308"",""amount"":""485.20"",""date_received"":""2019-07-26T00:00:00.000Z"",""payer"":""Stripe"",""accounts"":[""4020 Services - Earned Income"",""BUSINESS CHECKING (XXXXXX 8945)""],""classes"":[""Existing School Support (deleted)""],""raw_reference"":""STRIPE           TRANSFER          ST-K8S9J3Y8T0A9 THE WILDFLOWER FOUNDAT"",""line_description"":""STRIPE           TRANSFER          ST-K8S9J3Y8T0A9 THE WILDFLOWER FOUNDAT"",""transaction_memo"":""STRIPE           TRANSFER          ST-K8S9J3Y8T0A9 THE WILDFLOWER FOUNDAT""}]"
"bdep_14bc450cd7632d3a5025fe66","28.83","2019-04-10T00:00:00.000Z","STRIPE           TRANSFER          ST-N9O7V1H3G6Y5 THE WILDFLOWER FOUNDAT","earned_income","rule_derived","","reviewed: componentless deposit, all QB accounts non-donation (0185)","4020 Services - Earned Income | BUSINESS CHECKING (XXXXXX 8945)","Stripe","[{""source"":""deposit_qbo_components"",""id"":""dqc_Na1_C7Su5MI4pr4qGMc8B"",""staged_payment_id"":""Na1_C7Su5MI4pr4qGMc8B"",""qb_deposit_id"":""6950"",""qb_entity_type"":""deposit"",""qb_entity_id"":""6950"",""amount"":""28.83"",""date_received"":""2019-04-10T00:00:00.000Z"",""payer"":""Stripe"",""accounts"":[""4020 Services - Earned Income"",""BUSINESS CHECKING (XXXXXX 8945)""],""classes"":[""Existing School Support (deleted)""],""raw_reference"":""STRIPE           TRANSFER          ST-N9O7V1H3G6Y5 THE WILDFLOWER FOUNDAT"",""line_description"":""STRIPE           TRANSFER          ST-N9O7V1H3G6Y5 THE WILDFLOWER FOUNDAT"",""transaction_memo"":""STRIPE           TRANSFER          ST-N9O7V1H3G6Y5 THE WILDFLOWER FOUNDAT""}]"
"bdep_15938dfc2f5d70f951d7c2a9","716.13","2025-02-03T00:00:00.000Z","ATM CHECK DEPOSIT              ON              02/02 7900 Xerxes Ave S Ste 201 Bloomington   MN  0000276           ATM ID 9961Z    CARD 0628","expense_refund","rule_derived","","reviewed: componentless deposit, all QB accounts non-donation (0185)","7010.4 Payroll:3.Benefits:Payroll Taxes | BUSINESS CHECKING (XXXXXX 8945)","MN Department of Revenue","[{""source"":""deposit_qbo_components"",""id"":""dqc_f4axH5MhIBInNX7UJx4Vv"",""staged_payment_id"":""f4axH5MhIBInNX7UJx4Vv"",""qb_deposit_id"":""32452"",""qb_entity_type"":""deposit"",""qb_entity_id"":""32452"",""amount"":""716.13"",""date_received"":""2025-02-03T00:00:00.000Z"",""payer"":""MN Department of Revenue"",""accounts"":[""7010.4 Payroll:3.Benefits:Payroll Taxes"",""BUSINESS CHECKING (XXXXXX 8945)""],""raw_reference"":""BUSINESS CHECKING (XXXXXX 8945)"",""line_description"":""ATM CHECK DEPOSIT              ON              02/02 7900 Xerxes Ave S Ste 201 Bloomington   MN  0000276           ATM ID 9961Z    CARD 0628""}]"
"bdep_15fe37aefd78d1994efb63a6","33.68","2020-01-10T00:00:00.000Z","STRIPE           TRANSFER          ST-I0L1B5I6Y2A2 THE WILDFLOWER FOUNDAT","earned_income","rule_derived","","reviewed: componentless deposit, all QB accounts non-donation (0185)","4020 Services - Earned Income | BUSINESS CHECKING (XXXXXX 8945)","Stripe","[{""source"":""deposit_qbo_components"",""id"":""dqc_yW9JHTXVCp6CZ3D2Vvqcd"",""staged_payment_id"":""yW9JHTXVCp6CZ3D2Vvqcd"",""qb_deposit_id"":""10576"",""qb_entity_type"":""deposit"",""qb_entity_id"":""10576"",""amount"":""33.68"",""date_received"":""2020-01-10T00:00:00.000Z"",""payer"":""Stripe"",""accounts"":[""4020 Services - Earned Income"",""BUSINESS CHECKING (XXXXXX 8945)""],""classes"":[""Spo - Embracing Equity (deleted)""],""raw_reference"":""BUSINESS CHECKING (XXXXXX 8945)"",""line_description"":""STRIPE           TRANSFER          ST-I0L1B5I6Y2A2 THE WILDFLOWER FOUNDAT""}]"
"bdep_17088ffafd46788fd8aa7857","653.68","2024-12-31T00:00:00.000Z","Sundrops Montess Receivable        016DRKAGY3LHC9U 016DRKAGY3LHC9U Sundrops Montess Bill.com Inv G","membership","rule_derived","","reviewed: componentless deposit, all QB accounts non-donation (0185)","Network Membership Fees (School SItes)","Sundrops Montessori School","[{""source"":""deposit_qbo_components"",""id"":""dqc_vBrGX0Xs151AeH9PX4UXM"",""staged_payment_id"":""vBrGX0Xs151AeH9PX4UXM"",""qb_deposit_id"":""31643"",""qb_entity_type"":""payment"",""qb_entity_id"":""31313"",""amount"":""653.68"",""date_received"":""2024-12-30T00:00:00.000Z"",""payer"":""Sundrops Montessori School"",""accounts"":[""Network Membership Fees (School SItes)""],""items"":[""School Contributions""],""raw_reference"":""P24122001 - 4756089"",""line_description"":""Inv G 9654-13005"",""transaction_memo"":""Inv G 9654-13005""}]"
"bdep_1740e9d1a8e96c224e12e989","1455.60","2021-03-12T00:00:00.000Z","STRIPE           TRANSFER          ST-S7M3Z0T8V8T3 THE WILDFLOWER FOUNDAT","earned_income","rule_derived","","reviewed: componentless deposit, all QB accounts non-donation (0185)","4020 Services - Earned Income | BUSINESS CHECKING (XXXXXX 8945)","Stripe","[{""source"":""deposit_qbo_components"",""id"":""dqc_i7WjwkJvLQZls2JQMkDjs"",""staged_payment_id"":""i7WjwkJvLQZls2JQMkDjs"",""qb_deposit_id"":""15231"",""qb_entity_type"":""deposit"",""qb_entity_id"":""15231"",""amount"":""1455.60"",""date_received"":""2021-03-12T00:00:00.000Z"",""payer"":""Stripe"",""accounts"":[""4020 Services - Earned Income"",""BUSINESS CHECKING (XXXXXX 8945)""],""classes"":[""Spo - Embracing Equity (deleted)""],""raw_reference"":""BUSINESS CHECKING (XXXXXX 8945)"",""line_description"":""STRIPE           TRANSFER          ST-S7M3Z0T8V8T3 THE WILDFLOWER FOUNDAT""}]"
"bdep_174a7e848c7104710c4af160","474.68","2021-02-02T00:00:00.000Z","GUSTO            TAX 921464 210202 6semjpcisoq     The Wildflower Foundat","expense_refund","rule_derived","","reviewed: componentless deposit, all QB accounts non-donation (0185)","2002 Benefit Liability | BUSINESS CHECKING (XXXXXX 8945)","Gusto","[{""source"":""deposit_qbo_components"",""id"":""dqc_oiHavUFfVw8NgOnso3YqM"",""staged_payment_id"":""oiHavUFfVw8NgOnso3YqM"",""qb_deposit_id"":""14552"",""qb_entity_type"":""deposit"",""qb_entity_id"":""14552"",""amount"":""474.68"",""date_received"":""2021-02-02T00:00:00.000Z"",""payer"":""Gusto"",""accounts"":[""2002 Benefit Liability"",""BUSINESS CHECKING (XXXXXX 8945)""],""classes"":[""National (deleted):Foundation Operations (deleted)""],""raw_reference"":""BUSINESS CHECKING (XXXXXX 8945)"",""line_description"":""GUSTO            TAX 921464 210202 6semjpcisoq     The Wildflower Foundat""}]"
"bdep_185c1bdf1faea3dfb8ff0e2d","500.00","2024-09-12T00:00:00.000Z","ATM CHECK DEPOSIT              ON              09/12 3030 Nicollet Ave         Minneapolis   MN  0001305           ATM ID 5813V    CARD 0628","membership","rule_derived","","reviewed: componentless deposit, all QB accounts non-donation (0185)","4061 Membership (School Sites):Network Membership Fees (School SItes) | BUSINESS CHECKING (XXXXXX 8945)","Sweet Pea Montessori","[{""source"":""deposit_qbo_components"",""id"":""dqc_xZSPjWeyYtmt7Q9jGqRGP"",""staged_payment_id"":""xZSPjWeyYtmt7Q9jGqRGP"",""qb_deposit_id"":""30476"",""qb_entity_type"":""deposit"",""qb_entity_id"":""30476"",""amount"":""500.00"",""date_received"":""2024-09-12T00:00:00.000Z"",""payer"":""Sweet Pea Montessori"",""accounts"":[""4061 Membership (School Sites):Network Membership Fees (School SItes)"",""BUSINESS CHECKING (XXXXXX 8945)""],""raw_reference"":""Jan 2024 School Fees Invoice 79252455"",""line_description"":""Jan 2024 School Fees Invoice 79252455"",""transaction_memo"":""Jan 2024 School Fees Invoice 79252455""}]"
"bdep_192fef39f0b1713c2e10fb11","0.13","2016-07-27T00:00:00.000Z","GUSTO BVC 761041 160727 6SEMJMB7BBD THE WILDFLOWER FOUNDAT","intercompany_transfer","rule_derived","","reviewed: componentless deposit, all QB accounts non-donation (0185)","1001 BUSINESS CHECKING (XXXXXX 8945) | BUSINESS CHECKING (XXXXXX 8945)","","[{""source"":""deposit_qbo_components"",""id"":""dqc_QZDUR4HP4aERFs8fsMw8V"",""staged_payment_id"":""QZDUR4HP4aERFs8fsMw8V"",""qb_deposit_id"":""44"",""qb_entity_type"":""deposit"",""qb_entity_id"":""44"",""amount"":""0.13"",""date_received"":""2016-07-27T00:00:00.000Z"",""accounts"":[""1001 BUSINESS CHECKING (XXXXXX 8945)"",""BUSINESS CHECKING (XXXXXX 8945)""],""raw_reference"":""GUSTO BVC 761041 160727 6SEMJMB7BBD THE WILDFLOWER FOUNDAT"",""line_description"":""GUSTO BVC 761041 160727 6SEMJMB7BBD THE WILDFLOWER FOUNDAT"",""transaction_memo"":""GUSTO BVC 761041 160727 6SEMJMB7BBD THE WILDFLOWER FOUNDAT""}]"
"bdep_19edf5a77888851a675f1689","2.94","2024-02-08T00:00:00.000Z","MBI              SETL       240207 MED-I-BANK      MED-I-BANK","expense_refund","rule_derived","","reviewed: componentless deposit, all QB accounts non-donation (0185)","2002 Benefit Liability | BUSINESS CHECKING (XXXXXX 8945)","MBI","[{""source"":""deposit_qbo_components"",""id"":""dqc_SAD7hJV8NqmF-_lmpYlYy"",""staged_payment_id"":""SAD7hJV8NqmF-_lmpYlYy"",""qb_deposit_id"":""27612"",""qb_entity_type"":""deposit"",""qb_entity_id"":""27612"",""amount"":""2.94"",""date_received"":""2024-02-08T00:00:00.000Z"",""payer"":""MBI"",""accounts"":[""2002 Benefit Liability"",""BUSINESS CHECKING (XXXXXX 8945)""],""raw_reference"":""BUSINESS CHECKING (XXXXXX 8945)"",""line_description"":""MBI              SETL       240207 MED-I-BANK      MED-I-BANK""}]"
"bdep_19f6a980e4dd9f21ea963aa7","1282.33","2024-09-26T00:00:00.000Z","Urban Village Mo Receivable        016OZEXAD3HW7AL 016OZEXAD3HW7AL Urban Village Mo Bill.com Inv 79","membership","rule_derived","","reviewed: affiliated-school membership (name-confirmed; 0176)","1503 Pledges/Services Receivable","Urban Village Montessori","[{""source"":""bank_deposit_qbo_register"",""id"":""bdqr_bdep_19f6a980e4dd9f21ea963aa7"",""bank_transaction_id"":""bnk_7ef5fa8a16fb701e95e4c29b"",""amount"":""1282.33"",""txn_date"":""2024-09-25T00:00:00.000Z"",""txn_type"":""Payment"",""ref_no"":""P24091902 - 1276587"",""payer"":""Urban Village Montessori"",""accounts"":[""1503 Pledges/Services Receivable""],""memo"":""Inv 79252461-214"",""reconciliation_status"":""Reconciled""}]"
"bdep_1a95d1941b776ae1255c18aa","666.67","2025-09-16T00:00:00.000Z","Orchid Montessor Bill.com          016DZWGPO3UXGMY Orchid Montessori Bill.com 016DZWGPO3UXGMY Inv F","membership","rule_derived","","reviewed: componentless deposit, all QB accounts non-donation (0185)","Network Membership Fees (School SItes)","Orchid Montessori School","[{""source"":""deposit_qbo_components"",""id"":""dqc_T-Z5ZTjIj9H_SqbZ_ffou"",""staged_payment_id"":""T-Z5ZTjIj9H_SqbZ_ffou"",""qb_deposit_id"":""35925"",""qb_entity_type"":""payment"",""qb_entity_id"":""35269"",""amount"":""666.67"",""date_received"":""2025-09-15T00:00:00.000Z"",""payer"":""Orchid Montessori School"",""accounts"":[""Network Membership Fees (School SItes)""],""items"":[""School Contributions""],""raw_reference"":""P25091001 - 4877822"",""line_description"":""Inv FY26TWF - Invoice  53"",""transaction_memo"":""Inv FY26TWF - Invoice  53""}]"
"bdep_1adaea72d83da4734d437707","9920.68","2024-01-12T00:00:00.000Z","Urban Village Mo Bill.com          025NPKZKHARC23S Urban Village Montessori Inc DBA Marigold Montes","membership","rule_derived","","reviewed: componentless deposit, all QB accounts non-donation (0185)","Network Membership Fees (School SItes)","Urban Village Montessori","[{""source"":""deposit_qbo_components"",""id"":""dqc_cOcdFF9Ae7fKH-RPw2d5U"",""staged_payment_id"":""cOcdFF9Ae7fKH-RPw2d5U"",""qb_deposit_id"":""27444"",""qb_entity_type"":""payment"",""qb_entity_id"":""27226"",""amount"":""9920.68"",""date_received"":""2024-01-12T00:00:00.000Z"",""payer"":""Urban Village Montessori"",""accounts"":[""Network Membership Fees (School SItes)""],""classes"":[""National (deleted):Foundation General (deleted)""],""items"":[""School Contributions""],""raw_reference"":""P24010702 - 7939898"",""line_description"":""From Marigold Montessori School"",""transaction_memo"":""From Marigold Montessori School""}]"
"bdep_1af3639446f5bc642a83b313","2417.53","2020-07-06T00:00:00.000Z","STRIPE           TRANSFER          ST-G6P9N2S9G7W5 THE WILDFLOWER FOUNDAT","earned_income","rule_derived","","reviewed: componentless deposit, all QB accounts non-donation (0185)","4020 Services - Earned Income | BUSINESS CHECKING (XXXXXX 8945)","Stripe","[{""source"":""deposit_qbo_components"",""id"":""dqc_rKGjnSJweTDDwHREMqAEP"",""staged_payment_id"":""rKGjnSJweTDDwHREMqAEP"",""qb_deposit_id"":""12305"",""qb_entity_type"":""deposit"",""qb_entity_id"":""12305"",""amount"":""2417.53"",""date_received"":""2020-07-06T00:00:00.000Z"",""payer"":""Stripe"",""accounts"":[""4020 Services - Earned Income"",""BUSINESS CHECKING (XXXXXX 8945)""],""classes"":[""Spo - Embracing Equity (deleted)""],""raw_reference"":""BUSINESS CHECKING (XXXXXX 8945)"",""line_description"":""STRIPE           TRANSFER          ST-G6P9N2S9G7W5 THE WILDFLOWER FOUNDAT""}]"
"bdep_1b26a25e79baccc3601e1483","1454.55","2024-11-22T00:00:00.000Z","Wildflower Monte Receivable        016HGQCBN3K3PO1 016HGQCBN3K3PO1 Wildflower Monte Bill.com Inv CS","membership","rule_derived","","reviewed: componentless deposit, all QB accounts non-donation (0185)","Network Membership Fees (School SItes)","Wildflower Montessori Public Schools of Colorado (c)","[{""source"":""deposit_qbo_components"",""id"":""dqc__ZJEuW9Ynv6aYAgGGnblN"",""staged_payment_id"":""_ZJEuW9Ynv6aYAgGGnblN"",""qb_deposit_id"":""30943"",""qb_entity_type"":""payment"",""qb_entity_id"":""30778"",""amount"":""1454.55"",""date_received"":""2024-11-21T00:00:00.000Z"",""payer"":""Wildflower Montessori Public Schools of Colorado (c)"",""accounts"":[""Network Membership Fees (School SItes)""],""items"":[""School Contributions""],""raw_reference"":""P24111902 - 5271971"",""line_description"":""Inv CSP 9.1.34"",""transaction_memo"":""Inv CSP 9.1.34""}]"
"bdep_1bb010358d48f936497df051","175.02","2019-07-01T00:00:00.000Z","STRIPE           TRANSFER          ST-L4P8R9I3E2V0 THE WILDFLOWER FOUNDAT","earned_income","rule_derived","","reviewed: componentless deposit, all QB accounts non-donation (0185)","4020 Services - Earned Income | BUSINESS CHECKING (XXXXXX 8945)","Stripe","[{""source"":""deposit_qbo_components"",""id"":""dqc_IG6qj7y8iO90ng54h_Vms"",""staged_payment_id"":""IG6qj7y8iO90ng54h_Vms"",""qb_deposit_id"":""7898"",""qb_entity_type"":""deposit"",""qb_entity_id"":""7898"",""amount"":""175.02"",""date_received"":""2019-07-01T00:00:00.000Z"",""payer"":""Stripe"",""accounts"":[""4020 Services - Earned Income"",""BUSINESS CHECKING (XXXXXX 8945)""],""classes"":[""Existing School Support (deleted)""],""raw_reference"":""STRIPE           TRANSFER          ST-L4P8R9I3E2V0 THE WILDFLOWER FOUNDAT"",""line_description"":""STRIPE           TRANSFER          ST-L4P8R9I3E2V0 THE WILDFLOWER FOUNDAT"",""transaction_memo"":""STRIPE           TRANSFER          ST-L4P8R9I3E2V0 THE WILDFLOWER FOUNDAT""}]"
"bdep_1ce21d1fc66b3f2fd533622f","1600.04","2020-09-01T00:00:00.000Z","IRS              HIST RTN   200901 270064401553350 WILDFLOWER FOUNDATION","expense_refund","rule_derived","","reviewed: componentless deposit, all QB accounts non-donation (0185)","7010.4 Payroll:3.Benefits:Payroll Taxes | BUSINESS CHECKING (XXXXXX 8945)","Internal Revenue Service","[{""source"":""deposit_qbo_components"",""id"":""dqc_dfwYy904g4OGbiVzP_axe"",""staged_payment_id"":""dfwYy904g4OGbiVzP_axe"",""qb_deposit_id"":""13187"",""qb_entity_type"":""deposit"",""qb_entity_id"":""13187"",""amount"":""1600.04"",""date_received"":""2020-09-01T00:00:00.000Z"",""payer"":""Internal Revenue Service"",""accounts"":[""7010.4 Payroll:3.Benefits:Payroll Taxes"",""BUSINESS CHECKING (XXXXXX 8945)""],""classes"":[""Hubs (deleted):Hub - Puerto Rico (deleted)""],""raw_reference"":""BUSINESS CHECKING (XXXXXX 8945)"",""line_description"":""IRS              HIST RTN   200901 270064401553350 WILDFLOWER FOUNDATION""}]"
"bdep_1da66f35935e4b478ad575ca","9920.68","2024-06-12T00:00:00.000Z","Urban Village Mo Receivable        016WGQJIT3DEAVA 016WGQJIT3DEAVA Urban Village Mo Bill.com Inv 79","membership","rule_derived","","reviewed: componentless deposit, all QB accounts non-donation (0185)","Network Membership Fees (School SItes)","Urban Village Montessori","[{""source"":""deposit_qbo_components"",""id"":""dqc_29ioR2gt9JAraPN5jqzd-"",""staged_payment_id"":""29ioR2gt9JAraPN5jqzd-"",""qb_deposit_id"":""29026"",""qb_entity_type"":""payment"",""qb_entity_id"":""28785"",""amount"":""9920.68"",""date_received"":""2024-06-11T00:00:00.000Z"",""payer"":""Urban Village Montessori"",""accounts"":[""Network Membership Fees (School SItes)""],""classes"":[""National (deleted):Foundation General (deleted)""],""items"":[""School Contributions""],""raw_reference"":""P24060702 - 8643853"",""line_description"":""Inv 79252461-52"",""transaction_memo"":""Inv 79252461-52""}]"
"bdep_1e72e44e863a1a43784492cc","666.67","2025-11-18T00:00:00.000Z","Orchid Montessor Bill.com          016SOYNYI3X8KXG Orchid Montessori Bill.com 016SOYNYI3X8KXG Inv T","membership","rule_derived","","reviewed: componentless deposit, all QB accounts non-donation (0185)","Network Membership Fees (School SItes)","Orchid Montessori School","[{""source"":""deposit_qbo_components"",""id"":""dqc_kIHjHckosd_SYPDJ4ZN2b"",""staged_payment_id"":""kIHjHckosd_SYPDJ4ZN2b"",""qb_deposit_id"":""36585"",""qb_entity_type"":""payment"",""qb_entity_id"":""36191"",""amount"":""666.67"",""date_received"":""2025-11-17T00:00:00.000Z"",""payer"":""Orchid Montessori School"",""accounts"":[""Network Membership Fees (School SItes)""],""items"":[""School Contributions""],""raw_reference"":""P25111101 - 6440137"",""line_description"":""Inv TWF - Nov Invoice062"",""transaction_memo"":""Inv TWF - Nov Invoice062""}]"
"bdep_1edf47964a13869832a890c9","2650.84","2022-12-15T00:00:00.000Z","BASIC            BASICCOBRA 221215                 The Wildflower Foundat","expense_refund","rule_derived","","reviewed: componentless deposit, all QB accounts non-donation (0185)","2002 Benefit Liability | BUSINESS CHECKING (XXXXXX 8945)","","[{""source"":""deposit_qbo_components"",""id"":""dqc_5VJEf8yuuW4ADgW3kbyMS"",""staged_payment_id"":""5VJEf8yuuW4ADgW3kbyMS"",""qb_deposit_id"":""22801"",""qb_entity_type"":""deposit"",""qb_entity_id"":""22801"",""amount"":""2650.84"",""date_received"":""2022-12-15T00:00:00.000Z"",""accounts"":[""2002 Benefit Liability"",""BUSINESS CHECKING (XXXXXX 8945)""],""raw_reference"":""BUSINESS CHECKING (XXXXXX 8945)"",""line_description"":""BASIC            BASICCOBRA 221215                 The Wildflower Foundat""}]"
"bdep_1fd17d86a270338562bbca7f","7126.98","2023-05-23T00:00:00.000Z","Urban Village Mo Bill.com          025COIVYPWIERXB Urban Village Montessori Inc DBA Marigold Montes","membership","rule_derived","","reviewed: componentless deposit, all QB accounts non-donation (0185)","Network Membership Fees (School SItes)","Urban Village Montessori","[{""source"":""deposit_qbo_components"",""id"":""dqc_bPAR8ILdE1PN260OivefS"",""staged_payment_id"":""bPAR8ILdE1PN260OivefS"",""qb_deposit_id"":""24639"",""qb_entity_type"":""payment"",""qb_entity_id"":""24632"",""amount"":""7126.98"",""date_received"":""2023-05-23T00:00:00.000Z"",""payer"":""Urban Village Montessori"",""accounts"":[""Network Membership Fees (School SItes)""],""classes"":[""National (deleted):Foundation General (deleted)""],""items"":[""School Contributions""],""raw_reference"":""P23051702 - 4584541"",""line_description"":""Inv #79252327"",""transaction_memo"":""Inv #79252327""}]"
"bdep_2000c16829d4f3d7aee2752c","3731.18","2024-10-30T00:00:00.000Z","Minnesota Wildfl Receivable        016JGPNQK3J72KH 016JGPNQK3J72KH Minnesota Wildfl Bill.com Inv 79","membership","rule_derived","","reviewed: componentless deposit, all QB accounts non-donation (0185)","Network Membership Fees (School SItes)","Minnesota Wildflower Montessori School","[{""source"":""deposit_qbo_components"",""id"":""dqc_XeNLA4z4b2OJouwQmYxKz"",""staged_payment_id"":""XeNLA4z4b2OJouwQmYxKz"",""qb_deposit_id"":""30615"",""qb_entity_type"":""payment"",""qb_entity_id"":""30544"",""amount"":""3731.18"",""date_received"":""2024-10-30T00:00:00.000Z"",""payer"":""Minnesota Wildflower Montessori School"",""accounts"":[""Network Membership Fees (School SItes)""],""items"":[""School Contributions""],""raw_reference"":""P24102501 - 3291583"",""line_description"":""Inv 79252461-268"",""transaction_memo"":""Inv 79252461-268""}]"
"bdep_204f800cf0a5c6023f2073d4","1282.33","2025-05-07T00:00:00.000Z","Urban Village Mo Receivable        016TBKTQS3Q4OW2 016TBKTQS3Q4OW2 Urban Village Mo Bill.com Inv 52","membership","rule_derived","","reviewed: componentless deposit, all QB accounts non-donation (0185)","Network Membership Fees (School SItes)","Urban Village Montessori","[{""source"":""deposit_qbo_components"",""id"":""dqc_0LTRJoMcvy8sBYyozk1FB"",""staged_payment_id"":""0LTRJoMcvy8sBYyozk1FB"",""qb_deposit_id"":""34024"",""qb_entity_type"":""payment"",""qb_entity_id"":""33112"",""amount"":""1282.33"",""date_received"":""2025-05-06T00:00:00.000Z"",""payer"":""Urban Village Montessori"",""accounts"":[""Network Membership Fees (School SItes)""],""items"":[""School Contributions""],""raw_reference"":""P25050102 - 3778977"",""line_description"":""Inv 52-TWF"",""transaction_memo"":""Inv 52-TWF""}]"
"bdep_208294b1931f51c8b7920de1","545.45","2025-07-02T00:00:00.000Z","Bill.com         Receivable        015BRUAYNDK0IPU Acacia Montessori (C) Bill.com 015BRUAYNDK0IPU I","membership","rule_derived","","reviewed: affiliated-school membership (name-confirmed; 0176)","","","[{""source"":""bank_deposit_qbo_register"",""id"":""bdqr_bdep_208294b1931f51c8b7920de1"",""bank_transaction_id"":""bnk_0ff82d84e91552a86c549a80"",""amount"":""545.45"",""txn_date"":""2025-07-02T00:00:00.000Z"",""txn_type"":""Journal"",""ref_no"":""Bill.com AR 7.2.25"",""memo"":""BILL 07/02/25 AR Payments"",""reconciliation_status"":""Reconciled""}]"
"bdep_2135465e1c685a481d1b2164","1301.38","2025-03-18T00:00:00.000Z","Sundrops Montess Receivable        016PBMLGB3O8SVA 016PBMLGB3O8SVA Sundrops Montess Bill.com Inv 79","membership","rule_derived","","reviewed: componentless deposit, all QB accounts non-donation (0185)","Network Membership Fees (School SItes)","Sundrops Montessori School","[{""source"":""deposit_qbo_components"",""id"":""dqc_ULT8qYdpSMhjGaz6Etvkb"",""staged_payment_id"":""ULT8qYdpSMhjGaz6Etvkb"",""qb_deposit_id"":""32697"",""qb_entity_type"":""payment"",""qb_entity_id"":""32429"",""amount"":""1301.38"",""date_received"":""2025-03-17T00:00:00.000Z"",""payer"":""Sundrops Montessori School"",""accounts"":[""Network Membership Fees (School SItes)""],""classes"":[""National (deleted):Foundation General (deleted)""],""items"":[""School Contributions""],""raw_reference"":""P25031401 - 0522309"",""line_description"":""Inv 79252461-58"",""transaction_memo"":""Inv 79252461-58""}]"
"bdep_214870c7e94d9eb8dfe50787","653.68","2025-03-07T00:00:00.000Z","Sundrops Montess Receivable        016HHHFQB3NVK2K 016HHHFQB3NVK2K Sundrops Montess Bill.com Inv TC","membership","rule_derived","","reviewed: componentless deposit, all QB accounts non-donation (0185)","Network Membership Fees (School SItes)","Sundrops Montessori School","[{""source"":""deposit_qbo_components"",""id"":""dqc_ofP1LnGPFuG_wFotZtpH3"",""staged_payment_id"":""ofP1LnGPFuG_wFotZtpH3"",""qb_deposit_id"":""32655"",""qb_entity_type"":""payment"",""qb_entity_id"":""32315"",""amount"":""653.68"",""date_received"":""2025-03-06T00:00:00.000Z"",""payer"":""Sundrops Montessori School"",""accounts"":[""Network Membership Fees (School SItes)""],""items"":[""School Contributions""],""raw_reference"":""P25030301 - 7923267"",""line_description"":""Inv TC Girasol 12"",""transaction_memo"":""Inv TC Girasol 12""}]"
"bdep_21db7d18daea015c3e45dc94","811.08","2024-09-30T00:00:00.000Z","Snowdrop Montess Bill.com          026MXUAVF13GARL Snowdrop Montessori School, Inc. Bill.com 026MXU","membership","rule_derived","","reviewed: affiliated-school membership (name-confirmed; 0176)","1503 Pledges/Services Receivable","Snowdrop Montessori School Inc","[{""source"":""bank_deposit_qbo_register"",""id"":""bdqr_bdep_21db7d18daea015c3e45dc94"",""bank_transaction_id"":""bnk_f704168f883bd806adb5397f"",""amount"":""811.08"",""txn_date"":""2024-09-27T00:00:00.000Z"",""txn_type"":""Payment"",""ref_no"":""P24092402 - 2240677"",""payer"":""Snowdrop Montessori School Inc"",""accounts"":[""1503 Pledges/Services Receivable""],""memo"":""Inv 79252461-200"",""reconciliation_status"":""Reconciled""}]"
"bdep_22168016f82fe21d6a5b1d6e","545.45","2026-01-07T00:00:00.000Z","Desert Peach Mon Bill.com          026YEEEZI1R4ZH6 Desert Peach Montessori School Bill.com 026YEEEZ","membership","rule_derived","","reviewed: affiliated-school membership (name-confirmed; 0176)","1503 Pledges/Services Receivable","Desert Peach Montessori","[{""source"":""bank_deposit_qbo_register"",""id"":""bdqr_bdep_22168016f82fe21d6a5b1d6e"",""bank_transaction_id"":""bnk_969ddfddd6aea516dfc517b7"",""amount"":""545.45"",""txn_date"":""2026-01-07T00:00:00.000Z"",""txn_type"":""Payment"",""ref_no"":""P25123102 - 7195802"",""payer"":""Desert Peach Montessori"",""accounts"":[""1503 Pledges/Services Receivable""],""memo"":""Inv 79252461-166"",""reconciliation_status"":""Reconciled""}]"
"bdep_221df7d7735cc2e5ea940dfe","14745.00","2019-05-08T00:00:00.000Z","ATM CHECK DEPOSIT              ON              05/08 3030 NICOLLET AVE         MINNEAPOLIS   MN  0003438           ATM ID 5813V    CARD 7365","earned_income","rule_derived","","reviewed: componentless deposit, all QB accounts non-donation (0185)","4020 Services - Earned Income | BUSINESS CHECKING (XXXXXX 8945)","","[{""source"":""deposit_qbo_components"",""id"":""dqc_6-W_zpwLF9dgDfQdjmYLS"",""staged_payment_id"":""6-W_zpwLF9dgDfQdjmYLS"",""qb_deposit_id"":""7355"",""qb_entity_type"":""deposit"",""qb_entity_id"":""7355"",""amount"":""14745.00"",""date_received"":""2019-05-08T00:00:00.000Z"",""accounts"":[""4020 Services - Earned Income"",""BUSINESS CHECKING (XXXXXX 8945)""],""classes"":[""Overhead (deleted)""],""raw_reference"":""ATM CHECK DEPOSIT              ON              05/08 3030 NICOLLET AVE         MINNEAPOLIS   MN  0003438           ATM ID 5813V    CARD 7365"",""line_description"":""ATM CHECK DEPOSIT              ON              05/08 3030 NICOLLET AVE         MINNEAPOLIS   MN  0003438           ATM ID 5813V    CARD 7365"",""transaction_memo"":""ATM CHECK DEPOSIT              ON              05/08 3030 NICOLLET AVE         MINNEAPOLIS   MN  0003438           ATM ID 5813V    CARD 7365""}]"
"bdep_223a4f2fd1d8767cb63c0d05","3750.00","2026-07-13T00:00:00.000Z","The Sunlight Loa Receivable        996AOMSDH14CO82 996AOMSDH14CO82 The Sunlight Loa Bill.com Inv TW","loan_repayment","rule_derived","","reviewed: affiliated-school loan_repayment (name-confirmed; 0176)","","",""
"bdep_23223a73f9fc1185eaab4592","28.83","2019-03-11T00:00:00.000Z","STRIPE           TRANSFER                          X","earned_income","rule_derived","","reviewed: componentless deposit, all QB accounts non-donation (0185)","4020 Services - Earned Income | BUSINESS CHECKING (XXXXXX 8945)","","[{""source"":""deposit_qbo_components"",""id"":""dqc_EZnBSwMkY3Rn0BVAeP5bb"",""staged_payment_id"":""EZnBSwMkY3Rn0BVAeP5bb"",""qb_deposit_id"":""6580"",""qb_entity_type"":""deposit"",""qb_entity_id"":""6580"",""amount"":""28.83"",""date_received"":""2019-03-11T00:00:00.000Z"",""accounts"":[""4020 Services - Earned Income"",""BUSINESS CHECKING (XXXXXX 8945)""],""classes"":[""Existing School Support (deleted)""],""raw_reference"":""STRIPE           TRANSFER                          X"",""line_description"":""STRIPE           TRANSFER                          X"",""transaction_memo"":""STRIPE           TRANSFER                          X""}]"
"bdep_2409c2b75714ac9d2dd2bb04","653.68","2024-07-29T00:00:00.000Z","Sundrops Montess Receivable        016HZXSQZ3FE28W 016HZXSQZ3FE28W Sundrops Montess Bill.com Inv 79","membership","rule_derived","","reviewed: componentless deposit, all QB accounts non-donation (0185)","Network Membership Fees (School SItes)","Sundrops Montessori School","[{""source"":""deposit_qbo_components"",""id"":""dqc_JkiTyu51cJbr1M4XvJYti"",""staged_payment_id"":""JkiTyu51cJbr1M4XvJYti"",""qb_deposit_id"":""29754"",""qb_entity_type"":""payment"",""qb_entity_id"":""29395"",""amount"":""653.68"",""date_received"":""2024-07-26T00:00:00.000Z"",""payer"":""Sundrops Montessori School"",""accounts"":[""Network Membership Fees (School SItes)""],""items"":[""School Contributions""],""raw_reference"":""P24072301 - 4158170"",""line_description"":""Inv 79252461-94"",""transaction_memo"":""Inv 79252461-94""}]"
"bdep_242700677a481cbfd4379923","811.08","2024-11-27T00:00:00.000Z","Snowdrop Montess Bill.com          026OFSFWI16DGES Snowdrop Montessori School, Inc. Bill.com 026OFS","membership","rule_derived","","reviewed: componentless deposit, all QB accounts non-donation (0185)","Network Membership Fees (School SItes)","Snowdrop Montessori School Inc","[{""source"":""deposit_qbo_components"",""id"":""dqc_lkEtOGOrI61V149eVM0ZI"",""staged_payment_id"":""lkEtOGOrI61V149eVM0ZI"",""qb_deposit_id"":""30947"",""qb_entity_type"":""payment"",""qb_entity_id"":""30858"",""amount"":""811.08"",""date_received"":""2024-11-26T00:00:00.000Z"",""payer"":""Snowdrop Montessori School Inc"",""accounts"":[""Network Membership Fees (School SItes)""],""items"":[""School Contributions""],""raw_reference"":""P24112102 - 5875228"",""line_description"":""Inv CSP 9.1.54"",""transaction_memo"":""Inv CSP 9.1.54""}]"
"bdep_24be8d30ddda8fb38e16054f","1094.49","2021-03-24T00:00:00.000Z","STRIPE           TRANSFER          ST-O4H5C2Y3I8D5 THE WILDFLOWER FOUNDAT","earned_income","rule_derived","","reviewed: componentless deposit, all QB accounts non-donation (0185)","4020 Services - Earned Income | BUSINESS CHECKING (XXXXXX 8945)","Stripe","[{""source"":""deposit_qbo_components"",""id"":""dqc_Nx_yyZ8Dq1T-mlAQ38ZLY"",""staged_payment_id"":""Nx_yyZ8Dq1T-mlAQ38ZLY"",""qb_deposit_id"":""15238"",""qb_entity_type"":""deposit"",""qb_entity_id"":""15238"",""amount"":""1094.49"",""date_received"":""2021-03-24T00:00:00.000Z"",""payer"":""Stripe"",""accounts"":[""4020 Services - Earned Income"",""BUSINESS CHECKING (XXXXXX 8945)""],""classes"":[""Spo - Embracing Equity (deleted)""],""raw_reference"":""BUSINESS CHECKING (XXXXXX 8945)"",""line_description"":""STRIPE           TRANSFER          ST-O4H5C2Y3I8D5 THE WILDFLOWER FOUNDAT""}]"
"bdep_24cf25c80248fd01dd897070","868.27","2019-08-12T00:00:00.000Z","COBRA TRUST ACCT BASICPacif                        COBRA REMIT","expense_refund","rule_derived","","reviewed: componentless deposit, all QB accounts non-donation (0185)","2002 Benefit Liability | BUSINESS CHECKING (XXXXXX 8945)","","[{""source"":""deposit_qbo_components"",""id"":""dqc_K0a20TDSx-nPtWjOcohhe"",""staged_payment_id"":""K0a20TDSx-nPtWjOcohhe"",""qb_deposit_id"":""8598"",""qb_entity_type"":""deposit"",""qb_entity_id"":""8598"",""amount"":""868.27"",""date_received"":""2019-08-12T00:00:00.000Z"",""accounts"":[""2002 Benefit Liability"",""BUSINESS CHECKING (XXXXXX 8945)""],""classes"":[""Overhead (deleted)""],""raw_reference"":""COBRA TRUST ACCT BASICPacif                        COBRA REMIT"",""line_description"":""COBRA TRUST ACCT BASICPacif                        COBRA REMIT"",""transaction_memo"":""COBRA TRUST ACCT BASICPacif                        COBRA REMIT""}]"
"bdep_25429543c88efe70593555e4","454.55","2025-01-08T00:00:00.000Z","Lilac Montessori Receivable        016GWJYRB3LQVXP 016GWJYRB3LQVXP Lilac Montessori Bill.com Inv #","membership","rule_derived","","reviewed: affiliated-school membership (name-confirmed; 0176)","1503 Pledges/Services Receivable","Lilac Montessori","[{""source"":""bank_deposit_qbo_register"",""id"":""bdqr_bdep_25429543c88efe70593555e4"",""bank_transaction_id"":""bnk_2b82703cacfedcf44f77503a"",""amount"":""454.55"",""txn_date"":""2025-01-08T00:00:00.000Z"",""txn_type"":""Payment"",""payer"":""Lilac Montessori"",""accounts"":[""1503 Pledges/Services Receivable""],""reconciliation_status"":""Reconciled""}]"
"bdep_25bb67ba782b8a8e1116ad24","113.44","2022-07-25T00:00:00.000Z","ATM CHECK DEPOSIT              ON              07/23 1505 W Lake St            Minneapolis   MN  0000372           ATM ID 6991J    CARD 7365","expense_refund","rule_derived","","reviewed: componentless deposit, all QB accounts non-donation (0185)","7008 All Other Expenditures:Uncategorized Expenditure | BUSINESS CHECKING (XXXXXX 8945)","Houghton, Jennie","[{""source"":""deposit_qbo_components"",""id"":""dqc_LWRczufVceguFpom5HUtz"",""staged_payment_id"":""LWRczufVceguFpom5HUtz"",""qb_deposit_id"":""20846"",""qb_entity_type"":""deposit"",""qb_entity_id"":""20846"",""amount"":""113.44"",""date_received"":""2022-07-25T00:00:00.000Z"",""payer"":""Houghton, Jennie"",""accounts"":[""7008 All Other Expenditures:Uncategorized Expenditure"",""BUSINESS CHECKING (XXXXXX 8945)""],""classes"":[""National (deleted):Foundation General (deleted)""],""raw_reference"":""BUSINESS CHECKING (XXXXXX 8945)"",""line_description"":""ATM CHECK DEPOSIT              ON              07/23 1505 W Lake St            Minneapolis   MN  0000372           ATM ID 6991J    CARD 7365""}]"
"bdep_26192003d2136703f59e125c","454.55","2025-05-27T00:00:00.000Z","The Girasol Scho Receivable        016MGQBUL3QSP0R 016MGQBUL3QSP0R The Girasol Scho Bill.com Inv #","membership","rule_derived","","reviewed: componentless deposit, all QB accounts non-donation (0185)","Network Membership Fees (School SItes)","The Girasol School Corp.","[{""source"":""deposit_qbo_components"",""id"":""dqc_j22W4BH8nfCcLJ1cmZTXt"",""staged_payment_id"":""j22W4BH8nfCcLJ1cmZTXt"",""qb_deposit_id"":""34454"",""qb_entity_type"":""payment"",""qb_entity_id"":""33544"",""amount"":""454.55"",""date_received"":""2025-05-23T00:00:00.000Z"",""payer"":""The Girasol School Corp."",""accounts"":[""Network Membership Fees (School SItes)""],""items"":[""School Contributions""],""raw_reference"":""P25052202 - 9368130"",""line_description"":""Inv # TWF-115"",""transaction_memo"":""Inv # TWF-115""}]"
"bdep_26a168c89228bb153c8b804a","1282.33","2024-11-26T00:00:00.000Z","Urban Village Mo Receivable        016UOCCKT3K7MON 016UOCCKT3K7MON Urban Village Mo Bill.com From M","membership","rule_derived","","reviewed: componentless deposit, all QB accounts non-donation (0185)","Network Membership Fees (School SItes)","Urban Village Montessori","[{""source"":""deposit_qbo_components"",""id"":""dqc_K_8xWihf7JF47NuuW9N7z"",""staged_payment_id"":""K_8xWihf7JF47NuuW9N7z"",""qb_deposit_id"":""32151"",""qb_entity_type"":""payment"",""qb_entity_id"":""30777"",""amount"":""1282.33"",""date_received"":""2024-11-25T00:00:00.000Z"",""payer"":""Urban Village Montessori"",""accounts"":[""Network Membership Fees (School SItes)""],""items"":[""School Contributions""],""raw_reference"":""P24112002 - 5703986"",""line_description"":""From Marigold Montessori School"",""transaction_memo"":""From Marigold Montessori School""}]"
"bdep_26f76e60c83796cd28b74335","30.00","2024-02-08T00:00:00.000Z","MBI              SETL       240207 MED-I-BANK      MED-I-BANK","expense_refund","rule_derived","","reviewed: componentless deposit, all QB accounts non-donation (0185)","2002 Benefit Liability | BUSINESS CHECKING (XXXXXX 8945)","MBI","[{""source"":""deposit_qbo_components"",""id"":""dqc_Va7sUFypc_-rBVZCN8-Qt"",""staged_payment_id"":""Va7sUFypc_-rBVZCN8-Qt"",""qb_deposit_id"":""27611"",""qb_entity_type"":""deposit"",""qb_entity_id"":""27611"",""amount"":""30.00"",""date_received"":""2024-02-08T00:00:00.000Z"",""payer"":""MBI"",""accounts"":[""2002 Benefit Liability"",""BUSINESS CHECKING (XXXXXX 8945)""],""raw_reference"":""BUSINESS CHECKING (XXXXXX 8945)"",""line_description"":""MBI              SETL       240207 MED-I-BANK      MED-I-BANK""}]"
"bdep_278da6ccce96d3ade5c655cd","545.45","2025-04-28T00:00:00.000Z","Rain Lily Montes Receivable        016VERPDS3PQGXJ 016VERPDS3PQGXJ Rain Lily Montes Bill.com Inv 22","membership","rule_derived","","reviewed: componentless deposit, all QB accounts non-donation (0185)","Network Membership Fees (School SItes)","Rain Lily Montessori School, Inc.","[{""source"":""deposit_qbo_components"",""id"":""dqc_d60cqE6zKKjkxL6ywz-yj"",""staged_payment_id"":""d60cqE6zKKjkxL6ywz-yj"",""qb_deposit_id"":""33564"",""qb_entity_type"":""payment"",""qb_entity_id"":""33052"",""amount"":""545.45"",""date_received"":""2025-04-25T00:00:00.000Z"",""payer"":""Rain Lily Montessori School, Inc."",""accounts"":[""Network Membership Fees (School SItes)""],""items"":[""School Contributions""],""raw_reference"":""P25042102 - 1022440"",""line_description"":""Inv 22-TWF"",""transaction_memo"":""Inv 22-TWF""}]"
"bdep_281049f5074c2b2b2431f8eb","96.80","2020-04-29T00:00:00.000Z","STRIPE           TRANSFER          ST-I8B0B4K6O6X5 THE WILDFLOWER FOUNDAT","earned_income","rule_derived","","reviewed: componentless deposit, all QB accounts non-donation (0185)","4020 Services - Earned Income | BUSINESS CHECKING (XXXXXX 8945)","Stripe","[{""source"":""deposit_qbo_components"",""id"":""dqc_01MODolX-t0KDMdy-DURA"",""staged_payment_id"":""01MODolX-t0KDMdy-DURA"",""qb_deposit_id"":""11750"",""qb_entity_type"":""deposit"",""qb_entity_id"":""11750"",""amount"":""96.80"",""date_received"":""2020-04-29T00:00:00.000Z"",""payer"":""Stripe"",""accounts"":[""4020 Services - Earned Income"",""BUSINESS CHECKING (XXXXXX 8945)""],""classes"":[""Spo - Embracing Equity (deleted)""],""raw_reference"":""BUSINESS CHECKING (XXXXXX 8945)"",""line_description"":""STRIPE           TRANSFER          ST-I8B0B4K6O6X5 THE WILDFLOWER FOUNDAT""}]"
"bdep_287167f916cd7056f83247e5","5000.00","2018-10-17T00:00:00.000Z","eDeposit in Branch/Store 10/17/18 09:16:00 AM 4712 CHICAGO AVE MINNEAPOLIS MN 7365","earned_income","rule_derived","","reviewed: componentless deposit, all QB accounts non-donation (0185)","4020 Services - Earned Income | BUSINESS CHECKING (XXXXXX 8945)","Sunny Hollow Montessori","[{""source"":""deposit_qbo_components"",""id"":""dqc_WK7ElxWyceROfuU1GT6wu"",""staged_payment_id"":""WK7ElxWyceROfuU1GT6wu"",""qb_deposit_id"":""4904"",""qb_entity_type"":""deposit"",""qb_entity_id"":""4904"",""amount"":""5000.00"",""date_received"":""2018-10-17T00:00:00.000Z"",""payer"":""Sunny Hollow Montessori"",""accounts"":[""4020 Services - Earned Income"",""BUSINESS CHECKING (XXXXXX 8945)""],""classes"":[""Overhead (deleted)""],""raw_reference"":""eDeposit in Branch/Store 10/17/18 09:16:00 AM 4712 CHICAGO AVE MINNEAPOLIS MN 7365"",""line_description"":""eDeposit in Branch/Store 10/17/18 09:16:00 AM 4712 CHICAGO AVE MINNEAPOLIS MN 7365"",""transaction_memo"":""eDeposit in Branch/Store 10/17/18 09:16:00 AM 4712 CHICAGO AVE MINNEAPOLIS MN 7365""}]"
"bdep_289454d0b531bacbf0150634","6868.56","2023-07-07T00:00:00.000Z","Snowdrop Montess Bill.com          025LWLBBIGK186W Snowdrop Montessori School, Inc. Bill.com 025LWL","membership","rule_derived","","reviewed: componentless deposit, all QB accounts non-donation (0185)","Network Membership Fees (School SItes)","Snowdrop Montessori School Inc","[{""source"":""deposit_qbo_components"",""id"":""dqc_iFzxpLttw5Fa7D_R6qeFl"",""staged_payment_id"":""iFzxpLttw5Fa7D_R6qeFl"",""qb_deposit_id"":""25198"",""qb_entity_type"":""payment"",""qb_entity_id"":""25069"",""amount"":""6868.56"",""date_received"":""2023-07-07T00:00:00.000Z"",""payer"":""Snowdrop Montessori School Inc"",""accounts"":[""Network Membership Fees (School SItes)""],""classes"":[""National (deleted):Foundation General (deleted)""],""items"":[""School Contributions""],""raw_reference"":""P23063002 - 2460418"",""line_description"":""Inv #79252285"",""transaction_memo"":""Inv #79252285""}]"
"bdep_28d42dff1dd8dac426b315b6","970.40","2019-07-24T00:00:00.000Z","STRIPE           TRANSFER          ST-A3I2Z8N1J6W8 THE WILDFLOWER FOUNDAT","earned_income","rule_derived","","reviewed: componentless deposit, all QB accounts non-donation (0185)","4020 Services - Earned Income | BUSINESS CHECKING (XXXXXX 8945)","Stripe","[{""source"":""deposit_qbo_components"",""id"":""dqc_AxxAlvyhKh1Ol5VObq2fF"",""staged_payment_id"":""AxxAlvyhKh1Ol5VObq2fF"",""qb_deposit_id"":""8307"",""qb_entity_type"":""deposit"",""qb_entity_id"":""8307"",""amount"":""970.40"",""date_received"":""2019-07-24T00:00:00.000Z"",""payer"":""Stripe"",""accounts"":[""4020 Services - Earned Income"",""BUSINESS CHECKING (XXXXXX 8945)""],""classes"":[""Existing School Support (deleted)""],""raw_reference"":""STRIPE           TRANSFER          ST-A3I2Z8N1J6W8 THE WILDFLOWER FOUNDAT"",""line_description"":""STRIPE           TRANSFER          ST-A3I2Z8N1J6W8 THE WILDFLOWER FOUNDAT"",""transaction_memo"":""STRIPE           TRANSFER          ST-A3I2Z8N1J6W8 THE WILDFLOWER FOUNDAT""}]"
"bdep_28ed3e88b62af7128564240d","582.58","2020-10-14T00:00:00.000Z","IRS              HIST RTN   201014 270068731185464 WILDFLOWER FOUNDATION","expense_refund","rule_derived","","reviewed: componentless deposit, all QB accounts non-donation (0185)","7010.4 Payroll:3.Benefits:Payroll Taxes | BUSINESS CHECKING (XXXXXX 8945)","Internal Revenue Service","[{""source"":""deposit_qbo_components"",""id"":""dqc_tkdzWmbeRtXvFZBvYLZQW"",""staged_payment_id"":""tkdzWmbeRtXvFZBvYLZQW"",""qb_deposit_id"":""13664"",""qb_entity_type"":""deposit"",""qb_entity_id"":""13664"",""amount"":""582.58"",""date_received"":""2020-10-14T00:00:00.000Z"",""payer"":""Internal Revenue Service"",""accounts"":[""7010.4 Payroll:3.Benefits:Payroll Taxes"",""BUSINESS CHECKING (XXXXXX 8945)""],""classes"":[""Hubs (deleted):Hub - Puerto Rico (deleted)""],""raw_reference"":""BUSINESS CHECKING (XXXXXX 8945)"",""line_description"":""IRS              HIST RTN   201014 270068731185464 WILDFLOWER FOUNDATION""}]"
"bdep_2929976d5ad8a5d50770e5e8","401.75","2018-10-31T00:00:00.000Z","STRIPE           TRANSFER                          X 201810311","earned_income","rule_derived","","reviewed: componentless deposit, all QB accounts non-donation (0185)","4020 Services - Earned Income | BUSINESS CHECKING (XXXXXX 8945)","","[{""source"":""deposit_qbo_components"",""id"":""dqc_Cpr1ENjZS7XPumGHESCBg"",""staged_payment_id"":""Cpr1ENjZS7XPumGHESCBg"",""qb_deposit_id"":""5098"",""qb_entity_type"":""deposit"",""qb_entity_id"":""5098"",""amount"":""401.75"",""date_received"":""2018-10-31T00:00:00.000Z"",""accounts"":[""4020 Services - Earned Income"",""BUSINESS CHECKING (XXXXXX 8945)""],""raw_reference"":""STRIPE           TRANSFER                          X 201810311"",""line_description"":""STRIPE           TRANSFER                          X 201810311"",""transaction_memo"":""STRIPE           TRANSFER                          X 201810311""}]"
"bdep_294d6925b264acbbd1ee4284","518.88","2021-03-31T00:00:00.000Z","STRIPE           TRANSFER          ST-O5I2H3W8E0W9 THE WILDFLOWER FOUNDAT","earned_income","rule_derived","","reviewed: componentless deposit, all QB accounts non-donation (0185)","4020 Services - Earned Income | BUSINESS CHECKING (XXXXXX 8945)","Stripe","[{""source"":""deposit_qbo_components"",""id"":""dqc_d8Mz6zBeHYtDywxL4zBzu"",""staged_payment_id"":""d8Mz6zBeHYtDywxL4zBzu"",""qb_deposit_id"":""15361"",""qb_entity_type"":""deposit"",""qb_entity_id"":""15361"",""amount"":""518.88"",""date_received"":""2021-03-31T00:00:00.000Z"",""payer"":""Stripe"",""accounts"":[""4020 Services - Earned Income"",""BUSINESS CHECKING (XXXXXX 8945)""],""classes"":[""Spo - Embracing Equity (deleted)""],""raw_reference"":""Elaine and Aimee Payments"",""line_description"":""Elaine and Aimee Payments"",""transaction_memo"":""Elaine and Aimee Payments""}]"
"bdep_298db12388b990f0932bf183","2522.44","2024-07-29T00:00:00.000Z","Wild Rose Montes Receivable        016XBSGZU3FE290 016XBSGZU3FE290 Wild Rose Montes Bill.com Inv 79","membership","rule_derived","","reviewed: componentless deposit, all QB accounts non-donation (0185)","Network Membership Fees (School SItes)","Wild Rose Montessori School Inc","[{""source"":""deposit_qbo_components"",""id"":""dqc_KMq4OXp9rfaF_mQ7B7Ffh"",""staged_payment_id"":""KMq4OXp9rfaF_mQ7B7Ffh"",""qb_deposit_id"":""29753"",""qb_entity_type"":""payment"",""qb_entity_id"":""29394"",""amount"":""2522.44"",""date_received"":""2024-07-26T00:00:00.000Z"",""payer"":""Wild Rose Montessori School Inc"",""accounts"":[""Network Membership Fees (School SItes)""],""items"":[""School Contributions""],""raw_reference"":""P24072302 - 8361105"",""line_description"":""Inv 79252461-113"",""transaction_memo"":""Inv 79252461-113""}]"
"bdep_29fc01a9f9a10fb8b29296bd","500000.00","2025-03-21T00:00:00.000Z","TRANSFER FROM BRK ****9888 REF# 572640258","intercompany_transfer","rule_derived","","reviewed: componentless deposit, all QB accounts non-donation (0185)","1004 BROKERAGE | BUSINESS CHECKING (XXXXXX 8945)","","[{""source"":""deposit_qbo_components"",""id"":""dqc_tveeenEwYknpIqf7DdcjG"",""staged_payment_id"":""tveeenEwYknpIqf7DdcjG"",""qb_deposit_id"":""32623"",""qb_entity_type"":""deposit"",""qb_entity_id"":""32623"",""amount"":""500000.00"",""date_received"":""2025-03-21T00:00:00.000Z"",""accounts"":[""1004 BROKERAGE"",""BUSINESS CHECKING (XXXXXX 8945)""],""raw_reference"":""BUSINESS CHECKING (XXXXXX 8945)"",""line_description"":""TRANSFER FROM BRK ****9888 REF# 572640258""}]"
"bdep_2a47301414cc1dbb11eb6ab6","430.78","2021-03-10T00:00:00.000Z","STRIPE           TRANSFER          ST-J1J4D9M3P9E8 THE WILDFLOWER FOUNDAT","earned_income","rule_derived","","reviewed: componentless deposit, all QB accounts non-donation (0185)","4020 Services - Earned Income | BUSINESS CHECKING (XXXXXX 8945)","Stripe","[{""source"":""deposit_qbo_components"",""id"":""dqc_E710_uivbkwRPUwSKoIfp"",""staged_payment_id"":""E710_uivbkwRPUwSKoIfp"",""qb_deposit_id"":""14790"",""qb_entity_type"":""deposit"",""qb_entity_id"":""14790"",""amount"":""430.78"",""date_received"":""2021-03-10T00:00:00.000Z"",""payer"":""Stripe"",""accounts"":[""4020 Services - Earned Income"",""BUSINESS CHECKING (XXXXXX 8945)""],""classes"":[""Spo - Embracing Equity (deleted)""],""raw_reference"":""BUSINESS CHECKING (XXXXXX 8945)"",""line_description"":""STRIPE           TRANSFER          ST-J1J4D9M3P9E8 THE WILDFLOWER FOUNDAT""}]"
"bdep_2a5ba665f337bbb919a9024d","681.30","2020-12-14T00:00:00.000Z","COBRA TRUST ACCT BASICPacif                        COBRA REMIT","expense_refund","rule_derived","","reviewed: componentless deposit, all QB accounts non-donation (0185)","2002 Benefit Liability | BUSINESS CHECKING (XXXXXX 8945)","","[{""source"":""deposit_qbo_components"",""id"":""dqc_SRMi4e2M6ywwfBkiymbo8"",""staged_payment_id"":""SRMi4e2M6ywwfBkiymbo8"",""qb_deposit_id"":""14096"",""qb_entity_type"":""deposit"",""qb_entity_id"":""14096"",""amount"":""681.30"",""date_received"":""2020-12-14T00:00:00.000Z"",""accounts"":[""2002 Benefit Liability"",""BUSINESS CHECKING (XXXXXX 8945)""],""classes"":[""National (deleted):Foundation Operations (deleted)""],""raw_reference"":""BUSINESS CHECKING (XXXXXX 8945)"",""line_description"":""COBRA TRUST ACCT BASICPacif                        COBRA REMIT""}]"
"bdep_2ae206e0f975d47246f81937","359.50","2020-07-30T00:00:00.000Z","STRIPE           TRANSFER          ST-O3B1M2W8T3K3 THE WILDFLOWER FOUNDAT","earned_income","rule_derived","","reviewed: componentless deposit, all QB accounts non-donation (0185)","4020 Services - Earned Income | BUSINESS CHECKING (XXXXXX 8945)","Stripe","[{""source"":""deposit_qbo_components"",""id"":""dqc_1jy7beCSgZAVZyvifldOM"",""staged_payment_id"":""1jy7beCSgZAVZyvifldOM"",""qb_deposit_id"":""12895"",""qb_entity_type"":""deposit"",""qb_entity_id"":""12895"",""amount"":""359.50"",""date_received"":""2020-07-30T00:00:00.000Z"",""payer"":""Stripe"",""accounts"":[""4020 Services - Earned Income"",""BUSINESS CHECKING (XXXXXX 8945)""],""classes"":[""Spo - Embracing Equity (deleted)""],""raw_reference"":""BUSINESS CHECKING (XXXXXX 8945)"",""line_description"":""STRIPE           TRANSFER          ST-O3B1M2W8T3K3 THE WILDFLOWER FOUNDAT""}]"
"bdep_2b0507dbbb0aa7fa6eff01c6","8500.00","2018-12-17T00:00:00.000Z","ATM CHECK DEPOSIT              ON              12/17 3030 NICOLLET AVE         MINNEAPOLIS   MN  0004057           ATM ID 5813V    CARD 7365 201812172","earned_income","rule_derived","","reviewed: componentless deposit, all QB accounts non-donation (0185)","4020 Services - Earned Income | BUSINESS CHECKING (XXXXXX 8945)","Montessori Leaders Collaborative","[{""source"":""deposit_qbo_components"",""id"":""dqc_NiSipeuaB5ewY2EbKpgEY"",""staged_payment_id"":""NiSipeuaB5ewY2EbKpgEY"",""qb_deposit_id"":""5491"",""qb_entity_type"":""deposit"",""qb_entity_id"":""5491"",""amount"":""8500.00"",""date_received"":""2018-12-17T00:00:00.000Z"",""payer"":""Montessori Leaders Collaborative"",""accounts"":[""4020 Services - Earned Income"",""BUSINESS CHECKING (XXXXXX 8945)""],""raw_reference"":""ATM CHECK DEPOSIT              ON              12/17 3030 NICOLLET AVE         MINNEAPOLIS   MN  0004057           ATM ID 5813V    CARD 7365 201812172"",""line_description"":""ATM CHECK DEPOSIT              ON              12/17 3030 NICOLLET AVE         MINNEAPOLIS   MN  0004057           ATM ID 5813V    CARD 7365 201812172"",""transaction_memo"":""ATM CHECK DEPOSIT              ON              12/17 3030 NICOLLET AVE         MINNEAPOLIS   MN  0004057           ATM ID 5813V    CARD 7365 201812172""}]"
"bdep_2bfc7bf23ffe7ac66454298c","2522.44","2025-01-06T00:00:00.000Z","Wild Rose Montes Receivable        016MZHXIY3LN6NH 016MZHXIY3LN6NH Wild Rose Montes Bill.com Inv G","membership","rule_derived","","reviewed: componentless deposit, all QB accounts non-donation (0185)","Network Membership Fees (School SItes)","Wild Rose Montessori School Inc","[{""source"":""deposit_qbo_components"",""id"":""dqc_MXU-0Ma46Ot1Awl0BDSHL"",""staged_payment_id"":""MXU-0Ma46Ot1Awl0BDSHL"",""qb_deposit_id"":""32133"",""qb_entity_type"":""payment"",""qb_entity_id"":""31327"",""amount"":""2522.44"",""date_received"":""2025-01-03T00:00:00.000Z"",""payer"":""Wild Rose Montessori School Inc"",""accounts"":[""Network Membership Fees (School SItes)""],""items"":[""School Contributions""],""raw_reference"":""P24122802 - 4274230"",""line_description"":""Inv G 9654-12994"",""transaction_memo"":""Inv G 9654-12994""}]"
"bdep_2c3043ca9d38ed837b5c7cb8","275.23","2018-11-15T00:00:00.000Z","STRIPE           TRANSFER                          X 201811151","earned_income","rule_derived","","reviewed: componentless deposit, all QB accounts non-donation (0185)","4020 Services - Earned Income | BUSINESS CHECKING (XXXXXX 8945)","","[{""source"":""deposit_qbo_components"",""id"":""dqc_qCn66CfQF_iZTV-UVH83K"",""staged_payment_id"":""qCn66CfQF_iZTV-UVH83K"",""qb_deposit_id"":""5353"",""qb_entity_type"":""deposit"",""qb_entity_id"":""5353"",""amount"":""275.23"",""date_received"":""2018-11-15T00:00:00.000Z"",""accounts"":[""4020 Services - Earned Income"",""BUSINESS CHECKING (XXXXXX 8945)""],""raw_reference"":""STRIPE           TRANSFER                          X 201811151"",""line_description"":""STRIPE           TRANSFER                          X 201811151"",""transaction_memo"":""STRIPE           TRANSFER                          X 201811151""}]"
"bdep_2ce6071358b743b814aa1e08","552.48","2023-09-13T00:00:00.000Z","BASIC            BASICCOBRA 230913                 The Wildflower Foundat","expense_refund","rule_derived","","reviewed: componentless deposit, all QB accounts non-donation (0185)","2002 Benefit Liability | BUSINESS CHECKING (XXXXXX 8945)","","[{""source"":""deposit_qbo_components"",""id"":""dqc_Wy722wS9gDuJzR72os5s-"",""staged_payment_id"":""Wy722wS9gDuJzR72os5s-"",""qb_deposit_id"":""26182"",""qb_entity_type"":""deposit"",""qb_entity_id"":""26182"",""amount"":""552.48"",""date_received"":""2023-09-13T00:00:00.000Z"",""accounts"":[""2002 Benefit Liability"",""BUSINESS CHECKING (XXXXXX 8945)""],""raw_reference"":""BUSINESS CHECKING (XXXXXX 8945)"",""line_description"":""BASIC            BASICCOBRA 230913                 The Wildflower Foundat""}]"
"bdep_2d739a4b899e7eda4ac8dc5b","17500.00","2022-03-22T00:00:00.000Z","WT SEQ155219 THE WILDFLOWER LOAN FUN /ORG=                                            SRF#    OW00002059567142 TRN#220322155219  RFB#    OW00002059567142","loan","rule_derived","","reviewed: componentless deposit, all QB accounts non-donation (0185)","2101 Due to (from) Loan Funds:Due to (from) Loan Fund I | BUSINESS CHECKING (XXXXXX 8945)","LOAN FUND 1","[{""source"":""deposit_qbo_components"",""id"":""dqc_1OitpdD0YMLHGMdq03lTo"",""staged_payment_id"":""1OitpdD0YMLHGMdq03lTo"",""qb_deposit_id"":""19533"",""qb_entity_type"":""deposit"",""qb_entity_id"":""19533"",""amount"":""17500.00"",""date_received"":""2022-03-22T00:00:00.000Z"",""payer"":""LOAN FUND 1"",""accounts"":[""2101 Due to (from) Loan Funds:Due to (from) Loan Fund I"",""BUSINESS CHECKING (XXXXXX 8945)""],""raw_reference"":""BUSINESS CHECKING (XXXXXX 8945)"",""line_description"":""WT SEQ155219 THE WILDFLOWER LOAN FUN /ORG=                                            SRF#    OW00002059567142 TRN#220322155219  RFB#    OW00002059567142""}]"
"bdep_2e06bbe8d0839af86c54c03c","250.00","2020-09-01T00:00:00.000Z","Bill.com         VoidPaymnt        016LANTEL1INMSO NYS Office of the Attorney General Bill.com 016L","expense_refund","rule_derived","","reviewed: componentless deposit, all QB accounts non-donation (0185)","7000 All Other Expenditures:Accounting Fees | BUSINESS CHECKING (XXXXXX 8945)","NYS Office of the Attorney General","[{""source"":""deposit_qbo_components"",""id"":""dqc_EqkjbOd6wWPYR2MArRC8K"",""staged_payment_id"":""EqkjbOd6wWPYR2MArRC8K"",""qb_deposit_id"":""13169"",""qb_entity_type"":""deposit"",""qb_entity_id"":""13169"",""amount"":""250.00"",""date_received"":""2020-09-01T00:00:00.000Z"",""payer"":""NYS Office of the Attorney General"",""accounts"":[""7000 All Other Expenditures:Accounting Fees"",""BUSINESS CHECKING (XXXXXX 8945)""],""classes"":[""National (deleted):Foundation Operations (deleted)""],""raw_reference"":""BUSINESS CHECKING (XXXXXX 8945)"",""line_description"":""Bill.com         VoidPaymnt        016LANTEL1INMSO NYS Office of the Attorney General Bill.com 016L""}]"
"bdep_2e79ba675531d428a6c8943e","14663.71","2023-05-18T00:00:00.000Z","Wild Rose Montes Bill.com          025KBQODLGI9LB3 Wild Rose Montessori School Bill.com 025KBQODLGI","membership","rule_derived","","reviewed: componentless deposit, all QB accounts non-donation (0185)","Network Membership Fees (School SItes)","Wild Rose Montessori School Inc","[{""source"":""deposit_qbo_components"",""id"":""dqc_XiWcEMwjDxWfh5J5yKwF1"",""staged_payment_id"":""XiWcEMwjDxWfh5J5yKwF1"",""qb_deposit_id"":""24640"",""qb_entity_type"":""payment"",""qb_entity_id"":""24628"",""amount"":""14663.71"",""date_received"":""2023-05-18T00:00:00.000Z"",""payer"":""Wild Rose Montessori School Inc"",""accounts"":[""Network Membership Fees (School SItes)""],""classes"":[""National (deleted):Foundation General (deleted)""],""items"":[""School Contributions""],""raw_reference"":""P23051202 - 3958355"",""line_description"":""Multiple invoices"",""transaction_memo"":""Multiple invoices""}]"
"bdep_2e95e92dec63e36389382713","970.40","2020-04-23T00:00:00.000Z","STRIPE           TRANSFER          ST-N4N3S7N6T6Z2 THE WILDFLOWER FOUNDAT","earned_income","rule_derived","","reviewed: componentless deposit, all QB accounts non-donation (0185)","4020 Services - Earned Income | BUSINESS CHECKING (XXXXXX 8945)","Stripe","[{""source"":""deposit_qbo_components"",""id"":""dqc__2_WN1Rvtsp1TTVVNcSpw"",""staged_payment_id"":""_2_WN1Rvtsp1TTVVNcSpw"",""qb_deposit_id"":""11747"",""qb_entity_type"":""deposit"",""qb_entity_id"":""11747"",""amount"":""970.40"",""date_received"":""2020-04-23T00:00:00.000Z"",""payer"":""Stripe"",""accounts"":[""4020 Services - Earned Income"",""BUSINESS CHECKING (XXXXXX 8945)""],""classes"":[""Spo - Embracing Equity (deleted)""],""raw_reference"":""BUSINESS CHECKING (XXXXXX 8945)"",""line_description"":""STRIPE           TRANSFER          ST-N4N3S7N6T6Z2 THE WILDFLOWER FOUNDAT""}]"
"bdep_2eda911b8bdc303a2dbb3abf","500000.00","2024-05-31T00:00:00.000Z","TRANSFER FROM BRK ****9888 REF# 526894339","intercompany_transfer","rule_derived","","reviewed: componentless deposit, all QB accounts non-donation (0185)","1004 BROKERAGE | BUSINESS CHECKING (XXXXXX 8945)","","[{""source"":""deposit_qbo_components"",""id"":""dqc_HDjSwoMIhX3nNbpnBSFQQ"",""staged_payment_id"":""HDjSwoMIhX3nNbpnBSFQQ"",""qb_deposit_id"":""28830"",""qb_entity_type"":""deposit"",""qb_entity_id"":""28830"",""amount"":""500000.00"",""date_received"":""2024-05-31T00:00:00.000Z"",""accounts"":[""1004 BROKERAGE"",""BUSINESS CHECKING (XXXXXX 8945)""],""raw_reference"":""BUSINESS CHECKING (XXXXXX 8945)"",""line_description"":""TRANSFER FROM BRK ****9888 REF# 526894339""}]"
"bdep_2f2e85970f8dd2b6b9d978ff","1517.18","2020-08-10T00:00:00.000Z","COBRA TRUST ACCT BASICPacif                        COBRA REMIT","expense_refund","rule_derived","","reviewed: componentless deposit, all QB accounts non-donation (0185)","2002 Benefit Liability | BUSINESS CHECKING (XXXXXX 8945)","","[{""source"":""deposit_qbo_components"",""id"":""dqc_-xQx6qHlVl2upi5i0Mbf0"",""staged_payment_id"":""-xQx6qHlVl2upi5i0Mbf0"",""qb_deposit_id"":""13005"",""qb_entity_type"":""deposit"",""qb_entity_id"":""13005"",""amount"":""1517.18"",""date_received"":""2020-08-10T00:00:00.000Z"",""accounts"":[""2002 Benefit Liability"",""BUSINESS CHECKING (XXXXXX 8945)""],""classes"":[""National (deleted)""],""raw_reference"":""BUSINESS CHECKING (XXXXXX 8945)"",""line_description"":""COBRA TRUST ACCT BASICPacif                        COBRA REMIT""}]"
"bdep_2f3f58c5ce2d00d7f4fc6073","90000.00","2024-02-09T00:00:00.000Z","ONLINE TRANSFER Q3 GRANT REF #BB0M6YQZBJ","intercompany_transfer","rule_derived","","reviewed: componentless deposit, all QB accounts non-donation (0185)","1505 Uncategorized Asset | BUSINESS CHECKING (XXXXXX 8945)","","[{""source"":""deposit_qbo_components"",""id"":""dqc_abKmqXRQd8O19T3JrOZQt"",""staged_payment_id"":""abKmqXRQd8O19T3JrOZQt"",""qb_deposit_id"":""27614"",""qb_entity_type"":""deposit"",""qb_entity_id"":""27614"",""amount"":""90000.00"",""date_received"":""2024-02-09T00:00:00.000Z"",""accounts"":[""1505 Uncategorized Asset"",""BUSINESS CHECKING (XXXXXX 8945)""],""raw_reference"":""BUSINESS CHECKING (XXXXXX 8945)"",""line_description"":""ONLINE TRANSFER Q3 GRANT REF #BB0M6YQZBJ""}]"
"bdep_2fd243e378cba0e3a5d014d7","485.20","2020-03-03T00:00:00.000Z","STRIPE           TRANSFER          ST-A5R9R7A8W6K3 THE WILDFLOWER FOUNDAT","earned_income","rule_derived","","reviewed: componentless deposit, all QB accounts non-donation (0185)","4020 Services - Earned Income | BUSINESS CHECKING (XXXXXX 8945)","Stripe","[{""source"":""deposit_qbo_components"",""id"":""dqc_pYd0WemqhIQYzPVTKKSQt"",""staged_payment_id"":""pYd0WemqhIQYzPVTKKSQt"",""qb_deposit_id"":""11531"",""qb_entity_type"":""deposit"",""qb_entity_id"":""11531"",""amount"":""485.20"",""date_received"":""2020-03-03T00:00:00.000Z"",""payer"":""Stripe"",""accounts"":[""4020 Services - Earned Income"",""BUSINESS CHECKING (XXXXXX 8945)""],""classes"":[""Spo - Embracing Equity (deleted)""],""raw_reference"":""BUSINESS CHECKING (XXXXXX 8945)"",""line_description"":""STRIPE           TRANSFER          ST-A5R9R7A8W6K3 THE WILDFLOWER FOUNDAT""}]"
"bdep_3036df1b986937276790a5fb","2982.00","2025-11-26T00:00:00.000Z","ATM CHECK DEPOSIT              ON              11/26 1505 W Lake St            Minneapolis   MN  0007419           ATM ID 6991J    CARD 0628","expense_refund","rule_derived","","reviewed: componentless deposit, all QB accounts non-donation (0185)","7006 All Other Expenditures:Insurance | BUSINESS CHECKING (XXXXXX 8945)","The Hartford","[{""source"":""deposit_qbo_components"",""id"":""dqc_03X5dlsmrpOofauDxxFoo"",""staged_payment_id"":""03X5dlsmrpOofauDxxFoo"",""qb_deposit_id"":""36568"",""qb_entity_type"":""deposit"",""qb_entity_id"":""36568"",""amount"":""2982.00"",""date_received"":""2025-11-26T00:00:00.000Z"",""payer"":""The Hartford"",""accounts"":[""7006 All Other Expenditures:Insurance"",""BUSINESS CHECKING (XXXXXX 8945)""],""raw_reference"":""Workers Comp refund"",""line_description"":""Workers Comp refund"",""transaction_memo"":""Workers Comp refund""}]"
"bdep_303cefbc1166f339e32ce936","45000.00","2021-05-03T00:00:00.000Z","WT SEQ227684 THE WILDFLOWER LOAN FUN /ORG=                                            SRF#    OW00001346882377 TRN#210503227684  RFB#    OW00001346882377","loan","rule_derived","","reviewed: componentless deposit, all QB accounts non-donation (0185)","2102 Due to (from) Loan Funds:Due to (from) Loan Fund II | BUSINESS CHECKING (XXXXXX 8945)","LOAN FUND II","[{""source"":""deposit_qbo_components"",""id"":""dqc_BLuVjLaXuk2XnXGJa-3NR"",""staged_payment_id"":""BLuVjLaXuk2XnXGJa-3NR"",""qb_deposit_id"":""15602"",""qb_entity_type"":""deposit"",""qb_entity_id"":""15602"",""amount"":""45000.00"",""date_received"":""2021-05-03T00:00:00.000Z"",""payer"":""LOAN FUND II"",""accounts"":[""2102 Due to (from) Loan Funds:Due to (from) Loan Fund II"",""BUSINESS CHECKING (XXXXXX 8945)""],""raw_reference"":""BUSINESS CHECKING (XXXXXX 8945)"",""line_description"":""WT SEQ227684 THE WILDFLOWER LOAN FUN /ORG=                                            SRF#    OW00001346882377 TRN#210503227684  RFB#    OW00001346882377""}]"
"bdep_30a66ce414f0dd1b0a65a863","811.08","2025-02-26T00:00:00.000Z","Snowdrop Montess Receivable        016QAEGSV3NH6NN 016QAEGSV3NH6NN Snowdrop Montess Bill.com Inv TC","membership","rule_derived","","reviewed: componentless deposit, all QB accounts non-donation (0185)","Network Membership Fees (School SItes)","Snowdrop Montessori School Inc","[{""source"":""deposit_qbo_components"",""id"":""dqc_e9z4fpj-nWSis4OuaTynq"",""staged_payment_id"":""e9z4fpj-nWSis4OuaTynq"",""qb_deposit_id"":""32466"",""qb_entity_type"":""payment"",""qb_entity_id"":""32164"",""amount"":""811.08"",""date_received"":""2025-02-25T00:00:00.000Z"",""payer"":""Snowdrop Montessori School Inc"",""accounts"":[""Network Membership Fees (School SItes)""],""items"":[""School Contributions""],""raw_reference"":""P25022002 - 6517791"",""line_description"":""Inv TC Girasol 17"",""transaction_memo"":""Inv TC Girasol 17""}]"
"bdep_30c19da6439e4d81bff0f4dd","2522.44","2024-09-25T00:00:00.000Z","Wild Rose Montes Receivable        016JKDHHZ3HUHE8 016JKDHHZ3HUHE8 Wild Rose Montes Bill.com Inv #","membership","rule_derived","","reviewed: affiliated-school membership (name-confirmed; 0176)","1503 Pledges/Services Receivable","Wild Rose Montessori School Inc","[{""source"":""bank_deposit_qbo_register"",""id"":""bdqr_bdep_30c19da6439e4d81bff0f4dd"",""bank_transaction_id"":""bnk_7b11f0fd97b5ce99975407b0"",""amount"":""2522.44"",""txn_date"":""2024-09-24T00:00:00.000Z"",""txn_type"":""Payment"",""ref_no"":""P24091902 - 1238461"",""payer"":""Wild Rose Montessori School Inc"",""accounts"":[""1503 Pledges/Services Receivable""],""memo"":""Inv # 79252461-205"",""reconciliation_status"":""Reconciled""}]"
"bdep_30c88e2a83cbbebb31bacdb8","2500.00","2019-08-30T00:00:00.000Z","ASTER MONTESSORI LOAN 0919                         Wildflower Foundation","loan_repayment","rule_derived","","reviewed: affiliated-school loan_repayment (name-confirmed; 0176)","1503 Pledges/Services Receivable","Loan - Aster","[{""source"":""bank_deposit_qbo_register"",""id"":""bdqr_bdep_30c88e2a83cbbebb31bacdb8"",""bank_transaction_id"":""bnk_33f4dafe0ba467473e63478c"",""amount"":""2500.00"",""txn_date"":""2019-08-30T00:00:00.000Z"",""txn_type"":""Payment"",""payer"":""Loan - Aster"",""accounts"":[""1503 Pledges/Services Receivable""],""reconciliation_status"":""Reconciled""}]"
"bdep_30f9c1c5adf2100b090ca268","726.74","2020-07-08T00:00:00.000Z","STRIPE           TRANSFER          ST-O1D1M5S0W6I4 THE WILDFLOWER FOUNDAT","earned_income","rule_derived","","reviewed: componentless deposit, all QB accounts non-donation (0185)","4020 Services - Earned Income | BUSINESS CHECKING (XXXXXX 8945)","Stripe","[{""source"":""deposit_qbo_components"",""id"":""dqc_cWnk-Z1hkHWc2JUDZkZkm"",""staged_payment_id"":""cWnk-Z1hkHWc2JUDZkZkm"",""qb_deposit_id"":""12307"",""qb_entity_type"":""deposit"",""qb_entity_id"":""12307"",""amount"":""726.74"",""date_received"":""2020-07-08T00:00:00.000Z"",""payer"":""Stripe"",""accounts"":[""4020 Services - Earned Income"",""BUSINESS CHECKING (XXXXXX 8945)""],""classes"":[""Spo - Embracing Equity (deleted)""],""raw_reference"":""BUSINESS CHECKING (XXXXXX 8945)"",""line_description"":""STRIPE           TRANSFER          ST-O1D1M5S0W6I4 THE WILDFLOWER FOUNDAT""}]"
"bdep_31664650144546e99ead2bc8","2222.20","2023-04-13T00:00:00.000Z","BASIC            BASICCOBRA 230413                 The Wildflower Foundat","expense_refund","rule_derived","","reviewed: componentless deposit, all QB accounts non-donation (0185)","2002 Benefit Liability | BUSINESS CHECKING (XXXXXX 8945)","","[{""source"":""deposit_qbo_components"",""id"":""dqc_CA_cbGFHSL0vqCyDmkpid"",""staged_payment_id"":""CA_cbGFHSL0vqCyDmkpid"",""qb_deposit_id"":""24070"",""qb_entity_type"":""deposit"",""qb_entity_id"":""24070"",""amount"":""2222.20"",""date_received"":""2023-04-13T00:00:00.000Z"",""accounts"":[""2002 Benefit Liability"",""BUSINESS CHECKING (XXXXXX 8945)""],""raw_reference"":""BUSINESS CHECKING (XXXXXX 8945)"",""line_description"":""BASIC            BASICCOBRA 230413                 The Wildflower Foundat""}]"
"bdep_323f7f6faa77ba949d9f4126","132.66","2025-07-08T00:00:00.000Z","GUSTO            TAX 933929 250708 6semk559e3r     The Wildflower Foundat","expense_refund","rule_derived","","reviewed: componentless deposit, all QB accounts non-donation (0185)","7010.4 Payroll:3.Benefits:Payroll Taxes | BUSINESS CHECKING (XXXXXX 8945)","Gusto","[{""source"":""deposit_qbo_components"",""id"":""dqc_uIrGWIs6mQBlwwFW6R-cc"",""staged_payment_id"":""uIrGWIs6mQBlwwFW6R-cc"",""qb_deposit_id"":""35431"",""qb_entity_type"":""deposit"",""qb_entity_id"":""35431"",""amount"":""132.66"",""date_received"":""2025-07-08T00:00:00.000Z"",""payer"":""Gusto"",""accounts"":[""7010.4 Payroll:3.Benefits:Payroll Taxes"",""BUSINESS CHECKING (XXXXXX 8945)""],""raw_reference"":""BUSINESS CHECKING (XXXXXX 8945)"",""line_description"":""Gusto Tax""}]"
"bdep_32ec546eb74fe208464d7954","3750.00","2026-01-13T00:00:00.000Z","The Sunlight Loa Receivable        016XJASFG3Z7D2M 016XJASFG3Z7D2M The Sunlight Loa Bill.com Inv TW","loan_repayment","rule_derived","","reviewed: affiliated-school loan_repayment (name-confirmed; 0176)","1503 Pledges/Services Receivable","The Sunlight Loan Fund, LLC","[{""source"":""bank_deposit_qbo_register"",""id"":""bdqr_bdep_32ec546eb74fe208464d7954"",""bank_transaction_id"":""bnk_ad9058165f175726091c62ed"",""amount"":""3750.00"",""txn_date"":""2026-01-13T00:00:00.000Z"",""txn_type"":""Payment"",""ref_no"":""P26010902 - 9466546"",""payer"":""The Sunlight Loan Fund, LLC"",""accounts"":[""1503 Pledges/Services Receivable""],""memo"":""Inv TWF-SL InvoiceQ2"",""reconciliation_status"":""Reconciled""}]"
"bdep_332f1975f27889b955dd1a5a","100000.00","2022-03-25T00:00:00.000Z","WT SEQ#96821 THE WILDFLOWER LOAN FUN /ORG=                                            SRF#    OW00002066747306 TRN#220325096821  RFB#    OW00002066747306","loan","rule_derived","","reviewed: componentless deposit, all QB accounts non-donation (0185)","2102 Due to (from) Loan Funds:Due to (from) Loan Fund II | BUSINESS CHECKING (XXXXXX 8945)","LOAN FUND II","[{""source"":""deposit_qbo_components"",""id"":""dqc_YXR-VhxQlMo5X4zOt5nmi"",""staged_payment_id"":""YXR-VhxQlMo5X4zOt5nmi"",""qb_deposit_id"":""19534"",""qb_entity_type"":""deposit"",""qb_entity_id"":""19534"",""amount"":""100000.00"",""date_received"":""2022-03-25T00:00:00.000Z"",""payer"":""LOAN FUND II"",""accounts"":[""2102 Due to (from) Loan Funds:Due to (from) Loan Fund II"",""BUSINESS CHECKING (XXXXXX 8945)""],""raw_reference"":""BUSINESS CHECKING (XXXXXX 8945)"",""line_description"":""WT SEQ#96821 THE WILDFLOWER LOAN FUN /ORG=                                            SRF#    OW00002066747306 TRN#220325096821  RFB#    OW00002066747306""}]"
"bdep_3427dd27c8444978a9c17786","300000.00","2025-01-22T00:00:00.000Z","TRANSFER FROM BRK ****9888 REF# 563621860","intercompany_transfer","rule_derived","","reviewed: componentless deposit, all QB accounts non-donation (0185)","1004 BROKERAGE | BUSINESS CHECKING (XXXXXX 8945)","","[{""source"":""deposit_qbo_components"",""id"":""dqc_SmiYfnil_QoAZ577LPPDh"",""staged_payment_id"":""SmiYfnil_QoAZ577LPPDh"",""qb_deposit_id"":""32129"",""qb_entity_type"":""deposit"",""qb_entity_id"":""32129"",""amount"":""300000.00"",""date_received"":""2025-01-22T00:00:00.000Z"",""accounts"":[""1004 BROKERAGE"",""BUSINESS CHECKING (XXXXXX 8945)""],""raw_reference"":""BUSINESS CHECKING (XXXXXX 8945)"",""line_description"":""TRANSFER FROM BRK ****9888 REF# 563621860""}]"
"bdep_34b6a66e5a4249c8e6bb99d1","485.20","2021-04-06T00:00:00.000Z","STRIPE           TRANSFER          ST-J3Q1U4R6M0D4 THE WILDFLOWER FOUNDAT","earned_income","rule_derived","","reviewed: componentless deposit, all QB accounts non-donation (0185)","4020 Services - Earned Income | BUSINESS CHECKING (XXXXXX 8945)","Stripe","[{""source"":""deposit_qbo_components"",""id"":""dqc_OT46xHYj-wDHXX3Jl5mkh"",""staged_payment_id"":""OT46xHYj-wDHXX3Jl5mkh"",""qb_deposit_id"":""15424"",""qb_entity_type"":""deposit"",""qb_entity_id"":""15424"",""amount"":""485.20"",""date_received"":""2021-04-06T00:00:00.000Z"",""payer"":""Stripe"",""accounts"":[""4020 Services - Earned Income"",""BUSINESS CHECKING (XXXXXX 8945)""],""classes"":[""Spo - Embracing Equity (deleted)""],""raw_reference"":""BUSINESS CHECKING (XXXXXX 8945)"",""line_description"":""STRIPE           TRANSFER          ST-J3Q1U4R6M0D4 THE WILDFLOWER FOUNDAT""}]"
"bdep_3553ba9ed857f25fb8eb2981","96.80","2019-11-22T00:00:00.000Z","STRIPE           TRANSFER          ST-N6E3S2Z2N7Q1 THE WILDFLOWER FOUNDAT","earned_income","rule_derived","","reviewed: componentless deposit, all QB accounts non-donation (0185)","4020 Services - Earned Income | BUSINESS CHECKING (XXXXXX 8945)","Stripe","[{""source"":""deposit_qbo_components"",""id"":""dqc_uxn5DgPAahVYJmpdX-wsj"",""staged_payment_id"":""uxn5DgPAahVYJmpdX-wsj"",""qb_deposit_id"":""9582"",""qb_entity_type"":""deposit"",""qb_entity_id"":""9582"",""amount"":""96.80"",""date_received"":""2019-11-22T00:00:00.000Z"",""payer"":""Stripe"",""accounts"":[""4020 Services - Earned Income"",""BUSINESS CHECKING (XXXXXX 8945)""],""classes"":[""Spo - Embracing Equity (deleted)""],""raw_reference"":""BUSINESS CHECKING (XXXXXX 8945)"",""line_description"":""STRIPE           TRANSFER          ST-N6E3S2Z2N7Q1 THE WILDFLOWER FOUNDAT""}]"
"bdep_357890d19993aaaea8ee52f2","1980.44","2025-10-06T00:00:00.000Z","Bill.com         Receivable        015DGLECGSONQ4W Tiger Lily School Bill.com 015DGLECGSONQ4W Inv #","membership","rule_derived","","reviewed: affiliated-school membership (name-confirmed; 0176)","","","[{""source"":""bank_deposit_qbo_register"",""id"":""bdqr_bdep_357890d19993aaaea8ee52f2"",""bank_transaction_id"":""bnk_46b8dfae3b5c84f5bda43b4c"",""amount"":""1980.44"",""txn_date"":""2025-10-06T00:00:00.000Z"",""txn_type"":""Journal"",""ref_no"":""Stmt Cr Reward Mar 30"",""memo"":""BILL 10/06/25 AR Payments"",""reconciliation_status"":""Reconciled""}]"
"bdep_35824dbfb970701374223b30","54.00","2025-10-27T00:00:00.000Z","ESSP             HIST RTN   251027 872188        1             333487The","expense_refund","rule_derived","","reviewed: componentless deposit, all QB accounts non-donation (0185)","7010.4 Payroll:3.Benefits:Payroll Taxes | BUSINESS CHECKING (XXXXXX 8945)","","[{""source"":""deposit_qbo_components"",""id"":""dqc_1of12KWuFSXyjhSJmUBHl"",""staged_payment_id"":""1of12KWuFSXyjhSJmUBHl"",""qb_deposit_id"":""36541"",""qb_entity_type"":""deposit"",""qb_entity_id"":""36541"",""amount"":""54.00"",""date_received"":""2025-10-27T00:00:00.000Z"",""accounts"":[""7010.4 Payroll:3.Benefits:Payroll Taxes"",""BUSINESS CHECKING (XXXXXX 8945)""],""raw_reference"":""BUSINESS CHECKING (XXXXXX 8945)"",""line_description"":""ESSP             HIST RTN   251027 872188        1             333487The""}]"
"bdep_360ac3b8026b544502a4a13e","1.19","2025-03-21T00:00:00.000Z","GUSTO            TLR 827383 250321 6semk41t50o     The Wildflower Foundat","expense_refund","rule_derived","","reviewed: componentless deposit, all QB accounts non-donation (0185)","7010.4 Payroll:3.Benefits:Payroll Taxes | BUSINESS CHECKING (XXXXXX 8945)","Gusto","[{""source"":""deposit_qbo_components"",""id"":""dqc_yRWJ1CnT9To3D0IRNwOXt"",""staged_payment_id"":""yRWJ1CnT9To3D0IRNwOXt"",""qb_deposit_id"":""33535"",""qb_entity_type"":""deposit"",""qb_entity_id"":""33535"",""amount"":""1.19"",""date_received"":""2025-03-21T00:00:00.000Z"",""payer"":""Gusto"",""accounts"":[""7010.4 Payroll:3.Benefits:Payroll Taxes"",""BUSINESS CHECKING (XXXXXX 8945)""],""raw_reference"":""BUSINESS CHECKING (XXXXXX 8945)"",""line_description"":""GUSTO            TLR 827383 250321 6semk41t50o     The Wildflower Foundat""}]"
"bdep_36492f5618adfd26e7e75004","1455.60","2020-05-13T00:00:00.000Z","STRIPE           TRANSFER          ST-T1N8I8B5N9N2 THE WILDFLOWER FOUNDAT","earned_income","rule_derived","","reviewed: componentless deposit, all QB accounts non-donation (0185)","4020 Services - Earned Income | BUSINESS CHECKING (XXXXXX 8945)","Stripe","[{""source"":""deposit_qbo_components"",""id"":""dqc_yC0WqrISbMnPjhUyw23yO"",""staged_payment_id"":""yC0WqrISbMnPjhUyw23yO"",""qb_deposit_id"":""12050"",""qb_entity_type"":""deposit"",""qb_entity_id"":""12050"",""amount"":""1455.60"",""date_received"":""2020-05-13T00:00:00.000Z"",""payer"":""Stripe"",""accounts"":[""4020 Services - Earned Income"",""BUSINESS CHECKING (XXXXXX 8945)""],""classes"":[""Spo - Embracing Equity (deleted)""],""raw_reference"":""BUSINESS CHECKING (XXXXXX 8945)"",""line_description"":""STRIPE           TRANSFER          ST-T1N8I8B5N9N2 THE WILDFLOWER FOUNDAT""}]"
"bdep_365758668441af5ba5bd63ba","447.81","2019-06-27T00:00:00.000Z","STRIPE           TRANSFER          ST-H0L2T7T9I7O3 THE WILDFLOWER FOUNDAT","earned_income","rule_derived","","reviewed: componentless deposit, all QB accounts non-donation (0185)","4020 Services - Earned Income | BUSINESS CHECKING (XXXXXX 8945)","Stripe","[{""source"":""deposit_qbo_components"",""id"":""dqc_AuxGk1r-J5p2SdsppV7Gd"",""staged_payment_id"":""AuxGk1r-J5p2SdsppV7Gd"",""qb_deposit_id"":""7891"",""qb_entity_type"":""deposit"",""qb_entity_id"":""7891"",""amount"":""447.81"",""date_received"":""2019-06-27T00:00:00.000Z"",""payer"":""Stripe"",""accounts"":[""4020 Services - Earned Income"",""BUSINESS CHECKING (XXXXXX 8945)""],""classes"":[""Existing School Support (deleted)""],""raw_reference"":""STRIPE           TRANSFER          ST-H0L2T7T9I7O3 THE WILDFLOWER FOUNDAT"",""line_description"":""STRIPE           TRANSFER          ST-H0L2T7T9I7O3 THE WILDFLOWER FOUNDAT"",""transaction_memo"":""STRIPE           TRANSFER          ST-H0L2T7T9I7O3 THE WILDFLOWER FOUNDAT""}]"
"bdep_36c4c5924de27d158ada3383","85000.00","2022-09-27T00:00:00.000Z","Morgan Stanley   ACH CREDIT 220926 10120855313qe92 The Wildflower Foundat","loan","rule_derived","","reviewed: componentless deposit, all QB accounts non-donation (0185)","1600 Loans to Schools | BUSINESS CHECKING (XXXXXX 8945)","Morgan Stanley","[{""source"":""deposit_qbo_components"",""id"":""dqc_28v7HDYe1Dx3z7uqSrYT6"",""staged_payment_id"":""28v7HDYe1Dx3z7uqSrYT6"",""qb_deposit_id"":""21617"",""qb_entity_type"":""deposit"",""qb_entity_id"":""21617"",""amount"":""85000.00"",""date_received"":""2022-09-27T00:00:00.000Z"",""payer"":""Morgan Stanley"",""accounts"":[""1600 Loans to Schools"",""BUSINESS CHECKING (XXXXXX 8945)""],""raw_reference"":""BUSINESS CHECKING (XXXXXX 8945)"",""line_description"":""Morgan Stanley   ACH CREDIT 220926 10120855313qe92 The Wildflower Foundat""}]"
"bdep_36f4096e6f5ee4beca23d492","400000.00","2019-05-20T00:00:00.000Z","WT SEQ127670 PROPEL NONPROFITS       /ORG=PROPEL NONPROFITS                           SRF#    GW00000024901629 TRN#190520127670  RFB#                 718","loan","rule_derived","","reviewed: componentless deposit, all QB accounts non-donation (0185)","2502 Line of Credit & ST Loans | BUSINESS CHECKING (XXXXXX 8945)","Nonprofits Assistance Fund","[{""source"":""deposit_qbo_components"",""id"":""dqc_G4rEcg4DHy5yFgwmk07nr"",""staged_payment_id"":""G4rEcg4DHy5yFgwmk07nr"",""qb_deposit_id"":""7487"",""qb_entity_type"":""deposit"",""qb_entity_id"":""7487"",""amount"":""400000.00"",""date_received"":""2019-05-20T00:00:00.000Z"",""payer"":""Nonprofits Assistance Fund"",""accounts"":[""2502 Line of Credit & ST Loans"",""BUSINESS CHECKING (XXXXXX 8945)""],""classes"":[""Overhead (deleted)""],""raw_reference"":""WT SEQ127670 PROPEL NONPROFITS       /ORG=PROPEL NONPROFITS                           SRF#    GW00000024901629 TRN#190520127670  RFB#                 718"",""line_description"":""WT SEQ127670 PROPEL NONPROFITS       /ORG=PROPEL NONPROFITS                           SRF#    GW00000024901629 TRN#190520127670  RFB#                 718"",""transaction_memo"":""WT SEQ127670 PROPEL NONPROFITS       /ORG=PROPEL NONPROFITS                           SRF#    GW00000024901629 TRN#190520127670  RFB#                 718""}]"
"bdep_36fe727cb18a3535003542dc","4523.02","2025-03-03T00:00:00.000Z","Wildflower New Y Receivable        016HZJQQD3NNG26 016HZJQQD3NNG26 Wildflower New Y Bill.com Inv TC","membership","rule_derived","","reviewed: componentless deposit, all QB accounts non-donation (0185)","Network Membership Fees (School SItes)","Wildflower New York Charter School","[{""source"":""deposit_qbo_components"",""id"":""dqc_deSl8Uzt8_yaQOuaNbnD1"",""staged_payment_id"":""deSl8Uzt8_yaQOuaNbnD1"",""qb_deposit_id"":""32467"",""qb_entity_type"":""payment"",""qb_entity_id"":""32255"",""amount"":""4523.02"",""date_received"":""2025-02-28T00:00:00.000Z"",""payer"":""Wildflower New York Charter School"",""accounts"":[""Network Membership Fees (School SItes)""],""items"":[""School Contributions""],""raw_reference"":""P25022702 - 8076510"",""line_description"":""Inv TC Girasol 24"",""transaction_memo"":""Inv TC Girasol 24""}]"
"bdep_3757c87e73ab3fb6f1712095","2023.17","2020-09-02T00:00:00.000Z","STRIPE           TRANSFER          ST-X6J8L4C3C2R2 THE WILDFLOWER FOUNDAT","earned_income","rule_derived","","reviewed: componentless deposit, all QB accounts non-donation (0185)","4020 Services - Earned Income | BUSINESS CHECKING (XXXXXX 8945)","Stripe","[{""source"":""deposit_qbo_components"",""id"":""dqc_TrN3K3X8hIpKJh8GNJOPj"",""staged_payment_id"":""TrN3K3X8hIpKJh8GNJOPj"",""qb_deposit_id"":""13173"",""qb_entity_type"":""deposit"",""qb_entity_id"":""13173"",""amount"":""2023.17"",""date_received"":""2020-09-02T00:00:00.000Z"",""payer"":""Stripe"",""accounts"":[""4020 Services - Earned Income"",""BUSINESS CHECKING (XXXXXX 8945)""],""classes"":[""Spo - Embracing Equity (deleted)""],""raw_reference"":""BUSINESS CHECKING (XXXXXX 8945)"",""line_description"":""STRIPE           TRANSFER          ST-X6J8L4C3C2R2 THE WILDFLOWER FOUNDAT""}]"
"bdep_383bbcdb495a96f8d4e60010","653.68","2024-11-18T00:00:00.000Z","Sundrops Montess Receivable        016WEBDJO3JWCGL 016WEBDJO3JWCGL Sundrops Montess Bill.com Inv 79","membership","rule_derived","","reviewed: componentless deposit, all QB accounts non-donation (0185)","Network Membership Fees (School SItes)","Sundrops Montessori School","[{""source"":""deposit_qbo_components"",""id"":""dqc_9jL2xdqM7IYYEhFptE4ir"",""staged_payment_id"":""9jL2xdqM7IYYEhFptE4ir"",""qb_deposit_id"":""30941"",""qb_entity_type"":""payment"",""qb_entity_id"":""30640"",""amount"":""653.68"",""date_received"":""2024-11-15T00:00:00.000Z"",""payer"":""Sundrops Montessori School"",""accounts"":[""Network Membership Fees (School SItes)""],""items"":[""School Contributions""],""raw_reference"":""P24111201 - 6867662"",""line_description"":""Inv 79252461-261"",""transaction_memo"":""Inv 79252461-261""}]"
"bdep_3946df60f439ebca5e89f8e2","2500.00","2020-06-29T00:00:00.000Z","ASTER MONTESSORI JULY 2020                         Wildflower Foundation","loan","rule_derived","","reviewed: componentless deposit, all QB accounts non-donation (0185)","1600 Loans to Schools | BUSINESS CHECKING (XXXXXX 8945)","Aster - Customer","[{""source"":""deposit_qbo_components"",""id"":""dqc_kgZ0QjV3DzNKsYN8mtn7J"",""staged_payment_id"":""kgZ0QjV3DzNKsYN8mtn7J"",""qb_deposit_id"":""12254"",""qb_entity_type"":""deposit"",""qb_entity_id"":""12254"",""amount"":""2500.00"",""date_received"":""2020-06-29T00:00:00.000Z"",""payer"":""Aster - Customer"",""accounts"":[""1600 Loans to Schools"",""BUSINESS CHECKING (XXXXXX 8945)""],""classes"":[""National (deleted)""],""raw_reference"":""BUSINESS CHECKING (XXXXXX 8945)"",""line_description"":""ASTER MONTESSORI JULY 2020                         Wildflower Foundation""}]"
"bdep_399d26cbdcf8887017a147c0","487.58","2020-07-09T00:00:00.000Z","STRIPE           TRANSFER          ST-R9D6R0W8G0J4 THE WILDFLOWER FOUNDAT","earned_income","rule_derived","","reviewed: componentless deposit, all QB accounts non-donation (0185)","4020 Services - Earned Income | BUSINESS CHECKING (XXXXXX 8945)","Stripe","[{""source"":""deposit_qbo_components"",""id"":""dqc_0RnCmEHfx7rEHcXe8pc0d"",""staged_payment_id"":""0RnCmEHfx7rEHcXe8pc0d"",""qb_deposit_id"":""12886"",""qb_entity_type"":""deposit"",""qb_entity_id"":""12886"",""amount"":""487.58"",""date_received"":""2020-07-09T00:00:00.000Z"",""payer"":""Stripe"",""accounts"":[""4020 Services - Earned Income"",""BUSINESS CHECKING (XXXXXX 8945)""],""classes"":[""Spo - Embracing Equity (deleted)""],""raw_reference"":""BUSINESS CHECKING (XXXXXX 8945)"",""line_description"":""STRIPE           TRANSFER          ST-R9D6R0W8G0J4 THE WILDFLOWER FOUNDAT""}]"
"bdep_39c733732585e26b4ae4f565","15.00","2023-02-24T00:00:00.000Z","MBI              SETL       230223 MED-I-BANK      MED-I-BANK","expense_refund","rule_derived","","reviewed: componentless deposit, all QB accounts non-donation (0185)","2002 Benefit Liability | BUSINESS CHECKING (XXXXXX 8945)","","[{""source"":""deposit_qbo_components"",""id"":""dqc_kDz0Terceg2R3AP22RA7U"",""staged_payment_id"":""kDz0Terceg2R3AP22RA7U"",""qb_deposit_id"":""23576"",""qb_entity_type"":""deposit"",""qb_entity_id"":""23576"",""amount"":""15.00"",""date_received"":""2023-02-24T00:00:00.000Z"",""accounts"":[""2002 Benefit Liability"",""BUSINESS CHECKING (XXXXXX 8945)""],""raw_reference"":""BUSINESS CHECKING (XXXXXX 8945)"",""line_description"":""MBI              SETL       230223 MED-I-BANK      MED-I-BANK""}]"
"bdep_3a07aac183040e733c7c854d","1154.59","2020-05-20T00:00:00.000Z","STRIPE           TRANSFER          ST-Q9O2M9F1R1F3 THE WILDFLOWER FOUNDAT","earned_income","rule_derived","","reviewed: componentless deposit, all QB accounts non-donation (0185)","4020 Services - Earned Income | BUSINESS CHECKING (XXXXXX 8945)","Stripe","[{""source"":""deposit_qbo_components"",""id"":""dqc_FXoNAa9TF3SaQ6lQ_ZAyn"",""staged_payment_id"":""FXoNAa9TF3SaQ6lQ_ZAyn"",""qb_deposit_id"":""12053"",""qb_entity_type"":""deposit"",""qb_entity_id"":""12053"",""amount"":""1154.59"",""date_received"":""2020-05-20T00:00:00.000Z"",""payer"":""Stripe"",""accounts"":[""4020 Services - Earned Income"",""BUSINESS CHECKING (XXXXXX 8945)""],""classes"":[""Spo - Embracing Equity (deleted)""],""raw_reference"":""BUSINESS CHECKING (XXXXXX 8945)"",""line_description"":""STRIPE           TRANSFER          ST-Q9O2M9F1R1F3 THE WILDFLOWER FOUNDAT""}]"
"bdep_3a12ed97d286d55a8b2c2354","19500.00","2026-04-27T00:00:00.000Z","ONLINE TRANSFER REPAY TWF FOR LOTUS LOAN ON 042626 REF #BB0XT997TH","loan","rule_derived","","reviewed: componentless deposit, all QB accounts non-donation (0185)","1600 Loans to Schools | BUSINESS CHECKING (XXXXXX 8945)","","[{""source"":""deposit_qbo_components"",""id"":""dqc__peuivIJOutHmnFr04DrE"",""staged_payment_id"":""_peuivIJOutHmnFr04DrE"",""qb_deposit_id"":""38936"",""qb_entity_type"":""deposit"",""qb_entity_id"":""38936"",""amount"":""19500.00"",""date_received"":""2026-04-27T00:00:00.000Z"",""accounts"":[""1600 Loans to Schools"",""BUSINESS CHECKING (XXXXXX 8945)""],""raw_reference"":""ONLINE TRANSFER REPAY TWF FOR LOAN TO Lotus"",""line_description"":""ONLINE TRANSFER REPAY TWF FOR LOAN TO Lotus"",""transaction_memo"":""ONLINE TRANSFER REPAY TWF FOR LOAN TO Lotus""}]"
"bdep_3a395eded78bc5a52d0d9d45","9.92","2020-11-19T00:00:00.000Z","STRIPE           TRANSFER          ST-R9U4G4L9C8G2 THE WILDFLOWER FOUNDAT","earned_income","rule_derived","","reviewed: componentless deposit, all QB accounts non-donation (0185)","4020 Services - Earned Income | BUSINESS CHECKING (XXXXXX 8945)","Stripe","[{""source"":""deposit_qbo_components"",""id"":""dqc_k3evIdWBrHOVo_wygmgtL"",""staged_payment_id"":""k3evIdWBrHOVo_wygmgtL"",""qb_deposit_id"":""13863"",""qb_entity_type"":""deposit"",""qb_entity_id"":""13863"",""amount"":""9.92"",""date_received"":""2020-11-19T00:00:00.000Z"",""payer"":""Stripe"",""accounts"":[""4020 Services - Earned Income"",""BUSINESS CHECKING (XXXXXX 8945)""],""classes"":[""Spo - Embracing Equity (deleted)""],""raw_reference"":""BUSINESS CHECKING (XXXXXX 8945)"",""line_description"":""STRIPE           TRANSFER          ST-R9U4G4L9C8G2 THE WILDFLOWER FOUNDAT""}]"
"bdep_3a607909d8cb3e2e3e9143e6","100000.00","2017-04-10T00:00:00.000Z","WT FED#03370 VANGUARD GRP INC R /ORG=SEPANDAR KAMVAR SRF# 100526140 TRN#170410111061 RFB# SD0217100P000009","loan","rule_derived","","reviewed: componentless deposit, all QB accounts non-donation (0185)","2502 Line of Credit & ST Loans | BUSINESS CHECKING (XXXXXX 8945)","","[{""source"":""deposit_qbo_components"",""id"":""dqc_RhP1OFEHjxhKdNAltYb-J"",""staged_payment_id"":""RhP1OFEHjxhKdNAltYb-J"",""qb_deposit_id"":""780"",""qb_entity_type"":""deposit"",""qb_entity_id"":""780"",""amount"":""100000.00"",""date_received"":""2017-04-10T00:00:00.000Z"",""accounts"":[""2502 Line of Credit & ST Loans"",""BUSINESS CHECKING (XXXXXX 8945)""],""classes"":[""Overhead (deleted)""],""raw_reference"":""WT FED#03370 VANGUARD GRP INC R /ORG=SEPANDAR KAMVAR SRF# 100526140 TRN#170410111061 RFB# SD0217100P000009"",""line_description"":""WT FED#03370 VANGUARD GRP INC R /ORG=SEPANDAR KAMVAR SRF# 100526140 TRN#170410111061 RFB# SD0217100P000009"",""transaction_memo"":""WT FED#03370 VANGUARD GRP INC R /ORG=SEPANDAR KAMVAR SRF# 100526140 TRN#170410111061 RFB# SD0217100P000009""}]"
"bdep_3a6d6144b40921a01d510eec","28.83","2018-10-29T00:00:00.000Z","STRIPE           TRANSFER                          X 201810292","earned_income","rule_derived","","reviewed: componentless deposit, all QB accounts non-donation (0185)","4020 Services - Earned Income | BUSINESS CHECKING (XXXXXX 8945)","","[{""source"":""deposit_qbo_components"",""id"":""dqc_jzgmDVKUiuzF9jaWnkbuj"",""staged_payment_id"":""jzgmDVKUiuzF9jaWnkbuj"",""qb_deposit_id"":""5096"",""qb_entity_type"":""deposit"",""qb_entity_id"":""5096"",""amount"":""28.83"",""date_received"":""2018-10-29T00:00:00.000Z"",""accounts"":[""4020 Services - Earned Income"",""BUSINESS CHECKING (XXXXXX 8945)""],""raw_reference"":""STRIPE           TRANSFER                          X 201810292"",""line_description"":""STRIPE           TRANSFER                          X 201810292"",""transaction_memo"":""STRIPE           TRANSFER                          X 201810292""}]"
"bdep_3a9142fcc8605941f9653036","1633.82","2018-10-17T00:00:00.000Z","eDeposit in Branch/Store 10/17/18 09:16:49 AM 4712 CHICAGO AVE MINNEAPOLIS MN 7365","expense_refund","rule_derived","","reviewed: componentless deposit, all QB accounts non-donation (0185)","2002 Benefit Liability | 7008 All Other Expenditures:Uncategorized Expenditure | BUSINESS CHECKING (XXXXXX 8945)","Pete Schwab | jennie.houghton@wildflowerschools.org (deleted)","[{""source"":""deposit_qbo_components"",""id"":""dqc_hjGL9EQ7QSm4C2HH4AOCI"",""staged_payment_id"":""hjGL9EQ7QSm4C2HH4AOCI"",""qb_deposit_id"":""4905"",""qb_entity_type"":""deposit"",""qb_entity_id"":""4905"",""amount"":""1612.25"",""date_received"":""2018-10-17T00:00:00.000Z"",""payer"":""Pete Schwab"",""accounts"":[""2002 Benefit Liability"",""BUSINESS CHECKING (XXXXXX 8945)""],""raw_reference"":""eDeposit in Branch/Store 10/17/18 09:16:49 AM 4712 CHICAGO AVE MINNEAPOLIS MN 7365"",""line_description"":""eDeposit in Branch/Store 10/17/18 09:16:49 AM 4712 CHICAGO AVE MINNEAPOLIS MN 7365"",""transaction_memo"":""eDeposit in Branch/Store 10/17/18 09:16:49 AM 4712 CHICAGO AVE MINNEAPOLIS MN 7365""},{""source"":""deposit_qbo_components"",""id"":""dqc_e_wjOKzDDuzX4tw4DU_TD"",""staged_payment_id"":""e_wjOKzDDuzX4tw4DU_TD"",""qb_deposit_id"":""4905"",""qb_entity_type"":""deposit"",""qb_entity_id"":""4905"",""amount"":""21.57"",""date_received"":""2018-10-17T00:00:00.000Z"",""payer"":""jennie.houghton@wildflowerschools.org (deleted)"",""accounts"":[""7008 All Other Expenditures:Uncategorized Expenditure"",""BUSINESS CHECKING (XXXXXX 8945)""],""classes"":[""Overhead (deleted)""],""raw_reference"":""eDeposit in Branch/Store 10/17/18 09:16:49 AM 4712 CHICAGO AVE MINNEAPOLIS MN 7365"",""line_description"":""eDeposit in Branch/Store 10/17/18 09:16:49 AM 4712 CHICAGO AVE MINNEAPOLIS MN 7365"",""transaction_memo"":""eDeposit in Branch/Store 10/17/18 09:16:49 AM 4712 CHICAGO AVE MINNEAPOLIS MN 7365""}]"
"bdep_3ad1b42cba6990a62ef99a20","653.68","2025-03-18T00:00:00.000Z","Sundrops Montess Receivable        016IBFSYK3O8SV8 016IBFSYK3O8SV8 Sundrops Montess Bill.com Inv CS","membership","rule_derived","","reviewed: componentless deposit, all QB accounts non-donation (0185)","Network Membership Fees (School SItes)","Sundrops Montessori School","[{""source"":""deposit_qbo_components"",""id"":""dqc_xtQ60A_DDP7gt8fBkxYtT"",""staged_payment_id"":""xtQ60A_DDP7gt8fBkxYtT"",""qb_deposit_id"":""32696"",""qb_entity_type"":""payment"",""qb_entity_id"":""32430"",""amount"":""653.68"",""date_received"":""2025-03-17T00:00:00.000Z"",""payer"":""Sundrops Montessori School"",""accounts"":[""Network Membership Fees (School SItes)""],""items"":[""School Contributions""],""raw_reference"":""P25031401 - 0522776"",""line_description"":""Inv CSP 9.1.28"",""transaction_memo"":""Inv CSP 9.1.28""}]"
"bdep_3b550cab01b6986a36f7079f","3690.00","2018-06-08T00:00:00.000Z","GUSTO CND 829444 180608 6semjn1b4pt The Wildflower Foundat","expense_refund","rule_derived","","reviewed: componentless deposit, all QB accounts non-donation (0185)","2002 Benefit Liability | BUSINESS CHECKING (XXXXXX 8945)","","[{""source"":""deposit_qbo_components"",""id"":""dqc_STSnWw7i15qOwgH2igMHQ"",""staged_payment_id"":""STSnWw7i15qOwgH2igMHQ"",""qb_deposit_id"":""3690"",""qb_entity_type"":""deposit"",""qb_entity_id"":""3690"",""amount"":""3690.00"",""date_received"":""2018-06-08T00:00:00.000Z"",""accounts"":[""2002 Benefit Liability"",""BUSINESS CHECKING (XXXXXX 8945)""],""raw_reference"":""GUSTO CND 829444 180608 6semjn1b4pt The Wildflower Foundat"",""line_description"":""GUSTO CND 829444 180608 6semjn1b4pt The Wildflower Foundat"",""transaction_memo"":""GUSTO CND 829444 180608 6semjn1b4pt The Wildflower Foundat""}]"
"bdep_3c922b3673dd7452eb81a4af","1454.55","2024-12-24T00:00:00.000Z","Wildflower Monte Receivable        016NIMARP3LA8UM 016NIMARP3LA8UM Wildflower Monte Bill.com Inv G","membership","rule_derived","","reviewed: componentless deposit, all QB accounts non-donation (0185)","Network Membership Fees (School SItes)","Wildflower Montessori Public Schools of Colorado (c)","[{""source"":""deposit_qbo_components"",""id"":""dqc_JFVNKfqFdSq0mKBOB0UhJ"",""staged_payment_id"":""JFVNKfqFdSq0mKBOB0UhJ"",""qb_deposit_id"":""31675"",""qb_entity_type"":""payment"",""qb_entity_id"":""31295"",""amount"":""1454.55"",""date_received"":""2024-12-23T00:00:00.000Z"",""payer"":""Wildflower Montessori Public Schools of Colorado (c)"",""accounts"":[""Network Membership Fees (School SItes)""],""items"":[""School Contributions""],""raw_reference"":""P24122002 - 2873557"",""line_description"":""Inv G 9654-12980"",""transaction_memo"":""Inv G 9654-12980""}]"
"bdep_3cd12fedfad583293a864ae3","31702.02","2025-11-26T00:00:00.000Z","ONLINE TRANSFER JULY 2025 PAYROLL REIMBURSEMENT REF #BB0VTQT7G5","intercompany_transfer","rule_derived","","reviewed: internal online transfer csp/payroll/nonpayroll (0176)","TWF CSP Rep grant (1340) - 2","","[{""source"":""bank_deposit_qbo_register"",""id"":""bdqr_bdep_3cd12fedfad583293a864ae3"",""bank_transaction_id"":""bnk_3a47dd3a03281e4cd5642b78"",""amount"":""31702.02"",""txn_date"":""2025-11-26T00:00:00.000Z"",""txn_type"":""Transfer"",""accounts"":[""TWF CSP Rep grant (1340) - 2""],""reconciliation_status"":""Reconciled""}]"
"bdep_3cd33cd899387d06a9bd0509","5385.00","2024-05-02T00:00:00.000Z","225 South 6th St PAYMENTS   240501 4FNTMXXXXXX4045 NTE*ZZZ*4FNTM6\","expense_refund","rule_derived","","reviewed: componentless deposit, all QB accounts non-donation (0185)","7009 All Other Expenditures:Rent | BUSINESS CHECKING (XXXXXX 8945)","WeWork","[{""source"":""deposit_qbo_components"",""id"":""dqc_d7yaiBJV_oUAZFvKXPAqs"",""staged_payment_id"":""d7yaiBJV_oUAZFvKXPAqs"",""qb_deposit_id"":""28834"",""qb_entity_type"":""deposit"",""qb_entity_id"":""28834"",""amount"":""5385.00"",""date_received"":""2024-05-02T00:00:00.000Z"",""payer"":""WeWork"",""accounts"":[""7009 All Other Expenditures:Rent"",""BUSINESS CHECKING (XXXXXX 8945)""],""raw_reference"":""BUSINESS CHECKING (XXXXXX 8945)"",""line_description"":""225 South 6th St PAYMENTS   240501 4FNTMXXXXXX4045 NTE*ZZZ*4FNTM6\\""}]"
"bdep_3d1f5f525cc919ed2891ec14","545.45","2025-03-28T00:00:00.000Z","Rain Lily Montes Receivable        016OAJAFW3ON2DS 016OAJAFW3ON2DS Rain Lily Montes Bill.com Inv 12","membership","rule_derived","","reviewed: componentless deposit, all QB accounts non-donation (0185)","Network Membership Fees (School SItes)","Rain Lily Montessori School, Inc.","[{""source"":""deposit_qbo_components"",""id"":""dqc_OvaVfJztxUw4S3hD8TQoW"",""staged_payment_id"":""OvaVfJztxUw4S3hD8TQoW"",""qb_deposit_id"":""33545"",""qb_entity_type"":""payment"",""qb_entity_id"":""32649"",""amount"":""545.45"",""date_received"":""2025-03-27T00:00:00.000Z"",""payer"":""Rain Lily Montessori School, Inc."",""accounts"":[""Network Membership Fees (School SItes)""],""items"":[""School Contributions""],""raw_reference"":""P25032402 - 4119313"",""line_description"":""Inv 123"",""transaction_memo"":""Inv 123""}]"
"bdep_3d31274c3f0b63051e4a2ea8","545.45","2025-05-28T00:00:00.000Z","Rain Lily Montes Receivable        016DMQOEG3QUT6R 016DMQOEG3QUT6R Rain Lily Montes Bill.com Inv TW","membership","rule_derived","","reviewed: componentless deposit, all QB accounts non-donation (0185)","Network Membership Fees (School SItes)","Rain Lily Montessori School, Inc.","[{""source"":""deposit_qbo_components"",""id"":""dqc_-005i0pEW3M2Tli-xUFAX"",""staged_payment_id"":""-005i0pEW3M2Tli-xUFAX"",""qb_deposit_id"":""34451"",""qb_entity_type"":""payment"",""qb_entity_id"":""33486"",""amount"":""545.45"",""date_received"":""2025-05-27T00:00:00.000Z"",""payer"":""Rain Lily Montessori School, Inc."",""accounts"":[""Network Membership Fees (School SItes)""],""items"":[""School Contributions""],""raw_reference"":""P25052002 - 8596045"",""line_description"":""Inv TWF-140"",""transaction_memo"":""Inv TWF-140""}]"
"bdep_3e35d5bdb9b8fb247f200539","250.00","2021-12-01T00:00:00.000Z","Morgan Stanley   ACH CREDIT 211130 101208553z5ibg  The Wildflower Foundat","loan_repayment","rule_derived","","reviewed: affiliated-school loan_repayment (name-confirmed; 0176)","1503 Pledges/Services Receivable","Morgan Stanley","[{""source"":""bank_deposit_qbo_register"",""id"":""bdqr_bdep_3e35d5bdb9b8fb247f200539"",""bank_transaction_id"":""bnk_1c581db3dd80665a3221861a"",""amount"":""250.00"",""txn_date"":""2021-12-01T00:00:00.000Z"",""txn_type"":""Payment"",""payer"":""Morgan Stanley"",""accounts"":[""1503 Pledges/Services Receivable""],""reconciliation_status"":""Reconciled""}]"
"bdep_3e6ac202a43d94308d412fbb","853.00","2017-05-11T00:00:00.000Z","ATM CHECK DEPOSIT 05/11 4712 CHICAGO AVE S MINNEAPOLIS MN 5819T 7365","loan","rule_derived","","reviewed: componentless deposit, all QB accounts non-donation (0185)","1600 Loans to Schools | BUSINESS CHECKING (XXXXXX 8945)","Snowdrop","[{""source"":""deposit_qbo_components"",""id"":""dqc_ieHWDdCahcCtJfeXxUsbg"",""staged_payment_id"":""ieHWDdCahcCtJfeXxUsbg"",""qb_deposit_id"":""916"",""qb_entity_type"":""deposit"",""qb_entity_id"":""916"",""amount"":""853.00"",""date_received"":""2017-05-11T00:00:00.000Z"",""payer"":""Snowdrop"",""accounts"":[""1600 Loans to Schools"",""BUSINESS CHECKING (XXXXXX 8945)""],""raw_reference"":""ATM CHECK DEPOSIT 05/11 4712 CHICAGO AVE S MINNEAPOLIS MN 5819T 7365"",""line_description"":""ATM CHECK DEPOSIT 05/11 4712 CHICAGO AVE S MINNEAPOLIS MN 5819T 7365"",""transaction_memo"":""ATM CHECK DEPOSIT 05/11 4712 CHICAGO AVE S MINNEAPOLIS MN 5819T 7365""}]"
"bdep_3e7591a3cadd10620eda72fd","1611.67","2022-07-19T00:00:00.000Z","BASIC            BASICCOBRA 220719                 The Wildflower Foundat","expense_refund","rule_derived","","reviewed: componentless deposit, all QB accounts non-donation (0185)","2002 Benefit Liability | BUSINESS CHECKING (XXXXXX 8945)","","[{""source"":""deposit_qbo_components"",""id"":""dqc_tNur0f82Vy5Q0HfEMpe94"",""staged_payment_id"":""tNur0f82Vy5Q0HfEMpe94"",""qb_deposit_id"":""21052"",""qb_entity_type"":""deposit"",""qb_entity_id"":""21052"",""amount"":""1611.67"",""date_received"":""2022-07-19T00:00:00.000Z"",""accounts"":[""2002 Benefit Liability"",""BUSINESS CHECKING (XXXXXX 8945)""],""raw_reference"":""BUSINESS CHECKING (XXXXXX 8945)"",""line_description"":""BASIC            BASICCOBRA 220719                 The Wildflower Foundat""}]"
"bdep_3eafb1bd1dd1d9349a87ff13","4523.02","2025-04-28T00:00:00.000Z","Wildflower New Y Receivable        016KQYBEC3PQGXO 016KQYBEC3PQGXO Wildflower New Y Bill.com Inv 48","membership","rule_derived","","reviewed: componentless deposit, all QB accounts non-donation (0185)","Network Membership Fees (School SItes)","Wildflower New York Charter School","[{""source"":""deposit_qbo_components"",""id"":""dqc_hCNz08C7GL6eAZIXVs79e"",""staged_payment_id"":""hCNz08C7GL6eAZIXVs79e"",""qb_deposit_id"":""33557"",""qb_entity_type"":""payment"",""qb_entity_id"":""33068"",""amount"":""4523.02"",""date_received"":""2025-04-25T00:00:00.000Z"",""payer"":""Wildflower New York Charter School"",""accounts"":[""Network Membership Fees (School SItes)""],""items"":[""School Contributions""],""raw_reference"":""P25042402 - 1950648"",""line_description"":""Inv 110"",""transaction_memo"":""Inv 110""}]"
"bdep_3ecd99926a7d7606ad6dee05","1282.33","2025-01-03T00:00:00.000Z","Urban Village Mo Receivable        016WTYRSG3LL95Y 016WTYRSG3LL95Y Urban Village Mo Bill.com Inv G","membership","rule_derived","","reviewed: componentless deposit, all QB accounts non-donation (0185)","Network Membership Fees (School SItes)","Urban Village Montessori","[{""source"":""deposit_qbo_components"",""id"":""dqc_pjf0COp0Fff4__w71iZKl"",""staged_payment_id"":""pjf0COp0Fff4__w71iZKl"",""qb_deposit_id"":""32152"",""qb_entity_type"":""payment"",""qb_entity_id"":""31317"",""amount"":""1282.33"",""date_received"":""2025-01-02T00:00:00.000Z"",""payer"":""Urban Village Montessori"",""accounts"":[""Network Membership Fees (School SItes)""],""items"":[""School Contributions""],""raw_reference"":""P24122702 - 4155885"",""line_description"":""Inv G 9654-13000"",""transaction_memo"":""Inv G 9654-13000""}]"
"bdep_3f0a84ac572d58dc1a26d5f4","1347.33","2025-12-26T00:00:00.000Z","Roxbury Roots Mo Receivable        016KOWHTL3YNSHT 016KOWHTL3YNSHT Roxbury Roots Mo Bill.com Inv TW","membership","rule_derived","","reviewed: affiliated-school membership (name-confirmed; 0176)","1503 Pledges/Services Receivable","Roxbury Roots Montessori, Inc.","[{""source"":""bank_deposit_qbo_register"",""id"":""bdqr_bdep_3f0a84ac572d58dc1a26d5f4"",""bank_transaction_id"":""bnk_55a5350af87c78444bef6adb"",""amount"":""1347.33"",""txn_date"":""2025-12-24T00:00:00.000Z"",""txn_type"":""Payment"",""ref_no"":""P25122302 - 5694876"",""payer"":""Roxbury Roots Montessori, Inc."",""accounts"":[""1503 Pledges/Services Receivable""],""memo"":""Inv TWF - Nov Invoice084"",""reconciliation_status"":""Reconciled""}]"
"bdep_3f8609d80fbff6afe4e3cf05","0.11","2017-09-27T00:00:00.000Z","PAYPAL VERIFYBANK 170927 1042D2222MRHM7Q THE WILDFLOWER FOUNDAT","expense_refund","rule_derived","","reviewed: componentless deposit, all QB accounts non-donation (0185)","7005 All Other Expenditures:Cloud-based Subscriptions | BUSINESS CHECKING (XXXXXX 8945)","","[{""source"":""deposit_qbo_components"",""id"":""dqc_nF1Jk05emSYNkXpmmMURy"",""staged_payment_id"":""nF1Jk05emSYNkXpmmMURy"",""qb_deposit_id"":""1597"",""qb_entity_type"":""deposit"",""qb_entity_id"":""1597"",""amount"":""0.11"",""date_received"":""2017-09-27T00:00:00.000Z"",""accounts"":[""7005 All Other Expenditures:Cloud-based Subscriptions"",""BUSINESS CHECKING (XXXXXX 8945)""],""classes"":[""Overhead (deleted)""],""raw_reference"":""PAYPAL VERIFYBANK 170927 1042D2222MRHM7Q THE WILDFLOWER FOUNDAT"",""line_description"":""PAYPAL VERIFYBANK 170927 1042D2222MRHM7Q THE WILDFLOWER FOUNDAT"",""transaction_memo"":""PAYPAL VERIFYBANK 170927 1042D2222MRHM7Q THE WILDFLOWER FOUNDAT""}]"
"bdep_3ff5e532feb65018105a9aeb","103.06","2019-06-11T00:00:00.000Z","ATM CHECK DEPOSIT              ON              06/11 3030 NICOLLET AVE         MINNEAPOLIS   MN  0001034           ATM ID 5813V    CARD 7365","expense_refund","rule_derived","","reviewed: componentless deposit, all QB accounts non-donation (0185)","7011 All Other Expenditures:Office Supplies & Materials | BUSINESS CHECKING (XXXXXX 8945)","","[{""source"":""deposit_qbo_components"",""id"":""dqc_huEzU8Qfo_PqOVRaoawZ-"",""staged_payment_id"":""huEzU8Qfo_PqOVRaoawZ-"",""qb_deposit_id"":""7610"",""qb_entity_type"":""deposit"",""qb_entity_id"":""7610"",""amount"":""103.06"",""date_received"":""2019-06-11T00:00:00.000Z"",""accounts"":[""7011 All Other Expenditures:Office Supplies & Materials"",""BUSINESS CHECKING (XXXXXX 8945)""],""classes"":[""Overhead (deleted)""],""raw_reference"":""REFUND OF PERSONAL USE ON DEBIT CARD ATM CHECK DEPOSIT              ON              06/11 3030 NICOLLET AVE         MINNEAPOLIS   MN  0001034           ATM ID 5813V    CARD 7365"",""line_description"":""REFUND OF PERSONAL USE ON DEBIT CARD ATM CHECK DEPOSIT              ON              06/11 3030 NICOLLET AVE         MINNEAPOLIS   MN  0001034           ATM ID 5813V    CARD 7365"",""transaction_memo"":""REFUND OF PERSONAL USE ON DEBIT CARD ATM CHECK DEPOSIT              ON              06/11 3030 NICOLLET AVE         MINNEAPOLIS   MN  0001034           ATM ID 5813V    CARD 7365""}]"
"bdep_409a14497c13a787eedb8fde","288.00","2020-07-01T00:00:00.000Z","STRIPE           TRANSFER          ST-A6A7F5P8V2M6 THE WILDFLOWER FOUNDAT","earned_income","rule_derived","","reviewed: componentless deposit, all QB accounts non-donation (0185)","4020 Services - Earned Income | BUSINESS CHECKING (XXXXXX 8945)","Stripe","[{""source"":""deposit_qbo_components"",""id"":""dqc_D7YFmW2N7pCUyqC1Rrs9x"",""staged_payment_id"":""D7YFmW2N7pCUyqC1Rrs9x"",""qb_deposit_id"":""12235"",""qb_entity_type"":""deposit"",""qb_entity_id"":""12235"",""amount"":""288.00"",""date_received"":""2020-07-01T00:00:00.000Z"",""payer"":""Stripe"",""accounts"":[""4020 Services - Earned Income"",""BUSINESS CHECKING (XXXXXX 8945)""],""classes"":[""Spo - Embracing Equity (deleted)""],""raw_reference"":""BUSINESS CHECKING (XXXXXX 8945)"",""line_description"":""STRIPE           TRANSFER          ST-A6A7F5P8V2M6 THE WILDFLOWER FOUNDAT""}]"
"bdep_40dc9ae11753714c6d6b6612","514.33","2018-11-14T00:00:00.000Z","STRIPE           TRANSFER                          X 201811141","earned_income","rule_derived","","reviewed: componentless deposit, all QB accounts non-donation (0185)","4020 Services - Earned Income | BUSINESS CHECKING (XXXXXX 8945)","","[{""source"":""deposit_qbo_components"",""id"":""dqc_RlVsnM73Z-S4xd5-KckH1"",""staged_payment_id"":""RlVsnM73Z-S4xd5-KckH1"",""qb_deposit_id"":""5352"",""qb_entity_type"":""deposit"",""qb_entity_id"":""5352"",""amount"":""514.33"",""date_received"":""2018-11-14T00:00:00.000Z"",""accounts"":[""4020 Services - Earned Income"",""BUSINESS CHECKING (XXXXXX 8945)""],""raw_reference"":""STRIPE           TRANSFER                          X 201811141"",""line_description"":""STRIPE           TRANSFER                          X 201811141"",""transaction_memo"":""STRIPE           TRANSFER                          X 201811141""}]"
"bdep_40f92c11ad7648f0dc6298e5","2500.00","2019-07-01T00:00:00.000Z","ASTER MONTESSORI LOAN 0719                         Wildflower Foundation","loan_repayment","rule_derived","","reviewed: affiliated-school loan_repayment (name-confirmed; 0176)","1503 Pledges/Services Receivable","Loan - Aster","[{""source"":""bank_deposit_qbo_register"",""id"":""bdqr_bdep_40f92c11ad7648f0dc6298e5"",""bank_transaction_id"":""bnk_99d5a494264fec11fbad5c4d"",""amount"":""2500.00"",""txn_date"":""2019-07-01T00:00:00.000Z"",""txn_type"":""Payment"",""payer"":""Loan - Aster"",""accounts"":[""1503 Pledges/Services Receivable""],""reconciliation_status"":""Reconciled""}]"
"bdep_41a5537888dc73cb6511bf80","53.10","2018-11-06T00:00:00.000Z","STRIPE           TRANSFER                          X 201811061","earned_income","rule_derived","","reviewed: componentless deposit, all QB accounts non-donation (0185)","4020 Services - Earned Income | BUSINESS CHECKING (XXXXXX 8945)","","[{""source"":""deposit_qbo_components"",""id"":""dqc_xDJDQho06vnQvfGChd7ls"",""staged_payment_id"":""xDJDQho06vnQvfGChd7ls"",""qb_deposit_id"":""5097"",""qb_entity_type"":""deposit"",""qb_entity_id"":""5097"",""amount"":""53.10"",""date_received"":""2018-11-06T00:00:00.000Z"",""accounts"":[""4020 Services - Earned Income"",""BUSINESS CHECKING (XXXXXX 8945)""],""raw_reference"":""STRIPE           TRANSFER                          X 201811061"",""line_description"":""STRIPE           TRANSFER                          X 201811061"",""transaction_memo"":""STRIPE           TRANSFER                          X 201811061""}]"
"bdep_41a79305ca22b746e31de928","485.20","2019-11-13T00:00:00.000Z","STRIPE           TRANSFER          ST-Q5X4Q0P3J7K9 THE WILDFLOWER FOUNDAT","earned_income","rule_derived","","reviewed: componentless deposit, all QB accounts non-donation (0185)","4020 Services - Earned Income | BUSINESS CHECKING (XXXXXX 8945)","Stripe","[{""source"":""deposit_qbo_components"",""id"":""dqc_9xQLY4RY2zwkiQbhdSBrY"",""staged_payment_id"":""9xQLY4RY2zwkiQbhdSBrY"",""qb_deposit_id"":""9590"",""qb_entity_type"":""deposit"",""qb_entity_id"":""9590"",""amount"":""485.20"",""date_received"":""2019-11-13T00:00:00.000Z"",""payer"":""Stripe"",""accounts"":[""4020 Services - Earned Income"",""BUSINESS CHECKING (XXXXXX 8945)""],""classes"":[""Spo - Embracing Equity (deleted)""],""raw_reference"":""BUSINESS CHECKING (XXXXXX 8945)"",""line_description"":""STRIPE           TRANSFER          ST-Q5X4Q0P3J7K9 THE WILDFLOWER FOUNDAT""}]"
"bdep_42a85dfdb452020a4d75be0c","131.20","2019-08-01T00:00:00.000Z","STRIPE           TRANSFER          ST-A8Y9D4V2S9P5 THE WILDFLOWER FOUNDAT","earned_income","rule_derived","","reviewed: componentless deposit, all QB accounts non-donation (0185)","4020 Services - Earned Income | BUSINESS CHECKING (XXXXXX 8945)","Stripe","[{""source"":""deposit_qbo_components"",""id"":""dqc_VKXKYTW-lyjwwpNTgs02N"",""staged_payment_id"":""VKXKYTW-lyjwwpNTgs02N"",""qb_deposit_id"":""8390"",""qb_entity_type"":""deposit"",""qb_entity_id"":""8390"",""amount"":""131.20"",""date_received"":""2019-08-01T00:00:00.000Z"",""payer"":""Stripe"",""accounts"":[""4020 Services - Earned Income"",""BUSINESS CHECKING (XXXXXX 8945)""],""classes"":[""Existing School Support (deleted)""],""raw_reference"":""STRIPE           TRANSFER          ST-A8Y9D4V2S9P5 THE WILDFLOWER FOUNDAT"",""line_description"":""STRIPE           TRANSFER          ST-A8Y9D4V2S9P5 THE WILDFLOWER FOUNDAT"",""transaction_memo"":""STRIPE           TRANSFER          ST-A8Y9D4V2S9P5 THE WILDFLOWER FOUNDAT""}]"
"bdep_42c50261d902a32509b2e935","184.00","2025-11-17T00:00:00.000Z","ESSP             HIST RTN   251117 877288        1             333487The","expense_refund","rule_derived","","reviewed: componentless deposit, all QB accounts non-donation (0185)","7010.4 Payroll:3.Benefits:Payroll Taxes | BUSINESS CHECKING (XXXXXX 8945)","Essp","[{""source"":""deposit_qbo_components"",""id"":""dqc_nksUqv6zK3WNPTUiH8InU"",""staged_payment_id"":""nksUqv6zK3WNPTUiH8InU"",""qb_deposit_id"":""36574"",""qb_entity_type"":""deposit"",""qb_entity_id"":""36574"",""amount"":""184.00"",""date_received"":""2025-11-17T00:00:00.000Z"",""payer"":""Essp"",""accounts"":[""7010.4 Payroll:3.Benefits:Payroll Taxes"",""BUSINESS CHECKING (XXXXXX 8945)""],""raw_reference"":""UI Tax kickbacked"",""line_description"":""UI Tax kickbacked"",""transaction_memo"":""UI Tax kickbacked""}]"
"bdep_4309a00d5bed279678c7a4e2","2000.00","2018-01-02T00:00:00.000Z","INTUIT PYMT SOLN DEPOSIT 171230 524771997507722 THE WILDFLOWER FOUNDAT","loan","rule_derived","","reviewed: componentless deposit, all QB accounts non-donation (0185)","Interest Earned | Loans to Schools","Loan - Snowdrop","[{""source"":""deposit_qbo_components"",""id"":""dqc_u-89zpZ6InATX3NQpNxTF"",""staged_payment_id"":""u-89zpZ6InATX3NQpNxTF"",""qb_deposit_id"":""4020"",""qb_entity_type"":""payment"",""qb_entity_id"":""2389"",""amount"":""2000.00"",""date_received"":""2018-01-30T00:00:00.000Z"",""payer"":""Loan - Snowdrop"",""accounts"":[""Interest Earned"",""Loans to Schools""],""classes"":[""Loan Payment (deleted)""],""items"":[""INTEREST"",""LOAN REPAYMENT""],""line_description"":""Paid via QuickBooks Payments: Payment ID aj11y91d"",""transaction_memo"":""Paid via QuickBooks Payments: Payment ID aj11y91d""}]"
"bdep_43144480c7542049a5e42da8","2522.44","2024-10-24T00:00:00.000Z","Wild Rose Montes Receivable        016SCDZHK3IZJZJ 016SCDZHK3IZJZJ Wild Rose Montes Bill.com Inv 79","membership","rule_derived","","reviewed: componentless deposit, all QB accounts non-donation (0185)","Network Membership Fees (School SItes)","Wild Rose Montessori School Inc","[{""source"":""deposit_qbo_components"",""id"":""dqc_vkSXz391ZaBPrYZ2lgkQ2"",""staged_payment_id"":""vkSXz391ZaBPrYZ2lgkQ2"",""qb_deposit_id"":""30619"",""qb_entity_type"":""payment"",""qb_entity_id"":""30429"",""amount"":""2522.44"",""date_received"":""2024-10-24T00:00:00.000Z"",""payer"":""Wild Rose Montessori School Inc"",""accounts"":[""Network Membership Fees (School SItes)""],""items"":[""School Contributions""],""raw_reference"":""P24102002 - 8327598"",""line_description"":""Inv 79252461-246"",""transaction_memo"":""Inv 79252461-246""}]"
"bdep_4315e5fe539458c77d651baf","955.60","2019-07-29T00:00:00.000Z","STRIPE           TRANSFER          ST-G5G4S8J0W7I9 THE WILDFLOWER FOUNDAT","earned_income","rule_derived","","reviewed: componentless deposit, all QB accounts non-donation (0185)","4020 Services - Earned Income | BUSINESS CHECKING (XXXXXX 8945)","Stripe","[{""source"":""deposit_qbo_components"",""id"":""dqc_iewLJOsfp0jPJtGKlmfBd"",""staged_payment_id"":""iewLJOsfp0jPJtGKlmfBd"",""qb_deposit_id"":""8388"",""qb_entity_type"":""deposit"",""qb_entity_id"":""8388"",""amount"":""955.60"",""date_received"":""2019-07-29T00:00:00.000Z"",""payer"":""Stripe"",""accounts"":[""4020 Services - Earned Income"",""BUSINESS CHECKING (XXXXXX 8945)""],""classes"":[""Existing School Support (deleted)""],""raw_reference"":""STRIPE           TRANSFER          ST-G5G4S8J0W7I9 THE WILDFLOWER FOUNDAT"",""line_description"":""STRIPE           TRANSFER          ST-G5G4S8J0W7I9 THE WILDFLOWER FOUNDAT"",""transaction_memo"":""STRIPE           TRANSFER          ST-G5G4S8J0W7I9 THE WILDFLOWER FOUNDAT""}]"
"bdep_435ab2d28b8d8568ad893052","2522.44","2024-11-26T00:00:00.000Z","Wild Rose Montes Receivable        016NYNZQY3K7MOO 016NYNZQY3K7MOO Wild Rose Montes Bill.com Inv CS","membership","rule_derived","","reviewed: componentless deposit, all QB accounts non-donation (0185)","Network Membership Fees (School SItes)","Wild Rose Montessori School Inc","[{""source"":""deposit_qbo_components"",""id"":""dqc_Migbijz20YE3Fh9533mZT"",""staged_payment_id"":""Migbijz20YE3Fh9533mZT"",""qb_deposit_id"":""30962"",""qb_entity_type"":""payment"",""qb_entity_id"":""30780"",""amount"":""2522.44"",""date_received"":""2024-11-25T00:00:00.000Z"",""payer"":""Wild Rose Montessori School Inc"",""accounts"":[""Network Membership Fees (School SItes)""],""items"":[""School Contributions""],""raw_reference"":""P24111902 - 5325956"",""line_description"":""Inv CSP 9.1.36"",""transaction_memo"":""Inv CSP 9.1.36""}]"
"bdep_43d2036f1a81457ddb7c6c18","1517.18","2020-04-10T00:00:00.000Z","COBRA TRUST ACCT BASICPacif                        COBRA REMIT","expense_refund","rule_derived","","reviewed: componentless deposit, all QB accounts non-donation (0185)","2002 Benefit Liability | BUSINESS CHECKING (XXXXXX 8945)","","[{""source"":""deposit_qbo_components"",""id"":""dqc_zfp7L__b3ha9xr5gB8gys"",""staged_payment_id"":""zfp7L__b3ha9xr5gB8gys"",""qb_deposit_id"":""11590"",""qb_entity_type"":""deposit"",""qb_entity_id"":""11590"",""amount"":""1517.18"",""date_received"":""2020-04-10T00:00:00.000Z"",""accounts"":[""2002 Benefit Liability"",""BUSINESS CHECKING (XXXXXX 8945)""],""classes"":[""National (deleted)""],""raw_reference"":""BUSINESS CHECKING (XXXXXX 8945)"",""line_description"":""COBRA TRUST ACCT BASICPacif                        COBRA REMIT""}]"
"bdep_44269a2243f26c748ce888bc","53.83","2019-04-03T00:00:00.000Z","STRIPE           TRANSFER          ST-D4B5T7U9S0J5 X","earned_income","rule_derived","","reviewed: componentless deposit, all QB accounts non-donation (0185)","4020 Services - Earned Income | BUSINESS CHECKING (XXXXXX 8945)","Stripe","[{""source"":""deposit_qbo_components"",""id"":""dqc_Vit13pW9b0oi4CFElZna0"",""staged_payment_id"":""Vit13pW9b0oi4CFElZna0"",""qb_deposit_id"":""6939"",""qb_entity_type"":""deposit"",""qb_entity_id"":""6939"",""amount"":""53.83"",""date_received"":""2019-04-03T00:00:00.000Z"",""payer"":""Stripe"",""accounts"":[""4020 Services - Earned Income"",""BUSINESS CHECKING (XXXXXX 8945)""],""classes"":[""Existing School Support (deleted)""],""raw_reference"":""STRIPE           TRANSFER          ST-D4B5T7U9S0J5 X"",""line_description"":""STRIPE           TRANSFER          ST-D4B5T7U9S0J5 X"",""transaction_memo"":""STRIPE           TRANSFER          ST-D4B5T7U9S0J5 X""}]"
"bdep_443f58242983688b851cce60","96.50","2018-11-26T00:00:00.000Z","STRIPE           TRANSFER                          X 201811264","earned_income","rule_derived","","reviewed: componentless deposit, all QB accounts non-donation (0185)","4020 Services - Earned Income | BUSINESS CHECKING (XXXXXX 8945)","","[{""source"":""deposit_qbo_components"",""id"":""dqc_h-_yleW6bebPvcOMnXhRL"",""staged_payment_id"":""h-_yleW6bebPvcOMnXhRL"",""qb_deposit_id"":""5356"",""qb_entity_type"":""deposit"",""qb_entity_id"":""5356"",""amount"":""96.50"",""date_received"":""2018-11-26T00:00:00.000Z"",""accounts"":[""4020 Services - Earned Income"",""BUSINESS CHECKING (XXXXXX 8945)""],""raw_reference"":""STRIPE           TRANSFER                          X 201811264"",""line_description"":""STRIPE           TRANSFER                          X 201811264"",""transaction_memo"":""STRIPE           TRANSFER                          X 201811264""}]"
"bdep_460f6f9d3bcff2f395a324e3","30000.00","2022-05-26T00:00:00.000Z","WT SEQ149612 THE WILDFLOWER LOAN FUN /ORG=                                            SRF#    OW00002224673917 TRN#220526149612  RFB#    OW00002224673917","loan","rule_derived","","reviewed: componentless deposit, all QB accounts non-donation (0185)","2101 Due to (from) Loan Funds:Due to (from) Loan Fund I | BUSINESS CHECKING (XXXXXX 8945)","LOAN FUND 1","[{""source"":""deposit_qbo_components"",""id"":""dqc_3A22Lt-OOjG7-FCK8R0vA"",""staged_payment_id"":""3A22Lt-OOjG7-FCK8R0vA"",""qb_deposit_id"":""20121"",""qb_entity_type"":""deposit"",""qb_entity_id"":""20121"",""amount"":""30000.00"",""date_received"":""2022-05-26T00:00:00.000Z"",""payer"":""LOAN FUND 1"",""accounts"":[""2101 Due to (from) Loan Funds:Due to (from) Loan Fund I"",""BUSINESS CHECKING (XXXXXX 8945)""],""raw_reference"":""BUSINESS CHECKING (XXXXXX 8945)"",""line_description"":""WT SEQ149612 THE WILDFLOWER LOAN FUN /ORG=                                            SRF#    OW00002224673917 TRN#220526149612  RFB#    OW00002224673917""}]"
"bdep_465be9af41f3c5211933e8c6","552.48","2023-06-13T00:00:00.000Z","BASIC            BASICCOBRA 230613                 The Wildflower Foundat","expense_refund","rule_derived","","reviewed: componentless deposit, all QB accounts non-donation (0185)","2002 Benefit Liability | BUSINESS CHECKING (XXXXXX 8945)","","[{""source"":""deposit_qbo_components"",""id"":""dqc_-fQ0G6E8zgHgvxMpIUqP0"",""staged_payment_id"":""-fQ0G6E8zgHgvxMpIUqP0"",""qb_deposit_id"":""25191"",""qb_entity_type"":""deposit"",""qb_entity_id"":""25191"",""amount"":""552.48"",""date_received"":""2023-06-13T00:00:00.000Z"",""accounts"":[""2002 Benefit Liability"",""BUSINESS CHECKING (XXXXXX 8945)""],""raw_reference"":""BUSINESS CHECKING (XXXXXX 8945)"",""line_description"":""BASIC            BASICCOBRA 230613                 The Wildflower Foundat""}]"
"bdep_46ae37d49ee76a4a4ebf2e64","868.27","2019-10-10T00:00:00.000Z","COBRA TRUST ACCT BASICPacif                        COBRA REMIT","expense_refund","rule_derived","","reviewed: componentless deposit, all QB accounts non-donation (0185)","2002 Benefit Liability | BUSINESS CHECKING (XXXXXX 8945)","","[{""source"":""deposit_qbo_components"",""id"":""dqc_dfhsoHKtAfynAJtexJ4tA"",""staged_payment_id"":""dfhsoHKtAfynAJtexJ4tA"",""qb_deposit_id"":""9225"",""qb_entity_type"":""deposit"",""qb_entity_id"":""9225"",""amount"":""868.27"",""date_received"":""2019-10-10T00:00:00.000Z"",""accounts"":[""2002 Benefit Liability"",""BUSINESS CHECKING (XXXXXX 8945)""],""classes"":[""National (deleted)""],""raw_reference"":""BUSINESS CHECKING (XXXXXX 8945)"",""line_description"":""COBRA TRUST ACCT BASICPacif                        COBRA REMIT""}]"
"bdep_476a5d14726990e4228168e7","70.28","2024-07-18T00:00:00.000Z","GUSTO            TLR 029736 240718 6semk1nbfse     The Wildflower Foundat","expense_refund","rule_derived","","reviewed: componentless deposit, all QB accounts non-donation (0185)","7010.4 Payroll:3.Benefits:Payroll Taxes | BUSINESS CHECKING (XXXXXX 8945)","Gusto","[{""source"":""deposit_qbo_components"",""id"":""dqc__TOpCb0boNsg5dIbGdXMX"",""staged_payment_id"":""_TOpCb0boNsg5dIbGdXMX"",""qb_deposit_id"":""29590"",""qb_entity_type"":""deposit"",""qb_entity_id"":""29590"",""amount"":""70.28"",""date_received"":""2024-07-18T00:00:00.000Z"",""payer"":""Gusto"",""accounts"":[""7010.4 Payroll:3.Benefits:Payroll Taxes"",""BUSINESS CHECKING (XXXXXX 8945)""],""raw_reference"":""Credit Refund Tax liability refund for 2024-07-17"",""line_description"":""Credit Refund Tax liability refund for 2024-07-17"",""transaction_memo"":""Credit Refund Tax liability refund for 2024-07-17""}]"
"bdep_479b5405781c22892f0c5223","468.90","2023-09-22T00:00:00.000Z","BUSINESS CHECKIN Expensify         R00d7NqAPlSp    BUSINESS CHECKING","expense_refund","rule_derived","","reviewed: componentless deposit, all QB accounts non-donation (0185)","7016 All Other Expenditures:Transportation, Hotel & Housing Costs | BUSINESS CHECKING (XXXXXX 8945)","Erica Cantoni","[{""source"":""deposit_qbo_components"",""id"":""dqc_P7zdaoJ17tmPEEe3zbWNv"",""staged_payment_id"":""P7zdaoJ17tmPEEe3zbWNv"",""qb_deposit_id"":""26184"",""qb_entity_type"":""deposit"",""qb_entity_id"":""26184"",""amount"":""468.90"",""date_received"":""2023-09-22T00:00:00.000Z"",""payer"":""Erica Cantoni"",""accounts"":[""7016 All Other Expenditures:Transportation, Hotel & Housing Costs"",""BUSINESS CHECKING (XXXXXX 8945)""],""classes"":[""National (deleted):Wholeness, Equity, Libertory Leadership (deleted)""],""raw_reference"":""BUSINESS CHECKING (XXXXXX 8945)"",""line_description"":""BUSINESS CHECKIN Expensify         R00d7NqAPlSp    BUSINESS CHECKING""}]"
"bdep_48ae3c66984919b7fcca2418","0.70","2026-04-09T00:00:00.000Z","GUSTO PAYROLL    TAX 930477 260409 6semk88580r     The Wildflower Foundat","expense_refund","rule_derived","","reviewed: componentless deposit, all QB accounts non-donation (0185)","7010.4 Payroll:3.Benefits:Payroll Taxes | BUSINESS CHECKING (XXXXXX 8945)","Gusto","[{""source"":""deposit_qbo_components"",""id"":""dqc_-4HlDHIpVMA9qjNhZ9Rq4"",""staged_payment_id"":""-4HlDHIpVMA9qjNhZ9Rq4"",""qb_deposit_id"":""38934"",""qb_entity_type"":""deposit"",""qb_entity_id"":""38934"",""amount"":""0.70"",""date_received"":""2026-04-09T00:00:00.000Z"",""payer"":""Gusto"",""accounts"":[""7010.4 Payroll:3.Benefits:Payroll Taxes"",""BUSINESS CHECKING (XXXXXX 8945)""],""raw_reference"":""To adjust payroll taxes"",""line_description"":""To adjust payroll taxes"",""transaction_memo"":""To adjust payroll taxes""}]"
"bdep_4920735bd82866f33adabb1b","5075.86","2025-02-03T00:00:00.000Z","ATM CHECK DEPOSIT              ON              02/02 7900 Xerxes Ave S Ste 201 Bloomington   MN  0000275           ATM ID 9961Z    CARD 0628","expense_refund","rule_derived","","reviewed: componentless deposit, all QB accounts non-donation (0185)","7010.4 Payroll:3.Benefits:Payroll Taxes | BUSINESS CHECKING (XXXXXX 8945)","","[{""source"":""deposit_qbo_components"",""id"":""dqc_R71zVNSZTLhZjpuIjwZE-"",""staged_payment_id"":""R71zVNSZTLhZjpuIjwZE-"",""qb_deposit_id"":""32500"",""qb_entity_type"":""deposit"",""qb_entity_id"":""32500"",""amount"":""5075.86"",""date_received"":""2025-02-03T00:00:00.000Z"",""accounts"":[""7010.4 Payroll:3.Benefits:Payroll Taxes"",""BUSINESS CHECKING (XXXXXX 8945)""],""raw_reference"":""0624 F-941 ref 01 $170.69 interest"",""line_description"":""ATM CHECK DEPOSIT              ON              02/02 7900 Xerxes Ave S Ste 201 Bloomington   MN  0000275           ATM ID 9961Z    CARD 0628"",""transaction_memo"":""0624 F-941 ref 01 $170.69 interest""}]"
"bdep_4a80fc8ed2ff251d74237d49","18705.00","2021-04-20T00:00:00.000Z","WT SEQ#74369 WF RETURN WIRES IN PROC /ORG=                                            SRF#    2021041500207162 TRN#210420074369  RFB#","expense_refund","rule_derived","","reviewed: componentless deposit, all QB accounts non-donation (0185)","7031 All Other Expenditures:Research Partnerships | BUSINESS CHECKING (XXXXXX 8945)","The College Foundation of the University of Virginia","[{""source"":""deposit_qbo_components"",""id"":""dqc_atgEgiIK5_92P9XwIzdgy"",""staged_payment_id"":""atgEgiIK5_92P9XwIzdgy"",""qb_deposit_id"":""15502"",""qb_entity_type"":""deposit"",""qb_entity_id"":""15502"",""amount"":""18705.00"",""date_received"":""2021-04-20T00:00:00.000Z"",""payer"":""The College Foundation of the University of Virginia"",""accounts"":[""7031 All Other Expenditures:Research Partnerships"",""BUSINESS CHECKING (XXXXXX 8945)""],""classes"":[""National (deleted):Observation Support Technology (deleted)""],""raw_reference"":""BUSINESS CHECKING (XXXXXX 8945)"",""line_description"":""WT SEQ#74369 WF RETURN WIRES IN PROC /ORG=                                            SRF#    2021041500207162 TRN#210420074369  RFB#""}]"
"bdep_4ac404a935350b6f26f6767a","153.85","2018-10-16T00:00:00.000Z","STRIPE TRANSFER X","earned_income","rule_derived","","reviewed: componentless deposit, all QB accounts non-donation (0185)","4020 Services - Earned Income | BUSINESS CHECKING (XXXXXX 8945)","","[{""source"":""deposit_qbo_components"",""id"":""dqc_hBHA9pme31q2bAKQMFOMb"",""staged_payment_id"":""hBHA9pme31q2bAKQMFOMb"",""qb_deposit_id"":""4803"",""qb_entity_type"":""deposit"",""qb_entity_id"":""4803"",""amount"":""153.85"",""date_received"":""2018-10-16T00:00:00.000Z"",""accounts"":[""4020 Services - Earned Income"",""BUSINESS CHECKING (XXXXXX 8945)""],""classes"":[""Overhead (deleted)""],""raw_reference"":""STRIPE TRANSFER X"",""line_description"":""STRIPE TRANSFER X"",""transaction_memo"":""STRIPE TRANSFER X""}]"
"bdep_4aef10dd854a726754c50780","1767.42","2019-12-10T00:00:00.000Z","COBRA TRUST ACCT BASICPacif                        COBRA REMIT","expense_refund","rule_derived","","reviewed: componentless deposit, all QB accounts non-donation (0185)","2002 Benefit Liability | BUSINESS CHECKING (XXXXXX 8945)","","[{""source"":""deposit_qbo_components"",""id"":""dqc_AZEmVxbdkmsUZcxXWnrca"",""staged_payment_id"":""AZEmVxbdkmsUZcxXWnrca"",""qb_deposit_id"":""10522"",""qb_entity_type"":""deposit"",""qb_entity_id"":""10522"",""amount"":""1767.42"",""date_received"":""2019-12-10T00:00:00.000Z"",""accounts"":[""2002 Benefit Liability"",""BUSINESS CHECKING (XXXXXX 8945)""],""classes"":[""National (deleted)""],""raw_reference"":""BUSINESS CHECKING (XXXXXX 8945)"",""line_description"":""COBRA TRUST ACCT BASICPacif                        COBRA REMIT""}]"
"bdep_4b57f2b9585e96ab2e0246d1","57.67","2025-10-20T00:00:00.000Z","Wild Rose Montes Receivable        016CEXOCZ3W6MOO 016CEXOCZ3W6MOO Wild Rose Montes Bill.com Inv TW","membership","rule_derived","","reviewed: componentless deposit, all QB accounts non-donation (0185)","Network Membership Fees (School SItes)","Wild Rose Montessori School Inc","[{""source"":""deposit_qbo_components"",""id"":""dqc_dBE12_LSninPv0uchFOPJ"",""staged_payment_id"":""dBE12_LSninPv0uchFOPJ"",""qb_deposit_id"":""36548"",""qb_entity_type"":""payment"",""qb_entity_id"":""35713"",""amount"":""57.67"",""date_received"":""2025-10-17T00:00:00.000Z"",""payer"":""Wild Rose Montessori School Inc"",""accounts"":[""Network Membership Fees (School SItes)""],""items"":[""School Contributions""],""raw_reference"":""P25101402 - 6366799"",""line_description"":""Inv TWF - Oct Invoice038"",""transaction_memo"":""Inv TWF - Oct Invoice038""}]"
"bdep_4bb8bd8e9249e279864e854a","868.27","2019-09-10T00:00:00.000Z","COBRA TRUST ACCT BASICPacif                        COBRA REMIT","expense_refund","rule_derived","","reviewed: componentless deposit, all QB accounts non-donation (0185)","2002 Benefit Liability | BUSINESS CHECKING (XXXXXX 8945)","","[{""source"":""deposit_qbo_components"",""id"":""dqc_iYVrmf5Yl0s9Uu80tJbfS"",""staged_payment_id"":""iYVrmf5Yl0s9Uu80tJbfS"",""qb_deposit_id"":""8958"",""qb_entity_type"":""deposit"",""qb_entity_id"":""8958"",""amount"":""868.27"",""date_received"":""2019-09-10T00:00:00.000Z"",""accounts"":[""2002 Benefit Liability"",""BUSINESS CHECKING (XXXXXX 8945)""],""classes"":[""Overhead (deleted)""],""raw_reference"":""BUSINESS CHECKING (XXXXXX 8945)"",""line_description"":""COBRA TRUST ACCT BASICPacif                        COBRA REMIT""}]"
"bdep_4c459ba5f80a1acc1390c4ee","545.45","2024-10-03T00:00:00.000Z","Sage Montessori  Bill.com          016BNRCBI3I5Q2G  Sage Montessori Bill.com 016BNRCBI3I5Q2G Inv 79","membership","rule_derived","","reviewed: componentless deposit, all QB accounts non-donation (0185)","Network Membership Fees (School SItes)","Sage Montessori, Inc.","[{""source"":""deposit_qbo_components"",""id"":""dqc_JlB5T9vwVVnjHQD4cJNBt"",""staged_payment_id"":""JlB5T9vwVVnjHQD4cJNBt"",""qb_deposit_id"":""30622"",""qb_entity_type"":""payment"",""qb_entity_id"":""30161"",""amount"":""545.45"",""date_received"":""2024-10-02T00:00:00.000Z"",""payer"":""Sage Montessori, Inc."",""accounts"":[""Network Membership Fees (School SItes)""],""items"":[""School Contributions""],""raw_reference"":""P24092701 - 7622730"",""line_description"":""Inv 79252461-224"",""transaction_memo"":""Inv 79252461-224""}]"
"bdep_4c610330d3e3f49dce2efa20","25.00","2024-06-17T00:00:00.000Z","MBI              SETL       240615 MED-I-BANK      MED-I-BANK","expense_refund","rule_derived","","reviewed: componentless deposit, all QB accounts non-donation (0185)","2002 Benefit Liability | BUSINESS CHECKING (XXXXXX 8945)","MBI","[{""source"":""deposit_qbo_components"",""id"":""dqc_rrOLg4HWuoXM-NAUgW4uQ"",""staged_payment_id"":""rrOLg4HWuoXM-NAUgW4uQ"",""qb_deposit_id"":""29028"",""qb_entity_type"":""deposit"",""qb_entity_id"":""29028"",""amount"":""25.00"",""date_received"":""2024-06-17T00:00:00.000Z"",""payer"":""MBI"",""accounts"":[""2002 Benefit Liability"",""BUSINESS CHECKING (XXXXXX 8945)""],""raw_reference"":""BUSINESS CHECKING (XXXXXX 8945)"",""line_description"":""MBI              SETL       240615 MED-I-BANK      MED-I-BANK""}]"
"bdep_4d6475d0abae46bd9c972c6f","1557.48","2026-03-10T00:00:00.000Z","Bill.com         Receivable        015JTZSPSHWCQPR Dahlia (San Francisco) Bill.com 015JTZSPSHWCQPR","membership","rule_derived","","reviewed: affiliated-school membership (name-confirmed; 0176)","","","[{""source"":""bank_deposit_qbo_register"",""id"":""bdqr_bdep_4d6475d0abae46bd9c972c6f"",""bank_transaction_id"":""bnk_5054cd71240d11f4b3f7eb2f"",""amount"":""1557.48"",""txn_date"":""2026-03-10T00:00:00.000Z"",""txn_type"":""Journal"",""ref_no"":""JE CSP # Jan 33"",""memo"":""BILL 03/10/26 AR Payments"",""reconciliation_status"":""Reconciled""}]"
"bdep_4d9bf86ce3a1d5dcdbeb6b77","868.27","2019-04-10T00:00:00.000Z","COBRA TRUST ACCT BASICPacif                        COBRA REMIT","expense_refund","rule_derived","","reviewed: componentless deposit, all QB accounts non-donation (0185)","2002 Benefit Liability | BUSINESS CHECKING (XXXXXX 8945)","","[{""source"":""deposit_qbo_components"",""id"":""dqc_jBYqzvNdh6OoXfaADVj7Y"",""staged_payment_id"":""jBYqzvNdh6OoXfaADVj7Y"",""qb_deposit_id"":""6955"",""qb_entity_type"":""deposit"",""qb_entity_id"":""6955"",""amount"":""868.27"",""date_received"":""2019-04-10T00:00:00.000Z"",""accounts"":[""2002 Benefit Liability"",""BUSINESS CHECKING (XXXXXX 8945)""],""classes"":[""Overhead (deleted)""],""raw_reference"":""COBRA TRUST ACCT BASICPacif                        COBRA REMIT"",""line_description"":""COBRA TRUST ACCT BASICPacif                        COBRA REMIT"",""transaction_memo"":""COBRA TRUST ACCT BASICPacif                        COBRA REMIT""}]"
"bdep_4dc86e81bcad756d3faa78b0","518.88","2019-07-23T00:00:00.000Z","STRIPE           TRANSFER          ST-U9R7Z8F2X0I9 THE WILDFLOWER FOUNDAT","earned_income","rule_derived","","reviewed: componentless deposit, all QB accounts non-donation (0185)","4020 Services - Earned Income | BUSINESS CHECKING (XXXXXX 8945)","Stripe","[{""source"":""deposit_qbo_components"",""id"":""dqc_LpnoZ7Nj2iEDg99W7IRKQ"",""staged_payment_id"":""LpnoZ7Nj2iEDg99W7IRKQ"",""qb_deposit_id"":""8305"",""qb_entity_type"":""deposit"",""qb_entity_id"":""8305"",""amount"":""518.88"",""date_received"":""2019-07-23T00:00:00.000Z"",""payer"":""Stripe"",""accounts"":[""4020 Services - Earned Income"",""BUSINESS CHECKING (XXXXXX 8945)""],""classes"":[""Existing School Support (deleted)""],""raw_reference"":""STRIPE           TRANSFER          ST-U9R7Z8F2X0I9 THE WILDFLOWER FOUNDAT"",""line_description"":""STRIPE           TRANSFER          ST-U9R7Z8F2X0I9 THE WILDFLOWER FOUNDAT"",""transaction_memo"":""STRIPE           TRANSFER          ST-U9R7Z8F2X0I9 THE WILDFLOWER FOUNDAT""}]"
"bdep_4eefe62ccc177ea2334023b1","889.06","2020-02-10T00:00:00.000Z","COBRA TRUST ACCT BASICPacif                        COBRA REMIT","expense_refund","rule_derived","","reviewed: componentless deposit, all QB accounts non-donation (0185)","2002 Benefit Liability | BUSINESS CHECKING (XXXXXX 8945)","","[{""source"":""deposit_qbo_components"",""id"":""dqc_tvb1Be4Qg0cleAYYW2clt"",""staged_payment_id"":""tvb1Be4Qg0cleAYYW2clt"",""qb_deposit_id"":""11154"",""qb_entity_type"":""deposit"",""qb_entity_id"":""11154"",""amount"":""889.06"",""date_received"":""2020-02-10T00:00:00.000Z"",""accounts"":[""2002 Benefit Liability"",""BUSINESS CHECKING (XXXXXX 8945)""],""classes"":[""National (deleted)""],""raw_reference"":""BUSINESS CHECKING (XXXXXX 8945)"",""line_description"":""COBRA TRUST ACCT BASICPacif                        COBRA REMIT""}]"
"bdep_4f33616b20bc4740d06b30a7","811.08","2024-11-14T00:00:00.000Z","Snowdrop Montess Bill.com          026XLHHFP15QKOD Snowdrop Montessori School, Inc. Bill.com 026XLH","membership","rule_derived","","reviewed: componentless deposit, all QB accounts non-donation (0185)","Network Membership Fees (School SItes)","Snowdrop Montessori School Inc","[{""source"":""deposit_qbo_components"",""id"":""dqc_igRYORkedLhbtHNELg_4M"",""staged_payment_id"":""igRYORkedLhbtHNELg_4M"",""qb_deposit_id"":""30939"",""qb_entity_type"":""payment"",""qb_entity_id"":""30598"",""amount"":""811.08"",""date_received"":""2024-11-13T00:00:00.000Z"",""payer"":""Snowdrop Montessori School Inc"",""accounts"":[""Network Membership Fees (School SItes)""],""items"":[""School Contributions""],""raw_reference"":""P24110702 - 2561197"",""line_description"":""Inv 79252461-256"",""transaction_memo"":""Inv 79252461-256""}]"
"bdep_4f5df32b3f295b5a34e0df21","500000.00","2024-09-09T00:00:00.000Z","TRANSFER FROM BRK ****9888 REF# 547252964","intercompany_transfer","rule_derived","","reviewed: componentless deposit, all QB accounts non-donation (0185)","1004 BROKERAGE | BUSINESS CHECKING (XXXXXX 8945)","","[{""source"":""deposit_qbo_components"",""id"":""dqc_IvSmM7gNnWDgSLMjIv0qW"",""staged_payment_id"":""IvSmM7gNnWDgSLMjIv0qW"",""qb_deposit_id"":""30460"",""qb_entity_type"":""deposit"",""qb_entity_id"":""30460"",""amount"":""500000.00"",""date_received"":""2024-09-09T00:00:00.000Z"",""accounts"":[""1004 BROKERAGE"",""BUSINESS CHECKING (XXXXXX 8945)""],""raw_reference"":""BUSINESS CHECKING (XXXXXX 8945)"",""line_description"":""TRANSFER FROM BRK ****9888 REF# 547252964""}]"
"bdep_4f64fed0766d7d8ffd8b6255","120.42","2021-01-25T00:00:00.000Z","INTUIT PYMT SOLN HIST RTN   210125 524771990592861 THE WILDFLOWER FOUNDAT","expense_refund","rule_derived","","reviewed: componentless deposit, all QB accounts non-donation (0185)","7003 All Other Expenditures:Bank Charges | BUSINESS CHECKING (XXXXXX 8945)","QuickBooks Payments","[{""source"":""deposit_qbo_components"",""id"":""dqc_MchQMXONzeesRuTJCOB7V"",""staged_payment_id"":""MchQMXONzeesRuTJCOB7V"",""qb_deposit_id"":""14388"",""qb_entity_type"":""deposit"",""qb_entity_id"":""14388"",""amount"":""120.42"",""date_received"":""2021-01-25T00:00:00.000Z"",""payer"":""QuickBooks Payments"",""accounts"":[""7003 All Other Expenditures:Bank Charges"",""BUSINESS CHECKING (XXXXXX 8945)""],""classes"":[""National (deleted):Foundation Operations (deleted)""],""raw_reference"":""BUSINESS CHECKING (XXXXXX 8945)"",""line_description"":""INTUIT PYMT SOLN HIST RTN   210125 524771990592861 THE WILDFLOWER FOUNDAT""}]"
"bdep_500540114175bc4062882b3b","28.83","2019-04-11T00:00:00.000Z","STRIPE           TRANSFER          ST-V9G8D6K2O3I3 THE WILDFLOWER FOUNDAT","earned_income","rule_derived","","reviewed: componentless deposit, all QB accounts non-donation (0185)","4020 Services - Earned Income | BUSINESS CHECKING (XXXXXX 8945)","Stripe","[{""source"":""deposit_qbo_components"",""id"":""dqc_itWHhomgn3OYFMAIbkrYK"",""staged_payment_id"":""itWHhomgn3OYFMAIbkrYK"",""qb_deposit_id"":""6943"",""qb_entity_type"":""deposit"",""qb_entity_id"":""6943"",""amount"":""28.83"",""date_received"":""2019-04-11T00:00:00.000Z"",""payer"":""Stripe"",""accounts"":[""4020 Services - Earned Income"",""BUSINESS CHECKING (XXXXXX 8945)""],""classes"":[""Existing School Support (deleted)""],""raw_reference"":""STRIPE           TRANSFER          ST-V9G8D6K2O3I3 THE WILDFLOWER FOUNDAT"",""line_description"":""STRIPE           TRANSFER          ST-V9G8D6K2O3I3 THE WILDFLOWER FOUNDAT"",""transaction_memo"":""STRIPE           TRANSFER          ST-V9G8D6K2O3I3 THE WILDFLOWER FOUNDAT""}]"
"bdep_5018704a50d8fd2c191380d0","132.94","2020-07-13T00:00:00.000Z","STRIPE           TRANSFER          ST-H1V8G0K6G9L5 THE WILDFLOWER FOUNDAT","earned_income","rule_derived","","reviewed: componentless deposit, all QB accounts non-donation (0185)","4020 Services - Earned Income | BUSINESS CHECKING (XXXXXX 8945)","Stripe","[{""source"":""deposit_qbo_components"",""id"":""dqc_40A9WetzT2JnuP_KbGekI"",""staged_payment_id"":""40A9WetzT2JnuP_KbGekI"",""qb_deposit_id"":""12888"",""qb_entity_type"":""deposit"",""qb_entity_id"":""12888"",""amount"":""132.94"",""date_received"":""2020-07-13T00:00:00.000Z"",""payer"":""Stripe"",""accounts"":[""4020 Services - Earned Income"",""BUSINESS CHECKING (XXXXXX 8945)""],""classes"":[""Spo - Embracing Equity (deleted)""],""raw_reference"":""BUSINESS CHECKING (XXXXXX 8945)"",""line_description"":""STRIPE           TRANSFER          ST-H1V8G0K6G9L5 THE WILDFLOWER FOUNDAT""}]"
"bdep_502a3d6deebad46770f99ef0","175.00","2020-03-06T00:00:00.000Z","MBI              SETL       200305 MED-I-BANK      MED-I-BANK","expense_refund","rule_derived","","reviewed: componentless deposit, all QB accounts non-donation (0185)","2002 Benefit Liability | BUSINESS CHECKING (XXXXXX 8945)","MBI","[{""source"":""deposit_qbo_components"",""id"":""dqc_HOaqti0ptfltVpHTR_NuY"",""staged_payment_id"":""HOaqti0ptfltVpHTR_NuY"",""qb_deposit_id"":""11539"",""qb_entity_type"":""deposit"",""qb_entity_id"":""11539"",""amount"":""175.00"",""date_received"":""2020-03-06T00:00:00.000Z"",""payer"":""MBI"",""accounts"":[""2002 Benefit Liability"",""BUSINESS CHECKING (XXXXXX 8945)""],""classes"":[""National (deleted)""],""raw_reference"":""BUSINESS CHECKING (XXXXXX 8945)"",""line_description"":""MBI              SETL       200305 MED-I-BANK      MED-I-BANK""}]"
"bdep_5066e2a1d5b87e4d996f1082","13300.00","2024-01-10T00:00:00.000Z","Wild Rose Montes Bill.com          025DYDMNVYR7Q3K Wild Rose Montessori School Bill.com 025DYDMNVYR","membership","rule_derived","","reviewed: componentless deposit, all QB accounts non-donation (0185)","Network Membership Fees (School SItes)","Wild Rose Montessori School Inc","[{""source"":""deposit_qbo_components"",""id"":""dqc_BmcVgxi42Xn0dakK9QXbf"",""staged_payment_id"":""BmcVgxi42Xn0dakK9QXbf"",""qb_deposit_id"":""27445"",""qb_entity_type"":""payment"",""qb_entity_id"":""27201"",""amount"":""13300.00"",""date_received"":""2024-01-10T00:00:00.000Z"",""payer"":""Wild Rose Montessori School Inc"",""accounts"":[""Network Membership Fees (School SItes)""],""classes"":[""National (deleted):Foundation General (deleted)""],""items"":[""School Contributions""],""raw_reference"":""P23120802 - 2496213"",""line_description"":""Inv 79252458"",""transaction_memo"":""Inv 79252458""}]"
"bdep_50e4fefce0fe03816c3ee1ca","545.45","2024-12-30T00:00:00.000Z","Desert Peach Mon Bill.com          026LGAQCD17TCN9 Desert Peach Montessori School Bill.com 026LGAQC","membership","rule_derived","","reviewed: componentless deposit, all QB accounts non-donation (0185)","Network Membership Fees (School SItes)","Desert Peach Montessori","[{""source"":""deposit_qbo_components"",""id"":""dqc_pLJT8futk87au9Lxy3QvT"",""staged_payment_id"":""pLJT8futk87au9Lxy3QvT"",""qb_deposit_id"":""32035"",""qb_entity_type"":""payment"",""qb_entity_id"":""31310"",""amount"":""545.45"",""date_received"":""2024-12-27T00:00:00.000Z"",""payer"":""Desert Peach Montessori"",""accounts"":[""Network Membership Fees (School SItes)""],""items"":[""School Contributions""],""raw_reference"":""P24122102 - 3206480"",""line_description"":""Invoice965412974"",""transaction_memo"":""Invoice965412974""}]"
"bdep_5264eadae202d4f2f9ec1112","1.24","2021-04-07T00:00:00.000Z","GUSTO            TLR 731226 210407 6semjpkh31q     The Wildflower Foundat","expense_refund","rule_derived","","reviewed: componentless deposit, all QB accounts non-donation (0185)","2002 Benefit Liability | BUSINESS CHECKING (XXXXXX 8945)","Gusto","[{""source"":""deposit_qbo_components"",""id"":""dqc_i_xqnojgVoRbNWt5CJnIT"",""staged_payment_id"":""i_xqnojgVoRbNWt5CJnIT"",""qb_deposit_id"":""15500"",""qb_entity_type"":""deposit"",""qb_entity_id"":""15500"",""amount"":""1.24"",""date_received"":""2021-04-07T00:00:00.000Z"",""payer"":""Gusto"",""accounts"":[""2002 Benefit Liability"",""BUSINESS CHECKING (XXXXXX 8945)""],""classes"":[""National (deleted):Foundation Operations (deleted)""],""raw_reference"":""BUSINESS CHECKING (XXXXXX 8945)"",""line_description"":""GUSTO            TLR 731226 210407 6semjpkh31q     The Wildflower Foundat""}]"
"bdep_52a79fc0312cc1c94fd994b0","681.30","2021-05-12T00:00:00.000Z","COBRA TRUST ACCT BASICPacif                        COBRA REMIT","expense_refund","rule_derived","","reviewed: componentless deposit, all QB accounts non-donation (0185)","2002 Benefit Liability | BUSINESS CHECKING (XXXXXX 8945)","","[{""source"":""deposit_qbo_components"",""id"":""dqc_-6zqe1LpSl20X7DMuB2ZJ"",""staged_payment_id"":""-6zqe1LpSl20X7DMuB2ZJ"",""qb_deposit_id"":""15658"",""qb_entity_type"":""deposit"",""qb_entity_id"":""15658"",""amount"":""681.30"",""date_received"":""2021-05-12T00:00:00.000Z"",""accounts"":[""2002 Benefit Liability"",""BUSINESS CHECKING (XXXXXX 8945)""],""classes"":[""National (deleted)""],""raw_reference"":""BUSINESS CHECKING (XXXXXX 8945)"",""line_description"":""COBRA TRUST ACCT BASICPacif                        COBRA REMIT""}]"
"bdep_5315e7b23aefe560aeeacfd4","610.81","2019-06-25T00:00:00.000Z","STRIPE           TRANSFER          ST-N0I8E4N3Z1U2 THE WILDFLOWER FOUNDAT","earned_income","rule_derived","","reviewed: componentless deposit, all QB accounts non-donation (0185)","4020 Services - Earned Income | BUSINESS CHECKING (XXXXXX 8945)","Stripe","[{""source"":""deposit_qbo_components"",""id"":""dqc_jC27OwIUdsc33HyZPhcXE"",""staged_payment_id"":""jC27OwIUdsc33HyZPhcXE"",""qb_deposit_id"":""7874"",""qb_entity_type"":""deposit"",""qb_entity_id"":""7874"",""amount"":""610.81"",""date_received"":""2019-06-25T00:00:00.000Z"",""payer"":""Stripe"",""accounts"":[""4020 Services - Earned Income"",""BUSINESS CHECKING (XXXXXX 8945)""],""classes"":[""Existing School Support (deleted)""],""raw_reference"":""STRIPE           TRANSFER          ST-N0I8E4N3Z1U2 THE WILDFLOWER FOUNDAT"",""line_description"":""STRIPE           TRANSFER          ST-N0I8E4N3Z1U2 THE WILDFLOWER FOUNDAT"",""transaction_memo"":""STRIPE           TRANSFER          ST-N0I8E4N3Z1U2 THE WILDFLOWER FOUNDAT""}]"
"bdep_53b58f72f28361085a63d4de","1454.55","2025-03-25T00:00:00.000Z","Wildflower Monte Receivable        016YNTLZK3OHPB3 016YNTLZK3OHPB3 Wildflower Monte Bill.com Inv 11","membership","rule_derived","","reviewed: componentless deposit, all QB accounts non-donation (0185)","Network Membership Fees (School SItes)","Wildflower Montessori Public Schools of Colorado (c)","[{""source"":""deposit_qbo_components"",""id"":""dqc_xHF5Oe1jmRCd5t69wVW8A"",""staged_payment_id"":""xHF5Oe1jmRCd5t69wVW8A"",""qb_deposit_id"":""33537"",""qb_entity_type"":""payment"",""qb_entity_id"":""32616"",""amount"":""1454.55"",""date_received"":""2025-03-24T00:00:00.000Z"",""payer"":""Wildflower Montessori Public Schools of Colorado (c)"",""accounts"":[""Network Membership Fees (School SItes)""],""items"":[""School Contributions""],""raw_reference"":""P25032002 - 3340461"",""line_description"":""Inv 118"",""transaction_memo"":""Inv 118""}]"
"bdep_5416bb6318d7c1588633c05e","139.27","2019-07-05T00:00:00.000Z","STRIPE           TRANSFER          ST-U0S3K4I3Q5B0 THE WILDFLOWER FOUNDAT","earned_income","rule_derived","","reviewed: componentless deposit, all QB accounts non-donation (0185)","4020 Services - Earned Income | BUSINESS CHECKING (XXXXXX 8945)","Stripe","[{""source"":""deposit_qbo_components"",""id"":""dqc_odKNjWK2pwuoU6kBEIxoF"",""staged_payment_id"":""odKNjWK2pwuoU6kBEIxoF"",""qb_deposit_id"":""7801"",""qb_entity_type"":""deposit"",""qb_entity_id"":""7801"",""amount"":""139.27"",""date_received"":""2019-07-05T00:00:00.000Z"",""payer"":""Stripe"",""accounts"":[""4020 Services - Earned Income"",""BUSINESS CHECKING (XXXXXX 8945)""],""classes"":[""Existing School Support (deleted)""],""raw_reference"":""STRIPE           TRANSFER          ST-U0S3K4I3Q5B0 THE WILDFLOWER FOUNDAT"",""line_description"":""STRIPE           TRANSFER          ST-U0S3K4I3Q5B0 THE WILDFLOWER FOUNDAT"",""transaction_memo"":""STRIPE           TRANSFER          ST-U0S3K4I3Q5B0 THE WILDFLOWER FOUNDAT""}]"
"bdep_541d4d5a90188008b7824635","33.68","2019-10-10T00:00:00.000Z","STRIPE           TRANSFER          ST-X7P3X9U5V0G2 THE WILDFLOWER FOUNDAT","earned_income","rule_derived","","reviewed: componentless deposit, all QB accounts non-donation (0185)","4020 Services - Earned Income | BUSINESS CHECKING (XXXXXX 8945)","Stripe","[{""source"":""deposit_qbo_components"",""id"":""dqc_Trysh1bmRtq2ehhyQQq65"",""staged_payment_id"":""Trysh1bmRtq2ehhyQQq65"",""qb_deposit_id"":""9224"",""qb_entity_type"":""deposit"",""qb_entity_id"":""9224"",""amount"":""33.68"",""date_received"":""2019-10-10T00:00:00.000Z"",""payer"":""Stripe"",""accounts"":[""4020 Services - Earned Income"",""BUSINESS CHECKING (XXXXXX 8945)""],""classes"":[""Spo - Embracing Equity (deleted)""],""raw_reference"":""BUSINESS CHECKING (XXXXXX 8945)"",""line_description"":""STRIPE           TRANSFER          ST-X7P3X9U5V0G2 THE WILDFLOWER FOUNDAT""}]"
"bdep_5433292674373624100b3b7e","212.50","2022-03-01T00:00:00.000Z","Morgan Stanley   ACH CREDIT 220228 10120855310jeqp The Wildflower Foundat","loan","rule_derived","","reviewed: componentless deposit, all QB accounts non-donation (0185)","1600 Loans to Schools | BUSINESS CHECKING (XXXXXX 8945)","Dahlia Montessori","[{""source"":""deposit_qbo_components"",""id"":""dqc_jlfc3vJdMQai4vUZXqd-q"",""staged_payment_id"":""jlfc3vJdMQai4vUZXqd-q"",""qb_deposit_id"":""19526"",""qb_entity_type"":""deposit"",""qb_entity_id"":""19526"",""amount"":""212.50"",""date_received"":""2022-03-01T00:00:00.000Z"",""payer"":""Dahlia Montessori"",""accounts"":[""1600 Loans to Schools"",""BUSINESS CHECKING (XXXXXX 8945)""],""classes"":[""National (deleted):Loans (deleted)""],""raw_reference"":""BUSINESS CHECKING (XXXXXX 8945)"",""line_description"":""Morgan Stanley   ACH CREDIT 220228 10120855310jf3y The Wildflower Foundat""}]"
"bdep_543a0d4e327cf04c8a8fd14f","2737.36","2020-07-03T00:00:00.000Z","STRIPE           TRANSFER          ST-D1Y8W5B1K1F9 THE WILDFLOWER FOUNDAT","earned_income","rule_derived","","reviewed: componentless deposit, all QB accounts non-donation (0185)","4020 Services - Earned Income | BUSINESS CHECKING (XXXXXX 8945)","Stripe","[{""source"":""deposit_qbo_components"",""id"":""dqc_FT7akP98fzj7QOxWRNLH6"",""staged_payment_id"":""FT7akP98fzj7QOxWRNLH6"",""qb_deposit_id"":""12236"",""qb_entity_type"":""deposit"",""qb_entity_id"":""12236"",""amount"":""2737.36"",""date_received"":""2020-07-03T00:00:00.000Z"",""payer"":""Stripe"",""accounts"":[""4020 Services - Earned Income"",""BUSINESS CHECKING (XXXXXX 8945)""],""classes"":[""Spo - Embracing Equity (deleted)""],""raw_reference"":""BUSINESS CHECKING (XXXXXX 8945)"",""line_description"":""STRIPE           TRANSFER          ST-D1Y8W5B1K1F9 THE WILDFLOWER FOUNDAT""}]"
"bdep_543f8ead143ec556c2152e0e","101.04","2019-07-12T00:00:00.000Z","STRIPE           TRANSFER          ST-J5O8S5K9Y8U6 THE WILDFLOWER FOUNDAT","earned_income","rule_derived","","reviewed: componentless deposit, all QB accounts non-donation (0185)","4020 Services - Earned Income | BUSINESS CHECKING (XXXXXX 8945)","Stripe","[{""source"":""deposit_qbo_components"",""id"":""dqc_J5DqVaYIM6uL0ibIf5W-R"",""staged_payment_id"":""J5DqVaYIM6uL0ibIf5W-R"",""qb_deposit_id"":""7942"",""qb_entity_type"":""deposit"",""qb_entity_id"":""7942"",""amount"":""101.04"",""date_received"":""2019-07-12T00:00:00.000Z"",""payer"":""Stripe"",""accounts"":[""4020 Services - Earned Income"",""BUSINESS CHECKING (XXXXXX 8945)""],""classes"":[""New School Support (deleted)""],""raw_reference"":""STRIPE           TRANSFER          ST-J5O8S5K9Y8U6 THE WILDFLOWER FOUNDAT"",""line_description"":""STRIPE           TRANSFER          ST-J5O8S5K9Y8U6 THE WILDFLOWER FOUNDAT"",""transaction_memo"":""STRIPE           TRANSFER          ST-J5O8S5K9Y8U6 THE WILDFLOWER FOUNDAT""}]"
"bdep_54cd973a25842e3754cfbcf3","4623.66","2026-04-22T00:00:00.000Z","Minnesota Wildfl Receivable        016XIMBQO42YJ1T 016XIMBQO42YJ1T Minnesota Wildfl Bill.com For In","membership","rule_derived","","reviewed: affiliated-school membership (name-confirmed; 0176)","1503 Pledges/Services Receivable","Minnesota Wildflower Montessori School","[{""source"":""bank_deposit_qbo_register"",""id"":""bdqr_bdep_54cd973a25842e3754cfbcf3"",""bank_transaction_id"":""bnk_d2c03a0af79b8875c19625a0"",""amount"":""4623.66"",""txn_date"":""2026-04-21T00:00:00.000Z"",""txn_type"":""Payment"",""ref_no"":""P26041801 - 5850656"",""payer"":""Minnesota Wildflower Montessori School"",""accounts"":[""1503 Pledges/Services Receivable""],""memo"":""For Invoice# TWF - April Inv050"",""reconciliation_status"":""Reconciled""}]"
"bdep_55be5c4dfc482d9cfa044d3f","628.12","2020-10-13T00:00:00.000Z","COBRA TRUST ACCT BASICPacif                        COBRA REMIT","expense_refund","rule_derived","","reviewed: componentless deposit, all QB accounts non-donation (0185)","2002 Benefit Liability | BUSINESS CHECKING (XXXXXX 8945)","","[{""source"":""deposit_qbo_components"",""id"":""dqc_UVsdcMGTMy9m9CesXOWsf"",""staged_payment_id"":""UVsdcMGTMy9m9CesXOWsf"",""qb_deposit_id"":""13675"",""qb_entity_type"":""deposit"",""qb_entity_id"":""13675"",""amount"":""628.12"",""date_received"":""2020-10-13T00:00:00.000Z"",""accounts"":[""2002 Benefit Liability"",""BUSINESS CHECKING (XXXXXX 8945)""],""raw_reference"":""BUSINESS CHECKING (XXXXXX 8945)"",""line_description"":""COBRA TRUST ACCT BASICPacif                        COBRA REMIT""}]"
"bdep_55de48dc203ea0ebbd33002b","485.20","2020-03-31T00:00:00.000Z","STRIPE           TRANSFER          ST-L4W7Z1R9B6H4 THE WILDFLOWER FOUNDAT","earned_income","rule_derived","","reviewed: componentless deposit, all QB accounts non-donation (0185)","4020 Services - Earned Income | BUSINESS CHECKING (XXXXXX 8945)","Stripe","[{""source"":""deposit_qbo_components"",""id"":""dqc_lVCb-6OlfULUMfTbiVt-e"",""staged_payment_id"":""lVCb-6OlfULUMfTbiVt-e"",""qb_deposit_id"":""11587"",""qb_entity_type"":""deposit"",""qb_entity_id"":""11587"",""amount"":""485.20"",""date_received"":""2020-03-31T00:00:00.000Z"",""payer"":""Stripe"",""accounts"":[""4020 Services - Earned Income"",""BUSINESS CHECKING (XXXXXX 8945)""],""classes"":[""Spo - Embracing Equity (deleted)""],""raw_reference"":""BUSINESS CHECKING (XXXXXX 8945)"",""line_description"":""STRIPE           TRANSFER          ST-L4W7Z1R9B6H4 THE WILDFLOWER FOUNDAT""}]"
"bdep_561bb7466d8dba7fab891173","242.45","2019-04-01T00:00:00.000Z","STRIPE           TRANSFER          ST-D8G2J4W3A3Q0 X","earned_income","rule_derived","","reviewed: componentless deposit, all QB accounts non-donation (0185)","4020 Services - Earned Income | BUSINESS CHECKING (XXXXXX 8945)","Stripe","[{""source"":""deposit_qbo_components"",""id"":""dqc_EOjVJPvCH5imYCOfCkZfM"",""staged_payment_id"":""EOjVJPvCH5imYCOfCkZfM"",""qb_deposit_id"":""6795"",""qb_entity_type"":""deposit"",""qb_entity_id"":""6795"",""amount"":""242.45"",""date_received"":""2019-04-01T00:00:00.000Z"",""payer"":""Stripe"",""accounts"":[""4020 Services - Earned Income"",""BUSINESS CHECKING (XXXXXX 8945)""],""classes"":[""Existing School Support (deleted)""],""raw_reference"":""STRIPE           TRANSFER          ST-D8G2J4W3A3Q0 X"",""line_description"":""STRIPE           TRANSFER          ST-D8G2J4W3A3Q0 X"",""transaction_memo"":""STRIPE           TRANSFER          ST-D8G2J4W3A3Q0 X""}]"
"bdep_56f550451f34b49f355effb3","1299.91","2025-06-12T00:00:00.000Z","Bill.com         Receivable        015WZNKNILJ1XEL   Tiger Lily (C) Bill.com 015WZNKNILJ1XEL Inv #T","membership","rule_derived","","reviewed: affiliated-school membership (name-confirmed; 0176)","","","[{""source"":""bank_deposit_qbo_register"",""id"":""bdqr_bdep_56f550451f34b49f355effb3"",""bank_transaction_id"":""bnk_c54f3e6b532efcd4fae8a32c"",""amount"":""1299.91"",""txn_date"":""2025-06-12T00:00:00.000Z"",""txn_type"":""Journal"",""ref_no"":""Divvy Reim 4.7.36"",""memo"":""BILL 06/12/25 AR Payments"",""reconciliation_status"":""Reconciled""}]"
"bdep_574ac6efebc07e2f56211ce6","4943.19","2023-01-17T00:00:00.000Z","BASIC            BASICCOBRA 230116                 The Wildflower Foundat","expense_refund","rule_derived","","reviewed: componentless deposit, all QB accounts non-donation (0185)","2002 Benefit Liability | BUSINESS CHECKING (XXXXXX 8945)","","[{""source"":""deposit_qbo_components"",""id"":""dqc_T5d-50nfD_78yBWwwLLaQ"",""staged_payment_id"":""T5d-50nfD_78yBWwwLLaQ"",""qb_deposit_id"":""23130"",""qb_entity_type"":""deposit"",""qb_entity_id"":""23130"",""amount"":""4943.19"",""date_received"":""2023-01-17T00:00:00.000Z"",""accounts"":[""2002 Benefit Liability"",""BUSINESS CHECKING (XXXXXX 8945)""],""raw_reference"":""BUSINESS CHECKING (XXXXXX 8945)"",""line_description"":""BASIC            BASICCOBRA 230116                 The Wildflower Foundat""}]"
"bdep_57c135636f465b0156d7c25b","24965.00","2025-09-10T00:00:00.000Z","DC WILDFLOWER PU EFT PYMT   090925 Charter School  The Wildflower Foundat","intercompany_transfer","rule_derived","","reviewed: componentless deposit, all QB accounts non-donation (0185)","1510 Other Receivable | BUSINESS CHECKING (XXXXXX 8945)","DC Wildflower PCS - Service Revenue","[{""source"":""deposit_qbo_components"",""id"":""dqc_2h2kHonWis5eMHw3WCL3A"",""staged_payment_id"":""2h2kHonWis5eMHw3WCL3A"",""qb_deposit_id"":""35901"",""qb_entity_type"":""deposit"",""qb_entity_id"":""35901"",""amount"":""24965.00"",""date_received"":""2025-09-10T00:00:00.000Z"",""payer"":""DC Wildflower PCS - Service Revenue"",""accounts"":[""1510 Other Receivable"",""BUSINESS CHECKING (XXXXXX 8945)""],""raw_reference"":""BUSINESS CHECKING (XXXXXX 8945)"",""line_description"":""DC WILDFLOWER PU EFT PYMT   090925 Charter School  The Wildflower Foundat""}]"
"bdep_57f74423addec42f0753ce03","454.55","2025-05-08T00:00:00.000Z","Lilac Montessori Receivable        016GNWXWN3Q6HJL 016GNWXWN3Q6HJL Lilac Montessori Bill.com Inv #","membership","rule_derived","","reviewed: componentless deposit, all QB accounts non-donation (0185)","Network Membership Fees (School SItes)","Lilac Montessori","[{""source"":""deposit_qbo_components"",""id"":""dqc_ED7jcIQlQ3IJOV3QF8ZyL"",""staged_payment_id"":""ED7jcIQlQ3IJOV3QF8ZyL"",""qb_deposit_id"":""33562"",""qb_entity_type"":""payment"",""qb_entity_id"":""33121"",""amount"":""454.55"",""date_received"":""2025-05-07T00:00:00.000Z"",""payer"":""Lilac Montessori"",""accounts"":[""Network Membership Fees (School SItes)""],""items"":[""School Contributions""],""raw_reference"":""P25050202 - 4221468"",""line_description"":""Inv # 21-TWF"",""transaction_memo"":""Inv # 21-TWF""}]"
"bdep_584c40c6fa73cbe2aded4535","545.45","2024-09-30T00:00:00.000Z","Desert Peach Mon Bill.com          026KPMWYQ13G9SX Desert Peach Montessori School Bill.com 026KPMWY","membership","rule_derived","","reviewed: affiliated-school membership (name-confirmed; 0176)","","",""
"bdep_58bb142c41acb60603385a67","868.27","2019-03-15T00:00:00.000Z","COBRA TRUST ACCT BASICPacif                        COBRA REMIT","expense_refund","rule_derived","","reviewed: componentless deposit, all QB accounts non-donation (0185)","2002 Benefit Liability | BUSINESS CHECKING (XXXXXX 8945)","","[{""source"":""deposit_qbo_components"",""id"":""dqc_EzNVpS6Rgp7YLGTdoG3nO"",""staged_payment_id"":""EzNVpS6Rgp7YLGTdoG3nO"",""qb_deposit_id"":""6618"",""qb_entity_type"":""deposit"",""qb_entity_id"":""6618"",""amount"":""868.27"",""date_received"":""2019-03-15T00:00:00.000Z"",""accounts"":[""2002 Benefit Liability"",""BUSINESS CHECKING (XXXXXX 8945)""],""classes"":[""Overhead (deleted)""],""raw_reference"":""COBRA TRUST ACCT BASICPacif                        COBRA REMIT"",""line_description"":""COBRA TRUST ACCT BASICPacif                        COBRA REMIT"",""transaction_memo"":""COBRA TRUST ACCT BASICPacif                        COBRA REMIT""}]"
"bdep_5906263539b55e6526c3bd8b","1172.81","2020-07-07T00:00:00.000Z","STRIPE           TRANSFER          ST-P6X3V5X2Q8Y7 THE WILDFLOWER FOUNDAT","earned_income","rule_derived","","reviewed: componentless deposit, all QB accounts non-donation (0185)","4020 Services - Earned Income | BUSINESS CHECKING (XXXXXX 8945)","Stripe","[{""source"":""deposit_qbo_components"",""id"":""dqc_k_7ZnpVRObMZqr4KA-Nj-"",""staged_payment_id"":""k_7ZnpVRObMZqr4KA-Nj-"",""qb_deposit_id"":""12306"",""qb_entity_type"":""deposit"",""qb_entity_id"":""12306"",""amount"":""1172.81"",""date_received"":""2020-07-07T00:00:00.000Z"",""payer"":""Stripe"",""accounts"":[""4020 Services - Earned Income"",""BUSINESS CHECKING (XXXXXX 8945)""],""classes"":[""Spo - Embracing Equity (deleted)""],""raw_reference"":""BUSINESS CHECKING (XXXXXX 8945)"",""line_description"":""STRIPE           TRANSFER          ST-P6X3V5X2Q8Y7 THE WILDFLOWER FOUNDAT""}]"
"bdep_593d115466b359462c7b324f","75000.00","2017-03-10T00:00:00.000Z","NONPROFITS ASSISTANCE F WT SEQ143419 /ORG=NONPROFITS ASSISTANCE FUND SRF# GW00000002232393 TRN#170310143419 RFB# 378","loan","rule_derived","","reviewed: componentless deposit, all QB accounts non-donation (0185)","2502 Line of Credit & ST Loans | BUSINESS CHECKING (XXXXXX 8945)","Nonprofits Assistance Fund","[{""source"":""deposit_qbo_components"",""id"":""dqc_YtsVe5_PPYUrVQSpBcta2"",""staged_payment_id"":""YtsVe5_PPYUrVQSpBcta2"",""qb_deposit_id"":""767"",""qb_entity_type"":""deposit"",""qb_entity_id"":""767"",""amount"":""75000.00"",""date_received"":""2017-03-10T00:00:00.000Z"",""payer"":""Nonprofits Assistance Fund"",""accounts"":[""2502 Line of Credit & ST Loans"",""BUSINESS CHECKING (XXXXXX 8945)""],""classes"":[""Overhead (deleted)""],""raw_reference"":""NONPROFITS ASSISTANCE F WT SEQ143419 /ORG=NONPROFITS ASSISTANCE FUND SRF# GW00000002232393 TRN#170310143419 RFB# 378"",""line_description"":""NONPROFITS ASSISTANCE F WT SEQ143419 /ORG=NONPROFITS ASSISTANCE FUND SRF# GW00000002232393 TRN#170310143419 RFB# 378"",""transaction_memo"":""NONPROFITS ASSISTANCE F WT SEQ143419 /ORG=NONPROFITS ASSISTANCE FUND SRF# GW00000002232393 TRN#170310143419 RFB# 378""}]"
"bdep_599f65b62d5eb82e06f0db00","650.00","2021-04-09T00:00:00.000Z","ACH RETURNS       - THE WILDFLOWER F - FILE 7878782339 COID 1812826681","expense_refund","rule_derived","","reviewed: componentless deposit, all QB accounts non-donation (0185)","7010.63 Payroll:Contractors:Interior Design | BUSINESS CHECKING (XXXXXX 8945)","Julio Santiago","[{""source"":""deposit_qbo_components"",""id"":""dqc_T2KqV_iOUONFxjw-cq9Ah"",""staged_payment_id"":""T2KqV_iOUONFxjw-cq9Ah"",""qb_deposit_id"":""15446"",""qb_entity_type"":""deposit"",""qb_entity_id"":""15446"",""amount"":""650.00"",""date_received"":""2021-04-09T00:00:00.000Z"",""payer"":""Julio Santiago"",""accounts"":[""7010.63 Payroll:Contractors:Interior Design"",""BUSINESS CHECKING (XXXXXX 8945)""],""classes"":[""Hubs (deleted):Hub - Puerto Rico (deleted)""],""raw_reference"":""Invoice 1.13.21, coded to PR, contractors>interior"",""line_description"":""Invoice 1.13.21, coded to PR, contractors>interior"",""transaction_memo"":""Invoice 1.13.21, coded to PR, contractors>interior""}]"
"bdep_59af4adb3f09576c2528b6e1","33.68","2021-03-02T00:00:00.000Z","STRIPE           TRANSFER          ST-T5Y9C3D2P8L5 THE WILDFLOWER FOUNDAT","earned_income","rule_derived","","reviewed: componentless deposit, all QB accounts non-donation (0185)","4020 Services - Earned Income | BUSINESS CHECKING (XXXXXX 8945)","Stripe","[{""source"":""deposit_qbo_components"",""id"":""dqc_qtpFhRINkI2qWn-TCLNI-"",""staged_payment_id"":""qtpFhRINkI2qWn-TCLNI-"",""qb_deposit_id"":""14794"",""qb_entity_type"":""deposit"",""qb_entity_id"":""14794"",""amount"":""33.68"",""date_received"":""2021-03-02T00:00:00.000Z"",""payer"":""Stripe"",""accounts"":[""4020 Services - Earned Income"",""BUSINESS CHECKING (XXXXXX 8945)""],""classes"":[""Spo - Embracing Equity (deleted)""],""raw_reference"":""BUSINESS CHECKING (XXXXXX 8945)"",""line_description"":""STRIPE           TRANSFER          ST-T5Y9C3D2P8L5 THE WILDFLOWER FOUNDAT""}]"
"bdep_5a55a39e036b4f394a9d4844","23.97","2019-04-09T00:00:00.000Z","STRIPE           TRANSFER          ST-F4E2J3E5O5P7 THE WILDFLOWER FOUNDAT","earned_income","rule_derived","","reviewed: componentless deposit, all QB accounts non-donation (0185)","4020 Services - Earned Income | BUSINESS CHECKING (XXXXXX 8945)","Stripe","[{""source"":""deposit_qbo_components"",""id"":""dqc_O53CncweuEPOayYUmaaPj"",""staged_payment_id"":""O53CncweuEPOayYUmaaPj"",""qb_deposit_id"":""6951"",""qb_entity_type"":""deposit"",""qb_entity_id"":""6951"",""amount"":""23.97"",""date_received"":""2019-04-09T00:00:00.000Z"",""payer"":""Stripe"",""accounts"":[""4020 Services - Earned Income"",""BUSINESS CHECKING (XXXXXX 8945)""],""classes"":[""Existing School Support (deleted)""],""raw_reference"":""STRIPE           TRANSFER          ST-F4E2J3E5O5P7 THE WILDFLOWER FOUNDAT"",""line_description"":""STRIPE           TRANSFER          ST-F4E2J3E5O5P7 THE WILDFLOWER FOUNDAT"",""transaction_memo"":""STRIPE           TRANSFER          ST-F4E2J3E5O5P7 THE WILDFLOWER FOUNDAT""}]"
"bdep_5aa579ad11d34b668f7ea4f7","2500.00","2019-08-01T00:00:00.000Z","ASTER MONTESSORI LOAN 0819                         Wildflower Foundation","loan_repayment","rule_derived","","reviewed: affiliated-school loan_repayment (name-confirmed; 0176)","1503 Pledges/Services Receivable","Loan - Aster","[{""source"":""bank_deposit_qbo_register"",""id"":""bdqr_bdep_5aa579ad11d34b668f7ea4f7"",""bank_transaction_id"":""bnk_8b7b9ba90e7aaad284505f3b"",""amount"":""2500.00"",""txn_date"":""2019-08-01T00:00:00.000Z"",""txn_type"":""Payment"",""payer"":""Loan - Aster"",""accounts"":[""1503 Pledges/Services Receivable""],""reconciliation_status"":""Reconciled""}]"
"bdep_5ae0e2b9017ea3fa95964f52","154.15","2020-06-16T00:00:00.000Z","STRIPE           TRANSFER          ST-Z8Q9V6R5K5H6 THE WILDFLOWER FOUNDAT","earned_income","rule_derived","","reviewed: componentless deposit, all QB accounts non-donation (0185)","4020 Services - Earned Income | BUSINESS CHECKING (XXXXXX 8945)","Stripe","[{""source"":""deposit_qbo_components"",""id"":""dqc_KKYe7Q0cZi_Yi8BbhpBWd"",""staged_payment_id"":""KKYe7Q0cZi_Yi8BbhpBWd"",""qb_deposit_id"":""12224"",""qb_entity_type"":""deposit"",""qb_entity_id"":""12224"",""amount"":""154.15"",""date_received"":""2020-06-16T00:00:00.000Z"",""payer"":""Stripe"",""accounts"":[""4020 Services - Earned Income"",""BUSINESS CHECKING (XXXXXX 8945)""],""classes"":[""Spo - Embracing Equity (deleted)""],""raw_reference"":""BUSINESS CHECKING (XXXXXX 8945)"",""line_description"":""STRIPE           TRANSFER          ST-Z8Q9V6R5K5H6 THE WILDFLOWER FOUNDAT""}]"
"bdep_5b91e08f8e556f3efed3a3e4","7120.20","2018-05-30T00:00:00.000Z","ATM CHECK DEPOSIT 05/30 1505 WEST LAKE ST MINNEAPOLIS MN 6991J 7365","intercompany_transfer","rule_derived","","reviewed: componentless deposit, all QB accounts non-donation (0185)","1003 Bill.com Money In Clearing | BUSINESS CHECKING (XXXXXX 8945)","","[{""source"":""deposit_qbo_components"",""id"":""dqc_MuBtl65e6AgHtJFWypCW9"",""staged_payment_id"":""MuBtl65e6AgHtJFWypCW9"",""qb_deposit_id"":""3561"",""qb_entity_type"":""deposit"",""qb_entity_id"":""3561"",""amount"":""7120.20"",""date_received"":""2018-05-30T00:00:00.000Z"",""accounts"":[""1003 Bill.com Money In Clearing"",""BUSINESS CHECKING (XXXXXX 8945)""],""raw_reference"":""BUSINESS CHECKING (XXXXXX 8945)""}]"
"bdep_5c0adf4d1e9e6970c8d210a2","216.96","2019-02-20T00:00:00.000Z","STRIPE           TRANSFER                          X","earned_income","rule_derived","","reviewed: componentless deposit, all QB accounts non-donation (0185)","4020 Services - Earned Income | BUSINESS CHECKING (XXXXXX 8945)","","[{""source"":""deposit_qbo_components"",""id"":""dqc_xUVf350mSL8YKAnkHgL7r"",""staged_payment_id"":""xUVf350mSL8YKAnkHgL7r"",""qb_deposit_id"":""6412"",""qb_entity_type"":""deposit"",""qb_entity_id"":""6412"",""amount"":""216.96"",""date_received"":""2019-02-20T00:00:00.000Z"",""accounts"":[""4020 Services - Earned Income"",""BUSINESS CHECKING (XXXXXX 8945)""],""classes"":[""Existing School Support (deleted)""],""raw_reference"":""STRIPE           TRANSFER                          X"",""line_description"":""STRIPE           TRANSFER                          X"",""transaction_memo"":""STRIPE           TRANSFER                          X""}]"
"bdep_5c9b3c01d8303245f365feae","300000.00","2025-04-16T00:00:00.000Z","TRANSFER FROM BRK ****9888 REF# 578163177","intercompany_transfer","rule_derived","","reviewed: componentless deposit, all QB accounts non-donation (0185)","1004 BROKERAGE | BUSINESS CHECKING (XXXXXX 8945)","","[{""source"":""deposit_qbo_components"",""id"":""dqc_3WZq-9NN0jEsXxP7pwO3p"",""staged_payment_id"":""3WZq-9NN0jEsXxP7pwO3p"",""qb_deposit_id"":""33038"",""qb_entity_type"":""deposit"",""qb_entity_id"":""33038"",""amount"":""300000.00"",""date_received"":""2025-04-16T00:00:00.000Z"",""accounts"":[""1004 BROKERAGE"",""BUSINESS CHECKING (XXXXXX 8945)""],""raw_reference"":""BUSINESS CHECKING (XXXXXX 8945)"",""line_description"":""TRANSFER FROM BRK ****9888 REF# 578163177""}]"
"bdep_5ca6641914ede8025b356cdb","1210.80","2023-07-07T00:00:00.000Z","WEWORK           WEWORK     230706 4741049         JENNIE *HOUGHTON","expense_refund","rule_derived","","reviewed: componentless deposit, all QB accounts non-donation (0185)","7009 All Other Expenditures:Rent | BUSINESS CHECKING (XXXXXX 8945)","WeWork","[{""source"":""deposit_qbo_components"",""id"":""dqc_vfKNegrMbfIEzPAvqISqw"",""staged_payment_id"":""vfKNegrMbfIEzPAvqISqw"",""qb_deposit_id"":""25212"",""qb_entity_type"":""deposit"",""qb_entity_id"":""25212"",""amount"":""1210.80"",""date_received"":""2023-07-07T00:00:00.000Z"",""payer"":""WeWork"",""accounts"":[""7009 All Other Expenditures:Rent"",""BUSINESS CHECKING (XXXXXX 8945)""],""classes"":[""National (deleted):Observation Support Technology (deleted)""],""raw_reference"":""BUSINESS CHECKING (XXXXXX 8945)"",""line_description"":""WEWORK           WEWORK     230706 4741049         JENNIE *HOUGHTON""}]"
"bdep_5cc4f9aeab220ab700e92097","18705.00","2021-04-30T00:00:00.000Z","WT SEQ241390 WF RETURN WIRES IN PROC /ORG=                                            SRF#    2021042900185027 TRN#210430241390  RFB#","expense_refund","rule_derived","","reviewed: componentless deposit, all QB accounts non-donation (0185)","7031 All Other Expenditures:Research Partnerships | BUSINESS CHECKING (XXXXXX 8945)","The College Foundation of the University of Virginia","[{""source"":""deposit_qbo_components"",""id"":""dqc_G14xd1AdMLAf0ikzVgY4p"",""staged_payment_id"":""G14xd1AdMLAf0ikzVgY4p"",""qb_deposit_id"":""15599"",""qb_entity_type"":""deposit"",""qb_entity_id"":""15599"",""amount"":""18705.00"",""date_received"":""2021-04-30T00:00:00.000Z"",""payer"":""The College Foundation of the University of Virginia"",""accounts"":[""7031 All Other Expenditures:Research Partnerships"",""BUSINESS CHECKING (XXXXXX 8945)""],""classes"":[""National (deleted):Observation Support Technology (deleted)""],""raw_reference"":""BUSINESS CHECKING (XXXXXX 8945)"",""line_description"":""WT SEQ241390 WF RETURN WIRES IN PROC /ORG=                                            SRF#    2021042900185027 TRN#210430241390  RFB#""}]"
"bdep_5d5dba64e34aa86746c31078","276.13","2020-06-18T00:00:00.000Z","STRIPE           TRANSFER          ST-V5P3D2G8C4M5 THE WILDFLOWER FOUNDAT","earned_income","rule_derived","","reviewed: componentless deposit, all QB accounts non-donation (0185)","4020 Services - Earned Income | BUSINESS CHECKING (XXXXXX 8945)","Stripe","[{""source"":""deposit_qbo_components"",""id"":""dqc_pmoZP5kQNdmDvn7Oq--UV"",""staged_payment_id"":""pmoZP5kQNdmDvn7Oq--UV"",""qb_deposit_id"":""12225"",""qb_entity_type"":""deposit"",""qb_entity_id"":""12225"",""amount"":""276.13"",""date_received"":""2020-06-18T00:00:00.000Z"",""payer"":""Stripe"",""accounts"":[""4020 Services - Earned Income"",""BUSINESS CHECKING (XXXXXX 8945)""],""classes"":[""Spo - Embracing Equity (deleted)""],""raw_reference"":""BUSINESS CHECKING (XXXXXX 8945)"",""line_description"":""STRIPE           TRANSFER          ST-V5P3D2G8C4M5 THE WILDFLOWER FOUNDAT""}]"
"bdep_5d6b49db9a950538d13e5c5c","38.60","2019-08-22T00:00:00.000Z","STRIPE           TRANSFER          ST-A2N5U1F7D4S6 THE WILDFLOWER FOUNDAT","earned_income","rule_derived","","reviewed: componentless deposit, all QB accounts non-donation (0185)","4020 Services - Earned Income | BUSINESS CHECKING (XXXXXX 8945)","Stripe","[{""source"":""deposit_qbo_components"",""id"":""dqc_yrDseYf11WMB6ruZtbdw5"",""staged_payment_id"":""yrDseYf11WMB6ruZtbdw5"",""qb_deposit_id"":""8703"",""qb_entity_type"":""deposit"",""qb_entity_id"":""8703"",""amount"":""38.60"",""date_received"":""2019-08-22T00:00:00.000Z"",""payer"":""Stripe"",""accounts"":[""4020 Services - Earned Income"",""BUSINESS CHECKING (XXXXXX 8945)""],""classes"":[""Spo - Embracing Equity (deleted)""],""raw_reference"":""STRIPE           TRANSFER          ST-A2N5U1F7D4S6 THE WILDFLOWER FOUNDAT"",""line_description"":""STRIPE           TRANSFER          ST-A2N5U1F7D4S6 THE WILDFLOWER FOUNDAT"",""transaction_memo"":""STRIPE           TRANSFER          ST-A2N5U1F7D4S6 THE WILDFLOWER FOUNDAT""}]"
"bdep_5d7b50513e86df0781724e32","119.00","2025-11-05T00:00:00.000Z","ESSP             HIST RTN   251105 874821        1             333487The","expense_refund","rule_derived","","reviewed: componentless deposit, all QB accounts non-donation (0185)","7010.4 Payroll:3.Benefits:Payroll Taxes | BUSINESS CHECKING (XXXXXX 8945)","Essp","[{""source"":""deposit_qbo_components"",""id"":""dqc_lJ6GZlLfUbl0puaOqDxiD"",""staged_payment_id"":""lJ6GZlLfUbl0puaOqDxiD"",""qb_deposit_id"":""36579"",""qb_entity_type"":""deposit"",""qb_entity_id"":""36579"",""amount"":""119.00"",""date_received"":""2025-11-05T00:00:00.000Z"",""payer"":""Essp"",""accounts"":[""7010.4 Payroll:3.Benefits:Payroll Taxes"",""BUSINESS CHECKING (XXXXXX 8945)""],""raw_reference"":""UI Tax kickbacked"",""line_description"":""UI Tax kickbacked"",""transaction_memo"":""UI Tax kickbacked""}]"
"bdep_5dba7c3a599a4b3833b3ee1f","545.45","2025-01-29T00:00:00.000Z","Rain Lily Montes Receivable        016TZPQSC3MGIS5 016TZPQSC3MGIS5 Rain Lily Montes Bill.com Inv 17","membership","rule_derived","","reviewed: componentless deposit, all QB accounts non-donation (0185)","Network Membership Fees (School SItes)","Desert Peach Montessori","[{""source"":""deposit_qbo_components"",""id"":""dqc_4z-2cDs3uDGMwtAUBVi78"",""staged_payment_id"":""4z-2cDs3uDGMwtAUBVi78"",""qb_deposit_id"":""32447"",""qb_entity_type"":""payment"",""qb_entity_id"":""31743"",""amount"":""545.45"",""date_received"":""2025-01-28T00:00:00.000Z"",""payer"":""Desert Peach Montessori"",""accounts"":[""Network Membership Fees (School SItes)""],""items"":[""School Contributions""],""raw_reference"":""P25012302 - 9650867"",""line_description"":""Inv 1734800475838"",""transaction_memo"":""Inv 1734800475838""}]"
"bdep_5dd9d59bf6c135dd377c214a","666.67","2026-04-07T00:00:00.000Z","Desert Peach Mon Bill.com          026LPIPXF1VYQLT Desert Peach Montessori School Bill.com 026LPIPX","membership","rule_derived","","reviewed: affiliated-school membership (name-confirmed; 0176)","1503 Pledges/Services Receivable","Desert Peach Montessori","[{""source"":""bank_deposit_qbo_register"",""id"":""bdqr_bdep_5dd9d59bf6c135dd377c214a"",""bank_transaction_id"":""bnk_9d0437b6f98a4e179d7aadb2"",""amount"":""666.67"",""txn_date"":""2026-04-06T00:00:00.000Z"",""txn_type"":""Payment"",""ref_no"":""P26040102 - 0893044"",""payer"":""Desert Peach Montessori"",""accounts"":[""1503 Pledges/Services Receivable""],""memo"":""Inv TWF MarchInvoice034"",""reconciliation_status"":""Reconciled""}]"
"bdep_5e405601f8537f2e57fb80d8","23.46","2023-07-07T00:00:00.000Z","GUSTO            TAX 257344 230707 6semjukqncv     The Wildflower Foundat","expense_refund","rule_derived","","reviewed: componentless deposit, all QB accounts non-donation (0185)","7010.4 Payroll:3.Benefits:Payroll Taxes | BUSINESS CHECKING (XXXXXX 8945)","Gusto","[{""source"":""deposit_qbo_components"",""id"":""dqc_nhfhEAIiE2Om0O7myG7wo"",""staged_payment_id"":""nhfhEAIiE2Om0O7myG7wo"",""qb_deposit_id"":""25200"",""qb_entity_type"":""deposit"",""qb_entity_id"":""25200"",""amount"":""23.46"",""date_received"":""2023-07-07T00:00:00.000Z"",""payer"":""Gusto"",""accounts"":[""7010.4 Payroll:3.Benefits:Payroll Taxes"",""BUSINESS CHECKING (XXXXXX 8945)""],""classes"":[""National (deleted):Foundation General (deleted)""],""raw_reference"":""BUSINESS CHECKING (XXXXXX 8945)"",""line_description"":""GUSTO            TAX 257344 230707 6semjukqncv     The Wildflower Foundat""}]"
"bdep_5e868ca11a7de624bc7f060d","3750.00","2024-12-23T00:00:00.000Z","The Sunlight Loa Receivable        016SPRCMI3L7Z2C 016SPRCMI3L7Z2C The Sunlight Loa Bill.com Inv G","interest","rule_derived","","reviewed: componentless deposit, all QB accounts non-donation (0185)","Interest Earned","The Sunlight Loan Fund, LLC","[{""source"":""deposit_qbo_components"",""id"":""dqc_ZYvg037I0bj4AAlLqyYmw"",""staged_payment_id"":""ZYvg037I0bj4AAlLqyYmw"",""qb_deposit_id"":""31638"",""qb_entity_type"":""payment"",""qb_entity_id"":""31240"",""amount"":""3750.00"",""date_received"":""2024-12-20T00:00:00.000Z"",""payer"":""The Sunlight Loan Fund, LLC"",""accounts"":[""Interest Earned""],""items"":[""INTEREST""],""raw_reference"":""P24121902 - 2517004"",""line_description"":""Inv G 9654-12966"",""transaction_memo"":""Inv G 9654-12966""}]"
"bdep_5ea0b7056a7132ddf9c4125d","380.00","2017-12-12T00:00:00.000Z","GUSTO CND 202837 171212 6semjmpp6fb The Wildflower Foundat","expense_refund","rule_derived","","reviewed: componentless deposit, all QB accounts non-donation (0185)","7010.4 Payroll:3.Benefits:Payroll Taxes | BUSINESS CHECKING (XXXXXX 8945)","Gusto","[{""source"":""deposit_qbo_components"",""id"":""dqc_xjJeJDQZ8WWQqA4qrUj0q"",""staged_payment_id"":""xjJeJDQZ8WWQqA4qrUj0q"",""qb_deposit_id"":""2321"",""qb_entity_type"":""deposit"",""qb_entity_id"":""2321"",""amount"":""380.00"",""date_received"":""2017-12-12T00:00:00.000Z"",""payer"":""Gusto"",""accounts"":[""7010.4 Payroll:3.Benefits:Payroll Taxes"",""BUSINESS CHECKING (XXXXXX 8945)""],""classes"":[""Overhead (deleted)""],""raw_reference"":""GUSTO CND 202837 171212 6semjmpp6fb The Wildflower Foundat"",""line_description"":""GUSTO CND 202837 171212 6semjmpp6fb The Wildflower Foundat"",""transaction_memo"":""GUSTO CND 202837 171212 6semjmpp6fb The Wildflower Foundat""}]"
"bdep_5ef4c5ca7975771a3132ab2c","1710.00","2018-04-05T00:00:00.000Z","Bill.com VoidPaymnt 015XRTGTOHRFUTK Weston Stewart SK Consulting Group Bill.com 015X","expense_refund","rule_derived","","reviewed: componentless deposit, all QB accounts non-donation (0185)","7010.5 Payroll:Contractors | BUSINESS CHECKING (XXXXXX 8945)","","[{""source"":""deposit_qbo_components"",""id"":""dqc_7qax2ZyOzXNgah8XD3p57"",""staged_payment_id"":""7qax2ZyOzXNgah8XD3p57"",""qb_deposit_id"":""3014"",""qb_entity_type"":""deposit"",""qb_entity_id"":""3014"",""amount"":""1710.00"",""date_received"":""2018-04-05T00:00:00.000Z"",""accounts"":[""7010.5 Payroll:Contractors"",""BUSINESS CHECKING (XXXXXX 8945)""],""classes"":[""New School Support (deleted)""],""raw_reference"":""Bill.com VoidPaymnt 015XRTGTOHRFUTK Weston Stewart SK Consulting Group Bill.com 015X"",""line_description"":""Bill.com VoidPaymnt 015XRTGTOHRFUTK Weston Stewart SK Consulting Group Bill.com 015X"",""transaction_memo"":""Bill.com VoidPaymnt 015XRTGTOHRFUTK Weston Stewart SK Consulting Group Bill.com 015X""}]"
"bdep_5f0ed010f3aa2a3f73577d78","3520.00","2017-09-18T00:00:00.000Z","Bill.com VoidPaymnt 015YBGRPFYNHBKP Shoreland Montessori LLC Bill.com 015YBGRPFYNHBK","loan","rule_derived","","reviewed: componentless deposit, all QB accounts non-donation (0185)","1600 Loans to Schools | BUSINESS CHECKING (XXXXXX 8945)","Shoreland Montessori LLC","[{""source"":""deposit_qbo_components"",""id"":""dqc_w1RJDKvFDU304WHeCS0kT"",""staged_payment_id"":""w1RJDKvFDU304WHeCS0kT"",""qb_deposit_id"":""1615"",""qb_entity_type"":""deposit"",""qb_entity_id"":""1615"",""amount"":""3520.00"",""date_received"":""2017-09-18T00:00:00.000Z"",""payer"":""Shoreland Montessori LLC"",""accounts"":[""1600 Loans to Schools"",""BUSINESS CHECKING (XXXXXX 8945)""],""raw_reference"":""Bill.com VoidPaymnt 015YBGRPFYNHBKP Shoreland Montessori LLC Bill.com 015YBGRPFYNHBK"",""line_description"":""Bill.com VoidPaymnt 015YBGRPFYNHBKP Shoreland Montessori LLC Bill.com 015YBGRPFYNHBK"",""transaction_memo"":""Bill.com VoidPaymnt 015YBGRPFYNHBKP Shoreland Montessori LLC Bill.com 015YBGRPFYNHBK""}]"
"bdep_60bbb6b5681c54ae57620fe5","33.68","2020-09-04T00:00:00.000Z","STRIPE           TRANSFER          ST-W4K3M9A6F1T8 THE WILDFLOWER FOUNDAT","earned_income","rule_derived","","reviewed: componentless deposit, all QB accounts non-donation (0185)","4020 Services - Earned Income | BUSINESS CHECKING (XXXXXX 8945)","Stripe","[{""source"":""deposit_qbo_components"",""id"":""dqc_Kk4hbrBCAGS4GMFPlhcOJ"",""staged_payment_id"":""Kk4hbrBCAGS4GMFPlhcOJ"",""qb_deposit_id"":""13348"",""qb_entity_type"":""deposit"",""qb_entity_id"":""13348"",""amount"":""33.68"",""date_received"":""2020-09-04T00:00:00.000Z"",""payer"":""Stripe"",""accounts"":[""4020 Services - Earned Income"",""BUSINESS CHECKING (XXXXXX 8945)""],""classes"":[""Spo - Embracing Equity (deleted)""],""raw_reference"":""BUSINESS CHECKING (XXXXXX 8945)"",""line_description"":""STRIPE           TRANSFER          ST-W4K3M9A6F1T8 THE WILDFLOWER FOUNDAT""}]"
"bdep_61b0023bf7218bb488ecf087","3960.88","2025-12-03T00:00:00.000Z","Bill.com         Receivable        015MOIORDARLXWA Tiger Lily School Bill.com 015MOIORDARLXWA multi","membership","rule_derived","","reviewed: affiliated-school membership (name-confirmed; 0176)","","","[{""source"":""bank_deposit_qbo_register"",""id"":""bdqr_bdep_61b0023bf7218bb488ecf087"",""bank_transaction_id"":""bnk_67c346fc4b0c5797eab00d40"",""amount"":""3960.88"",""txn_date"":""2025-12-03T00:00:00.000Z"",""txn_type"":""Journal"",""ref_no"":""JE #CSP Aug 2032"",""memo"":""BILL 12/03/25 AR Payments"",""reconciliation_status"":""Reconciled""}]"
"bdep_61e06fa003b6f012ef4f8431","600.00","2019-02-12T00:00:00.000Z","Sunny Hollow Mon Bill.com          015PUKJZTRZA4D5 Sunny Hollow Montessori Bill.com 015PUKJZTRZA4D5","earned_income","rule_derived","","reviewed: componentless deposit, all QB accounts non-donation (0185)","4020 Services - Earned Income | BUSINESS CHECKING (XXXXXX 8945)","Sunny Hollow Montessori","[{""source"":""deposit_qbo_components"",""id"":""dqc_k2th9MT5P_c82ndJozxiB"",""staged_payment_id"":""k2th9MT5P_c82ndJozxiB"",""qb_deposit_id"":""6475"",""qb_entity_type"":""deposit"",""qb_entity_id"":""6475"",""amount"":""600.00"",""date_received"":""2019-02-12T00:00:00.000Z"",""payer"":""Sunny Hollow Montessori"",""accounts"":[""4020 Services - Earned Income"",""BUSINESS CHECKING (XXXXXX 8945)""],""classes"":[""Existing School Support (deleted)""],""raw_reference"":""Sunny Hollow Mon Bill.com          015PUKJZTRZA4D5 Sunny Hollow Montessori Bill.com 015PUKJZTRZA4D5"",""line_description"":""Sunny Hollow Mon Bill.com          015PUKJZTRZA4D5 Sunny Hollow Montessori Bill.com 015PUKJZTRZA4D5"",""transaction_memo"":""Sunny Hollow Mon Bill.com          015PUKJZTRZA4D5 Sunny Hollow Montessori Bill.com 015PUKJZTRZA4D5""}]"
"bdep_6215426137d565dc0738c303","937.22","2026-04-10T00:00:00.000Z","Bill.com         Receivable        015OTUAQFXY095M Echinacea Montessori School Bill.com 015OTUAQFXY","membership","rule_derived","","reviewed: affiliated-school membership (name-confirmed; 0176)","","","[{""source"":""bank_deposit_qbo_register"",""id"":""bdqr_bdep_6215426137d565dc0738c303"",""bank_transaction_id"":""bnk_ffe9c12f7c8224afb7a55a83"",""amount"":""937.22"",""txn_date"":""2026-04-10T00:00:00.000Z"",""txn_type"":""Journal"",""ref_no"":""JE Bill 4.10.26 AR"",""memo"":""BILL 04/10/26 AR Payments"",""reconciliation_status"":""Reconciled""}]"
"bdep_6289bddbb33ecabb4cd5a488","4523.02","2024-12-24T00:00:00.000Z","Wildflower New Y Receivable        016VGTUFK3LA8UO 016VGTUFK3LA8UO Wildflower New Y Bill.com Inv G","membership","rule_derived","","reviewed: componentless deposit, all QB accounts non-donation (0185)","Network Membership Fees (School SItes)","Wildflower New York Charter School","[{""source"":""deposit_qbo_components"",""id"":""dqc_vykXJl69R0ubIKPOyCBvn"",""staged_payment_id"":""vykXJl69R0ubIKPOyCBvn"",""qb_deposit_id"":""31674"",""qb_entity_type"":""payment"",""qb_entity_id"":""31297"",""amount"":""4523.02"",""date_received"":""2024-12-23T00:00:00.000Z"",""payer"":""Wildflower New York Charter School"",""accounts"":[""Network Membership Fees (School SItes)""],""items"":[""School Contributions""],""raw_reference"":""P24122002 - 2951811"",""line_description"":""Inv G 9654-12978"",""transaction_memo"":""Inv G 9654-12978""}]"
"bdep_62e7ba9b91ad7d173d217aea","485.20","2020-05-26T00:00:00.000Z","STRIPE           TRANSFER          ST-S5H6C1F7V4U7 THE WILDFLOWER FOUNDAT","earned_income","rule_derived","","reviewed: componentless deposit, all QB accounts non-donation (0185)","4020 Services - Earned Income | BUSINESS CHECKING (XXXXXX 8945)","Stripe","[{""source"":""deposit_qbo_components"",""id"":""dqc_hwi5F2exITNkumGnZkWWE"",""staged_payment_id"":""hwi5F2exITNkumGnZkWWE"",""qb_deposit_id"":""12054"",""qb_entity_type"":""deposit"",""qb_entity_id"":""12054"",""amount"":""485.20"",""date_received"":""2020-05-26T00:00:00.000Z"",""payer"":""Stripe"",""accounts"":[""4020 Services - Earned Income"",""BUSINESS CHECKING (XXXXXX 8945)""],""classes"":[""Spo - Embracing Equity (deleted)""],""raw_reference"":""BUSINESS CHECKING (XXXXXX 8945)"",""line_description"":""STRIPE           TRANSFER          ST-S5H6C1F7V4U7 THE WILDFLOWER FOUNDAT""}]"
"bdep_6312aede9ecd5f431b280dfd","368.21","2021-01-25T00:00:00.000Z","COMM OF MASS EFT HIST RTN   210125       XXXXX0256 THE WILDFLOWER FOUNDAT","expense_refund","rule_derived","","reviewed: componentless deposit, all QB accounts non-donation (0185)","7020 All Other Expenditures:Taxes | BUSINESS CHECKING (XXXXXX 8945)","Commonwealth of Massachusetts","[{""source"":""deposit_qbo_components"",""id"":""dqc_lsnSvSEdyV4NWTYRRvMXw"",""staged_payment_id"":""lsnSvSEdyV4NWTYRRvMXw"",""qb_deposit_id"":""14397"",""qb_entity_type"":""deposit"",""qb_entity_id"":""14397"",""amount"":""368.21"",""date_received"":""2021-01-25T00:00:00.000Z"",""payer"":""Commonwealth of Massachusetts"",""accounts"":[""7020 All Other Expenditures:Taxes"",""BUSINESS CHECKING (XXXXXX 8945)""],""classes"":[""National (deleted):Foundation Operations (deleted)""],""raw_reference"":""BUSINESS CHECKING (XXXXXX 8945)"",""line_description"":""COMM OF MASS EFT HIST RTN   210125       XXXXX0256 THE WILDFLOWER FOUNDAT""}]"
"bdep_63dd2963c06ca99fb2acbcc0","970.70","2020-06-01T00:00:00.000Z","STRIPE           TRANSFER          ST-Y8G2M1T2Y3E8 THE WILDFLOWER FOUNDAT","earned_income","rule_derived","","reviewed: componentless deposit, all QB accounts non-donation (0185)","4020 Services - Earned Income | BUSINESS CHECKING (XXXXXX 8945)","Stripe","[{""source"":""deposit_qbo_components"",""id"":""dqc_OQmIMpCIw2yR_End1Ic2S"",""staged_payment_id"":""OQmIMpCIw2yR_End1Ic2S"",""qb_deposit_id"":""12058"",""qb_entity_type"":""deposit"",""qb_entity_id"":""12058"",""amount"":""970.70"",""date_received"":""2020-06-01T00:00:00.000Z"",""payer"":""Stripe"",""accounts"":[""4020 Services - Earned Income"",""BUSINESS CHECKING (XXXXXX 8945)""],""classes"":[""Spo - Embracing Equity (deleted)""],""raw_reference"":""BUSINESS CHECKING (XXXXXX 8945)"",""line_description"":""STRIPE           TRANSFER          ST-Y8G2M1T2Y3E8 THE WILDFLOWER FOUNDAT""}]"
"bdep_6435bdd2331cbf2ea9dac233","500000.00","2025-06-02T00:00:00.000Z","TRANSFER FROM BRK ****9888 REF# 583136411","intercompany_transfer","rule_derived","","reviewed: componentless deposit, all QB accounts non-donation (0185)","1004 BROKERAGE | BUSINESS CHECKING (XXXXXX 8945)","","[{""source"":""deposit_qbo_components"",""id"":""dqc_IvE3VOowDyBnTYwQ5ck2P"",""staged_payment_id"":""IvE3VOowDyBnTYwQ5ck2P"",""qb_deposit_id"":""33842"",""qb_entity_type"":""deposit"",""qb_entity_id"":""33842"",""amount"":""500000.00"",""date_received"":""2025-06-02T00:00:00.000Z"",""accounts"":[""1004 BROKERAGE"",""BUSINESS CHECKING (XXXXXX 8945)""],""raw_reference"":""BUSINESS CHECKING (XXXXXX 8945)"",""line_description"":""TRANSFER FROM BRK ****9888 REF# 583136411""}]"
"bdep_6440b62648b81d6b86f7578f","7.58","2020-06-19T00:00:00.000Z","STRIPE           TRANSFER          ST-U5O6M0R3T5C2 THE WILDFLOWER FOUNDAT","earned_income","rule_derived","","reviewed: componentless deposit, all QB accounts non-donation (0185)","4020 Services - Earned Income | BUSINESS CHECKING (XXXXXX 8945)","Stripe","[{""source"":""deposit_qbo_components"",""id"":""dqc_g9T1C_uc1i8vL9TWcxUb2"",""staged_payment_id"":""g9T1C_uc1i8vL9TWcxUb2"",""qb_deposit_id"":""12226"",""qb_entity_type"":""deposit"",""qb_entity_id"":""12226"",""amount"":""7.58"",""date_received"":""2020-06-19T00:00:00.000Z"",""payer"":""Stripe"",""accounts"":[""4020 Services - Earned Income"",""BUSINESS CHECKING (XXXXXX 8945)""],""classes"":[""Spo - Embracing Equity (deleted)""],""raw_reference"":""BUSINESS CHECKING (XXXXXX 8945)"",""line_description"":""STRIPE           TRANSFER          ST-U5O6M0R3T5C2 THE WILDFLOWER FOUNDAT""}]"
"bdep_64718c6eb9025867abc4da2c","4523.02","2024-11-21T00:00:00.000Z","Wildflower New Y Receivable        016XCUNHZ3K1QMC 016XCUNHZ3K1QMC Wildflower New Y Bill.com Inv CS","membership","rule_derived","","reviewed: componentless deposit, all QB accounts non-donation (0185)","Network Membership Fees (School SItes)","Wildflower New York Charter School","[{""source"":""deposit_qbo_components"",""id"":""dqc_Qd8N6jXpgnclslatitRza"",""staged_payment_id"":""Qd8N6jXpgnclslatitRza"",""qb_deposit_id"":""30940"",""qb_entity_type"":""payment"",""qb_entity_id"":""30759"",""amount"":""4523.02"",""date_received"":""2024-11-20T00:00:00.000Z"",""payer"":""Wildflower New York Charter School"",""accounts"":[""Network Membership Fees (School SItes)""],""items"":[""School Contributions""],""raw_reference"":""P24111902 - 5232903"",""line_description"":""Inv CSP 9.1.61"",""transaction_memo"":""Inv CSP 9.1.61""}]"
"bdep_64a7d99b962c03f94097fe03","1517.18","2020-06-10T00:00:00.000Z","COBRA TRUST ACCT BASICPacif                        COBRA REMIT","expense_refund","rule_derived","","reviewed: componentless deposit, all QB accounts non-donation (0185)","2002 Benefit Liability | BUSINESS CHECKING (XXXXXX 8945)","","[{""source"":""deposit_qbo_components"",""id"":""dqc_n1oLUMnff84kUN0p4TYpD"",""staged_payment_id"":""n1oLUMnff84kUN0p4TYpD"",""qb_deposit_id"":""12237"",""qb_entity_type"":""deposit"",""qb_entity_id"":""12237"",""amount"":""1517.18"",""date_received"":""2020-06-10T00:00:00.000Z"",""accounts"":[""2002 Benefit Liability"",""BUSINESS CHECKING (XXXXXX 8945)""],""classes"":[""National (deleted)""],""raw_reference"":""BUSINESS CHECKING (XXXXXX 8945)"",""line_description"":""COBRA TRUST ACCT BASICPacif                        COBRA REMIT""}]"
"bdep_64bffe535e65e6f3b62ca6d5","774.72","2020-05-18T00:00:00.000Z","CLIENT ANALYSIS  SRVC CHRG  200515  REV CHGE 0420  000005510788945","expense_refund","rule_derived","","reviewed: componentless deposit, all QB accounts non-donation (0185)","7003 All Other Expenditures:Bank Charges | BUSINESS CHECKING (XXXXXX 8945)","Wells Fargo","[{""source"":""deposit_qbo_components"",""id"":""dqc_BW2bmZjfVKfYG9dtYkJkD"",""staged_payment_id"":""BW2bmZjfVKfYG9dtYkJkD"",""qb_deposit_id"":""12046"",""qb_entity_type"":""deposit"",""qb_entity_id"":""12046"",""amount"":""774.72"",""date_received"":""2020-05-18T00:00:00.000Z"",""payer"":""Wells Fargo"",""accounts"":[""7003 All Other Expenditures:Bank Charges"",""BUSINESS CHECKING (XXXXXX 8945)""],""classes"":[""National (deleted)""],""raw_reference"":""BUSINESS CHECKING (XXXXXX 8945)"",""line_description"":""CLIENT ANALYSIS  SRVC CHRG  200515  REV CHGE 0420  000005510788945""}]"
"bdep_64f5a947fd74f28541936150","485.20","2020-09-09T00:00:00.000Z","STRIPE           TRANSFER          ST-G3Y7L1Z9F2F5 THE WILDFLOWER FOUNDAT","earned_income","rule_derived","","reviewed: componentless deposit, all QB accounts non-donation (0185)","4020 Services - Earned Income | BUSINESS CHECKING (XXXXXX 8945)","Stripe","[{""source"":""deposit_qbo_components"",""id"":""dqc_8JgLlW_w5PnooULRvpsmC"",""staged_payment_id"":""8JgLlW_w5PnooULRvpsmC"",""qb_deposit_id"":""13346"",""qb_entity_type"":""deposit"",""qb_entity_id"":""13346"",""amount"":""485.20"",""date_received"":""2020-09-09T00:00:00.000Z"",""payer"":""Stripe"",""accounts"":[""4020 Services - Earned Income"",""BUSINESS CHECKING (XXXXXX 8945)""],""classes"":[""Spo - Embracing Equity (deleted)""],""raw_reference"":""BUSINESS CHECKING (XXXXXX 8945)"",""line_description"":""STRIPE           TRANSFER          ST-G3Y7L1Z9F2F5 THE WILDFLOWER FOUNDAT""}]"
"bdep_6511ad56158784fb29b19773","546.02","2020-08-04T00:00:00.000Z","STRIPE           TRANSFER          ST-M7S7L7N4X9B3 THE WILDFLOWER FOUNDAT","earned_income","rule_derived","","reviewed: componentless deposit, all QB accounts non-donation (0185)","4020 Services - Earned Income | BUSINESS CHECKING (XXXXXX 8945)","Stripe","[{""source"":""deposit_qbo_components"",""id"":""dqc_UUdDyGmVZm7Wl7KB-g4tM"",""staged_payment_id"":""UUdDyGmVZm7Wl7KB-g4tM"",""qb_deposit_id"":""12894"",""qb_entity_type"":""deposit"",""qb_entity_id"":""12894"",""amount"":""546.02"",""date_received"":""2020-08-04T00:00:00.000Z"",""payer"":""Stripe"",""accounts"":[""4020 Services - Earned Income"",""BUSINESS CHECKING (XXXXXX 8945)""],""classes"":[""Spo - Embracing Equity (deleted)""],""raw_reference"":""BUSINESS CHECKING (XXXXXX 8945)"",""line_description"":""STRIPE           TRANSFER          ST-M7S7L7N4X9B3 THE WILDFLOWER FOUNDAT""}]"
"bdep_65d90cf8a45d4ab29227f6de","4623.55","2026-03-13T00:00:00.000Z","Minnesota Wildfl Receivable        016ZODLZG41DWX4 016ZODLZG41DWX4 Minnesota Wildfl Bill.com Inv TW","membership","rule_derived","","reviewed: affiliated-school membership (name-confirmed; 0176)","1503 Pledges/Services Receivable","Minnesota Wildflower Montessori School","[{""source"":""bank_deposit_qbo_register"",""id"":""bdqr_bdep_65d90cf8a45d4ab29227f6de"",""bank_transaction_id"":""bnk_3b4c65025ed4b7c197667291"",""amount"":""4623.55"",""txn_date"":""2026-03-13T00:00:00.000Z"",""txn_type"":""Payment"",""ref_no"":""P26031101 - 8086265"",""payer"":""Minnesota Wildflower Montessori School"",""accounts"":[""1503 Pledges/Services Receivable""],""memo"":""March Invoice Pymt via ACH"",""reconciliation_status"":""Reconciled""}]"
"bdep_6635038190f2e91427079d89","2500.00","2020-05-29T00:00:00.000Z","ASTER MONTESSORI JUNE 2020                         Wildflower Foundation","loan","rule_derived","","reviewed: componentless deposit, all QB accounts non-donation (0185)","1600 Loans to Schools | BUSINESS CHECKING (XXXXXX 8945)","Aster Montessori","[{""source"":""deposit_qbo_components"",""id"":""dqc_If8EuJgAq1YYZStum8Yiv"",""staged_payment_id"":""If8EuJgAq1YYZStum8Yiv"",""qb_deposit_id"":""12057"",""qb_entity_type"":""deposit"",""qb_entity_id"":""12057"",""amount"":""2500.00"",""date_received"":""2020-05-29T00:00:00.000Z"",""payer"":""Aster Montessori"",""accounts"":[""1600 Loans to Schools"",""BUSINESS CHECKING (XXXXXX 8945)""],""classes"":[""National (deleted)""],""raw_reference"":""This was paid by mistake and refunded via bill.com"",""line_description"":""This was paid by mistake and refunded via bill.com"",""transaction_memo"":""This was paid by mistake and refunded via bill.com""}]"
"bdep_663f15852fb681a257279111","4623.66","2025-10-17T00:00:00.000Z","Minnesota Wildfl Receivable        016BOAYFC3W4QM1 016BOAYFC3W4QM1 Minnesota Wildfl Bill.com For In","membership","rule_derived","","reviewed: componentless deposit, all QB accounts non-donation (0185)","Network Membership Fees (School SItes)","Minnesota Wildflower Montessori School","[{""source"":""deposit_qbo_components"",""id"":""dqc_GJZ1nLuke2VV5X-_NC7Us"",""staged_payment_id"":""GJZ1nLuke2VV5X-_NC7Us"",""qb_deposit_id"":""36547"",""qb_entity_type"":""payment"",""qb_entity_id"":""35778"",""amount"":""4623.66"",""date_received"":""2025-10-16T00:00:00.000Z"",""payer"":""Minnesota Wildflower Montessori School"",""accounts"":[""Network Membership Fees (School SItes)""],""items"":[""School Contributions""],""raw_reference"":""P25101501 - 1347099"",""line_description"":""For Invoice# TWF - Oct Invoice027"",""transaction_memo"":""For Invoice# TWF - Oct Invoice027""}]"
"bdep_66c4d9f0c7d0b6af4e540ca4","49.62","2020-07-31T00:00:00.000Z","PAYPAL           TRANSFER   200731 1009846174581   THE WILDFLOWER FOUNDAT","expense_refund","rule_derived","","reviewed: componentless deposit, all QB accounts non-donation (0185)","7016 All Other Expenditures:Transportation, Hotel & Housing Costs | BUSINESS CHECKING (XXXXXX 8945)","jennie.houghton@wildflowerschools.org (deleted)","[{""source"":""deposit_qbo_components"",""id"":""dqc_5y-uJH4N-nMmKpAUgUnmE"",""staged_payment_id"":""5y-uJH4N-nMmKpAUgUnmE"",""qb_deposit_id"":""12955"",""qb_entity_type"":""deposit"",""qb_entity_id"":""12955"",""amount"":""49.62"",""date_received"":""2020-07-31T00:00:00.000Z"",""payer"":""jennie.houghton@wildflowerschools.org (deleted)"",""accounts"":[""7016 All Other Expenditures:Transportation, Hotel & Housing Costs"",""BUSINESS CHECKING (XXXXXX 8945)""],""classes"":[""National (deleted):Foundation Operations (deleted)""],""raw_reference"":""Repayment of the accidental personal charges on the Jun/Jul WF credit card. WIll come to our account through ACH."",""line_description"":""Repayment of the accidental personal charges on the Jun/Jul WF credit card. WIll come to our account through ACH."",""transaction_memo"":""Repayment of the accidental personal charges on the Jun/Jul WF credit card. WIll come to our account through ACH.""}]"
"bdep_673c06bfd05351558f511785","454.55","2025-06-06T00:00:00.000Z","Lilac Montessori Receivable        016JPQLNH3R9HA4 016JPQLNH3R9HA4 Lilac Montessori Bill.com Inv TW","membership","rule_derived","","reviewed: componentless deposit, all QB accounts non-donation (0185)","Network Membership Fees (School SItes)","Bergamot Montessori Inc.","[{""source"":""deposit_qbo_components"",""id"":""dqc_fo4YFe65y6Z_akH6zqtH6"",""staged_payment_id"":""fo4YFe65y6Z_akH6zqtH6"",""qb_deposit_id"":""34458"",""qb_entity_type"":""payment"",""qb_entity_id"":""33739"",""amount"":""454.55"",""date_received"":""2025-06-05T00:00:00.000Z"",""payer"":""Bergamot Montessori Inc."",""accounts"":[""Network Membership Fees (School SItes)""],""items"":[""School Contributions""],""raw_reference"":""P25060102 - 1476772"",""line_description"":""Inv TWF-116"",""transaction_memo"":""Inv TWF-116""}]"
"bdep_67502ccc5a3f642bb1c89116","1124.56","2020-06-09T00:00:00.000Z","STRIPE           TRANSFER          ST-A8A6B9I9O7L8 THE WILDFLOWER FOUNDAT","earned_income","rule_derived","","reviewed: componentless deposit, all QB accounts non-donation (0185)","4020 Services - Earned Income | BUSINESS CHECKING (XXXXXX 8945)","Stripe","[{""source"":""deposit_qbo_components"",""id"":""dqc_bNLizbJs6cyq6p85pkyJy"",""staged_payment_id"":""bNLizbJs6cyq6p85pkyJy"",""qb_deposit_id"":""12222"",""qb_entity_type"":""deposit"",""qb_entity_id"":""12222"",""amount"":""1124.56"",""date_received"":""2020-06-09T00:00:00.000Z"",""payer"":""Stripe"",""accounts"":[""4020 Services - Earned Income"",""BUSINESS CHECKING (XXXXXX 8945)""],""classes"":[""Spo - Embracing Equity (deleted)""],""raw_reference"":""BUSINESS CHECKING (XXXXXX 8945)"",""line_description"":""STRIPE           TRANSFER          ST-A8A6B9I9O7L8 THE WILDFLOWER FOUNDAT""}]"
"bdep_67addbbb5de827cfec24bcf7","60.62","2022-04-12T00:00:00.000Z","GUSTO            TAX 077877 220412 6semjrhfelf     The Wildflower Foundat","expense_refund","rule_derived","","reviewed: componentless deposit, all QB accounts non-donation (0185)","701 Payroll | BUSINESS CHECKING (XXXXXX 8945)","Gusto","[{""source"":""deposit_qbo_components"",""id"":""dqc_sKs85BHqTgPrqCNTgVXCB"",""staged_payment_id"":""sKs85BHqTgPrqCNTgVXCB"",""qb_deposit_id"":""19606"",""qb_entity_type"":""deposit"",""qb_entity_id"":""19606"",""amount"":""60.62"",""date_received"":""2022-04-12T00:00:00.000Z"",""payer"":""Gusto"",""accounts"":[""701 Payroll"",""BUSINESS CHECKING (XXXXXX 8945)""],""raw_reference"":""BUSINESS CHECKING (XXXXXX 8945)"",""line_description"":""GUSTO            TAX 077877 220412 6semjrhfelf     The Wildflower Foundat""}]"
"bdep_6886ffb2dbc31f0e06bdacca","2522.44","2025-01-27T00:00:00.000Z","Wild Rose Montes Receivable        016AUHZCI3MD1TF 016AUHZCI3MD1TF Wild Rose Montes Bill.com Inv 17","membership","rule_derived","","reviewed: componentless deposit, all QB accounts non-donation (0185)","Network Membership Fees (School SItes)","Wild Rose Montessori School Inc","[{""source"":""deposit_qbo_components"",""id"":""dqc_t223qiHq33p-PhRDw1SEO"",""staged_payment_id"":""t223qiHq33p-PhRDw1SEO"",""qb_deposit_id"":""32443"",""qb_entity_type"":""payment"",""qb_entity_id"":""31668"",""amount"":""2522.44"",""date_received"":""2025-01-24T00:00:00.000Z"",""payer"":""Wild Rose Montessori School Inc"",""accounts"":[""Network Membership Fees (School SItes)""],""items"":[""School Contributions""],""raw_reference"":""P25012002 - 9046885"",""line_description"":""Inv 1734800475843"",""transaction_memo"":""Inv 1734800475843""}]"
"bdep_68e21d0d21485b9d4d673afa","4523.02","2025-05-23T00:00:00.000Z","Wildflower New Y Receivable        016TPFBUH3QQV36 016TPFBUH3QQV36 Wildflower New Y Bill.com Inv TW","membership","rule_derived","","reviewed: componentless deposit, all QB accounts non-donation (0185)","Network Membership Fees (School SItes)","Wildflower New York Charter School","[{""source"":""deposit_qbo_components"",""id"":""dqc_ziW14hqmjiyj7rbegDHtr"",""staged_payment_id"":""ziW14hqmjiyj7rbegDHtr"",""qb_deposit_id"":""34453"",""qb_entity_type"":""payment"",""qb_entity_id"":""33485"",""amount"":""4523.02"",""date_received"":""2025-05-22T00:00:00.000Z"",""payer"":""Wildflower New York Charter School"",""accounts"":[""Network Membership Fees (School SItes)""],""items"":[""School Contributions""],""raw_reference"":""P25052002 - 8632187"",""line_description"":""Inv TWF-136"",""transaction_memo"":""Inv TWF-136""}]"
"bdep_68fb55a16f1f06158f596a5a","545.45","2024-08-28T00:00:00.000Z","Rain Lily Montes Receivable        016LUDNUP3GOYR8 016LUDNUP3GOYR8 Rain Lily Montes Bill.com Inv 79","membership","rule_derived","","reviewed: componentless deposit, all QB accounts non-donation (0185)","Network Membership Fees (School SItes)","Rain Lily Montessori School, Inc.","[{""source"":""deposit_qbo_components"",""id"":""dqc_vxC6kQvrLu8dY2s8LBBcp"",""staged_payment_id"":""vxC6kQvrLu8dY2s8LBBcp"",""qb_deposit_id"":""30440"",""qb_entity_type"":""payment"",""qb_entity_id"":""29765"",""amount"":""545.45"",""date_received"":""2024-08-27T00:00:00.000Z"",""payer"":""Rain Lily Montessori School, Inc."",""accounts"":[""Network Membership Fees (School SItes)""],""items"":[""School Contributions""],""raw_reference"":""P24082002 - 4518751"",""line_description"":""Inv 79252461-155"",""transaction_memo"":""Inv 79252461-155""}]"
"bdep_6937d42813dfbd94c561e7d9","1282.33","2024-08-28T00:00:00.000Z","Urban Village Mo Receivable        016QOCEWP3GOYR9 016QOCEWP3GOYR9 Urban Village Mo Bill.com Inv 79","membership","rule_derived","","reviewed: componentless deposit, all QB accounts non-donation (0185)","Network Membership Fees (School SItes)","Urban Village Montessori","[{""source"":""deposit_qbo_components"",""id"":""dqc_L0N1fh-_3LKs0q0brgunj"",""staged_payment_id"":""L0N1fh-_3LKs0q0brgunj"",""qb_deposit_id"":""30442"",""qb_entity_type"":""payment"",""qb_entity_id"":""29768"",""amount"":""1282.33"",""date_received"":""2024-08-27T00:00:00.000Z"",""payer"":""Urban Village Montessori"",""accounts"":[""Network Membership Fees (School SItes)""],""items"":[""School Contributions""],""raw_reference"":""P24082102 - 4796165"",""line_description"":""Inv 79252461-146"",""transaction_memo"":""Inv 79252461-146""}]"
"bdep_699137c2797e7005f3c18453","975.57","2020-07-24T00:00:00.000Z","STRIPE           TRANSFER          ST-D7U6K2Z1O9Z6 THE WILDFLOWER FOUNDAT","earned_income","rule_derived","","reviewed: componentless deposit, all QB accounts non-donation (0185)","4020 Services - Earned Income | BUSINESS CHECKING (XXXXXX 8945)","Stripe","[{""source"":""deposit_qbo_components"",""id"":""dqc_-5Uu1okBUYr_xtH2W0ENW"",""staged_payment_id"":""-5Uu1okBUYr_xtH2W0ENW"",""qb_deposit_id"":""12890"",""qb_entity_type"":""deposit"",""qb_entity_id"":""12890"",""amount"":""975.57"",""date_received"":""2020-07-24T00:00:00.000Z"",""payer"":""Stripe"",""accounts"":[""4020 Services - Earned Income"",""BUSINESS CHECKING (XXXXXX 8945)""],""classes"":[""Spo - Embracing Equity (deleted)""],""raw_reference"":""BUSINESS CHECKING (XXXXXX 8945)"",""line_description"":""STRIPE           TRANSFER          ST-D7U6K2Z1O9Z6 THE WILDFLOWER FOUNDAT""}]"
"bdep_69feb1c47b84dd1fb3b3477a","133.60","2023-08-30T00:00:00.000Z","MBI              SETL       230829 MED-I-BANK      MED-I-BANK","expense_refund","rule_derived","","reviewed: componentless deposit, all QB accounts non-donation (0185)","2002 Benefit Liability | BUSINESS CHECKING (XXXXXX 8945)","","[{""source"":""deposit_qbo_components"",""id"":""dqc_6SjNWZOSOi28PE19LFo8L"",""staged_payment_id"":""6SjNWZOSOi28PE19LFo8L"",""qb_deposit_id"":""25911"",""qb_entity_type"":""deposit"",""qb_entity_id"":""25911"",""amount"":""133.60"",""date_received"":""2023-08-30T00:00:00.000Z"",""accounts"":[""2002 Benefit Liability"",""BUSINESS CHECKING (XXXXXX 8945)""],""raw_reference"":""BUSINESS CHECKING (XXXXXX 8945)"",""line_description"":""MBI              SETL       230829 MED-I-BANK      MED-I-BANK""}]"
"bdep_6a16031e5d71968943c4dca9","2912.59","2021-12-13T00:00:00.000Z","ATM CHECK DEPOSIT              ON              12/13 1505 W Lake St            Minneapolis   MN  0009524           ATM ID 6991J    CARD 7365","expense_refund","rule_derived","","reviewed: componentless deposit, all QB accounts non-donation (0185)","7010.4 Payroll:3.Benefits:Payroll Taxes | BUSINESS CHECKING (XXXXXX 8945)","State of Minnesota","[{""source"":""deposit_qbo_components"",""id"":""dqc_6d6WLZviIuBfz7CvNU1IC"",""staged_payment_id"":""6d6WLZviIuBfz7CvNU1IC"",""qb_deposit_id"":""18456"",""qb_entity_type"":""deposit"",""qb_entity_id"":""18456"",""amount"":""2912.59"",""date_received"":""2021-12-13T00:00:00.000Z"",""payer"":""State of Minnesota"",""accounts"":[""7010.4 Payroll:3.Benefits:Payroll Taxes"",""BUSINESS CHECKING (XXXXXX 8945)""],""classes"":[""National (deleted):Foundation Operations (deleted)""],""raw_reference"":""BUSINESS CHECKING (XXXXXX 8945)"",""line_description"":""ATM CHECK DEPOSIT              ON              12/13 1505 W Lake St            Minneapolis   MN  0009524           ATM ID 6991J    CARD 7365""}]"
"bdep_6a5af95ed0420658376834c9","4990.56","2026-06-12T00:00:00.000Z","Wildflower New Y Receivable        016XOFLGR454VYW 016XOFLGR454VYW Wildflower New Y Bill.com Inv TW","membership","rule_derived","","reviewed: affiliated-school membership (name-confirmed; 0176)","1503 Pledges/Services Receivable","Wildflower New York Charter School","[{""source"":""bank_deposit_qbo_register"",""id"":""bdqr_bdep_6a5af95ed0420658376834c9"",""bank_transaction_id"":""bnk_0da7125a660443e39c494326"",""amount"":""4990.56"",""txn_date"":""2026-06-11T00:00:00.000Z"",""txn_type"":""Payment"",""ref_no"":""P26061002 - 9801339"",""payer"":""Wildflower New York Charter School"",""accounts"":[""1503 Pledges/Services Receivable""],""memo"":""Inv TWF - May Invoice037"",""reconciliation_status"":""Reconciled""}]"
"bdep_6b0c06c27097975fa3c86dd5","9.92","2021-02-19T00:00:00.000Z","STRIPE           TRANSFER          ST-A7A6D7K7P6R4 THE WILDFLOWER FOUNDAT","earned_income","rule_derived","","reviewed: componentless deposit, all QB accounts non-donation (0185)","4020 Services - Earned Income | BUSINESS CHECKING (XXXXXX 8945)","Stripe","[{""source"":""deposit_qbo_components"",""id"":""dqc_c2gOhTMkkV3C9y80GyMBG"",""staged_payment_id"":""c2gOhTMkkV3C9y80GyMBG"",""qb_deposit_id"":""14784"",""qb_entity_type"":""deposit"",""qb_entity_id"":""14784"",""amount"":""9.92"",""date_received"":""2021-02-19T00:00:00.000Z"",""payer"":""Stripe"",""accounts"":[""4020 Services - Earned Income"",""BUSINESS CHECKING (XXXXXX 8945)""],""classes"":[""Spo - Embracing Equity (deleted)""],""raw_reference"":""BUSINESS CHECKING (XXXXXX 8945)"",""line_description"":""STRIPE           TRANSFER          ST-A7A6D7K7P6R4 THE WILDFLOWER FOUNDAT""}]"
"bdep_6bd4b27d687a127114ef4284","582.56","2021-04-29T00:00:00.000Z","IRS              HIST RTN   210429 270151750907867 WILDFLOWER FOUNDATION","expense_refund","rule_derived","","reviewed: componentless deposit, all QB accounts non-donation (0185)","7010.4 Payroll:3.Benefits:Payroll Taxes | BUSINESS CHECKING (XXXXXX 8945)","Internal Revenue Service","[{""source"":""deposit_qbo_components"",""id"":""dqc_Ix39Rb1btqcMEsSgGMNQG"",""staged_payment_id"":""Ix39Rb1btqcMEsSgGMNQG"",""qb_deposit_id"":""15534"",""qb_entity_type"":""deposit"",""qb_entity_id"":""15534"",""amount"":""582.56"",""date_received"":""2021-04-29T00:00:00.000Z"",""payer"":""Internal Revenue Service"",""accounts"":[""7010.4 Payroll:3.Benefits:Payroll Taxes"",""BUSINESS CHECKING (XXXXXX 8945)""],""classes"":[""Hubs (deleted):Hub - Puerto Rico (deleted)""],""raw_reference"":""BUSINESS CHECKING (XXXXXX 8945)"",""line_description"":""IRS              HIST RTN   210429 270151750907867 WILDFLOWER FOUNDATION""}]"
"bdep_6c202ba572eb924840e08e4c","1212.85","2019-04-02T00:00:00.000Z","STRIPE           TRANSFER          ST-H3T9L7S0G0B2 X","earned_income","rule_derived","","reviewed: componentless deposit, all QB accounts non-donation (0185)","4020 Services - Earned Income | BUSINESS CHECKING (XXXXXX 8945)","Stripe","[{""source"":""deposit_qbo_components"",""id"":""dqc_GA42my1hsUH9OWcQYsCEU"",""staged_payment_id"":""GA42my1hsUH9OWcQYsCEU"",""qb_deposit_id"":""6798"",""qb_entity_type"":""deposit"",""qb_entity_id"":""6798"",""amount"":""1212.85"",""date_received"":""2019-04-02T00:00:00.000Z"",""payer"":""Stripe"",""accounts"":[""4020 Services - Earned Income"",""BUSINESS CHECKING (XXXXXX 8945)""],""classes"":[""Existing School Support (deleted)""],""raw_reference"":""STRIPE           TRANSFER          ST-H3T9L7S0G0B2 X"",""line_description"":""STRIPE           TRANSFER          ST-H3T9L7S0G0B2 X"",""transaction_memo"":""STRIPE           TRANSFER          ST-H3T9L7S0G0B2 X""}]"
"bdep_6c8ec7578795c449a2a2fbd5","1611.67","2022-01-24T00:00:00.000Z","BasicBenef4347   BASICCOBRA                        The Wildflower Foundat","expense_refund","rule_derived","","reviewed: componentless deposit, all QB accounts non-donation (0185)","2002 Benefit Liability | BUSINESS CHECKING (XXXXXX 8945)","","[{""source"":""deposit_qbo_components"",""id"":""dqc_KdI0-vgYOs1EHf0auPCW9"",""staged_payment_id"":""KdI0-vgYOs1EHf0auPCW9"",""qb_deposit_id"":""18620"",""qb_entity_type"":""deposit"",""qb_entity_id"":""18620"",""amount"":""1611.67"",""date_received"":""2022-01-24T00:00:00.000Z"",""accounts"":[""2002 Benefit Liability"",""BUSINESS CHECKING (XXXXXX 8945)""],""raw_reference"":""BUSINESS CHECKING (XXXXXX 8945)"",""line_description"":""BasicBenef4347   BASICCOBRA                        The Wildflower Foundat""}]"
"bdep_6d49c6e58a359e3e4d852839","1517.18","2020-03-10T00:00:00.000Z","COBRA TRUST ACCT BASICPacif                        COBRA REMIT","expense_refund","rule_derived","","reviewed: componentless deposit, all QB accounts non-donation (0185)","2002 Benefit Liability | BUSINESS CHECKING (XXXXXX 8945)","","[{""source"":""deposit_qbo_components"",""id"":""dqc_BDtFV-zCkkE_pdsRejOO_"",""staged_payment_id"":""BDtFV-zCkkE_pdsRejOO_"",""qb_deposit_id"":""11538"",""qb_entity_type"":""deposit"",""qb_entity_id"":""11538"",""amount"":""1517.18"",""date_received"":""2020-03-10T00:00:00.000Z"",""accounts"":[""2002 Benefit Liability"",""BUSINESS CHECKING (XXXXXX 8945)""],""classes"":[""National (deleted)""],""raw_reference"":""BUSINESS CHECKING (XXXXXX 8945)"",""line_description"":""COBRA TRUST ACCT BASICPacif                        COBRA REMIT""}]"
"bdep_6eb6de1d1e4d934cf65fe652","47.94","2018-11-29T00:00:00.000Z","STRIPE           TRANSFER                          X 201811291","earned_income","rule_derived","","reviewed: componentless deposit, all QB accounts non-donation (0185)","4020 Services - Earned Income | BUSINESS CHECKING (XXXXXX 8945)","","[{""source"":""deposit_qbo_components"",""id"":""dqc_TXEMfocaHWuu3WuPYYjGB"",""staged_payment_id"":""TXEMfocaHWuu3WuPYYjGB"",""qb_deposit_id"":""5350"",""qb_entity_type"":""deposit"",""qb_entity_id"":""5350"",""amount"":""47.94"",""date_received"":""2018-11-29T00:00:00.000Z"",""accounts"":[""4020 Services - Earned Income"",""BUSINESS CHECKING (XXXXXX 8945)""],""raw_reference"":""STRIPE           TRANSFER                          X 201811291"",""line_description"":""STRIPE           TRANSFER                          X 201811291"",""transaction_memo"":""STRIPE           TRANSFER                          X 201811291""}]"
"bdep_6ebca848c7064dd590ace50d","1347.33","2025-10-16T00:00:00.000Z","Roxbury Roots Mo Receivable        016TGHERD3W2PQT 016TGHERD3W2PQT Roxbury Roots Mo Bill.com Inv TW","membership","rule_derived","","reviewed: componentless deposit, all QB accounts non-donation (0185)","Network Membership Fees (School SItes)","Roxbury Roots Montessori, Inc.","[{""source"":""deposit_qbo_components"",""id"":""dqc__ipkuxi8wytRYRpFpr8jv"",""staged_payment_id"":""_ipkuxi8wytRYRpFpr8jv"",""qb_deposit_id"":""36546"",""qb_entity_type"":""payment"",""qb_entity_id"":""35714"",""amount"":""1347.33"",""date_received"":""2025-10-15T00:00:00.000Z"",""payer"":""Roxbury Roots Montessori, Inc."",""accounts"":[""Network Membership Fees (School SItes)""],""items"":[""School Contributions""],""raw_reference"":""P25101402 - 6640520"",""line_description"":""Inv TWF - Oct Invoice001"",""transaction_memo"":""Inv TWF - Oct Invoice001""}]"
"bdep_6efbc61b11ecb09d32ee0aa6","433.27","2023-06-21T00:00:00.000Z","Bill.com         Receivable        016QPVRXT2ORRBX         Hyacinth Bill.com 016QPVRXT2ORRBX Inv #7","membership","rule_derived","","reviewed: affiliated-school membership (name-confirmed; 0176)","1503 Pledges/Services Receivable","Hyacinth Montessori","[{""source"":""bank_deposit_qbo_register"",""id"":""bdqr_bdep_6efbc61b11ecb09d32ee0aa6"",""bank_transaction_id"":""bnk_962ea4c3304b96af438c0529"",""amount"":""433.27"",""txn_date"":""2023-06-21T00:00:00.000Z"",""txn_type"":""Payment"",""payer"":""Hyacinth Montessori"",""accounts"":[""1503 Pledges/Services Receivable""],""reconciliation_status"":""Reconciled""}]"
"bdep_6eff6082139a14697d0d19d1","3750.00","2024-01-30T00:00:00.000Z","The Sunlight Loa Bill.com          025NHVDMEYRYPG0 The Sunlight Loan Fund, LLC Bill.com 025NHVDMEYR","interest","rule_derived","","reviewed: componentless deposit, all QB accounts non-donation (0185)","Interest Earned","The Sunlight Loan Fund, LLC","[{""source"":""deposit_qbo_components"",""id"":""dqc_I_cMaulAznADK_eU7DRok"",""staged_payment_id"":""I_cMaulAznADK_eU7DRok"",""qb_deposit_id"":""27601"",""qb_entity_type"":""payment"",""qb_entity_id"":""27455"",""amount"":""3750.00"",""date_received"":""2024-01-30T00:00:00.000Z"",""payer"":""The Sunlight Loan Fund, LLC"",""accounts"":[""Interest Earned""],""items"":[""INTEREST""],""raw_reference"":""P24012602 - 1464998"",""line_description"":""Inv Int Payment"",""transaction_memo"":""Inv Int Payment""}]"
"bdep_6f16e9585ce8b40125ed1aba","10000.00","2018-10-16T00:00:00.000Z","ATM CHECK DEPOSIT 10/16 3030 NICOLLET AVE MINNEAPOLIS MN 5813V 7365","earned_income","rule_derived","","reviewed: componentless deposit, all QB accounts non-donation (0185)","4020 Services - Earned Income | BUSINESS CHECKING (XXXXXX 8945)","Keres Children's Learning Center","[{""source"":""deposit_qbo_components"",""id"":""dqc_hT6CVyRPlGbbpor45GT9y"",""staged_payment_id"":""hT6CVyRPlGbbpor45GT9y"",""qb_deposit_id"":""4802"",""qb_entity_type"":""deposit"",""qb_entity_id"":""4802"",""amount"":""10000.00"",""date_received"":""2018-10-16T00:00:00.000Z"",""payer"":""Keres Children's Learning Center"",""accounts"":[""4020 Services - Earned Income"",""BUSINESS CHECKING (XXXXXX 8945)""],""classes"":[""Overhead (deleted)""],""raw_reference"":""ATM CHECK DEPOSIT 10/16 3030 NICOLLET AVE MINNEAPOLIS MN 5813V 7365"",""line_description"":""ATM CHECK DEPOSIT 10/16 3030 NICOLLET AVE MINNEAPOLIS MN 5813V 7365"",""transaction_memo"":""ATM CHECK DEPOSIT 10/16 3030 NICOLLET AVE MINNEAPOLIS MN 5813V 7365""}]"
"bdep_6f2e4523bbc25effa5f46b9b","666.67","2026-06-16T00:00:00.000Z","Orchid Montessor Bill.com          016QXQAYN4588PE Orchid Montessori Bill.com 016QXQAYN4588PE Inv T","membership","rule_derived","","reviewed: affiliated-school membership (name-confirmed; 0176)","1503 Pledges/Services Receivable","Orchid Montessori School","[{""source"":""bank_deposit_qbo_register"",""id"":""bdqr_bdep_6f2e4523bbc25effa5f46b9b"",""bank_transaction_id"":""bnk_5e66cd6eb9838d0ce78be640"",""amount"":""666.67"",""txn_date"":""2026-06-15T00:00:00.000Z"",""txn_type"":""Payment"",""ref_no"":""P26061001 - 6522743"",""payer"":""Orchid Montessori School"",""accounts"":[""1503 Pledges/Services Receivable""],""memo"":""Inv TWF - DecInv123"",""reconciliation_status"":""Reconciled""}]"
"bdep_6f7f8f8cb882b8b2c260b019","853.00","2017-02-28T00:00:00.000Z","ATM CHECK DEPOSIT 02/28 4712 CHICAGO AVE S MINNEAPOLIS MN 5819T 7365","loan","rule_derived","","reviewed: componentless deposit, all QB accounts non-donation (0185)","1600 Loans to Schools | BUSINESS CHECKING (XXXXXX 8945)","Snowdrop","[{""source"":""deposit_qbo_components"",""id"":""dqc_HOlb0oxlRQYFErSP7CvEg"",""staged_payment_id"":""HOlb0oxlRQYFErSP7CvEg"",""qb_deposit_id"":""678"",""qb_entity_type"":""deposit"",""qb_entity_id"":""678"",""amount"":""853.00"",""date_received"":""2017-02-28T00:00:00.000Z"",""payer"":""Snowdrop"",""accounts"":[""1600 Loans to Schools"",""BUSINESS CHECKING (XXXXXX 8945)""],""raw_reference"":""ATM CHECK DEPOSIT 02/28 4712 CHICAGO AVE S MINNEAPOLIS MN 5819T 7365"",""line_description"":""ATM CHECK DEPOSIT 02/28 4712 CHICAGO AVE S MINNEAPOLIS MN 5819T 7365"",""transaction_memo"":""ATM CHECK DEPOSIT 02/28 4712 CHICAGO AVE S MINNEAPOLIS MN 5819T 7365""}]"
"bdep_6f8650724bfbc9e5ef608daf","1993.00","2020-01-10T00:00:00.000Z","ATM CHECK DEPOSIT              ON              01/10 1505 WEST LAKE ST         MINNEAPOLIS   MN  0006856           ATM ID 6991J    CARD 7365","expense_refund","rule_derived","","reviewed: componentless deposit, all QB accounts non-donation (0185)","7009 All Other Expenditures:Rent | BUSINESS CHECKING (XXXXXX 8945)","","[{""source"":""deposit_qbo_components"",""id"":""dqc_SlQoyovAvjghLTckcm_lB"",""staged_payment_id"":""SlQoyovAvjghLTckcm_lB"",""qb_deposit_id"":""10583"",""qb_entity_type"":""deposit"",""qb_entity_id"":""10583"",""amount"":""1993.00"",""date_received"":""2020-01-10T00:00:00.000Z"",""accounts"":[""7009 All Other Expenditures:Rent"",""BUSINESS CHECKING (XXXXXX 8945)""],""classes"":[""Hubs (deleted):Hub - Massachusetts (deleted)""],""raw_reference"":""Deposit to be coded to Mass general, rent line,"",""line_description"":""Deposit to be coded to Mass general, rent line,"",""transaction_memo"":""Deposit to be coded to Mass general, rent line,""}]"
"bdep_6fe5a6e56dab0979b071bdb1","33.68","2020-08-26T00:00:00.000Z","STRIPE           TRANSFER          ST-V8A5O2Z9R3V1 THE WILDFLOWER FOUNDAT","earned_income","rule_derived","","reviewed: componentless deposit, all QB accounts non-donation (0185)","4020 Services - Earned Income | BUSINESS CHECKING (XXXXXX 8945)","Stripe","[{""source"":""deposit_qbo_components"",""id"":""dqc_gtYwyUnUXsdNBFN4_ycCZ"",""staged_payment_id"":""gtYwyUnUXsdNBFN4_ycCZ"",""qb_deposit_id"":""13160"",""qb_entity_type"":""deposit"",""qb_entity_id"":""13160"",""amount"":""33.68"",""date_received"":""2020-08-26T00:00:00.000Z"",""payer"":""Stripe"",""accounts"":[""4020 Services - Earned Income"",""BUSINESS CHECKING (XXXXXX 8945)""],""classes"":[""Spo - Embracing Equity (deleted)""],""raw_reference"":""BUSINESS CHECKING (XXXXXX 8945)"",""line_description"":""STRIPE           TRANSFER          ST-V8A5O2Z9R3V1 THE WILDFLOWER FOUNDAT""}]"
"bdep_7085a68b1ea40ebb44890379","666.67","2026-01-09T00:00:00.000Z","Desert Peach Mon Bill.com          026MRUGVN1RAB0T Desert Peach Montessori School Bill.com 026MRUGV","membership","rule_derived","","reviewed: affiliated-school membership (name-confirmed; 0176)","1503 Pledges/Services Receivable","Desert Peach Montessori","[{""source"":""bank_deposit_qbo_register"",""id"":""bdqr_bdep_7085a68b1ea40ebb44890379"",""bank_transaction_id"":""bnk_7e6532ddafca55b61420a431"",""amount"":""666.67"",""txn_date"":""2026-01-09T00:00:00.000Z"",""txn_type"":""Payment"",""ref_no"":""P26010502 - 8051893"",""payer"":""Desert Peach Montessori"",""accounts"":[""1503 Pledges/Services Receivable""],""memo"":""Inv TWF - Dec 17 Invoice"",""reconciliation_status"":""Reconciled""}]"
"bdep_709d3b03d6e993a0c86d4590","750000.00","2020-05-13T00:00:00.000Z","WT FED#00178 BREMER BANK, NATIO    /ORG=THE WILDFLOWER FOUNDATION                     SRF#    P202005130001439 TRN#200513151431  RFB#","loan","rule_derived","","reviewed: componentless deposit, all QB accounts non-donation (0185)","2503 PPP Loan Received | BUSINESS CHECKING (XXXXXX 8945)","Bremer Bank","[{""source"":""deposit_qbo_components"",""id"":""dqc_Ktnj-GU4KaW1_qUgtsgs3"",""staged_payment_id"":""Ktnj-GU4KaW1_qUgtsgs3"",""qb_deposit_id"":""12051"",""qb_entity_type"":""deposit"",""qb_entity_id"":""12051"",""amount"":""750000.00"",""date_received"":""2020-05-13T00:00:00.000Z"",""payer"":""Bremer Bank"",""accounts"":[""2503 PPP Loan Received"",""BUSINESS CHECKING (XXXXXX 8945)""],""classes"":[""National (deleted)""],""raw_reference"":""BUSINESS CHECKING (XXXXXX 8945)"",""line_description"":""WT FED#00178 BREMER BANK, NATIO    /ORG=THE WILDFLOWER FOUNDATION                     SRF#    P202005130001439 TRN#200513151431  RFB#""}]"
"bdep_70bcab4425d7848285c26915","1282.33","2025-02-28T00:00:00.000Z","Urban Village Mo Receivable        016RCWXWE3NL5XB 016RCWXWE3NL5XB Urban Village Mo Bill.com Inv TC","membership","rule_derived","","reviewed: componentless deposit, all QB accounts non-donation (0185)","Network Membership Fees (School SItes)","Urban Village Montessori","[{""source"":""deposit_qbo_components"",""id"":""dqc_YCdZz32RDFO2kRfvPgLvL"",""staged_payment_id"":""YCdZz32RDFO2kRfvPgLvL"",""qb_deposit_id"":""32513"",""qb_entity_type"":""payment"",""qb_entity_id"":""32209"",""amount"":""1282.33"",""date_received"":""2025-02-27T00:00:00.000Z"",""payer"":""Urban Village Montessori"",""accounts"":[""Network Membership Fees (School SItes)""],""items"":[""School Contributions""],""raw_reference"":""P25022302 - 6934631"",""line_description"":""Inv TC Girasol 13"",""transaction_memo"":""Inv TC Girasol 13""}]"
"bdep_719c48878a279450ad952e96","2626.07","2019-11-13T00:00:00.000Z","COBRA TRUST ACCT BASICPacif                        COBRA REMIT","expense_refund","rule_derived","","reviewed: componentless deposit, all QB accounts non-donation (0185)","2002 Benefit Liability | BUSINESS CHECKING (XXXXXX 8945)","","[{""source"":""deposit_qbo_components"",""id"":""dqc_upSYnAb7Q9uMSXv9k3B01"",""staged_payment_id"":""upSYnAb7Q9uMSXv9k3B01"",""qb_deposit_id"":""9581"",""qb_entity_type"":""deposit"",""qb_entity_id"":""9581"",""amount"":""2626.07"",""date_received"":""2019-11-13T00:00:00.000Z"",""accounts"":[""2002 Benefit Liability"",""BUSINESS CHECKING (XXXXXX 8945)""],""classes"":[""National (deleted)""],""raw_reference"":""BUSINESS CHECKING (XXXXXX 8945)"",""line_description"":""COBRA TRUST ACCT BASICPacif                        COBRA REMIT""}]"
"bdep_721cf2724f37b3b2c6a03326","1517.18","2020-07-10T00:00:00.000Z","COBRA TRUST ACCT BASICPacif                        COBRA REMIT","expense_refund","rule_derived","","reviewed: componentless deposit, all QB accounts non-donation (0185)","2002 Benefit Liability | BUSINESS CHECKING (XXXXXX 8945)","","[{""source"":""deposit_qbo_components"",""id"":""dqc_99ANpw4Jbmo8Hu87ch06E"",""staged_payment_id"":""99ANpw4Jbmo8Hu87ch06E"",""qb_deposit_id"":""12920"",""qb_entity_type"":""deposit"",""qb_entity_id"":""12920"",""amount"":""1517.18"",""date_received"":""2020-07-10T00:00:00.000Z"",""accounts"":[""2002 Benefit Liability"",""BUSINESS CHECKING (XXXXXX 8945)""],""classes"":[""National (deleted)""],""raw_reference"":""BUSINESS CHECKING (XXXXXX 8945)"",""line_description"":""COBRA TRUST ACCT BASICPacif                        COBRA REMIT""}]"
"bdep_731f30e2a03017099b1b4ab1","33.68","2020-09-01T00:00:00.000Z","STRIPE           TRANSFER          ST-D7X6A5F4K7J2 THE WILDFLOWER FOUNDAT","earned_income","rule_derived","","reviewed: componentless deposit, all QB accounts non-donation (0185)","4020 Services - Earned Income | BUSINESS CHECKING (XXXXXX 8945)","Stripe","[{""source"":""deposit_qbo_components"",""id"":""dqc_7nNyiNYYOXO7wcrZk-tn8"",""staged_payment_id"":""7nNyiNYYOXO7wcrZk-tn8"",""qb_deposit_id"":""13161"",""qb_entity_type"":""deposit"",""qb_entity_id"":""13161"",""amount"":""33.68"",""date_received"":""2020-09-01T00:00:00.000Z"",""payer"":""Stripe"",""accounts"":[""4020 Services - Earned Income"",""BUSINESS CHECKING (XXXXXX 8945)""],""classes"":[""Spo - Embracing Equity (deleted)""],""raw_reference"":""BUSINESS CHECKING (XXXXXX 8945)"",""line_description"":""STRIPE           TRANSFER          ST-D7X6A5F4K7J2 THE WILDFLOWER FOUNDAT""}]"
"bdep_739b3ee59ccf25aafa84fe50","1625.22","2020-05-18T00:00:00.000Z","STRIPE           TRANSFER          ST-D1O3K2N7V4E4 THE WILDFLOWER FOUNDAT","earned_income","rule_derived","","reviewed: componentless deposit, all QB accounts non-donation (0185)","4020 Services - Earned Income | BUSINESS CHECKING (XXXXXX 8945)","Stripe","[{""source"":""deposit_qbo_components"",""id"":""dqc_5kCQjOc_f_ai4TzUBCZhd"",""staged_payment_id"":""5kCQjOc_f_ai4TzUBCZhd"",""qb_deposit_id"":""12047"",""qb_entity_type"":""deposit"",""qb_entity_id"":""12047"",""amount"":""1625.22"",""date_received"":""2020-05-18T00:00:00.000Z"",""payer"":""Stripe"",""accounts"":[""4020 Services - Earned Income"",""BUSINESS CHECKING (XXXXXX 8945)""],""classes"":[""Spo - Embracing Equity (deleted)""],""raw_reference"":""BUSINESS CHECKING (XXXXXX 8945)"",""line_description"":""STRIPE           TRANSFER          ST-D1O3K2N7V4E4 THE WILDFLOWER FOUNDAT""}]"
"bdep_73bf49cff9cc4e1d5d3bc7ed","2.06","2021-09-16T00:00:00.000Z","GUSTO            TLR 341786 210916 6semjqci5bs     The Wildflower Foundat","expense_refund","rule_derived","","reviewed: componentless deposit, all QB accounts non-donation (0185)","2002 Benefit Liability | BUSINESS CHECKING (XXXXXX 8945)","Gusto","[{""source"":""deposit_qbo_components"",""id"":""dqc_VyPMvmu1vnQF5Gtdb9I_R"",""staged_payment_id"":""VyPMvmu1vnQF5Gtdb9I_R"",""qb_deposit_id"":""17581"",""qb_entity_type"":""deposit"",""qb_entity_id"":""17581"",""amount"":""2.06"",""date_received"":""2021-09-16T00:00:00.000Z"",""payer"":""Gusto"",""accounts"":[""2002 Benefit Liability"",""BUSINESS CHECKING (XXXXXX 8945)""],""raw_reference"":""BUSINESS CHECKING (XXXXXX 8945)"",""line_description"":""GUSTO            TLR 341786 210916 6semjqci5bs     The Wildflower Foundat""}]"
"bdep_74f401e7ff71a9a34a0cc41c","95.71","2019-08-26T00:00:00.000Z","STRIPE           TRANSFER          ST-L1K6C9R7N5P3 THE WILDFLOWER FOUNDAT","earned_income","rule_derived","","reviewed: componentless deposit, all QB accounts non-donation (0185)","4020 Services - Earned Income | BUSINESS CHECKING (XXXXXX 8945)","Stripe","[{""source"":""deposit_qbo_components"",""id"":""dqc_FDAxxsRuQaDgFq6Mci1lx"",""staged_payment_id"":""FDAxxsRuQaDgFq6Mci1lx"",""qb_deposit_id"":""8704"",""qb_entity_type"":""deposit"",""qb_entity_id"":""8704"",""amount"":""95.71"",""date_received"":""2019-08-26T00:00:00.000Z"",""payer"":""Stripe"",""accounts"":[""4020 Services - Earned Income"",""BUSINESS CHECKING (XXXXXX 8945)""],""classes"":[""Spo - Embracing Equity (deleted)""],""raw_reference"":""STRIPE           TRANSFER          ST-L1K6C9R7N5P3 THE WILDFLOWER FOUNDAT"",""line_description"":""STRIPE           TRANSFER          ST-L1K6C9R7N5P3 THE WILDFLOWER FOUNDAT"",""transaction_memo"":""STRIPE           TRANSFER          ST-L1K6C9R7N5P3 THE WILDFLOWER FOUNDAT""}]"
"bdep_753bc863879d58c828b805e3","2522.44","2025-04-28T00:00:00.000Z","Wild Rose Montes Receivable        016BTZOXG3PQGXL 016BTZOXG3PQGXL Wild Rose Montes Bill.com Inv 50","membership","rule_derived","","reviewed: componentless deposit, all QB accounts non-donation (0185)","Network Membership Fees (School SItes)","Wild Rose Montessori School Inc","[{""source"":""deposit_qbo_components"",""id"":""dqc_yiwUtc1dSUBuZgk6v3mQX"",""staged_payment_id"":""yiwUtc1dSUBuZgk6v3mQX"",""qb_deposit_id"":""33556"",""qb_entity_type"":""payment"",""qb_entity_id"":""33050"",""amount"":""2522.44"",""date_received"":""2025-04-25T00:00:00.000Z"",""payer"":""Wild Rose Montessori School Inc"",""accounts"":[""Network Membership Fees (School SItes)""],""items"":[""School Contributions""],""raw_reference"":""P25041902 - 0859066"",""line_description"":""Inv 50-TWF"",""transaction_memo"":""Inv 50-TWF""}]"
"bdep_75974eb7d06ca27ebf895574","1347.33","2025-11-13T00:00:00.000Z","Roxbury Roots Mo Receivable        016UELKII3X33YK 016UELKII3X33YK Roxbury Roots Mo Bill.com Inv TW","membership","rule_derived","","reviewed: componentless deposit, all QB accounts non-donation (0185)","Network Membership Fees (School SItes)","Roxbury Roots Montessori, Inc.","[{""source"":""deposit_qbo_components"",""id"":""dqc_SiZSePJ3qgJCcB7ahzWjv"",""staged_payment_id"":""SiZSePJ3qgJCcB7ahzWjv"",""qb_deposit_id"":""36577"",""qb_entity_type"":""payment"",""qb_entity_id"":""36154"",""amount"":""1347.33"",""date_received"":""2025-11-12T00:00:00.000Z"",""payer"":""Roxbury Roots Montessori, Inc."",""accounts"":[""Network Membership Fees (School SItes)""],""items"":[""School Contributions""],""raw_reference"":""P25111002 - 3822907"",""line_description"":""Inv TWF - Nov Invoice015"",""transaction_memo"":""Inv TWF - Nov Invoice015""}]"
"bdep_771ab8b88a278634d764dc89","250.00","2022-03-01T00:00:00.000Z","Morgan Stanley   ACH CREDIT 220228 10120855310jezj The Wildflower Foundat","loan","rule_derived","","reviewed: componentless deposit, all QB accounts non-donation (0185)","1600 Loans to Schools | BUSINESS CHECKING (XXXXXX 8945)","Dahlia Montessori","[{""source"":""deposit_qbo_components"",""id"":""dqc_lUl6ki0W5SjNL2gnHaZgb"",""staged_payment_id"":""lUl6ki0W5SjNL2gnHaZgb"",""qb_deposit_id"":""19527"",""qb_entity_type"":""deposit"",""qb_entity_id"":""19527"",""amount"":""250.00"",""date_received"":""2022-03-01T00:00:00.000Z"",""payer"":""Dahlia Montessori"",""accounts"":[""1600 Loans to Schools"",""BUSINESS CHECKING (XXXXXX 8945)""],""classes"":[""National (deleted):Loans (deleted)""],""raw_reference"":""BUSINESS CHECKING (XXXXXX 8945)"",""line_description"":""Morgan Stanley   ACH CREDIT 220228 10120855310jezj The Wildflower Foundat""}]"
"bdep_77b3249b0ac0f4e5180f5713","3491.30","2024-08-22T00:00:00.000Z","DC WILDFLOWER PU EFT PYMT   082124 Charter School  The Wildflower Foundat","membership","rule_derived","","reviewed: componentless deposit, all QB accounts non-donation (0185)","Network Membership Fees (School SItes)","Riverseed (C)","[{""source"":""deposit_qbo_components"",""id"":""dqc_95teDZdMB1BfT6qXGV6AQ"",""staged_payment_id"":""95teDZdMB1BfT6qXGV6AQ"",""qb_deposit_id"":""30436"",""qb_entity_type"":""payment"",""qb_entity_id"":""29776"",""amount"":""3491.30"",""date_received"":""2024-08-22T00:00:00.000Z"",""payer"":""Riverseed (C)"",""accounts"":[""Network Membership Fees (School SItes)""],""items"":[""School Contributions""],""line_description"":""Payment came through DCWPCS. Noted in revenue form."",""transaction_memo"":""Payment came through DCWPCS. Noted in revenue form.""}]"
"bdep_781a915a01305e57419ec61c","545.45","2025-02-26T00:00:00.000Z","Rain Lily Montes Receivable        016VFVKFN3NH6NM 016VFVKFN3NH6NM Rain Lily Montes Bill.com Inv TC","membership","rule_derived","","reviewed: componentless deposit, all QB accounts non-donation (0185)","Network Membership Fees (School SItes)","Rain Lily Montessori School, Inc.","[{""source"":""deposit_qbo_components"",""id"":""dqc_axYTXxH_NRVTKjZ69NFBB"",""staged_payment_id"":""axYTXxH_NRVTKjZ69NFBB"",""qb_deposit_id"":""32511"",""qb_entity_type"":""payment"",""qb_entity_id"":""32162"",""amount"":""545.45"",""date_received"":""2025-02-25T00:00:00.000Z"",""payer"":""Rain Lily Montessori School, Inc."",""accounts"":[""Network Membership Fees (School SItes)""],""items"":[""School Contributions""],""raw_reference"":""P25021802 - 5600841"",""line_description"":""Inv TC Girasol 47"",""transaction_memo"":""Inv TC Girasol 47""}]"
"bdep_7857263c26eb44ff6db1c2c0","1212.12","2026-05-07T00:00:00.000Z","Desert Peach Mon Bill.com          026ENZYGC1XL2IT Desert Peach Montessori School Bill.com 026ENZYG","membership","rule_derived","","reviewed: affiliated-school membership (name-confirmed; 0176)","1503 Pledges/Services Receivable","Desert Peach Montessori","[{""source"":""bank_deposit_qbo_register"",""id"":""bdqr_bdep_7857263c26eb44ff6db1c2c0"",""bank_transaction_id"":""bnk_4fed287fa5e9d5fbe709310f"",""amount"":""1212.12"",""txn_date"":""2026-05-06T00:00:00.000Z"",""txn_type"":""Payment"",""ref_no"":""P26050102 - 9260382"",""payer"":""Desert Peach Montessori"",""accounts"":[""1503 Pledges/Services Receivable""],""memo"":""Multiple invoices"",""reconciliation_status"":""Reconciled""}]"
"bdep_78f720543c1de1737472b85e","485.20","2019-03-12T00:00:00.000Z","STRIPE           TRANSFER                          X","earned_income","rule_derived","","reviewed: componentless deposit, all QB accounts non-donation (0185)","4020 Services - Earned Income | BUSINESS CHECKING (XXXXXX 8945)","","[{""source"":""deposit_qbo_components"",""id"":""dqc_RNk88jqQbcS_WEPBLfjte"",""staged_payment_id"":""RNk88jqQbcS_WEPBLfjte"",""qb_deposit_id"":""6581"",""qb_entity_type"":""deposit"",""qb_entity_id"":""6581"",""amount"":""485.20"",""date_received"":""2019-03-12T00:00:00.000Z"",""accounts"":[""4020 Services - Earned Income"",""BUSINESS CHECKING (XXXXXX 8945)""],""classes"":[""Existing School Support (deleted)""],""raw_reference"":""STRIPE           TRANSFER                          X"",""line_description"":""STRIPE           TRANSFER                          X"",""transaction_memo"":""STRIPE           TRANSFER                          X""}]"
"bdep_7a4a1674dfaed4bd8ce0a9c5","1257.11","2020-08-06T00:00:00.000Z","STRIPE           TRANSFER          ST-R0O9P7F6A8Y3 THE WILDFLOWER FOUNDAT","earned_income","rule_derived","","reviewed: componentless deposit, all QB accounts non-donation (0185)","4020 Services - Earned Income | BUSINESS CHECKING (XXXXXX 8945)","Stripe","[{""source"":""deposit_qbo_components"",""id"":""dqc_JR1W5CV4mtIAQnvMf23fH"",""staged_payment_id"":""JR1W5CV4mtIAQnvMf23fH"",""qb_deposit_id"":""12897"",""qb_entity_type"":""deposit"",""qb_entity_id"":""12897"",""amount"":""1257.11"",""date_received"":""2020-08-06T00:00:00.000Z"",""payer"":""Stripe"",""accounts"":[""4020 Services - Earned Income"",""BUSINESS CHECKING (XXXXXX 8945)""],""classes"":[""Spo - Embracing Equity (deleted)""],""raw_reference"":""BUSINESS CHECKING (XXXXXX 8945)"",""line_description"":""STRIPE           TRANSFER          ST-R0O9P7F6A8Y3 THE WILDFLOWER FOUNDAT""}]"
"bdep_7a8ce2f621b4e2fbf6130338","1282.33","2024-08-06T00:00:00.000Z","Urban Village Mo Receivable        016DOVEDP3FRLYW 016DOVEDP3FRLYW Urban Village Mo Bill.com Inv 79","membership","rule_derived","","reviewed: componentless deposit, all QB accounts non-donation (0185)","Network Membership Fees (School SItes)","Urban Village Montessori","[{""source"":""deposit_qbo_components"",""id"":""dqc__AUrvoZW20ZRZJ055xJHZ"",""staged_payment_id"":""_AUrvoZW20ZRZJ055xJHZ"",""qb_deposit_id"":""29759"",""qb_entity_type"":""payment"",""qb_entity_id"":""29462"",""amount"":""1282.33"",""date_received"":""2024-08-05T00:00:00.000Z"",""payer"":""Urban Village Montessori"",""accounts"":[""Network Membership Fees (School SItes)""],""items"":[""School Contributions""],""raw_reference"":""P24073102 - 0157450"",""line_description"":""Inv 79252461-89"",""transaction_memo"":""Inv 79252461-89""}]"
"bdep_7aa36716210aed70a71d5752","666.67","2025-10-07T00:00:00.000Z","Desert Peach Mon Bill.com          026DIITGZ1M5MV8 Desert Peach Montessori School Bill.com 026DIITG","membership","rule_derived","","reviewed: componentless deposit, all QB accounts non-donation (0185)","Network Membership Fees (School SItes)","Desert Peach Montessori","[{""source"":""deposit_qbo_components"",""id"":""dqc_Kve1Jr4WqHdROfRxqMct-"",""staged_payment_id"":""Kve1Jr4WqHdROfRxqMct-"",""qb_deposit_id"":""36543"",""qb_entity_type"":""payment"",""qb_entity_id"":""35545"",""amount"":""666.67"",""date_received"":""2025-10-06T00:00:00.000Z"",""payer"":""Desert Peach Montessori"",""accounts"":[""Network Membership Fees (School SItes)""],""items"":[""School Contributions""],""raw_reference"":""P25100102 - 3191997"",""line_description"":""Inv TWF - Oct Invoice025"",""transaction_memo"":""Inv TWF - Oct Invoice025""}]"
"bdep_7afb5c38ac8da117ccc9f9d8","2000.00","2019-06-14T00:00:00.000Z","INTUIT PYMT SOLN DEPOSIT    190614 524771997507722 THE WILDFLOWER FOUNDAT","loan","rule_derived","","reviewed: componentless deposit, all QB accounts non-donation (0185)","Interest Earned | Loans to Schools","Loan - Snowdrop","[{""source"":""deposit_qbo_components"",""id"":""dqc_S5ugaA7LJm87R1FVFOjzQ"",""staged_payment_id"":""S5ugaA7LJm87R1FVFOjzQ"",""qb_deposit_id"":""7934"",""qb_entity_type"":""payment"",""qb_entity_id"":""7538"",""amount"":""2000.00"",""date_received"":""2019-06-07T00:00:00.000Z"",""payer"":""Loan - Snowdrop"",""accounts"":[""Interest Earned"",""Loans to Schools""],""classes"":[""Loan Payment (deleted)""],""items"":[""INTEREST"",""LOAN REPAYMENT""],""line_description"":""Paid via QuickBooks Payments: Payment ID an92fbzf"",""transaction_memo"":""Paid via QuickBooks Payments: Payment ID an92fbzf""}]"
"bdep_7b16c522bfe1d87ef332a863","1854.33","2026-03-27T00:00:00.000Z","Bill.com         Receivable        015HMKBMNEX98RN Aster Montessori School Inc Bill.com 015HMKBMNEX","membership","rule_derived","","reviewed: affiliated-school membership (name-confirmed; 0176)","","","[{""source"":""bank_deposit_qbo_register"",""id"":""bdqr_bdep_7b16c522bfe1d87ef332a863"",""bank_transaction_id"":""bnk_07c2df39b5f8b37394c15ef7"",""amount"":""1854.33"",""txn_date"":""2026-03-27T00:00:00.000Z"",""txn_type"":""Journal"",""ref_no"":""JE CSP Feb_2028"",""memo"":""BILL 03/27/26 AR Payments"",""reconciliation_status"":""Reconciled""}]"
"bdep_7b3a1d109ee74a4623c83903","28.62","2023-01-12T00:00:00.000Z","MBI              SETL       230111 MED-I-BANK      MED-I-BANK","expense_refund","rule_derived","","reviewed: componentless deposit, all QB accounts non-donation (0185)","2002 Benefit Liability | BUSINESS CHECKING (XXXXXX 8945)","","[{""source"":""deposit_qbo_components"",""id"":""dqc_vbih3RYCpUcq1-p9OTBVj"",""staged_payment_id"":""vbih3RYCpUcq1-p9OTBVj"",""qb_deposit_id"":""22896"",""qb_entity_type"":""deposit"",""qb_entity_id"":""22896"",""amount"":""28.62"",""date_received"":""2023-01-12T00:00:00.000Z"",""accounts"":[""2002 Benefit Liability"",""BUSINESS CHECKING (XXXXXX 8945)""],""raw_reference"":""BUSINESS CHECKING (XXXXXX 8945)"",""line_description"":""MBI              SETL       230111 MED-I-BANK      MED-I-BANK""}]"
"bdep_7ba9dc3163ac88e4f8751767","514.17","2022-10-12T00:00:00.000Z","BASIC            BASICCOBRA 221011                 The Wildflower Foundat","expense_refund","rule_derived","","reviewed: componentless deposit, all QB accounts non-donation (0185)","2002 Benefit Liability | BUSINESS CHECKING (XXXXXX 8945)","","[{""source"":""deposit_qbo_components"",""id"":""dqc_7pmeejELlrEMmGCwsKeFF"",""staged_payment_id"":""7pmeejELlrEMmGCwsKeFF"",""qb_deposit_id"":""21957"",""qb_entity_type"":""deposit"",""qb_entity_id"":""21957"",""amount"":""514.17"",""date_received"":""2022-10-12T00:00:00.000Z"",""accounts"":[""2002 Benefit Liability"",""BUSINESS CHECKING (XXXXXX 8945)""],""raw_reference"":""BUSINESS CHECKING (XXXXXX 8945)"",""line_description"":""BASIC            BASICCOBRA 221011                 The Wildflower Foundat""}]"
"bdep_7c4dfa3fd67a316356540225","970.40","2021-01-15T00:00:00.000Z","STRIPE           TRANSFER          ST-O5N7Z6M8S8N6 THE WILDFLOWER FOUNDAT","earned_income","rule_derived","","reviewed: componentless deposit, all QB accounts non-donation (0185)","4020 Services - Earned Income | BUSINESS CHECKING (XXXXXX 8945)","Stripe","[{""source"":""deposit_qbo_components"",""id"":""dqc_Suk8A6OF081KNSbXArxDd"",""staged_payment_id"":""Suk8A6OF081KNSbXArxDd"",""qb_deposit_id"":""14340"",""qb_entity_type"":""deposit"",""qb_entity_id"":""14340"",""amount"":""970.40"",""date_received"":""2021-01-15T00:00:00.000Z"",""payer"":""Stripe"",""accounts"":[""4020 Services - Earned Income"",""BUSINESS CHECKING (XXXXXX 8945)""],""classes"":[""Spo - Embracing Equity (deleted)""],""raw_reference"":""Charge for Burgess and Mendez-Ortiz"",""line_description"":""Charge for Burgess and Mendez-Ortiz"",""transaction_memo"":""Charge for Burgess and Mendez-Ortiz""}]"
"bdep_7cb36e108ec0eb6038d3cab1","212.50","2021-12-01T00:00:00.000Z","Morgan Stanley   ACH CREDIT 211130 101208553z5ibo  The Wildflower Foundat","loan_repayment","rule_derived","","reviewed: affiliated-school loan_repayment (name-confirmed; 0176)","","",""
"bdep_7ccbb36b33d1cf213fdab7c1","48.88","2017-01-09T00:00:00.000Z","GUSTO TAX 786957 170109 6semjmf7vfv The Wildflower Foundat","expense_refund","rule_derived","","reviewed: componentless deposit, all QB accounts non-donation (0185)","7010.4 Payroll:3.Benefits:Payroll Taxes | BUSINESS CHECKING (XXXXXX 8945)","Gusto","[{""source"":""deposit_qbo_components"",""id"":""dqc_zia4kY_6bsilP1_d7Qggj"",""staged_payment_id"":""zia4kY_6bsilP1_d7Qggj"",""qb_deposit_id"":""501"",""qb_entity_type"":""deposit"",""qb_entity_id"":""501"",""amount"":""48.88"",""date_received"":""2017-01-09T00:00:00.000Z"",""payer"":""Gusto"",""accounts"":[""7010.4 Payroll:3.Benefits:Payroll Taxes"",""BUSINESS CHECKING (XXXXXX 8945)""],""classes"":[""Overhead (deleted)""],""raw_reference"":""GUSTO TAX 786957 170109 6semjmf7vfv The Wildflower Foundat"",""line_description"":""GUSTO TAX 786957 170109 6semjmf7vfv The Wildflower Foundat"",""transaction_memo"":""GUSTO TAX 786957 170109 6semjmf7vfv The Wildflower Foundat""}]"
"bdep_7d0a5b940e04ae4d50b3cbb8","1090.90","2026-03-06T00:00:00.000Z","Desert Peach Mon Bill.com          026TVMYSP1UBQOP Desert Peach Montessori School Bill.com 026TVMYS","membership","rule_derived","","reviewed: affiliated-school membership (name-confirmed; 0176)","1503 Pledges/Services Receivable","Desert Peach Montessori","[{""source"":""bank_deposit_qbo_register"",""id"":""bdqr_bdep_7d0a5b940e04ae4d50b3cbb8"",""bank_transaction_id"":""bnk_2e1446d7a17643a19b02b9b4"",""amount"":""1090.90"",""txn_date"":""2026-03-05T00:00:00.000Z"",""txn_type"":""Payment"",""ref_no"":""P26030202 - 2908526"",""payer"":""Desert Peach Montessori"",""accounts"":[""1503 Pledges/Services Receivable""],""memo"":""Multiple invoices"",""reconciliation_status"":""Reconciled""}]"
"bdep_7d7d000cb8a65efb735eeb46","19.86","2024-06-12T00:00:00.000Z","GUSTO            TLR 925920 240612 6semk1cspvq     The Wildflower Foundat","expense_refund","rule_derived","","reviewed: componentless deposit, all QB accounts non-donation (0185)","7010.4 Payroll:3.Benefits:Payroll Taxes | BUSINESS CHECKING (XXXXXX 8945)","Gusto","[{""source"":""deposit_qbo_components"",""id"":""dqc_6TavnqGTniLSJTipCcLAX"",""staged_payment_id"":""6TavnqGTniLSJTipCcLAX"",""qb_deposit_id"":""29027"",""qb_entity_type"":""deposit"",""qb_entity_id"":""29027"",""amount"":""19.86"",""date_received"":""2024-06-12T00:00:00.000Z"",""payer"":""Gusto"",""accounts"":[""7010.4 Payroll:3.Benefits:Payroll Taxes"",""BUSINESS CHECKING (XXXXXX 8945)""],""raw_reference"":""Tax Liability Refund"",""line_description"":""Tax Liability Refund"",""transaction_memo"":""Tax Liability Refund""}]"
"bdep_7e0a274617a96cfdc8b51cc2","3750.00","2024-07-15T00:00:00.000Z","The Sunlight Loa Receivable        016BUHQFN3ET4BC 016BUHQFN3ET4BC The Sunlight Loa Bill.com Inv 79","loan","rule_derived","","reviewed: componentless deposit, all QB accounts non-donation (0185)","Loan Fund Servicing","The Sunlight Loan Fund, LLC","[{""source"":""deposit_qbo_components"",""id"":""dqc_bIuy2b4x3Y7wmO_vK1PSQ"",""staged_payment_id"":""bIuy2b4x3Y7wmO_vK1PSQ"",""qb_deposit_id"":""29577"",""qb_entity_type"":""payment"",""qb_entity_id"":""29217"",""amount"":""3750.00"",""date_received"":""2024-07-12T00:00:00.000Z"",""payer"":""The Sunlight Loan Fund, LLC"",""accounts"":[""Loan Fund Servicing""],""items"":[""Loan Fund Servicing:Loan Fund Servicing""],""raw_reference"":""P24071102 - 5906295"",""line_description"":""Inv 79252461-80-Q424"",""transaction_memo"":""Inv 79252461-80-Q424""}]"
"bdep_7e408192e690d0f6d3df1624","1822.08","2017-11-09T00:00:00.000Z","BUSINESS CHECKIN Expensify 5FD7D2 Report 23058386 BUSINESS CHECKING","expense_refund","rule_derived","","reviewed: componentless deposit, all QB accounts non-donation (0185)","7016 All Other Expenditures:Transportation, Hotel & Housing Costs | BUSINESS CHECKING (XXXXXX 8945)","Kimberly Smith Claudel","[{""source"":""deposit_qbo_components"",""id"":""dqc_S6eFcoUY6Ocyy5tl_VRH0"",""staged_payment_id"":""S6eFcoUY6Ocyy5tl_VRH0"",""qb_deposit_id"":""2326"",""qb_entity_type"":""deposit"",""qb_entity_id"":""2326"",""amount"":""1822.08"",""date_received"":""2017-11-09T00:00:00.000Z"",""payer"":""Kimberly Smith Claudel"",""accounts"":[""7016 All Other Expenditures:Transportation, Hotel & Housing Costs"",""BUSINESS CHECKING (XXXXXX 8945)""],""classes"":[""Existing School Support (deleted)""],""raw_reference"":""BUSINESS CHECKIN Expensify 5FD7D2 Report 23058386 BUSINESS CHECKING"",""line_description"":""BUSINESS CHECKIN Expensify 5FD7D2 Report 23058386 BUSINESS CHECKING"",""transaction_memo"":""BUSINESS CHECKIN Expensify 5FD7D2 Report 23058386 BUSINESS CHECKING""}]"
"bdep_7e770ac9689e8a42a6c57d35","2955.00","2017-07-19T00:00:00.000Z","WF RETURN WIRES IN PROC WT SEQ#50806 /ORG= SRF# 2017071900034161 TRN#170719050806 RFB#","loan","rule_derived","","reviewed: componentless deposit, all QB accounts non-donation (0185)","1600 Loans to Schools | BUSINESS CHECKING (XXXXXX 8945)","Sep Kamvar (V)","[{""source"":""deposit_qbo_components"",""id"":""dqc_5bScpGI0j5gEfbHq8Xn7d"",""staged_payment_id"":""5bScpGI0j5gEfbHq8Xn7d"",""qb_deposit_id"":""1333"",""qb_entity_type"":""deposit"",""qb_entity_id"":""1333"",""amount"":""2955.00"",""date_received"":""2017-07-19T00:00:00.000Z"",""payer"":""Sep Kamvar (V)"",""accounts"":[""1600 Loans to Schools"",""BUSINESS CHECKING (XXXXXX 8945)""],""classes"":[""Loan Payment (deleted)""],""raw_reference"":""WF RETURN WIRES IN PROC WT SEQ#50806 /ORG= SRF# 2017071900034161 TRN#170719050806 RFB#"",""line_description"":""WF RETURN WIRES IN PROC WT SEQ#50806 /ORG= SRF# 2017071900034161 TRN#170719050806 RFB#"",""transaction_memo"":""WF RETURN WIRES IN PROC WT SEQ#50806 /ORG= SRF# 2017071900034161 TRN#170719050806 RFB#""}]"
"bdep_7e8876a2c07b9ecd1f70ed4d","405.96","2020-07-15T00:00:00.000Z","STRIPE           TRANSFER          ST-O5R7F9F6Y1M8 THE WILDFLOWER FOUNDAT","earned_income","rule_derived","","reviewed: componentless deposit, all QB accounts non-donation (0185)","4020 Services - Earned Income | BUSINESS CHECKING (XXXXXX 8945)","Stripe","[{""source"":""deposit_qbo_components"",""id"":""dqc_6sS8Ur2UVXKo62vFhwXAI"",""staged_payment_id"":""6sS8Ur2UVXKo62vFhwXAI"",""qb_deposit_id"":""12896"",""qb_entity_type"":""deposit"",""qb_entity_id"":""12896"",""amount"":""405.96"",""date_received"":""2020-07-15T00:00:00.000Z"",""payer"":""Stripe"",""accounts"":[""4020 Services - Earned Income"",""BUSINESS CHECKING (XXXXXX 8945)""],""classes"":[""Spo - Embracing Equity (deleted)""],""raw_reference"":""BUSINESS CHECKING (XXXXXX 8945)"",""line_description"":""STRIPE           TRANSFER          ST-O5R7F9F6Y1M8 THE WILDFLOWER FOUNDAT""}]"
"bdep_7eadc55b07a9a9f448f3faf3","18705.00","2021-04-26T00:00:00.000Z","WT SEQ129061 WF RETURN WIRES IN PROC /ORG=                                            SRF#    2021040600059105 TRN#210426129061  RFB#","expense_refund","rule_derived","","reviewed: componentless deposit, all QB accounts non-donation (0185)","7031 All Other Expenditures:Research Partnerships | BUSINESS CHECKING (XXXXXX 8945)","The College Foundation of the University of Virginia","[{""source"":""deposit_qbo_components"",""id"":""dqc_qASFqAIvmk8bfjS5FdqeM"",""staged_payment_id"":""qASFqAIvmk8bfjS5FdqeM"",""qb_deposit_id"":""15506"",""qb_entity_type"":""deposit"",""qb_entity_id"":""15506"",""amount"":""18705.00"",""date_received"":""2021-04-26T00:00:00.000Z"",""payer"":""The College Foundation of the University of Virginia"",""accounts"":[""7031 All Other Expenditures:Research Partnerships"",""BUSINESS CHECKING (XXXXXX 8945)""],""classes"":[""National (deleted):Observation Support Technology (deleted)""],""raw_reference"":""BUSINESS CHECKING (XXXXXX 8945)"",""line_description"":""WT SEQ129061 WF RETURN WIRES IN PROC /ORG=                                            SRF#    2021040600059105 TRN#210426129061  RFB#""}]"
"bdep_7f3d66bdc664f5f635967e46","76365.75","2025-10-21T00:00:00.000Z","ONLINE TRANSFER FROM THE WILDFLOWER FOUNDATION REF #IB0VDBPQP5 COMMERCIAL BUSINESS CHECKIN SEP 25 REIMBURSEMENT NO PAYROLL","intercompany_transfer","rule_derived","","reviewed: internal online transfer csp/payroll/nonpayroll (0176)","TWF CSP Rep grant (1340) - 2","","[{""source"":""bank_deposit_qbo_register"",""id"":""bdqr_bdep_7f3d66bdc664f5f635967e46"",""bank_transaction_id"":""bnk_b0a417d1dccc85bbe7bf91db"",""amount"":""76365.75"",""txn_date"":""2025-10-21T00:00:00.000Z"",""txn_type"":""Transfer"",""accounts"":[""TWF CSP Rep grant (1340) - 2""],""reconciliation_status"":""Reconciled""}]"
"bdep_7fd2c913819d2794f0f0a838","33.68","2020-06-25T00:00:00.000Z","STRIPE           TRANSFER          ST-W8E7F6G0A6F8 THE WILDFLOWER FOUNDAT","earned_income","rule_derived","","reviewed: componentless deposit, all QB accounts non-donation (0185)","4020 Services - Earned Income | BUSINESS CHECKING (XXXXXX 8945)","Stripe","[{""source"":""deposit_qbo_components"",""id"":""dqc_SPb90BOTcX-pGcw-IfKwb"",""staged_payment_id"":""SPb90BOTcX-pGcw-IfKwb"",""qb_deposit_id"":""12232"",""qb_entity_type"":""deposit"",""qb_entity_id"":""12232"",""amount"":""33.68"",""date_received"":""2020-06-25T00:00:00.000Z"",""payer"":""Stripe"",""accounts"":[""4020 Services - Earned Income"",""BUSINESS CHECKING (XXXXXX 8945)""],""classes"":[""Spo - Embracing Equity (deleted)""],""raw_reference"":""BUSINESS CHECKING (XXXXXX 8945)"",""line_description"":""STRIPE           TRANSFER          ST-W8E7F6G0A6F8 THE WILDFLOWER FOUNDAT""}]"
"bdep_80bb8d3ccb41814ca7ed10f8","1767.42","2020-01-10T00:00:00.000Z","COBRA TRUST ACCT BASICPacif                        COBRA REMIT","expense_refund","rule_derived","","reviewed: componentless deposit, all QB accounts non-donation (0185)","2002 Benefit Liability | BUSINESS CHECKING (XXXXXX 8945)","","[{""source"":""deposit_qbo_components"",""id"":""dqc_CMVf-A2zDQ_3qEWZIxHh3"",""staged_payment_id"":""CMVf-A2zDQ_3qEWZIxHh3"",""qb_deposit_id"":""10577"",""qb_entity_type"":""deposit"",""qb_entity_id"":""10577"",""amount"":""1767.42"",""date_received"":""2020-01-10T00:00:00.000Z"",""accounts"":[""2002 Benefit Liability"",""BUSINESS CHECKING (XXXXXX 8945)""],""classes"":[""National (deleted)""],""raw_reference"":""BUSINESS CHECKING (XXXXXX 8945)"",""line_description"":""COBRA TRUST ACCT BASICPacif                        COBRA REMIT""}]"
"bdep_80ce6d12efa7acbcdc5a20bd","454.55","2025-05-21T00:00:00.000Z","The Girasol Scho Receivable        016AGXKZE3QN4J2 016AGXKZE3QN4J2 The Girasol Scho Bill.com Inv 13","membership","rule_derived","","reviewed: componentless deposit, all QB accounts non-donation (0185)","Network Membership Fees (School SItes)","The Girasol School Corp.","[{""source"":""deposit_qbo_components"",""id"":""dqc_S7xc2RMuwSIiXWpEIirJp"",""staged_payment_id"":""S7xc2RMuwSIiXWpEIirJp"",""qb_deposit_id"":""33563"",""qb_entity_type"":""payment"",""qb_entity_id"":""33433"",""amount"":""454.55"",""date_received"":""2025-05-20T00:00:00.000Z"",""payer"":""The Girasol School Corp."",""accounts"":[""Network Membership Fees (School SItes)""],""items"":[""School Contributions""],""raw_reference"":""P25051902 - 8351421"",""line_description"":""Inv 13-TWF"",""transaction_memo"":""Inv 13-TWF""}]"
"bdep_80eb462b2e87ed40620912af","129.75","2018-12-14T00:00:00.000Z","MSP02 - 1330 Lag PAYMENTS   181213 EFT-00400797    NTE*ZZZ*PO36HR5JQDXSJNEWAH,\ 201812141","earned_income","rule_derived","","reviewed: componentless deposit, all QB accounts non-donation (0185)","4020 Services - Earned Income | BUSINESS CHECKING (XXXXXX 8945)","WeWork","[{""source"":""deposit_qbo_components"",""id"":""dqc_k23NhdcV3uoV3oR2sfL-Q"",""staged_payment_id"":""k23NhdcV3uoV3oR2sfL-Q"",""qb_deposit_id"":""5624"",""qb_entity_type"":""deposit"",""qb_entity_id"":""5624"",""amount"":""129.75"",""date_received"":""2018-12-14T00:00:00.000Z"",""payer"":""WeWork"",""accounts"":[""4020 Services - Earned Income"",""BUSINESS CHECKING (XXXXXX 8945)""],""raw_reference"":""MSP02 - 1330 Lag PAYMENTS   181213 EFT-00400797    NTE*ZZZ*PO36HR5JQDXSJNEWAH,\\ 201812141"",""line_description"":""MSP02 - 1330 Lag PAYMENTS   181213 EFT-00400797    NTE*ZZZ*PO36HR5JQDXSJNEWAH,\\ 201812141"",""transaction_memo"":""MSP02 - 1330 Lag PAYMENTS   181213 EFT-00400797    NTE*ZZZ*PO36HR5JQDXSJNEWAH,\\ 201812141""}]"
"bdep_847629505ec4c3254efac5d3","1.99","2023-02-06T00:00:00.000Z","The Sunlight Loa Bill.com          025SNAQRNIEWJNF The Sunlight Loan Fund, LLC Bill.com 025SNAQRNIE","loan","rule_derived","","reviewed: componentless deposit, all QB accounts non-donation (0185)","Loans to Schools | Loans to Schools:Loans to Schools - Aster","The Sunlight Loan Fund, LLC","[{""source"":""deposit_qbo_components"",""id"":""dqc_Rey2KmmVIM90MhGFwaE0v"",""staged_payment_id"":""Rey2KmmVIM90MhGFwaE0v"",""qb_deposit_id"":""23484"",""qb_entity_type"":""payment"",""qb_entity_id"":""23121"",""amount"":""1.99"",""date_received"":""2023-02-06T00:00:00.000Z"",""payer"":""The Sunlight Loan Fund, LLC"",""accounts"":[""Loans to Schools"",""Loans to Schools:Loans to Schools - Aster""],""raw_reference"":""P23020202 - 7753014"",""line_description"":""Inv #TEST01"",""transaction_memo"":""Inv #TEST01""}]"
"bdep_84892ff890e6e4dcf070267b","666.67","2025-12-09T00:00:00.000Z","Desert Peach Mon Bill.com          026NAJZEI1PMEV5 Desert Peach Montessori School Bill.com 026NAJZE","membership","rule_derived","","reviewed: affiliated-school membership (name-confirmed; 0176)","1503 Pledges/Services Receivable","Desert Peach Montessori","[{""source"":""bank_deposit_qbo_register"",""id"":""bdqr_bdep_84892ff890e6e4dcf070267b"",""bank_transaction_id"":""bnk_b1ebcd0138638a0871c5c3cf"",""amount"":""666.67"",""txn_date"":""2025-12-08T00:00:00.000Z"",""txn_type"":""Payment"",""ref_no"":""P25120302 - 9717894"",""payer"":""Desert Peach Montessori"",""accounts"":[""1503 Pledges/Services Receivable""],""memo"":""Inv # TWF - Nov Invoice109"",""reconciliation_status"":""Reconciled""}]"
"bdep_848d1eda84af078fd9d21ba1","1933.05","2023-11-24T00:00:00.000Z","EWALLET - DIVVYP HIST RTN   231124 tIdxB62FtI7QyR  Wildflower Schools","expense_refund","rule_derived","","reviewed: componentless deposit, all QB accounts non-donation (0185)","7008 All Other Expenditures:Uncategorized Expenditure | BUSINESS CHECKING (XXXXXX 8945)","","[{""source"":""deposit_qbo_components"",""id"":""dqc_1DMkzA6scDAPGTW7dGImu"",""staged_payment_id"":""1DMkzA6scDAPGTW7dGImu"",""qb_deposit_id"":""26865"",""qb_entity_type"":""deposit"",""qb_entity_id"":""26865"",""amount"":""1933.05"",""date_received"":""2023-11-24T00:00:00.000Z"",""accounts"":[""7008 All Other Expenditures:Uncategorized Expenditure"",""BUSINESS CHECKING (XXXXXX 8945)""],""classes"":[""National (deleted):Foundation Operations (deleted)""],""raw_reference"":""BUSINESS CHECKING (XXXXXX 8945)"",""line_description"":""EWALLET - DIVVYP HIST RTN   231124 tIdxB62FtI7QyR  Wildflower Schools""}]"
"bdep_84a401d60ac5c4b6ec7516f0","28.83","2019-01-04T00:00:00.000Z","STRIPE           TRANSFER                          X","earned_income","rule_derived","","reviewed: componentless deposit, all QB accounts non-donation (0185)","4020 Services - Earned Income | BUSINESS CHECKING (XXXXXX 8945)","","[{""source"":""deposit_qbo_components"",""id"":""dqc_Y1sOo0xOhGz6PHnbkHe1E"",""staged_payment_id"":""Y1sOo0xOhGz6PHnbkHe1E"",""qb_deposit_id"":""5959"",""qb_entity_type"":""deposit"",""qb_entity_id"":""5959"",""amount"":""28.83"",""date_received"":""2019-01-04T00:00:00.000Z"",""accounts"":[""4020 Services - Earned Income"",""BUSINESS CHECKING (XXXXXX 8945)""],""classes"":[""Existing School Support (deleted)""],""raw_reference"":""STRIPE           TRANSFER                          X"",""line_description"":""STRIPE           TRANSFER                          X"",""transaction_memo"":""STRIPE           TRANSFER                          X""}]"
"bdep_84c05bbc80aedc757bb5b972","30.00","2019-03-01T00:00:00.000Z","MONEY TRANSFER                          AUTHORIZED ON   03/01 FROM Cameron Leonard                    MN  S00469060553740904 CARD 7365","intercompany_transfer","rule_derived","","reviewed: componentless deposit, all QB accounts non-donation (0185)","1502 Misc. Receivable | BUSINESS CHECKING (XXXXXX 8945)","Houghton, Jennie","[{""source"":""deposit_qbo_components"",""id"":""dqc_TNZY5IWRPB4fW4UkA4c4e"",""staged_payment_id"":""TNZY5IWRPB4fW4UkA4c4e"",""qb_deposit_id"":""6584"",""qb_entity_type"":""deposit"",""qb_entity_id"":""6584"",""amount"":""30.00"",""date_received"":""2019-03-01T00:00:00.000Z"",""payer"":""Houghton, Jennie"",""accounts"":[""1502 Misc. Receivable"",""BUSINESS CHECKING (XXXXXX 8945)""],""classes"":[""Overhead (deleted)""],""raw_reference"":""MONEY TRANSFER                          AUTHORIZED ON   03/01 FROM Cameron Leonard                    MN  S00469060553740904 CARD 7365"",""line_description"":""MONEY TRANSFER                          AUTHORIZED ON   03/01 FROM Cameron Leonard                    MN  S00469060553740904 CARD 7365"",""transaction_memo"":""MONEY TRANSFER                          AUTHORIZED ON   03/01 FROM Cameron Leonard                    MN  S00469060553740904 CARD 7365""}]"
"bdep_84e48c2f4132390ee6eeb676","3223.34","2022-09-15T00:00:00.000Z","BASIC            BASICCOBRA 220909                 The Wildflower Foundat","expense_refund","rule_derived","","reviewed: componentless deposit, all QB accounts non-donation (0185)","2002 Benefit Liability | BUSINESS CHECKING (XXXXXX 8945)","","[{""source"":""deposit_qbo_components"",""id"":""dqc_KiMjeyj1Y76w0mMQIEaAX"",""staged_payment_id"":""KiMjeyj1Y76w0mMQIEaAX"",""qb_deposit_id"":""21608"",""qb_entity_type"":""deposit"",""qb_entity_id"":""21608"",""amount"":""3223.34"",""date_received"":""2022-09-15T00:00:00.000Z"",""accounts"":[""2002 Benefit Liability"",""BUSINESS CHECKING (XXXXXX 8945)""],""raw_reference"":""BUSINESS CHECKING (XXXXXX 8945)"",""line_description"":""BASIC            BASICCOBRA 220909                 The Wildflower Foundat""}]"
"bdep_853af1918fb3675e7d048a05","548.73","2021-03-18T00:00:00.000Z","STRIPE           TRANSFER          ST-X6D8Q9R1J4I7 THE WILDFLOWER FOUNDAT","earned_income","rule_derived","","reviewed: componentless deposit, all QB accounts non-donation (0185)","4020 Services - Earned Income | BUSINESS CHECKING (XXXXXX 8945)","Stripe","[{""source"":""deposit_qbo_components"",""id"":""dqc_2XQsg4IOj1cd85M41HUl9"",""staged_payment_id"":""2XQsg4IOj1cd85M41HUl9"",""qb_deposit_id"":""15235"",""qb_entity_type"":""deposit"",""qb_entity_id"":""15235"",""amount"":""548.73"",""date_received"":""2021-03-18T00:00:00.000Z"",""payer"":""Stripe"",""accounts"":[""4020 Services - Earned Income"",""BUSINESS CHECKING (XXXXXX 8945)""],""classes"":[""Spo - Embracing Equity (deleted)""],""raw_reference"":""BUSINESS CHECKING (XXXXXX 8945)"",""line_description"":""STRIPE           TRANSFER          ST-X6D8Q9R1J4I7 THE WILDFLOWER FOUNDAT""}]"
"bdep_8543cea6187d151329368a82","3630.00","2018-06-20T00:00:00.000Z","Bill.com VoidPaymnt 015PGMBLCDT7RQJ Annette McCarty Bill.com 015PGMBLCDT7RQJ Inv #2","expense_refund","rule_derived","","reviewed: componentless deposit, all QB accounts non-donation (0185)","7010.5 Payroll:Contractors | BUSINESS CHECKING (XXXXXX 8945)","","[{""source"":""deposit_qbo_components"",""id"":""dqc_LriZUsAvI5FILsT91UAzo"",""staged_payment_id"":""LriZUsAvI5FILsT91UAzo"",""qb_deposit_id"":""3782"",""qb_entity_type"":""deposit"",""qb_entity_id"":""3782"",""amount"":""3630.00"",""date_received"":""2018-06-20T00:00:00.000Z"",""accounts"":[""7010.5 Payroll:Contractors"",""BUSINESS CHECKING (XXXXXX 8945)""],""raw_reference"":""Bill.com VoidPaymnt 015PGMBLCDT7RQJ Annette McCarty Bill.com 015PGMBLCDT7RQJ Inv #2"",""line_description"":""Bill.com VoidPaymnt 015PGMBLCDT7RQJ Annette McCarty Bill.com 015PGMBLCDT7RQJ Inv #2"",""transaction_memo"":""Bill.com VoidPaymnt 015PGMBLCDT7RQJ Annette McCarty Bill.com 015PGMBLCDT7RQJ Inv #2""}]"
"bdep_85d6128c4eb41adfd7d790da","0.20","2017-09-27T00:00:00.000Z","PAYPAL VERIFYBANK 170927 2042D2222MRHM7Q THE WILDFLOWER FOUNDAT","expense_refund","rule_derived","","reviewed: componentless deposit, all QB accounts non-donation (0185)","7005 All Other Expenditures:Cloud-based Subscriptions | BUSINESS CHECKING (XXXXXX 8945)","","[{""source"":""deposit_qbo_components"",""id"":""dqc_ha2x3lxZXPm9u2S7u-JkC"",""staged_payment_id"":""ha2x3lxZXPm9u2S7u-JkC"",""qb_deposit_id"":""1596"",""qb_entity_type"":""deposit"",""qb_entity_id"":""1596"",""amount"":""0.20"",""date_received"":""2017-09-27T00:00:00.000Z"",""accounts"":[""7005 All Other Expenditures:Cloud-based Subscriptions"",""BUSINESS CHECKING (XXXXXX 8945)""],""classes"":[""Overhead (deleted)""],""raw_reference"":""PAYPAL VERIFYBANK 170927 2042D2222MRHM7Q THE WILDFLOWER FOUNDAT"",""line_description"":""PAYPAL VERIFYBANK 170927 2042D2222MRHM7Q THE WILDFLOWER FOUNDAT"",""transaction_memo"":""PAYPAL VERIFYBANK 170927 2042D2222MRHM7Q THE WILDFLOWER FOUNDAT""}]"
"bdep_85da9ebba3d8d76f782968c8","1604.17","2018-01-22T00:00:00.000Z","INTUIT PYMT SOLN DEPOSIT 180120 524771997507722 THE WILDFLOWER FOUNDAT","loan","rule_derived","","reviewed: componentless deposit, all QB accounts non-donation (0185)","Interest Earned | Loans to Schools","Loan - Wildflower","[{""source"":""deposit_qbo_components"",""id"":""dqc_L2TEcZOSvZiJzfDNS35J6"",""staged_payment_id"":""L2TEcZOSvZiJzfDNS35J6"",""qb_deposit_id"":""2772"",""qb_entity_type"":""payment"",""qb_entity_id"":""2255"",""amount"":""1604.17"",""date_received"":""2018-01-15T00:00:00.000Z"",""payer"":""Loan - Wildflower"",""accounts"":[""Interest Earned"",""Loans to Schools""],""classes"":[""Loan Payment (deleted)""],""items"":[""INTEREST"",""LOAN REPAYMENT""],""line_description"":""Paid via QuickBooks Payments: Payment ID a0hp65g2"",""transaction_memo"":""Paid via QuickBooks Payments: Payment ID a0hp65g2""}]"
"bdep_8622ee3e0a2df030513ed711","3750.00","2025-06-24T00:00:00.000Z","The Sunlight Loa Receivable        016RUPVFF3RUXCG 016RUPVFF3RUXCG The Sunlight Loa Bill.com Inv TW","interest","rule_derived","","reviewed: componentless deposit, all QB accounts non-donation (0185)","Interest Earned","The Sunlight Loan Fund, LLC","[{""source"":""deposit_qbo_components"",""id"":""dqc_5wriBnaDAOuwBLVQQX3hj"",""staged_payment_id"":""5wriBnaDAOuwBLVQQX3hj"",""qb_deposit_id"":""34790"",""qb_entity_type"":""payment"",""qb_entity_id"":""33996"",""amount"":""3750.00"",""date_received"":""2025-06-23T00:00:00.000Z"",""payer"":""The Sunlight Loan Fund, LLC"",""accounts"":[""Interest Earned""],""items"":[""INTEREST""],""raw_reference"":""P25062002 - 6536294"",""line_description"":""Inv TWF-SL-Q4"",""transaction_memo"":""Inv TWF-SL-Q4""}]"
"bdep_867d0c9c87b9415de82783a1","5000.00","2018-04-05T00:00:00.000Z","Bill.com VoidPaymnt 015CSSASYCRFUTL Weston Stewart SK Consulting Group Bill.com 015C","expense_refund","rule_derived","","reviewed: componentless deposit, all QB accounts non-donation (0185)","7010.5 Payroll:Contractors | BUSINESS CHECKING (XXXXXX 8945)","","[{""source"":""deposit_qbo_components"",""id"":""dqc_wCcJhQFHEbBR51bxSDB6e"",""staged_payment_id"":""wCcJhQFHEbBR51bxSDB6e"",""qb_deposit_id"":""3013"",""qb_entity_type"":""deposit"",""qb_entity_id"":""3013"",""amount"":""5000.00"",""date_received"":""2018-04-05T00:00:00.000Z"",""accounts"":[""7010.5 Payroll:Contractors"",""BUSINESS CHECKING (XXXXXX 8945)""],""classes"":[""New School Support (deleted)""],""raw_reference"":""Bill.com VoidPaymnt 015CSSASYCRFUTL Weston Stewart SK Consulting Group Bill.com 015C"",""line_description"":""Bill.com VoidPaymnt 015CSSASYCRFUTL Weston Stewart SK Consulting Group Bill.com 015C"",""transaction_memo"":""Bill.com VoidPaymnt 015CSSASYCRFUTL Weston Stewart SK Consulting Group Bill.com 015C""}]"
"bdep_86d39f417ad927dd9a20582d","28.83","2018-10-12T00:00:00.000Z","STRIPE TRANSFER X","earned_income","rule_derived","","reviewed: componentless deposit, all QB accounts non-donation (0185)","4020 Services - Earned Income | BUSINESS CHECKING (XXXXXX 8945)","","[{""source"":""deposit_qbo_components"",""id"":""dqc_Itn28G4GXvFFGjivsfTas"",""staged_payment_id"":""Itn28G4GXvFFGjivsfTas"",""qb_deposit_id"":""4744"",""qb_entity_type"":""deposit"",""qb_entity_id"":""4744"",""amount"":""28.83"",""date_received"":""2018-10-12T00:00:00.000Z"",""accounts"":[""4020 Services - Earned Income"",""BUSINESS CHECKING (XXXXXX 8945)""],""classes"":[""Overhead (deleted)""],""raw_reference"":""STRIPE TRANSFER X"",""line_description"":""STRIPE TRANSFER X"",""transaction_memo"":""STRIPE TRANSFER X""}]"
"bdep_870ee866f5e4702433f7f667","454.55","2025-02-28T00:00:00.000Z","Lilac Montessori Receivable        016SBMSSE3NL5XA 016SBMSSE3NL5XA Lilac Montessori Bill.com Inv #","membership","rule_derived","","reviewed: componentless deposit, all QB accounts non-donation (0185)","Network Membership Fees (School SItes)","Lilac Montessori","[{""source"":""deposit_qbo_components"",""id"":""dqc_9v9Q_w88mGZMmtfrhpCXy"",""staged_payment_id"":""9v9Q_w88mGZMmtfrhpCXy"",""qb_deposit_id"":""32509"",""qb_entity_type"":""payment"",""qb_entity_id"":""32486"",""amount"":""454.55"",""date_received"":""2025-02-27T00:00:00.000Z"",""payer"":""Lilac Montessori"",""accounts"":[""Network Membership Fees (School SItes)""],""items"":[""School Contributions""],""raw_reference"":""P25021702 - 5482690"",""line_description"":""Inv # TC Girasol 37"",""transaction_memo"":""Inv # TC Girasol 37""}]"
"bdep_872fd30ebe4a5477019f9089","1611.67","2022-04-06T00:00:00.000Z","BASIC            BASICCOBRA 220406                 The Wildflower Foundat","expense_refund","rule_derived","","reviewed: componentless deposit, all QB accounts non-donation (0185)","2002 Benefit Liability | BUSINESS CHECKING (XXXXXX 8945)","","[{""source"":""deposit_qbo_components"",""id"":""dqc_Ltth3FemPEK7sb7q5L4Z6"",""staged_payment_id"":""Ltth3FemPEK7sb7q5L4Z6"",""qb_deposit_id"":""19535"",""qb_entity_type"":""deposit"",""qb_entity_id"":""19535"",""amount"":""1611.67"",""date_received"":""2022-04-06T00:00:00.000Z"",""accounts"":[""2002 Benefit Liability"",""BUSINESS CHECKING (XXXXXX 8945)""],""raw_reference"":""BUSINESS CHECKING (XXXXXX 8945)"",""line_description"":""BASIC            BASICCOBRA 220406                 The Wildflower Foundat""}]"
"bdep_878045353608421e38665561","53.10","2018-12-20T00:00:00.000Z","STRIPE           TRANSFER                          X 201812201","earned_income","rule_derived","","reviewed: componentless deposit, all QB accounts non-donation (0185)","4020 Services - Earned Income | BUSINESS CHECKING (XXXXXX 8945)","","[{""source"":""deposit_qbo_components"",""id"":""dqc_DhtSfxWHcGTuyHpRq6koH"",""staged_payment_id"":""DhtSfxWHcGTuyHpRq6koH"",""qb_deposit_id"":""5597"",""qb_entity_type"":""deposit"",""qb_entity_id"":""5597"",""amount"":""53.10"",""date_received"":""2018-12-20T00:00:00.000Z"",""accounts"":[""4020 Services - Earned Income"",""BUSINESS CHECKING (XXXXXX 8945)""],""raw_reference"":""STRIPE           TRANSFER                          X 201812201"",""line_description"":""STRIPE           TRANSFER                          X 201812201"",""transaction_memo"":""STRIPE           TRANSFER                          X 201812201""}]"
"bdep_8798f9d8419ac515a7fc28b1","1.33","2022-01-26T00:00:00.000Z","GUSTO            TLR 195268 220125 6semjr33rfg     The Wildflower Foundat","expense_refund","rule_derived","","reviewed: componentless deposit, all QB accounts non-donation (0185)","7010.4 Payroll:3.Benefits:Payroll Taxes | BUSINESS CHECKING (XXXXXX 8945)","Gusto","[{""source"":""deposit_qbo_components"",""id"":""dqc_LoCgLnNTsRjdQswxmIOye"",""staged_payment_id"":""LoCgLnNTsRjdQswxmIOye"",""qb_deposit_id"":""18619"",""qb_entity_type"":""deposit"",""qb_entity_id"":""18619"",""amount"":""1.33"",""date_received"":""2022-01-26T00:00:00.000Z"",""payer"":""Gusto"",""accounts"":[""7010.4 Payroll:3.Benefits:Payroll Taxes"",""BUSINESS CHECKING (XXXXXX 8945)""],""classes"":[""National (deleted):Foundation Operations (deleted)""],""raw_reference"":""BUSINESS CHECKING (XXXXXX 8945)"",""line_description"":""GUSTO            TLR 195268 220125 6semjr33rfg     The Wildflower Foundat""}]"
"bdep_87ef7ef83ee284afb01c45f9","33.68","2020-03-17T00:00:00.000Z","STRIPE           TRANSFER          ST-U1P1X3A7I6Z6 THE WILDFLOWER FOUNDAT","earned_income","rule_derived","","reviewed: componentless deposit, all QB accounts non-donation (0185)","4020 Services - Earned Income | BUSINESS CHECKING (XXXXXX 8945)","Stripe","[{""source"":""deposit_qbo_components"",""id"":""dqc_wKyxq17UMiuFirESM3Q1u"",""staged_payment_id"":""wKyxq17UMiuFirESM3Q1u"",""qb_deposit_id"":""11584"",""qb_entity_type"":""deposit"",""qb_entity_id"":""11584"",""amount"":""33.68"",""date_received"":""2020-03-17T00:00:00.000Z"",""payer"":""Stripe"",""accounts"":[""4020 Services - Earned Income"",""BUSINESS CHECKING (XXXXXX 8945)""],""classes"":[""Spo - Embracing Equity (deleted)""],""raw_reference"":""BUSINESS CHECKING (XXXXXX 8945)"",""line_description"":""STRIPE           TRANSFER          ST-U1P1X3A7I6Z6 THE WILDFLOWER FOUNDAT""}]"
"bdep_887e6eeed74fdcc66c184e91","4451.44","2023-07-07T00:00:00.000Z","Snowdrop Montess Bill.com          025ZDPBBQHK186V Snowdrop Montessori School, Inc. Bill.com 025ZDP","membership","rule_derived","","reviewed: componentless deposit, all QB accounts non-donation (0185)","Network Membership Fees (School SItes)","Snowdrop Montessori School Inc","[{""source"":""deposit_qbo_components"",""id"":""dqc__Frp8nZssB65cGshW80bN"",""staged_payment_id"":""_Frp8nZssB65cGshW80bN"",""qb_deposit_id"":""25199"",""qb_entity_type"":""payment"",""qb_entity_id"":""25068"",""amount"":""4451.44"",""date_received"":""2023-07-07T00:00:00.000Z"",""payer"":""Snowdrop Montessori School Inc"",""accounts"":[""Network Membership Fees (School SItes)""],""classes"":[""National (deleted):Foundation General (deleted)""],""items"":[""School Contributions""],""raw_reference"":""P23063002 - 2460826"",""line_description"":""Inv #79252328-1"",""transaction_memo"":""Inv #79252328-1""}]"
"bdep_88e07ea63a9edff512ff2429","22.13","2020-01-31T00:00:00.000Z","ATM CHECK DEPOSIT              ON              01/31 1505 WEST LAKE ST         MINNEAPOLIS   MN  0008573           ATM ID 6991J    CARD 7365","expense_refund","rule_derived","","reviewed: componentless deposit, all QB accounts non-donation (0185)","7016 All Other Expenditures:Transportation, Hotel & Housing Costs | BUSINESS CHECKING (XXXXXX 8945)","","[{""source"":""deposit_qbo_components"",""id"":""dqc_lSHYrTLoaDo0miGx57NRU"",""staged_payment_id"":""lSHYrTLoaDo0miGx57NRU"",""qb_deposit_id"":""10967"",""qb_entity_type"":""deposit"",""qb_entity_id"":""10967"",""amount"":""22.13"",""date_received"":""2020-01-31T00:00:00.000Z"",""accounts"":[""7016 All Other Expenditures:Transportation, Hotel & Housing Costs"",""BUSINESS CHECKING (XXXXXX 8945)""],""classes"":[""National (deleted)""],""raw_reference"":""Check from me reimbursing the charge that I previously emails about - for the personal Lyft accidentally charged to the WF card. Code to NA,transportation (that's how the card charge was coded)."",""line_description"":""Check from me reimbursing the charge that I previously emails about - for the personal Lyft accidentally charged to the WF card. Code to NA,transportation (that's how the card charge was coded)."",""transaction_memo"":""Check from me reimbursing the charge that I previously emails about - for the personal Lyft accidentally charged to the WF card. Code to NA,transportation (that's how the card charge was coded).""}]"
"bdep_897412bde3c731bd6218d32b","628.12","2020-09-10T00:00:00.000Z","COBRA TRUST ACCT BASICPacif                        COBRA REMIT","expense_refund","rule_derived","","reviewed: componentless deposit, all QB accounts non-donation (0185)","2002 Benefit Liability | BUSINESS CHECKING (XXXXXX 8945)","","[{""source"":""deposit_qbo_components"",""id"":""dqc_p68VZOOwar286SLZ1IB44"",""staged_payment_id"":""p68VZOOwar286SLZ1IB44"",""qb_deposit_id"":""13388"",""qb_entity_type"":""deposit"",""qb_entity_id"":""13388"",""amount"":""628.12"",""date_received"":""2020-09-10T00:00:00.000Z"",""accounts"":[""2002 Benefit Liability"",""BUSINESS CHECKING (XXXXXX 8945)""],""raw_reference"":""BUSINESS CHECKING (XXXXXX 8945)"",""line_description"":""COBRA TRUST ACCT BASICPacif                        COBRA REMIT""}]"
"bdep_897f10770e7239d4095e328d","1282.33","2025-03-27T00:00:00.000Z","Urban Village Mo Receivable        016HYNRUN3OL2KU 016HYNRUN3OL2KU Urban Village Mo Bill.com Inv 12","membership","rule_derived","","reviewed: componentless deposit, all QB accounts non-donation (0185)","Network Membership Fees (School SItes)","Urban Village Montessori","[{""source"":""deposit_qbo_components"",""id"":""dqc_D_9c9V_DdYk9qmCMFpq0f"",""staged_payment_id"":""D_9c9V_DdYk9qmCMFpq0f"",""qb_deposit_id"":""33540"",""qb_entity_type"":""payment"",""qb_entity_id"":""32618"",""amount"":""1282.33"",""date_received"":""2025-03-26T00:00:00.000Z"",""payer"":""Urban Village Montessori"",""accounts"":[""Network Membership Fees (School SItes)""],""items"":[""School Contributions""],""raw_reference"":""P25032002 - 3298246"",""line_description"":""Inv 122"",""transaction_memo"":""Inv 122""}]"
"bdep_8a3c0c1335a15f24e783825e","743.70","2020-09-11T00:00:00.000Z","GUSTO            TAX 548166 200911 6semjos7uqr     The Wildflower Foundat","expense_refund","rule_derived","","reviewed: componentless deposit, all QB accounts non-donation (0185)","7010.4 Payroll:3.Benefits:Payroll Taxes | BUSINESS CHECKING (XXXXXX 8945)","","[{""source"":""deposit_qbo_components"",""id"":""dqc_7xdNzu4k8NcFQls87JBEA"",""staged_payment_id"":""7xdNzu4k8NcFQls87JBEA"",""qb_deposit_id"":""13669"",""qb_entity_type"":""deposit"",""qb_entity_id"":""13669"",""amount"":""743.70"",""date_received"":""2020-09-11T00:00:00.000Z"",""accounts"":[""7010.4 Payroll:3.Benefits:Payroll Taxes"",""BUSINESS CHECKING (XXXXXX 8945)""],""classes"":[""National (deleted):Foundation Operations (deleted)""],""raw_reference"":""BUSINESS CHECKING (XXXXXX 8945)"",""line_description"":""GUSTO            TAX 548166 200911 6semjos7uqr     The Wildflower Foundat""}]"
"bdep_8b17b09ae17daa7630bb3799","496.38","2020-08-17T00:00:00.000Z","STRIPE           TRANSFER          ST-X4L9E3U8T8Q0 THE WILDFLOWER FOUNDAT","earned_income","rule_derived","","reviewed: componentless deposit, all QB accounts non-donation (0185)","4020 Services - Earned Income | BUSINESS CHECKING (XXXXXX 8945)","Stripe","[{""source"":""deposit_qbo_components"",""id"":""dqc_iWcmkt9kBp-wDiBAscQjQ"",""staged_payment_id"":""iWcmkt9kBp-wDiBAscQjQ"",""qb_deposit_id"":""13157"",""qb_entity_type"":""deposit"",""qb_entity_id"":""13157"",""amount"":""496.38"",""date_received"":""2020-08-17T00:00:00.000Z"",""payer"":""Stripe"",""accounts"":[""4020 Services - Earned Income"",""BUSINESS CHECKING (XXXXXX 8945)""],""classes"":[""Spo - Embracing Equity (deleted)""],""raw_reference"":""BUSINESS CHECKING (XXXXXX 8945)"",""line_description"":""STRIPE           TRANSFER          ST-X4L9E3U8T8Q0 THE WILDFLOWER FOUNDAT""}]"
"bdep_8b621dffac228a37112ba7f8","40.57","2024-04-26T00:00:00.000Z","GUSTO            TLR 597884 240426 6semk104vb8     The Wildflower Foundat","expense_refund","rule_derived","","reviewed: componentless deposit, all QB accounts non-donation (0185)","7010.4 Payroll:3.Benefits:Payroll Taxes | BUSINESS CHECKING (XXXXXX 8945)","Gusto","[{""source"":""deposit_qbo_components"",""id"":""dqc_4q-Gbn6RuT4qthBz_oLAz"",""staged_payment_id"":""4q-Gbn6RuT4qthBz_oLAz"",""qb_deposit_id"":""28579"",""qb_entity_type"":""deposit"",""qb_entity_id"":""28579"",""amount"":""40.57"",""date_received"":""2024-04-26T00:00:00.000Z"",""payer"":""Gusto"",""accounts"":[""7010.4 Payroll:3.Benefits:Payroll Taxes"",""BUSINESS CHECKING (XXXXXX 8945)""],""classes"":[""National (deleted):Foundation Operations (deleted)""],""raw_reference"":""BUSINESS CHECKING (XXXXXX 8945)"",""line_description"":""GUSTO            TLR 597884 240426 6semk104vb8     The Wildflower Foundat""}]"
"bdep_8bb5442d15ef3eff2be12423","6314.55","2021-03-11T00:00:00.000Z","STRIPE           TRANSFER          ST-C9Y5L0D5Q3S0 THE WILDFLOWER FOUNDAT","earned_income","rule_derived","","reviewed: componentless deposit, all QB accounts non-donation (0185)","4020 Services - Earned Income | BUSINESS CHECKING (XXXXXX 8945)","Stripe","[{""source"":""deposit_qbo_components"",""id"":""dqc_-wZbFt5HD5-5d_eu6PPaK"",""staged_payment_id"":""-wZbFt5HD5-5d_eu6PPaK"",""qb_deposit_id"":""14789"",""qb_entity_type"":""deposit"",""qb_entity_id"":""14789"",""amount"":""6314.55"",""date_received"":""2021-03-11T00:00:00.000Z"",""payer"":""Stripe"",""accounts"":[""4020 Services - Earned Income"",""BUSINESS CHECKING (XXXXXX 8945)""],""classes"":[""Spo - Embracing Equity (deleted)""],""raw_reference"":""BUSINESS CHECKING (XXXXXX 8945)"",""line_description"":""STRIPE           TRANSFER          ST-C9Y5L0D5Q3S0 THE WILDFLOWER FOUNDAT""}]"
"bdep_8bc92310474a8b1da496f751","7462.36","2025-02-10T00:00:00.000Z","Minnesota Wildfl Receivable        016JCNQDC3MW3MB 016JCNQDC3MW3MB Minnesota Wildfl Bill.com Multip","membership","rule_derived","","reviewed: componentless deposit, all QB accounts non-donation (0185)","Network Membership Fees (School SItes)","Minnesota Wildflower Montessori School","[{""source"":""deposit_qbo_components"",""id"":""dqc__LtlVEecubzlAH-C9acvQ"",""staged_payment_id"":""_LtlVEecubzlAH-C9acvQ"",""qb_deposit_id"":""32461"",""qb_entity_type"":""payment"",""qb_entity_id"":""31918"",""amount"":""7462.36"",""date_received"":""2025-02-07T00:00:00.000Z"",""payer"":""Minnesota Wildflower Montessori School"",""accounts"":[""Network Membership Fees (School SItes)""],""items"":[""School Contributions""],""raw_reference"":""P25020601 - 3251067"",""line_description"":""Multiple invoices"",""transaction_memo"":""Multiple invoices""}]"
"bdep_8bf1c087adfa0cddc8852d44","853.00","2017-07-12T00:00:00.000Z","ATM CHECK DEPOSIT 07/12 4712 CHICAGO AVE S MINNEAPOLIS MN 5819T 7365","loan","rule_derived","","reviewed: componentless deposit, all QB accounts non-donation (0185)","1600 Loans to Schools | BUSINESS CHECKING (XXXXXX 8945)","Snowdrop","[{""source"":""deposit_qbo_components"",""id"":""dqc_1XWy2dfZWEX9xLm4-6Oow"",""staged_payment_id"":""1XWy2dfZWEX9xLm4-6Oow"",""qb_deposit_id"":""1069"",""qb_entity_type"":""deposit"",""qb_entity_id"":""1069"",""amount"":""853.00"",""date_received"":""2017-07-12T00:00:00.000Z"",""payer"":""Snowdrop"",""accounts"":[""1600 Loans to Schools"",""BUSINESS CHECKING (XXXXXX 8945)""],""classes"":[""New School Support (deleted)""],""raw_reference"":""ATM CHECK DEPOSIT 07/12 4712 CHICAGO AVE S MINNEAPOLIS MN 5819T 7365"",""line_description"":""ATM CHECK DEPOSIT 07/12 4712 CHICAGO AVE S MINNEAPOLIS MN 5819T 7365"",""transaction_memo"":""ATM CHECK DEPOSIT 07/12 4712 CHICAGO AVE S MINNEAPOLIS MN 5819T 7365""}]"
"bdep_8c08d8045258d03e6a2f8f79","3750.00","2024-02-09T00:00:00.000Z","The Sunlight Loa Bill.com          025NCPVALBSF8T4 The Sunlight Loan Fund, LLC Bill.com 025NCPVALBS","interest","rule_derived","","reviewed: componentless deposit, all QB accounts non-donation (0185)","Interest Earned","The Sunlight Loan Fund, LLC","[{""source"":""deposit_qbo_components"",""id"":""dqc_x4WC-J1RfpSDATUnDUXNJ"",""staged_payment_id"":""x4WC-J1RfpSDATUnDUXNJ"",""qb_deposit_id"":""27613"",""qb_entity_type"":""payment"",""qb_entity_id"":""27545"",""amount"":""3750.00"",""date_received"":""2024-02-09T00:00:00.000Z"",""payer"":""The Sunlight Loan Fund, LLC"",""accounts"":[""Interest Earned""],""classes"":[""National (deleted):Loans (deleted)""],""items"":[""INTEREST""],""raw_reference"":""P24020702 - 3641225"",""line_description"":""Inv Int Payment - Q1 2024"",""transaction_memo"":""Inv Int Payment - Q1 2024""}]"
"bdep_8d61917cd56ca9a680d12e38","937.66","2022-09-14T00:00:00.000Z","BUSINESS CHECKIN Expensify         E16644059       BUSINESS CHECKING","expense_refund","rule_derived","","reviewed: componentless deposit, all QB accounts non-donation (0185)","7008 All Other Expenditures:Uncategorized Expenditure | BUSINESS CHECKING (XXXXXX 8945)","","[{""source"":""deposit_qbo_components"",""id"":""dqc_AqzswE7yjcCeSI_WfH0Ad"",""staged_payment_id"":""AqzswE7yjcCeSI_WfH0Ad"",""qb_deposit_id"":""21603"",""qb_entity_type"":""deposit"",""qb_entity_id"":""21603"",""amount"":""937.66"",""date_received"":""2022-09-14T00:00:00.000Z"",""accounts"":[""7008 All Other Expenditures:Uncategorized Expenditure"",""BUSINESS CHECKING (XXXXXX 8945)""],""classes"":[""National (deleted):Foundation General (deleted)""],""raw_reference"":""BUSINESS CHECKING (XXXXXX 8945)"",""line_description"":""BUSINESS CHECKIN Expensify         E16644059       BUSINESS CHECKING""}]"
"bdep_8d91b5ee40f1b453f34956ec","2911.20","2021-01-14T00:00:00.000Z","STRIPE           TRANSFER          ST-L0A2P6Q6I6L3 THE WILDFLOWER FOUNDAT","earned_income","rule_derived","","reviewed: componentless deposit, all QB accounts non-donation (0185)","4020 Services - Earned Income | BUSINESS CHECKING (XXXXXX 8945)","Stripe","[{""source"":""deposit_qbo_components"",""id"":""dqc_riY-qKVzvUfI89Dk0JvSE"",""staged_payment_id"":""riY-qKVzvUfI89Dk0JvSE"",""qb_deposit_id"":""14341"",""qb_entity_type"":""deposit"",""qb_entity_id"":""14341"",""amount"":""2911.20"",""date_received"":""2021-01-14T00:00:00.000Z"",""payer"":""Stripe"",""accounts"":[""4020 Services - Earned Income"",""BUSINESS CHECKING (XXXXXX 8945)""],""classes"":[""Spo - Embracing Equity (deleted)""],""raw_reference"":""Charge - Delaney, Shah, Blake, Jones, Chin, Sarikaya"",""line_description"":""Charge - Delaney, Shah, Blake, Jones, Chin, Sarikaya"",""transaction_memo"":""Charge - Delaney, Shah, Blake, Jones, Chin, Sarikaya""}]"
"bdep_8ef387579debc1f7212bc8e2","485.20","2019-03-25T00:00:00.000Z","STRIPE           TRANSFER                          X","earned_income","rule_derived","","reviewed: componentless deposit, all QB accounts non-donation (0185)","4020 Services - Earned Income | BUSINESS CHECKING (XXXXXX 8945)","dina.amsterdam@wildflowerschools.org (deleted)","[{""source"":""deposit_qbo_components"",""id"":""dqc_bwbYABx0kWVnvCLQe73AE"",""staged_payment_id"":""bwbYABx0kWVnvCLQe73AE"",""qb_deposit_id"":""6682"",""qb_entity_type"":""deposit"",""qb_entity_id"":""6682"",""amount"":""485.20"",""date_received"":""2019-03-25T00:00:00.000Z"",""payer"":""dina.amsterdam@wildflowerschools.org (deleted)"",""accounts"":[""4020 Services - Earned Income"",""BUSINESS CHECKING (XXXXXX 8945)""],""classes"":[""Existing School Support (deleted)""],""raw_reference"":""STRIPE           TRANSFER                          X"",""line_description"":""STRIPE           TRANSFER                          X"",""transaction_memo"":""STRIPE           TRANSFER                          X""}]"
"bdep_8f07204872fd2efe1b11bae6","1347.33","2026-01-27T00:00:00.000Z","Roxbury Roots Mo Receivable        016EJQHSU3ZNMOI 016EJQHSU3ZNMOI Roxbury Roots Mo Bill.com Inv TW","membership","rule_derived","","reviewed: affiliated-school membership (name-confirmed; 0176)","1503 Pledges/Services Receivable","Roxbury Roots Montessori, Inc.","[{""source"":""bank_deposit_qbo_register"",""id"":""bdqr_bdep_8f07204872fd2efe1b11bae6"",""bank_transaction_id"":""bnk_3577b6f95abc5c96ca854884"",""amount"":""1347.33"",""txn_date"":""2026-01-26T00:00:00.000Z"",""txn_type"":""Payment"",""ref_no"":""P26012302 - 3001706"",""payer"":""Roxbury Roots Montessori, Inc."",""accounts"":[""1503 Pledges/Services Receivable""],""memo"":""Inv TWF - Dec 10 Invoice"",""reconciliation_status"":""Reconciled""}]"
"bdep_8f1c203c969142acb01d36dd","480.20","2021-03-17T00:00:00.000Z","STRIPE           TRANSFER          ST-T8N5L4E9W1Z0 THE WILDFLOWER FOUNDAT","earned_income","rule_derived","","reviewed: componentless deposit, all QB accounts non-donation (0185)","4020 Services - Earned Income | BUSINESS CHECKING (XXXXXX 8945)","Stripe","[{""source"":""deposit_qbo_components"",""id"":""dqc_Y7gkcGGTVR3gyqDwd3Llk"",""staged_payment_id"":""Y7gkcGGTVR3gyqDwd3Llk"",""qb_deposit_id"":""15234"",""qb_entity_type"":""deposit"",""qb_entity_id"":""15234"",""amount"":""480.20"",""date_received"":""2021-03-17T00:00:00.000Z"",""payer"":""Stripe"",""accounts"":[""4020 Services - Earned Income"",""BUSINESS CHECKING (XXXXXX 8945)""],""classes"":[""Spo - Embracing Equity (deleted)""],""raw_reference"":""BUSINESS CHECKING (XXXXXX 8945)"",""line_description"":""STRIPE           TRANSFER          ST-T8N5L4E9W1Z0 THE WILDFLOWER FOUNDAT""}]"
"bdep_8f36f00246804318e571a12f","454.55","2025-04-28T00:00:00.000Z","Bergamot Montess Bill.com          026EWLNVR1DFX8W Bergamot Montessori Bill.com 026EWLNVR1DFX8W Inv","membership","rule_derived","","reviewed: componentless deposit, all QB accounts non-donation (0185)","Network Membership Fees (School SItes)","Bergamot Montessori Inc.","[{""source"":""deposit_qbo_components"",""id"":""dqc_A_adWkHshBXlYOylRxo_i"",""staged_payment_id"":""A_adWkHshBXlYOylRxo_i"",""qb_deposit_id"":""33555"",""qb_entity_type"":""payment"",""qb_entity_id"":""33053"",""amount"":""454.55"",""date_received"":""2025-04-25T00:00:00.000Z"",""payer"":""Bergamot Montessori Inc."",""accounts"":[""Network Membership Fees (School SItes)""],""items"":[""School Contributions""],""raw_reference"":""P25042202 - 1332187"",""line_description"":""Inv 17-TWF"",""transaction_memo"":""Inv 17-TWF""}]"
"bdep_8f3a8f9766683708093614ef","653.68","2025-01-29T00:00:00.000Z","Sundrops Montess Receivable        016ZHQUDB3MGIS6 016ZHQUDB3MGIS6 Sundrops Montess Bill.com Inv 17","membership","rule_derived","","reviewed: componentless deposit, all QB accounts non-donation (0185)","Network Membership Fees (School SItes)","Sundrops Montessori School","[{""source"":""deposit_qbo_components"",""id"":""dqc_vo-cnm2IwNlFYxkWxPDTD"",""staged_payment_id"":""vo-cnm2IwNlFYxkWxPDTD"",""qb_deposit_id"":""32448"",""qb_entity_type"":""payment"",""qb_entity_id"":""31737"",""amount"":""653.68"",""date_received"":""2025-01-28T00:00:00.000Z"",""payer"":""Sundrops Montessori School"",""accounts"":[""Network Membership Fees (School SItes)""],""items"":[""School Contributions""],""raw_reference"":""P25012001 - 9876393"",""line_description"":""Inv 1734800475842"",""transaction_memo"":""Inv 1734800475842""}]"
"bdep_8f6a6463c18a92aced48482b","545.45","2024-09-26T00:00:00.000Z","Rain Lily Montes Receivable        016INNJHG3HW7AK 016INNJHG3HW7AK Rain Lily Montes Bill.com Inv 79","membership","rule_derived","","reviewed: affiliated-school membership (name-confirmed; 0176)","","",""
"bdep_8fe2935f0482ef3c7ca92e4c","153.07","2019-10-31T00:00:00.000Z","STRIPE           TRANSFER          ST-Q7P7E5T3W1P8 THE WILDFLOWER FOUNDAT","earned_income","rule_derived","","reviewed: componentless deposit, all QB accounts non-donation (0185)","4020 Services - Earned Income | BUSINESS CHECKING (XXXXXX 8945)","Stripe","[{""source"":""deposit_qbo_components"",""id"":""dqc_x9TnEnQR3PeRMktWocXWL"",""staged_payment_id"":""x9TnEnQR3PeRMktWocXWL"",""qb_deposit_id"":""9436"",""qb_entity_type"":""deposit"",""qb_entity_id"":""9436"",""amount"":""153.07"",""date_received"":""2019-10-31T00:00:00.000Z"",""payer"":""Stripe"",""accounts"":[""4020 Services - Earned Income"",""BUSINESS CHECKING (XXXXXX 8945)""],""classes"":[""Spo - Embracing Equity (deleted)""],""raw_reference"":""BUSINESS CHECKING (XXXXXX 8945)"",""line_description"":""STRIPE           TRANSFER          ST-Q7P7E5T3W1P8 THE WILDFLOWER FOUNDAT""}]"
"bdep_8ff553e3b45a2fb245a8cc6e","80693.73","2025-07-18T00:00:00.000Z","The Sunlight Loa Receivable        016NBSCBU3SSHT1 016NBSCBU3SSHT1 The Sunlight Loa Bill.com Inv 11","loan_repayment","rule_derived","","reviewed: affiliated-school loan_repayment (name-confirmed; 0176)","1503 Pledges/Services Receivable","The Sunlight Loan Fund, LLC","[{""source"":""bank_deposit_qbo_register"",""id"":""bdqr_bdep_8ff553e3b45a2fb245a8cc6e"",""bank_transaction_id"":""bnk_ff0752b99f818e93af2c707f"",""amount"":""80693.73"",""txn_date"":""2025-07-17T00:00:00.000Z"",""txn_type"":""Payment"",""ref_no"":""P25071602 - 2994288"",""payer"":""The Sunlight Loan Fund, LLC"",""accounts"":[""1503 Pledges/Services Receivable""],""memo"":""Inv 11-SL-June2025"",""reconciliation_status"":""Reconciled""}]"
"bdep_900b3c00623f925ba029e38f","656.80","2020-07-10T00:00:00.000Z","STRIPE           TRANSFER          ST-B0Y6X2E4A0P6 THE WILDFLOWER FOUNDAT","earned_income","rule_derived","","reviewed: componentless deposit, all QB accounts non-donation (0185)","4020 Services - Earned Income | BUSINESS CHECKING (XXXXXX 8945)","Stripe","[{""source"":""deposit_qbo_components"",""id"":""dqc_wATBtucpB2OHHvSiTT-7Y"",""staged_payment_id"":""wATBtucpB2OHHvSiTT-7Y"",""qb_deposit_id"":""12887"",""qb_entity_type"":""deposit"",""qb_entity_id"":""12887"",""amount"":""656.80"",""date_received"":""2020-07-10T00:00:00.000Z"",""payer"":""Stripe"",""accounts"":[""4020 Services - Earned Income"",""BUSINESS CHECKING (XXXXXX 8945)""],""classes"":[""Spo - Embracing Equity (deleted)""],""raw_reference"":""BUSINESS CHECKING (XXXXXX 8945)"",""line_description"":""STRIPE           TRANSFER          ST-B0Y6X2E4A0P6 THE WILDFLOWER FOUNDAT""}]"
"bdep_90489391b76b6ef979a75ba4","3750.00","2024-04-04T00:00:00.000Z","The Sunlight Loa Bill.com          014UMKJUKTVQM4G The Sunlight Loan Fund, LLC Bill.com 014UMKJUKTV","loan","rule_derived","","reviewed: componentless deposit, all QB accounts non-donation (0185)","Loan Fund Servicing","The Sunlight Loan Fund, LLC","[{""source"":""deposit_qbo_components"",""id"":""dqc_ZvMwgXreC_fP0WqKUaPND"",""staged_payment_id"":""ZvMwgXreC_fP0WqKUaPND"",""qb_deposit_id"":""28147"",""qb_entity_type"":""payment"",""qb_entity_id"":""28097"",""amount"":""3750.00"",""date_received"":""2024-04-04T00:00:00.000Z"",""payer"":""The Sunlight Loan Fund, LLC"",""accounts"":[""Loan Fund Servicing""],""items"":[""Loan Fund Servicing:Loan Fund Servicing""],""raw_reference"":""P24040202 - 4532472"",""line_description"":""Inv 79252461-16-Q324"",""transaction_memo"":""Inv 79252461-16-Q324""}]"
"bdep_904ce3d752e983bf033cdc95","4188.00","2023-03-08T00:00:00.000Z","ATM CHECK DEPOSIT              ON              03/08 1505 W Lake St            Minneapolis   MN  0007251           ATM ID 6991J    CARD 7365","expense_refund","rule_derived","","reviewed: componentless deposit, all QB accounts non-donation (0185)","7007 All Other Expenditures:Legal | BUSINESS CHECKING (XXXXXX 8945)","Winthrop & Weinstine, PA","[{""source"":""deposit_qbo_components"",""id"":""dqc_CxVGiM66_OLcLu2J2vKaZ"",""staged_payment_id"":""CxVGiM66_OLcLu2J2vKaZ"",""qb_deposit_id"":""24064"",""qb_entity_type"":""deposit"",""qb_entity_id"":""24064"",""amount"":""4188.00"",""date_received"":""2023-03-08T00:00:00.000Z"",""payer"":""Winthrop & Weinstine, PA"",""accounts"":[""7007 All Other Expenditures:Legal"",""BUSINESS CHECKING (XXXXXX 8945)""],""classes"":[""National (deleted):Foundation General (deleted)""],""raw_reference"":""BUSINESS CHECKING (XXXXXX 8945)"",""line_description"":""ATM CHECK DEPOSIT              ON              03/08 1505 W Lake St            Minneapolis   MN  0007251           ATM ID 6991J    CARD 7365""}]"
"bdep_9077fb4450ed37f69074ef4e","4623.55","2026-05-18T00:00:00.000Z","Minnesota Wildfl Receivable        016XANTZJ440Z31 016XANTZJ440Z31 Minnesota Wildfl Bill.com Inv TW","membership","rule_derived","","reviewed: affiliated-school membership (name-confirmed; 0176)","1503 Pledges/Services Receivable","Minnesota Wildflower Montessori School","[{""source"":""bank_deposit_qbo_register"",""id"":""bdqr_bdep_9077fb4450ed37f69074ef4e"",""bank_transaction_id"":""bnk_26a1475b4063543fa90a46c4"",""amount"":""4623.55"",""txn_date"":""2026-05-15T00:00:00.000Z"",""txn_type"":""Payment"",""ref_no"":""P26051401 - 1169192"",""payer"":""Minnesota Wildflower Montessori School"",""accounts"":[""1503 Pledges/Services Receivable""],""memo"":""Inv TWF - May Invoice034"",""reconciliation_status"":""Reconciled""}]"
"bdep_9084f28edfcd5a5345525353","666.67","2025-09-08T00:00:00.000Z","Desert Peach Mon Bill.com          026UUENVY1KIUI8 Desert Peach Montessori School Bill.com 026UUENV","membership","rule_derived","","reviewed: componentless deposit, all QB accounts non-donation (0185)","Network Membership Fees (School SItes)","Desert Peach Montessori","[{""source"":""deposit_qbo_components"",""id"":""dqc_PD7k3eMx1f820xgkbIzHY"",""staged_payment_id"":""PD7k3eMx1f820xgkbIzHY"",""qb_deposit_id"":""35924"",""qb_entity_type"":""payment"",""qb_entity_id"":""35169"",""amount"":""666.67"",""date_received"":""2025-09-05T00:00:00.000Z"",""payer"":""Desert Peach Montessori"",""accounts"":[""Network Membership Fees (School SItes)""],""items"":[""School Contributions""],""raw_reference"":""P25090202 - 5327298"",""line_description"":""Inv FY26TWF - Invoice  57"",""transaction_memo"":""Inv FY26TWF - Invoice  57""}]"
"bdep_90a872693d6e92a1745a4fd3","2500.00","2020-07-30T00:00:00.000Z","ASTER MONTESSORI AUGUST2020                        Wildflower Foundation","loan","rule_derived","","reviewed: componentless deposit, all QB accounts non-donation (0185)","1600 Loans to Schools | BUSINESS CHECKING (XXXXXX 8945)","Aster - Customer","[{""source"":""deposit_qbo_components"",""id"":""dqc_XMMTIMC4bFs0OLo9J6lBq"",""staged_payment_id"":""XMMTIMC4bFs0OLo9J6lBq"",""qb_deposit_id"":""12930"",""qb_entity_type"":""deposit"",""qb_entity_id"":""12930"",""amount"":""2500.00"",""date_received"":""2020-07-30T00:00:00.000Z"",""payer"":""Aster - Customer"",""accounts"":[""1600 Loans to Schools"",""BUSINESS CHECKING (XXXXXX 8945)""],""classes"":[""National (deleted)""],""raw_reference"":""Aster Loan payment, made by mistake. Repaid thru Bill.com"",""line_description"":""Aster Loan payment, made by mistake. Repaid thru Bill.com"",""transaction_memo"":""Aster Loan payment, made by mistake. Repaid thru Bill.com""}]"
"bdep_91477ce3bef87d519a80d4a6","35500.00","2022-08-16T00:00:00.000Z","WT SEQ#54881 THE WILDFLOWER LOAN FUN /ORG=                                            SRF#    OW00002440548120 TRN#220816054881  RFB#    OW00002440548120","intercompany_transfer","rule_derived","","reviewed: componentless deposit, all QB accounts non-donation (0185)","1008 Checking (Previously LF1) | BUSINESS CHECKING (XXXXXX 8945)","LOAN FUND 1","[{""source"":""deposit_qbo_components"",""id"":""dqc_UCYpYvA6cPsE6mPAoOIx9"",""staged_payment_id"":""UCYpYvA6cPsE6mPAoOIx9"",""qb_deposit_id"":""21211"",""qb_entity_type"":""deposit"",""qb_entity_id"":""21211"",""amount"":""35500.00"",""date_received"":""2022-08-16T00:00:00.000Z"",""payer"":""LOAN FUND 1"",""accounts"":[""1008 Checking (Previously LF1)"",""BUSINESS CHECKING (XXXXXX 8945)""],""raw_reference"":""BUSINESS CHECKING (XXXXXX 8945)"",""line_description"":""WT SEQ#54881 THE WILDFLOWER LOAN FUN /ORG=                                            SRF#    OW00002440548120 TRN#220816054881  RFB#    OW00002440548120""}]"
"bdep_91fae22772d2afae4478938c","67.36","2019-08-12T00:00:00.000Z","STRIPE           TRANSFER          ST-M6O9D8C0M8I8 THE WILDFLOWER FOUNDAT","earned_income","rule_derived","","reviewed: componentless deposit, all QB accounts non-donation (0185)","4020 Services - Earned Income | BUSINESS CHECKING (XXXXXX 8945)","Stripe","[{""source"":""deposit_qbo_components"",""id"":""dqc_SZ--sWEytM4NxxhXDOq82"",""staged_payment_id"":""SZ--sWEytM4NxxhXDOq82"",""qb_deposit_id"":""8597"",""qb_entity_type"":""deposit"",""qb_entity_id"":""8597"",""amount"":""67.36"",""date_received"":""2019-08-12T00:00:00.000Z"",""payer"":""Stripe"",""accounts"":[""4020 Services - Earned Income"",""BUSINESS CHECKING (XXXXXX 8945)""],""classes"":[""Spo - Embracing Equity (deleted)""],""raw_reference"":""STRIPE           TRANSFER          ST-M6O9D8C0M8I8 THE WILDFLOWER FOUNDAT"",""line_description"":""STRIPE           TRANSFER          ST-M6O9D8C0M8I8 THE WILDFLOWER FOUNDAT"",""transaction_memo"":""STRIPE           TRANSFER          ST-M6O9D8C0M8I8 THE WILDFLOWER FOUNDAT""}]"
"bdep_92aeae664541954d7a03549c","868.27","2019-07-10T00:00:00.000Z","COBRA TRUST ACCT BASICPacif                        COBRA REMIT","expense_refund","rule_derived","","reviewed: componentless deposit, all QB accounts non-donation (0185)","2002 Benefit Liability | BUSINESS CHECKING (XXXXXX 8945)","","[{""source"":""deposit_qbo_components"",""id"":""dqc_GnlV1mqET_LhGbxHM5j5s"",""staged_payment_id"":""GnlV1mqET_LhGbxHM5j5s"",""qb_deposit_id"":""8172"",""qb_entity_type"":""deposit"",""qb_entity_id"":""8172"",""amount"":""868.27"",""date_received"":""2019-07-10T00:00:00.000Z"",""accounts"":[""2002 Benefit Liability"",""BUSINESS CHECKING (XXXXXX 8945)""],""classes"":[""Overhead (deleted)""],""raw_reference"":""COBRA TRUST ACCT BASICPacif                        COBRA REMIT"",""line_description"":""COBRA TRUST ACCT BASICPacif                        COBRA REMIT"",""transaction_memo"":""COBRA TRUST ACCT BASICPacif                        COBRA REMIT""}]"
"bdep_9311705d56470cb84fcb53fc","552.48","2023-08-11T00:00:00.000Z","BASIC            BASICCOBRA 230811                 The Wildflower Foundat","expense_refund","rule_derived","","reviewed: componentless deposit, all QB accounts non-donation (0185)","2002 Benefit Liability | BUSINESS CHECKING (XXXXXX 8945)","","[{""source"":""deposit_qbo_components"",""id"":""dqc_3UWijK65SOlqS-WNRzqky"",""staged_payment_id"":""3UWijK65SOlqS-WNRzqky"",""qb_deposit_id"":""25731"",""qb_entity_type"":""deposit"",""qb_entity_id"":""25731"",""amount"":""552.48"",""date_received"":""2023-08-11T00:00:00.000Z"",""accounts"":[""2002 Benefit Liability"",""BUSINESS CHECKING (XXXXXX 8945)""],""raw_reference"":""BUSINESS CHECKING (XXXXXX 8945)"",""line_description"":""BASIC            BASICCOBRA 230811                 The Wildflower Foundat""}]"
"bdep_939240e4a0f8506264791473","304992.62","2021-05-04T00:00:00.000Z","WT SEQ153259 THE WILDFLOWER LOAN FUN /ORG=                                            SRF#    0009532124196888 TRN#210504153259  RFB#","loan","rule_derived","","reviewed: componentless deposit, all QB accounts non-donation (0185)","2102 Due to (from) Loan Funds:Due to (from) Loan Fund II | BUSINESS CHECKING (XXXXXX 8945)","LOAN FUND II","[{""source"":""deposit_qbo_components"",""id"":""dqc_Qt12P8swfQCbFlCoalpki"",""staged_payment_id"":""Qt12P8swfQCbFlCoalpki"",""qb_deposit_id"":""15603"",""qb_entity_type"":""deposit"",""qb_entity_id"":""15603"",""amount"":""304992.62"",""date_received"":""2021-05-04T00:00:00.000Z"",""payer"":""LOAN FUND II"",""accounts"":[""2102 Due to (from) Loan Funds:Due to (from) Loan Fund II"",""BUSINESS CHECKING (XXXXXX 8945)""],""raw_reference"":""BUSINESS CHECKING (XXXXXX 8945)"",""line_description"":""WT SEQ153259 THE WILDFLOWER LOAN FUN /ORG=                                            SRF#    0009532124196888 TRN#210504153259  RFB#""}]"
"bdep_946a0f01294f805e4588a81d","1622.16","2025-06-06T00:00:00.000Z","Snowdrop Montess Receivable        016FYFGJI3R9HA5 016FYFGJI3R9HA5 Snowdrop Montess Bill.com Multip","membership","rule_derived","","reviewed: componentless deposit, all QB accounts non-donation (0185)","Network Membership Fees (School SItes)","Snowdrop Montessori School Inc","[{""source"":""deposit_qbo_components"",""id"":""dqc_YB81BCzfJkNOuLqSeOqJH"",""staged_payment_id"":""YB81BCzfJkNOuLqSeOqJH"",""qb_deposit_id"":""34457"",""qb_entity_type"":""payment"",""qb_entity_id"":""33740"",""amount"":""1622.16"",""date_received"":""2025-06-05T00:00:00.000Z"",""payer"":""Snowdrop Montessori School Inc"",""accounts"":[""Network Membership Fees (School SItes)""],""items"":[""School Contributions""],""raw_reference"":""P25060202 - 1760433"",""line_description"":""Multiple invoices"",""transaction_memo"":""Multiple invoices""}]"
"bdep_95658011367beacbd44eb386","126.81","2020-06-24T00:00:00.000Z","STRIPE           TRANSFER          ST-J5X7B9J3U5R6 THE WILDFLOWER FOUNDAT","earned_income","rule_derived","","reviewed: componentless deposit, all QB accounts non-donation (0185)","4020 Services - Earned Income | BUSINESS CHECKING (XXXXXX 8945)","Stripe","[{""source"":""deposit_qbo_components"",""id"":""dqc_PKw7paGX0NkL3wh74DH8y"",""staged_payment_id"":""PKw7paGX0NkL3wh74DH8y"",""qb_deposit_id"":""12231"",""qb_entity_type"":""deposit"",""qb_entity_id"":""12231"",""amount"":""126.81"",""date_received"":""2020-06-24T00:00:00.000Z"",""payer"":""Stripe"",""accounts"":[""4020 Services - Earned Income"",""BUSINESS CHECKING (XXXXXX 8945)""],""classes"":[""Spo - Embracing Equity (deleted)""],""raw_reference"":""BUSINESS CHECKING (XXXXXX 8945)"",""line_description"":""STRIPE           TRANSFER          ST-J5X7B9J3U5R6 THE WILDFLOWER FOUNDAT""}]"
"bdep_957337732bd5942422f2f9a4","12040.00","2023-01-13T00:00:00.000Z","Wild Rose Montes Bill.com          025TIFBOVPE946M Wild Rose Montessori School Bill.com 025TIFBOVPE","membership","rule_derived","","reviewed: componentless deposit, all QB accounts non-donation (0185)","Network Membership Fees (School SItes)","Wild Rose Montessori School Inc","[{""source"":""deposit_qbo_components"",""id"":""dqc_81nsxkgs2sEeu2mId_rVI"",""staged_payment_id"":""81nsxkgs2sEeu2mId_rVI"",""qb_deposit_id"":""22898"",""qb_entity_type"":""payment"",""qb_entity_id"":""22720"",""amount"":""12040.00"",""date_received"":""2023-01-13T00:00:00.000Z"",""payer"":""Wild Rose Montessori School Inc"",""accounts"":[""Network Membership Fees (School SItes)""],""classes"":[""National (deleted):Foundation General (deleted)""],""items"":[""School Contributions""],""raw_reference"":""P23010702 - 4029292"",""line_description"":""Inv #79252289"",""transaction_memo"":""Inv #79252289""}]"
"bdep_958ae18a653370df5c7835d5","4.55","2019-09-04T00:00:00.000Z","STRIPE           TRANSFER          ST-P2W5W4Z3U7E6 THE WILDFLOWER FOUNDAT","earned_income","rule_derived","","reviewed: componentless deposit, all QB accounts non-donation (0185)","4020 Services - Earned Income | BUSINESS CHECKING (XXXXXX 8945)","Stripe","[{""source"":""deposit_qbo_components"",""id"":""dqc_3K3a2Aqp64qHd7YSbVc70"",""staged_payment_id"":""3K3a2Aqp64qHd7YSbVc70"",""qb_deposit_id"":""8928"",""qb_entity_type"":""deposit"",""qb_entity_id"":""8928"",""amount"":""4.55"",""date_received"":""2019-09-04T00:00:00.000Z"",""payer"":""Stripe"",""accounts"":[""4020 Services - Earned Income"",""BUSINESS CHECKING (XXXXXX 8945)""],""classes"":[""Spo - Embracing Equity (deleted)""],""raw_reference"":""BUSINESS CHECKING (XXXXXX 8945)"",""line_description"":""STRIPE           TRANSFER          ST-P2W5W4Z3U7E6 THE WILDFLOWER FOUNDAT""}]"
"bdep_97457fb752fa8e8959c8faca","5000.00","2020-10-05T00:00:00.000Z","ACH RETURNS       - THE WILDFLOWER F - FILE 7878782339 COID 1812826681","expense_refund","rule_derived","","reviewed: componentless deposit, all QB accounts non-donation (0185)","702 Grants to Schools | BUSINESS CHECKING (XXXXXX 8945)","Wisteria Montessori School- merge (deleted)","[{""source"":""deposit_qbo_components"",""id"":""dqc_Nrhn0TjQ3Dzv059hHDlxs"",""staged_payment_id"":""Nrhn0TjQ3Dzv059hHDlxs"",""qb_deposit_id"":""13747"",""qb_entity_type"":""deposit"",""qb_entity_id"":""13747"",""amount"":""5000.00"",""date_received"":""2020-10-05T00:00:00.000Z"",""payer"":""Wisteria Montessori School- merge (deleted)"",""accounts"":[""702 Grants to Schools"",""BUSINESS CHECKING (XXXXXX 8945)""],""classes"":[""National (deleted):School Support (deleted)""],""raw_reference"":""Returned Covid19 wire"",""line_description"":""Returned Covid19 wire"",""transaction_memo"":""Returned Covid19 wire""}]"
"bdep_975d88787da29dbda7c80fb4","222.56","2019-06-26T00:00:00.000Z","STRIPE           TRANSFER          ST-T9U8X0X0O1B8 THE WILDFLOWER FOUNDAT","earned_income","rule_derived","","reviewed: componentless deposit, all QB accounts non-donation (0185)","4020 Services - Earned Income | BUSINESS CHECKING (XXXXXX 8945)","Stripe","[{""source"":""deposit_qbo_components"",""id"":""dqc_Bg8KVhTGFopQ976YWxBeW"",""staged_payment_id"":""Bg8KVhTGFopQ976YWxBeW"",""qb_deposit_id"":""7875"",""qb_entity_type"":""deposit"",""qb_entity_id"":""7875"",""amount"":""222.56"",""date_received"":""2019-06-26T00:00:00.000Z"",""payer"":""Stripe"",""accounts"":[""4020 Services - Earned Income"",""BUSINESS CHECKING (XXXXXX 8945)""],""classes"":[""Existing School Support (deleted)""],""raw_reference"":""STRIPE           TRANSFER          ST-T9U8X0X0O1B8 THE WILDFLOWER FOUNDAT"",""line_description"":""STRIPE           TRANSFER          ST-T9U8X0X0O1B8 THE WILDFLOWER FOUNDAT"",""transaction_memo"":""STRIPE           TRANSFER          ST-T9U8X0X0O1B8 THE WILDFLOWER FOUNDAT""}]"
"bdep_97b19c7e8a544f78f16d43a8","12.84","2024-02-08T00:00:00.000Z","MBI              SETL       240207 MED-I-BANK      MED-I-BANK","expense_refund","rule_derived","","reviewed: componentless deposit, all QB accounts non-donation (0185)","2002 Benefit Liability | BUSINESS CHECKING (XXXXXX 8945)","MBI","[{""source"":""deposit_qbo_components"",""id"":""dqc_vtf9koR_oo9qKkef7ex2m"",""staged_payment_id"":""vtf9koR_oo9qKkef7ex2m"",""qb_deposit_id"":""27609"",""qb_entity_type"":""deposit"",""qb_entity_id"":""27609"",""amount"":""12.84"",""date_received"":""2024-02-08T00:00:00.000Z"",""payer"":""MBI"",""accounts"":[""2002 Benefit Liability"",""BUSINESS CHECKING (XXXXXX 8945)""],""raw_reference"":""BUSINESS CHECKING (XXXXXX 8945)"",""line_description"":""MBI              SETL       240207 MED-I-BANK      MED-I-BANK""}]"
"bdep_9853cafb474f79ede0d1848b","3182.00","2024-07-10T00:00:00.000Z","DC WILDFLOWER PU EFT PYMT   070924 Charter School  The Wildflower Foundat","earned_income","rule_derived","","reviewed: componentless deposit, all QB accounts non-donation (0185)","4020 Services - Earned Income | BUSINESS CHECKING (XXXXXX 8945)","DC Wildflower Public Charter School (v)","[{""source"":""deposit_qbo_components"",""id"":""dqc_-Po938nLzPBnZsyjMhQ4N"",""staged_payment_id"":""-Po938nLzPBnZsyjMhQ4N"",""qb_deposit_id"":""29555"",""qb_entity_type"":""deposit"",""qb_entity_id"":""29555"",""amount"":""3182.00"",""date_received"":""2024-07-10T00:00:00.000Z"",""payer"":""DC Wildflower Public Charter School (v)"",""accounts"":[""4020 Services - Earned Income"",""BUSINESS CHECKING (XXXXXX 8945)""],""raw_reference"":""June 2024 Invoice"",""line_description"":""June 2024 Invoice"",""transaction_memo"":""June 2024 Invoice""}]"
"bdep_985d2e45d3bcb81da11d5422","653.68","2025-05-14T00:00:00.000Z","Sundrops Montess Receivable        016MQDOOK3QDZIZ 016MQDOOK3QDZIZ Sundrops Montess Bill.com Inv 16","membership","rule_derived","","reviewed: componentless deposit, all QB accounts non-donation (0185)","Network Membership Fees (School SItes)","Sundrops Montessori School","[{""source"":""deposit_qbo_components"",""id"":""dqc_bogwKmBZJO-dnnASnVwXz"",""staged_payment_id"":""bogwKmBZJO-dnnASnVwXz"",""qb_deposit_id"":""34446"",""qb_entity_type"":""payment"",""qb_entity_id"":""33242"",""amount"":""653.68"",""date_received"":""2025-05-13T00:00:00.000Z"",""payer"":""Sundrops Montessori School"",""accounts"":[""Network Membership Fees (School SItes)""],""items"":[""School Contributions""],""raw_reference"":""P25051001 - 1470407"",""line_description"":""Inv 16-TWF"",""transaction_memo"":""Inv 16-TWF""}]"
"bdep_98e3dd2293f0ccbbdba241d4","30000.00","2018-10-29T00:00:00.000Z","eDeposit in Branch/Store 10/29/18 09:37:27 AM 1505 W LAKE ST MINNEAPOLIS MN 8945 201810291","loan","rule_derived","","reviewed: componentless deposit, all QB accounts non-donation (0185)","1600 Loans to Schools | BUSINESS CHECKING (XXXXXX 8945)","LOAN FUND II","[{""source"":""deposit_qbo_components"",""id"":""dqc_IKeWpGMWgIOy6sdetgZhd"",""staged_payment_id"":""IKeWpGMWgIOy6sdetgZhd"",""qb_deposit_id"":""5111"",""qb_entity_type"":""deposit"",""qb_entity_id"":""5111"",""amount"":""30000.00"",""date_received"":""2018-10-29T00:00:00.000Z"",""payer"":""LOAN FUND II"",""accounts"":[""1600 Loans to Schools"",""BUSINESS CHECKING (XXXXXX 8945)""],""raw_reference"":""eDeposit in Branch/Store 10/29/18 09:37:27 AM 1505 W LAKE ST MINNEAPOLIS MN 8945 201810291"",""line_description"":""eDeposit in Branch/Store 10/29/18 09:37:27 AM 1505 W LAKE ST MINNEAPOLIS MN 8945 201810291"",""transaction_memo"":""eDeposit in Branch/Store 10/29/18 09:37:27 AM 1505 W LAKE ST MINNEAPOLIS MN 8945 201810291""}]"
"bdep_991bafd9acb4f4ae8b2168fa","19.64","2021-02-16T00:00:00.000Z","STRIPE           TRANSFER          ST-T8J8Q8A5X1C4 THE WILDFLOWER FOUNDAT","earned_income","rule_derived","","reviewed: componentless deposit, all QB accounts non-donation (0185)","4020 Services - Earned Income | BUSINESS CHECKING (XXXXXX 8945)","Stripe","[{""source"":""deposit_qbo_components"",""id"":""dqc_m1fSch07MlMPZY70CzTaj"",""staged_payment_id"":""m1fSch07MlMPZY70CzTaj"",""qb_deposit_id"":""14785"",""qb_entity_type"":""deposit"",""qb_entity_id"":""14785"",""amount"":""19.64"",""date_received"":""2021-02-16T00:00:00.000Z"",""payer"":""Stripe"",""accounts"":[""4020 Services - Earned Income"",""BUSINESS CHECKING (XXXXXX 8945)""],""classes"":[""Spo - Embracing Equity (deleted)""],""raw_reference"":""BUSINESS CHECKING (XXXXXX 8945)"",""line_description"":""STRIPE           TRANSFER          ST-T8J8Q8A5X1C4 THE WILDFLOWER FOUNDAT""}]"
"bdep_992d2da90aba22601c51fa60","15.59","2024-10-08T00:00:00.000Z","GUSTO            TAX 521153 241008 6semk2eq237     The Wildflower Foundat","expense_refund","rule_derived","","reviewed: componentless deposit, all QB accounts non-donation (0185)","7010.4 Payroll:3.Benefits:Payroll Taxes | BUSINESS CHECKING (XXXXXX 8945)","Gusto","[{""source"":""deposit_qbo_components"",""id"":""dqc_4UprTanibc_pRJRK8gp-T"",""staged_payment_id"":""4UprTanibc_pRJRK8gp-T"",""qb_deposit_id"":""30828"",""qb_entity_type"":""deposit"",""qb_entity_id"":""30828"",""amount"":""15.59"",""date_received"":""2024-10-08T00:00:00.000Z"",""payer"":""Gusto"",""accounts"":[""7010.4 Payroll:3.Benefits:Payroll Taxes"",""BUSINESS CHECKING (XXXXXX 8945)""],""raw_reference"":""BUSINESS CHECKING (XXXXXX 8945)"",""line_description"":""GUSTO            TAX 521153 241008 6semk2eq237     The Wildflower Foundat""}]"
"bdep_993009c855b75c0d442e23fe","1666.67","2016-12-09T00:00:00.000Z","MOBILE DEPOSIT : REF NUMBER :012090441886","loan","rule_derived","","reviewed: componentless deposit, all QB accounts non-donation (0185)","1600 Loans to Schools | BUSINESS CHECKING (XXXXXX 8945)","Snowdrop","[{""source"":""deposit_qbo_components"",""id"":""dqc_fs6oGfx0Ot4rBlQAAbNR6"",""staged_payment_id"":""fs6oGfx0Ot4rBlQAAbNR6"",""qb_deposit_id"":""458"",""qb_entity_type"":""deposit"",""qb_entity_id"":""458"",""amount"":""1666.67"",""date_received"":""2016-12-09T00:00:00.000Z"",""payer"":""Snowdrop"",""accounts"":[""1600 Loans to Schools"",""BUSINESS CHECKING (XXXXXX 8945)""],""raw_reference"":""MOBILE DEPOSIT : REF NUMBER :012090441886"",""line_description"":""MOBILE DEPOSIT : REF NUMBER :012090441886"",""transaction_memo"":""MOBILE DEPOSIT : REF NUMBER :012090441886""}]"
"bdep_99dc79a63b219e89ca7e38e4","43056.00","2025-04-16T00:00:00.000Z","The Sunlight Loa Receivable        016TPPJVY3PCHMD 016TPPJVY3PCHMD The Sunlight Loa Bill.com Multip","loan","rule_derived","","reviewed: componentless deposit, all QB accounts non-donation (0185)","Interest Earned | Loan Fund Servicing","The Sunlight Loan Fund, LLC","[{""source"":""deposit_qbo_components"",""id"":""dqc_yBk4hVRNar9ChQHiqsZjP"",""staged_payment_id"":""yBk4hVRNar9ChQHiqsZjP"",""qb_deposit_id"":""33553"",""qb_entity_type"":""payment"",""qb_entity_id"":""32931"",""amount"":""43056.00"",""date_received"":""2025-04-15T00:00:00.000Z"",""payer"":""The Sunlight Loan Fund, LLC"",""accounts"":[""Interest Earned"",""Loan Fund Servicing""],""items"":[""INTEREST"",""Loan Fund Servicing:Loan Fund Servicing""],""raw_reference"":""P25041402 - 9499642"",""line_description"":""Multiple invoices"",""transaction_memo"":""Multiple invoices""}]"
"bdep_9a1815dd3a1391a08587395c","1746.29","2024-07-05T00:00:00.000Z","ATM CHECK DEPOSIT              ON              07/05 7900 Xerxes Ave S Ste 201 Bloomington   MN  0003968           ATM ID 0981F    CARD 0628","expense_refund","rule_derived","","reviewed: componentless deposit, all QB accounts non-donation (0185)","7010.4 Payroll:3.Benefits:Payroll Taxes | BUSINESS CHECKING (XXXXXX 8945)","","[{""source"":""deposit_qbo_components"",""id"":""dqc_stqbotZp9s2pqL7mWZxXO"",""staged_payment_id"":""stqbotZp9s2pqL7mWZxXO"",""qb_deposit_id"":""29434"",""qb_entity_type"":""deposit"",""qb_entity_id"":""29434"",""amount"":""1746.29"",""date_received"":""2024-07-05T00:00:00.000Z"",""accounts"":[""7010.4 Payroll:3.Benefits:Payroll Taxes"",""BUSINESS CHECKING (XXXXXX 8945)""],""raw_reference"":""BUSINESS CHECKING (XXXXXX 8945)"",""line_description"":""ATM CHECK DEPOSIT              ON              07/05 7900 Xerxes Ave S Ste 201 Bloomington   MN  0003968           ATM ID 0981F    CARD 0628""}]"
"bdep_9ae847eaffaf9e417638d956","485.20","2021-03-29T00:00:00.000Z","STRIPE           TRANSFER          ST-Z7N3H3S0T0J6 THE WILDFLOWER FOUNDAT","earned_income","rule_derived","","reviewed: componentless deposit, all QB accounts non-donation (0185)","4020 Services - Earned Income | BUSINESS CHECKING (XXXXXX 8945)","Stripe","[{""source"":""deposit_qbo_components"",""id"":""dqc_fr-OG4MR1pj5hUr4L7v_z"",""staged_payment_id"":""fr-OG4MR1pj5hUr4L7v_z"",""qb_deposit_id"":""15240"",""qb_entity_type"":""deposit"",""qb_entity_id"":""15240"",""amount"":""485.20"",""date_received"":""2021-03-29T00:00:00.000Z"",""payer"":""Stripe"",""accounts"":[""4020 Services - Earned Income"",""BUSINESS CHECKING (XXXXXX 8945)""],""classes"":[""Spo - Embracing Equity (deleted)""],""raw_reference"":""BUSINESS CHECKING (XXXXXX 8945)"",""line_description"":""STRIPE           TRANSFER          ST-Z7N3H3S0T0J6 THE WILDFLOWER FOUNDAT""}]"
"bdep_9b649aa6380529a17214e0dc","25.00","2024-06-21T00:00:00.000Z","MBI              SETL       240619 MED-I-BANK      MED-I-BANK","expense_refund","rule_derived","","reviewed: componentless deposit, all QB accounts non-donation (0185)","2002 Benefit Liability | BUSINESS CHECKING (XXXXXX 8945)","MBI","[{""source"":""deposit_qbo_components"",""id"":""dqc_vYbhzQwo15pGtXVbR9LBf"",""staged_payment_id"":""vYbhzQwo15pGtXVbR9LBf"",""qb_deposit_id"":""29050"",""qb_entity_type"":""deposit"",""qb_entity_id"":""29050"",""amount"":""25.00"",""date_received"":""2024-06-21T00:00:00.000Z"",""payer"":""MBI"",""accounts"":[""2002 Benefit Liability"",""BUSINESS CHECKING (XXXXXX 8945)""],""raw_reference"":""BUSINESS CHECKING (XXXXXX 8945)"",""line_description"":""MBI              SETL       240619 MED-I-BANK      MED-I-BANK""}]"
"bdep_9b6eedc6412627b0129e159b","100.00","2020-07-24T00:00:00.000Z","WA DEPT REVENUE  HIST RTN   200724 4929393         THE WILDFLOWER FOUNDAT","expense_refund","rule_derived","","reviewed: componentless deposit, all QB accounts non-donation (0185)","7003 All Other Expenditures:Bank Charges | BUSINESS CHECKING (XXXXXX 8945)","WA Dept of Revenue","[{""source"":""deposit_qbo_components"",""id"":""dqc_maRHyTD3CXqvPIhor_bRK"",""staged_payment_id"":""maRHyTD3CXqvPIhor_bRK"",""qb_deposit_id"":""12938"",""qb_entity_type"":""deposit"",""qb_entity_id"":""12938"",""amount"":""100.00"",""date_received"":""2020-07-24T00:00:00.000Z"",""payer"":""WA Dept of Revenue"",""accounts"":[""7003 All Other Expenditures:Bank Charges"",""BUSINESS CHECKING (XXXXXX 8945)""],""classes"":[""National (deleted):Foundation Operations (deleted)""],""raw_reference"":""BUSINESS CHECKING (XXXXXX 8945)"",""line_description"":""WA DEPT REVENUE  HIST RTN   200724 4929393         THE WILDFLOWER FOUNDAT""}]"
"bdep_9bcab1415bcfd955bb8b22e4","681.30","2021-02-11T00:00:00.000Z","COBRA TRUST ACCT BASICPacif                        COBRA REMIT","expense_refund","rule_derived","","reviewed: componentless deposit, all QB accounts non-donation (0185)","2002 Benefit Liability | BUSINESS CHECKING (XXXXXX 8945)","","[{""source"":""deposit_qbo_components"",""id"":""dqc_ilDIBr5r1_smEC2LHVhez"",""staged_payment_id"":""ilDIBr5r1_smEC2LHVhez"",""qb_deposit_id"":""14557"",""qb_entity_type"":""deposit"",""qb_entity_id"":""14557"",""amount"":""681.30"",""date_received"":""2021-02-11T00:00:00.000Z"",""accounts"":[""2002 Benefit Liability"",""BUSINESS CHECKING (XXXXXX 8945)""],""classes"":[""National (deleted)""],""raw_reference"":""BUSINESS CHECKING (XXXXXX 8945)"",""line_description"":""COBRA TRUST ACCT BASICPacif                        COBRA REMIT""}]"
"bdep_9bf3facf0049191fb27cb680","498.79","2023-02-15T00:00:00.000Z","BASIC            BASICCOBRA 230215                 The Wildflower Foundat","expense_refund","rule_derived","","reviewed: componentless deposit, all QB accounts non-donation (0185)","2002 Benefit Liability | BUSINESS CHECKING (XXXXXX 8945)","","[{""source"":""deposit_qbo_components"",""id"":""dqc_VTDZCuCgBf0OsAe8fUm2a"",""staged_payment_id"":""VTDZCuCgBf0OsAe8fUm2a"",""qb_deposit_id"":""23551"",""qb_entity_type"":""deposit"",""qb_entity_id"":""23551"",""amount"":""498.79"",""date_received"":""2023-02-15T00:00:00.000Z"",""accounts"":[""2002 Benefit Liability"",""BUSINESS CHECKING (XXXXXX 8945)""],""raw_reference"":""BUSINESS CHECKING (XXXXXX 8945)"",""line_description"":""BASIC            BASICCOBRA 230215                 The Wildflower Foundat""}]"
"bdep_9c2ccce9cedfed38bb52cc9e","811.08","2025-04-04T00:00:00.000Z","Snowdrop Montess Receivable        016ZYPMQJ3OX8UZ 016ZYPMQJ3OX8UZ Snowdrop Montess Bill.com Inv 14","membership","rule_derived","","reviewed: componentless deposit, all QB accounts non-donation (0185)","Network Membership Fees (School SItes)","Snowdrop Montessori School Inc","[{""source"":""deposit_qbo_components"",""id"":""dqc_X7LGGgDKyLqsMjYFmXfOJ"",""staged_payment_id"":""X7LGGgDKyLqsMjYFmXfOJ"",""qb_deposit_id"":""33551"",""qb_entity_type"":""payment"",""qb_entity_id"":""32724"",""amount"":""811.08"",""date_received"":""2025-04-03T00:00:00.000Z"",""payer"":""Snowdrop Montessori School Inc"",""accounts"":[""Network Membership Fees (School SItes)""],""items"":[""School Contributions""],""raw_reference"":""P25033102 - 5842619"",""line_description"":""Inv 145"",""transaction_memo"":""Inv 145""}]"
"bdep_9c494a4abeeee04617daf478","1212.12","2026-02-06T00:00:00.000Z","Desert Peach Mon Bill.com          026HIITKI1SSETV Desert Peach Montessori School Bill.com 026HIITK","membership","rule_derived","","reviewed: affiliated-school membership (name-confirmed; 0176)","1503 Pledges/Services Receivable","Desert Peach Montessori","[{""source"":""bank_deposit_qbo_register"",""id"":""bdqr_bdep_9c494a4abeeee04617daf478"",""bank_transaction_id"":""bnk_f689f219c7a6f0b8da14e8ea"",""amount"":""1212.12"",""txn_date"":""2026-02-05T00:00:00.000Z"",""txn_type"":""Payment"",""ref_no"":""P26020302 - 5421007"",""payer"":""Desert Peach Montessori"",""accounts"":[""1503 Pledges/Services Receivable""],""memo"":""Multiple invoices"",""reconciliation_status"":""Reconciled""}]"
"bdep_9c82dff034096704d9d60440","23.97","2021-02-24T00:00:00.000Z","STRIPE           TRANSFER          ST-A7C4D9V1Q7T1 THE WILDFLOWER FOUNDAT","earned_income","rule_derived","","reviewed: componentless deposit, all QB accounts non-donation (0185)","4020 Services - Earned Income | BUSINESS CHECKING (XXXXXX 8945)","Stripe","[{""source"":""deposit_qbo_components"",""id"":""dqc_s-6fwfQrMZA4sY8HtZrbL"",""staged_payment_id"":""s-6fwfQrMZA4sY8HtZrbL"",""qb_deposit_id"":""14787"",""qb_entity_type"":""deposit"",""qb_entity_id"":""14787"",""amount"":""23.97"",""date_received"":""2021-02-24T00:00:00.000Z"",""payer"":""Stripe"",""accounts"":[""4020 Services - Earned Income"",""BUSINESS CHECKING (XXXXXX 8945)""],""classes"":[""Spo - Embracing Equity (deleted)""],""raw_reference"":""BUSINESS CHECKING (XXXXXX 8945)"",""line_description"":""STRIPE           TRANSFER          ST-A7C4D9V1Q7T1 THE WILDFLOWER FOUNDAT""}]"
"bdep_9cd66e229a6c0f385c4b7ca4","35000.00","2019-06-21T00:00:00.000Z","WT SEQ185072 WF RETURN WIRES IN PROC /ORG=                                            SRF#    2019062100174136 TRN#190621185072  RFB#","expense_refund","rule_derived","","reviewed: componentless deposit, all QB accounts non-donation (0185)","7008 All Other Expenditures:Uncategorized Expenditure | BUSINESS CHECKING (XXXXXX 8945)","Greenbrier Montessori LTD","[{""source"":""deposit_qbo_components"",""id"":""dqc_9oYQkvH-qPykr0rPAFhHS"",""staged_payment_id"":""9oYQkvH-qPykr0rPAFhHS"",""qb_deposit_id"":""7873"",""qb_entity_type"":""deposit"",""qb_entity_id"":""7873"",""amount"":""35000.00"",""date_received"":""2019-06-21T00:00:00.000Z"",""payer"":""Greenbrier Montessori LTD"",""accounts"":[""7008 All Other Expenditures:Uncategorized Expenditure"",""BUSINESS CHECKING (XXXXXX 8945)""],""classes"":[""Overhead (deleted)""],""raw_reference"":""WT SEQ185072 WF RETURN WIRES IN PROC /ORG=                                            SRF#    2019062100174136 TRN#190621185072  RFB#"",""line_description"":""WT SEQ185072 WF RETURN WIRES IN PROC /ORG=                                            SRF#    2019062100174136 TRN#190621185072  RFB#"",""transaction_memo"":""WT SEQ185072 WF RETURN WIRES IN PROC /ORG=                                            SRF#    2019062100174136 TRN#190621185072  RFB#""}]"
"bdep_9dde78bb48e53ac1fde49c85","1979.03","2020-06-05T00:00:00.000Z","STRIPE           TRANSFER          ST-R7Z8W1O4P1T5 THE WILDFLOWER FOUNDAT","earned_income","rule_derived","","reviewed: componentless deposit, all QB accounts non-donation (0185)","4020 Services - Earned Income | BUSINESS CHECKING (XXXXXX 8945)","Stripe","[{""source"":""deposit_qbo_components"",""id"":""dqc_Erapx-KrIPnszrSjqs9Qg"",""staged_payment_id"":""Erapx-KrIPnszrSjqs9Qg"",""qb_deposit_id"":""12220"",""qb_entity_type"":""deposit"",""qb_entity_id"":""12220"",""amount"":""1979.03"",""date_received"":""2020-06-05T00:00:00.000Z"",""payer"":""Stripe"",""accounts"":[""4020 Services - Earned Income"",""BUSINESS CHECKING (XXXXXX 8945)""],""classes"":[""Spo - Embracing Equity (deleted)""],""raw_reference"":""BUSINESS CHECKING (XXXXXX 8945)"",""line_description"":""STRIPE           TRANSFER          ST-R7Z8W1O4P1T5 THE WILDFLOWER FOUNDAT""}]"
"bdep_9de12c2ea6239423c8703160","89.24","2019-08-28T00:00:00.000Z","MBI              SETL       190827 MED-I-BANK      MED-I-BANK","expense_refund","rule_derived","","reviewed: componentless deposit, all QB accounts non-donation (0185)","2002 Benefit Liability | BUSINESS CHECKING (XXXXXX 8945)","MBI","[{""source"":""deposit_qbo_components"",""id"":""dqc_0zrw2j01aLU4gGOWiF3hw"",""staged_payment_id"":""0zrw2j01aLU4gGOWiF3hw"",""qb_deposit_id"":""8705"",""qb_entity_type"":""deposit"",""qb_entity_id"":""8705"",""amount"":""89.24"",""date_received"":""2019-08-28T00:00:00.000Z"",""payer"":""MBI"",""accounts"":[""2002 Benefit Liability"",""BUSINESS CHECKING (XXXXXX 8945)""],""classes"":[""National (deleted)""],""raw_reference"":""MBI              SETL       190827 MED-I-BANK      MED-I-BANK"",""line_description"":""MBI              SETL       190827 MED-I-BANK      MED-I-BANK"",""transaction_memo"":""MBI              SETL       190827 MED-I-BANK      MED-I-BANK""}]"
"bdep_9df60b442bd08432bb0ccacb","57.66","2019-04-17T00:00:00.000Z","STRIPE           TRANSFER          ST-N9W2I4L8Y7I7 THE WILDFLOWER FOUNDAT","earned_income","rule_derived","","reviewed: componentless deposit, all QB accounts non-donation (0185)","4020 Services - Earned Income | BUSINESS CHECKING (XXXXXX 8945)","Stripe","[{""source"":""deposit_qbo_components"",""id"":""dqc_Z8VR0ZH5C54BEpfsJ7zZN"",""staged_payment_id"":""Z8VR0ZH5C54BEpfsJ7zZN"",""qb_deposit_id"":""6949"",""qb_entity_type"":""deposit"",""qb_entity_id"":""6949"",""amount"":""57.66"",""date_received"":""2019-04-17T00:00:00.000Z"",""payer"":""Stripe"",""accounts"":[""4020 Services - Earned Income"",""BUSINESS CHECKING (XXXXXX 8945)""],""classes"":[""Existing School Support (deleted)""],""raw_reference"":""STRIPE           TRANSFER          ST-N9W2I4L8Y7I7 THE WILDFLOWER FOUNDAT"",""line_description"":""STRIPE           TRANSFER          ST-N9W2I4L8Y7I7 THE WILDFLOWER FOUNDAT"",""transaction_memo"":""STRIPE           TRANSFER          ST-N9W2I4L8Y7I7 THE WILDFLOWER FOUNDAT""}]"
"bdep_9e170dd810a580e4ea59e22c","1282.33","2025-01-29T00:00:00.000Z","Urban Village Mo Receivable        016YNWDNX3MGIS8 016YNWDNX3MGIS8 Urban Village Mo Bill.com Inv 17","membership","rule_derived","","reviewed: componentless deposit, all QB accounts non-donation (0185)","Network Membership Fees (School SItes)","Urban Village Montessori","[{""source"":""deposit_qbo_components"",""id"":""dqc_V562l-AiK67Jxhj8PfaTl"",""staged_payment_id"":""V562l-AiK67Jxhj8PfaTl"",""qb_deposit_id"":""32475"",""qb_entity_type"":""payment"",""qb_entity_id"":""31736"",""amount"":""1282.33"",""date_received"":""2025-01-28T00:00:00.000Z"",""payer"":""Urban Village Montessori"",""accounts"":[""Network Membership Fees (School SItes)""],""items"":[""School Contributions""],""raw_reference"":""P25012302 - 9819983"",""line_description"":""Inv 1734800475837"",""transaction_memo"":""Inv 1734800475837""}]"
"bdep_9edc5c360a61a6b2a59fc0ef","1604.17","2018-02-26T00:00:00.000Z","INTUIT PYMT SOLN DEPOSIT 180224 524771997507722 THE WILDFLOWER FOUNDAT","loan","rule_derived","","reviewed: componentless deposit, all QB accounts non-donation (0185)","Interest Earned | Loans to Schools","Loan - Wildflower","[{""source"":""deposit_qbo_components"",""id"":""dqc_BBe2gNaXszOzKb5WlzQJU"",""staged_payment_id"":""BBe2gNaXszOzKb5WlzQJU"",""qb_deposit_id"":""2773"",""qb_entity_type"":""payment"",""qb_entity_id"":""2582"",""amount"":""1604.17"",""date_received"":""2018-02-19T00:00:00.000Z"",""payer"":""Loan - Wildflower"",""accounts"":[""Interest Earned"",""Loans to Schools""],""classes"":[""Loan Payment (deleted)""],""items"":[""INTEREST"",""LOAN REPAYMENT""],""line_description"":""Paid via QuickBooks Payments: Payment ID aj18jc02"",""transaction_memo"":""Paid via QuickBooks Payments: Payment ID aj18jc02""}]"
"bdep_9edf308a6cad8530414c6315","383.30","2021-02-18T00:00:00.000Z","STRIPE           TRANSFER          ST-G0C6L3K2S5O5 THE WILDFLOWER FOUNDAT","earned_income","rule_derived","","reviewed: componentless deposit, all QB accounts non-donation (0185)","4020 Services - Earned Income | BUSINESS CHECKING (XXXXXX 8945)","Stripe","[{""source"":""deposit_qbo_components"",""id"":""dqc_KkPAtBF82iSWoDYX_Fhse"",""staged_payment_id"":""KkPAtBF82iSWoDYX_Fhse"",""qb_deposit_id"":""14791"",""qb_entity_type"":""deposit"",""qb_entity_id"":""14791"",""amount"":""383.30"",""date_received"":""2021-02-18T00:00:00.000Z"",""payer"":""Stripe"",""accounts"":[""4020 Services - Earned Income"",""BUSINESS CHECKING (XXXXXX 8945)""],""classes"":[""Spo - Embracing Equity (deleted)""],""raw_reference"":""BUSINESS CHECKING (XXXXXX 8945)"",""line_description"":""STRIPE           TRANSFER          ST-G0C6L3K2S5O5 THE WILDFLOWER FOUNDAT""}]"
"bdep_9f414f86d49c4838ffdae7ff","1854.33","2026-04-17T00:00:00.000Z","Bill.com         Receivable        015OREXNEOYD9CN Aster Montessori School Inc Bill.com 015OREXNEOY","membership","rule_derived","","reviewed: affiliated-school membership (name-confirmed; 0176)","","","[{""source"":""bank_deposit_qbo_register"",""id"":""bdqr_bdep_9f414f86d49c4838ffdae7ff"",""bank_transaction_id"":""bnk_f140d0be06f1f012d31f76ef"",""amount"":""1854.33"",""txn_date"":""2026-04-17T00:00:00.000Z"",""txn_type"":""Journal"",""ref_no"":""JE Bill 4.17.26 AR"",""memo"":""BILL 04/17/26 AR Payments"",""reconciliation_status"":""Reconciled""}]"
"bdep_9fe63d68e41f52022aa21f0e","142.86","2020-09-10T00:00:00.000Z","STRIPE           TRANSFER          ST-N5T2Q4C4S1N9 THE WILDFLOWER FOUNDAT","earned_income","rule_derived","","reviewed: componentless deposit, all QB accounts non-donation (0185)","4020 Services - Earned Income | BUSINESS CHECKING (XXXXXX 8945)","Stripe","[{""source"":""deposit_qbo_components"",""id"":""dqc_SIYBKeEGhpWEGIh17L0WD"",""staged_payment_id"":""SIYBKeEGhpWEGIh17L0WD"",""qb_deposit_id"":""13384"",""qb_entity_type"":""deposit"",""qb_entity_id"":""13384"",""amount"":""142.86"",""date_received"":""2020-09-10T00:00:00.000Z"",""payer"":""Stripe"",""accounts"":[""4020 Services - Earned Income"",""BUSINESS CHECKING (XXXXXX 8945)""],""classes"":[""Spo - Embracing Equity (deleted)""],""raw_reference"":""BUSINESS CHECKING (XXXXXX 8945)"",""line_description"":""STRIPE           TRANSFER          ST-N5T2Q4C4S1N9 THE WILDFLOWER FOUNDAT""}]"
"bdep_9ff54f17e2f397407bf41ed0","88514.60","2024-02-08T00:00:00.000Z","BUSINESS TO BUSINESS ACH DR REVERSAL","expense_refund","rule_derived","","reviewed: componentless deposit, all QB accounts non-donation (0185)","701 Payroll | BUSINESS CHECKING (XXXXXX 8945)","Gusto","[{""source"":""deposit_qbo_components"",""id"":""dqc_5meh0Oc6Nr7qnzNnzzKrX"",""staged_payment_id"":""5meh0Oc6Nr7qnzNnzzKrX"",""qb_deposit_id"":""27590"",""qb_entity_type"":""deposit"",""qb_entity_id"":""27590"",""amount"":""88514.60"",""date_received"":""2024-02-08T00:00:00.000Z"",""payer"":""Gusto"",""accounts"":[""701 Payroll"",""BUSINESS CHECKING (XXXXXX 8945)""],""raw_reference"":""BUSINESS CHECKING (XXXXXX 8945)"",""line_description"":""BUSINESS TO BUSINESS ACH DR REVERSAL""}]"
"bdep_a145b03f3d35bba1bcf86c40","74.00","2021-02-03T00:00:00.000Z","GUSTO            HIST RTN   210203 6semjpcbhru     The Wildflower Foundat","expense_refund","rule_derived","","reviewed: componentless deposit, all QB accounts non-donation (0185)","2002 Benefit Liability | BUSINESS CHECKING (XXXXXX 8945)","Gusto","[{""source"":""deposit_qbo_components"",""id"":""dqc_3Bc4_br2_czJF4zzkA1lI"",""staged_payment_id"":""3Bc4_br2_czJF4zzkA1lI"",""qb_deposit_id"":""14551"",""qb_entity_type"":""deposit"",""qb_entity_id"":""14551"",""amount"":""74.00"",""date_received"":""2021-02-03T00:00:00.000Z"",""payer"":""Gusto"",""accounts"":[""2002 Benefit Liability"",""BUSINESS CHECKING (XXXXXX 8945)""],""classes"":[""National (deleted):Foundation Operations (deleted)""],""raw_reference"":""BUSINESS CHECKING (XXXXXX 8945)"",""line_description"":""GUSTO            HIST RTN   210203 6semjpcbhru     The Wildflower Foundat""}]"
"bdep_a15012bba73e4d84b131023b","28.83","2019-02-06T00:00:00.000Z","STRIPE           TRANSFER                          X","earned_income","rule_derived","","reviewed: componentless deposit, all QB accounts non-donation (0185)","4020 Services - Earned Income | BUSINESS CHECKING (XXXXXX 8945)","","[{""source"":""deposit_qbo_components"",""id"":""dqc_Wql9UqVqBhHiFon1hzStn"",""staged_payment_id"":""Wql9UqVqBhHiFon1hzStn"",""qb_deposit_id"":""6254"",""qb_entity_type"":""deposit"",""qb_entity_id"":""6254"",""amount"":""28.83"",""date_received"":""2019-02-06T00:00:00.000Z"",""accounts"":[""4020 Services - Earned Income"",""BUSINESS CHECKING (XXXXXX 8945)""],""classes"":[""Existing School Support (deleted)""],""raw_reference"":""STRIPE           TRANSFER                          X"",""line_description"":""STRIPE           TRANSFER                          X"",""transaction_memo"":""STRIPE           TRANSFER                          X""}]"
"bdep_a16fe5e34c336e46d7ebffd5","629.28","2021-07-02T00:00:00.000Z","GUSTO            TLR 012259 210702 6semjq0l2gd     The Wildflower Foundat","expense_refund","rule_derived","","reviewed: componentless deposit, all QB accounts non-donation (0185)","2002 Benefit Liability | BUSINESS CHECKING (XXXXXX 8945)","Gusto","[{""source"":""deposit_qbo_components"",""id"":""dqc_gGdWY6yaKn7jdom_xXhD0"",""staged_payment_id"":""gGdWY6yaKn7jdom_xXhD0"",""qb_deposit_id"":""16459"",""qb_entity_type"":""deposit"",""qb_entity_id"":""16459"",""amount"":""629.28"",""date_received"":""2021-07-02T00:00:00.000Z"",""payer"":""Gusto"",""accounts"":[""2002 Benefit Liability"",""BUSINESS CHECKING (XXXXXX 8945)""],""classes"":[""National (deleted):Foundation Operations (deleted)""],""raw_reference"":""BUSINESS CHECKING (XXXXXX 8945)"",""line_description"":""GUSTO            TLR 012259 210702 6semjq0l2gd     The Wildflower Foundat""}]"
"bdep_a17dd81b2d80718779cc3fd7","53.10","2020-12-02T00:00:00.000Z","STRIPE           TRANSFER          ST-N5W7I5U1R5O3 THE WILDFLOWER FOUNDAT","earned_income","rule_derived","","reviewed: componentless deposit, all QB accounts non-donation (0185)","4020 Services - Earned Income | BUSINESS CHECKING (XXXXXX 8945)","Stripe","[{""source"":""deposit_qbo_components"",""id"":""dqc_b82ol3MPL9_ev-bfLYEt5"",""staged_payment_id"":""b82ol3MPL9_ev-bfLYEt5"",""qb_deposit_id"":""13967"",""qb_entity_type"":""deposit"",""qb_entity_id"":""13967"",""amount"":""53.10"",""date_received"":""2020-12-02T00:00:00.000Z"",""payer"":""Stripe"",""accounts"":[""4020 Services - Earned Income"",""BUSINESS CHECKING (XXXXXX 8945)""],""classes"":[""Spo - Embracing Equity (deleted)""],""raw_reference"":""BUSINESS CHECKING (XXXXXX 8945)"",""line_description"":""STRIPE           TRANSFER          ST-N5W7I5U1R5O3 THE WILDFLOWER FOUNDAT""}]"
"bdep_a1dcdddfa8a1522e534eb139","12497.26","2023-01-17T00:00:00.000Z","225 South 6th St PAYMENTS   230116 4FNTM6011323138 NTE*ZZZ*4FNTM6\","expense_refund","rule_derived","","reviewed: componentless deposit, all QB accounts non-donation (0185)","7009 All Other Expenditures:Rent | BUSINESS CHECKING (XXXXXX 8945)","WeWork","[{""source"":""deposit_qbo_components"",""id"":""dqc_ydn7JFu7SWio0EYJd5gmj"",""staged_payment_id"":""ydn7JFu7SWio0EYJd5gmj"",""qb_deposit_id"":""23246"",""qb_entity_type"":""deposit"",""qb_entity_id"":""23246"",""amount"":""12497.26"",""date_received"":""2023-01-17T00:00:00.000Z"",""payer"":""WeWork"",""accounts"":[""7009 All Other Expenditures:Rent"",""BUSINESS CHECKING (XXXXXX 8945)""],""classes"":[""National (deleted):Foundation Operations (deleted)""],""raw_reference"":""BUSINESS CHECKING (XXXXXX 8945)"",""line_description"":""225 South 6th St PAYMENTS   230116 4FNTM6011323138 NTE*ZZZ*4FNTM6\\""}]"
"bdep_a1e642be662e6e4634cc7f04","20.00","2019-09-25T00:00:00.000Z","MBI              SETL       190924 MED-I-BANK      MED-I-BANK","expense_refund","rule_derived","","reviewed: componentless deposit, all QB accounts non-donation (0185)","2002 Benefit Liability | BUSINESS CHECKING (XXXXXX 8945)","MBI","[{""source"":""deposit_qbo_components"",""id"":""dqc_tBx0q_wemjsjBsIV8UhDS"",""staged_payment_id"":""tBx0q_wemjsjBsIV8UhDS"",""qb_deposit_id"":""9024"",""qb_entity_type"":""deposit"",""qb_entity_id"":""9024"",""amount"":""20.00"",""date_received"":""2019-09-25T00:00:00.000Z"",""payer"":""MBI"",""accounts"":[""2002 Benefit Liability"",""BUSINESS CHECKING (XXXXXX 8945)""],""classes"":[""National (deleted)""],""raw_reference"":""BUSINESS CHECKING (XXXXXX 8945)"",""line_description"":""MBI              SETL       190924 MED-I-BANK      MED-I-BANK""}]"
"bdep_a1f8c1052f1817d1d7bea00a","694.93","2020-07-27T00:00:00.000Z","STRIPE           TRANSFER          ST-S6O0W9W4H6D0 THE WILDFLOWER FOUNDAT","earned_income","rule_derived","","reviewed: componentless deposit, all QB accounts non-donation (0185)","4020 Services - Earned Income | BUSINESS CHECKING (XXXXXX 8945)","Stripe","[{""source"":""deposit_qbo_components"",""id"":""dqc_EdZUDtPyuNdg1uiUnafCl"",""staged_payment_id"":""EdZUDtPyuNdg1uiUnafCl"",""qb_deposit_id"":""12900"",""qb_entity_type"":""deposit"",""qb_entity_id"":""12900"",""amount"":""694.93"",""date_received"":""2020-07-27T00:00:00.000Z"",""payer"":""Stripe"",""accounts"":[""4020 Services - Earned Income"",""BUSINESS CHECKING (XXXXXX 8945)""],""classes"":[""Spo - Embracing Equity (deleted)""],""raw_reference"":""BUSINESS CHECKING (XXXXXX 8945)"",""line_description"":""STRIPE           TRANSFER          ST-S6O0W9W4H6D0 THE WILDFLOWER FOUNDAT""}]"
"bdep_a2a07e559160f95b129e2cef","811.08","2025-01-28T00:00:00.000Z","Snowdrop Montess Receivable        016MZHKHY3MEUIJ 016MZHKHY3MEUIJ Snowdrop Montess Bill.com Inv G","membership","rule_derived","","reviewed: componentless deposit, all QB accounts non-donation (0185)","Network Membership Fees (School SItes)","Snowdrop Montessori School Inc","[{""source"":""deposit_qbo_components"",""id"":""dqc_tzzfm_iwN4i2U_QIIjesm"",""staged_payment_id"":""tzzfm_iwN4i2U_QIIjesm"",""qb_deposit_id"":""32446"",""qb_entity_type"":""payment"",""qb_entity_id"":""31707"",""amount"":""811.08"",""date_received"":""2025-01-27T00:00:00.000Z"",""payer"":""Snowdrop Montessori School Inc"",""accounts"":[""Network Membership Fees (School SItes)""],""items"":[""School Contributions""],""raw_reference"":""P25012202 - 9414865"",""line_description"":""Inv G 9654-13008"",""transaction_memo"":""Inv G 9654-13008""}]"
"bdep_a2f1a2600efcf9985b259c8b","0.16","2016-11-18T00:00:00.000Z","guideline 401(k) TRANSFER AMNTS:16,23 X","expense_refund","rule_derived","","reviewed: componentless deposit, all QB accounts non-donation (0185)","7003 All Other Expenditures:Bank Charges | BUSINESS CHECKING (XXXXXX 8945)","","[{""source"":""deposit_qbo_components"",""id"":""dqc_9hmqaQlZPZJmgjE7qobym"",""staged_payment_id"":""9hmqaQlZPZJmgjE7qobym"",""qb_deposit_id"":""318"",""qb_entity_type"":""deposit"",""qb_entity_id"":""318"",""amount"":""0.16"",""date_received"":""2016-11-18T00:00:00.000Z"",""accounts"":[""7003 All Other Expenditures:Bank Charges"",""BUSINESS CHECKING (XXXXXX 8945)""],""classes"":[""Overhead (deleted)""],""raw_reference"":""guideline 401(k) TRANSFER AMNTS:16,23 X"",""line_description"":""guideline 401(k) TRANSFER AMNTS:16,23 X"",""transaction_memo"":""guideline 401(k) TRANSFER AMNTS:16,23 X""}]"
"bdep_a32321114f1cb19b001f9d57","19539.19","2025-07-07T00:00:00.000Z","ATM CHECK DEPOSIT              ON              07/04 1505 W Lake St            Minneapolis   MN  0008587           ATM ID 6991L    CARD 0628","intercompany_transfer","rule_derived","","reviewed: componentless deposit, all QB accounts non-donation (0185)","1510 Other Receivable | BUSINESS CHECKING (XXXXXX 8945)","IRS","[{""source"":""deposit_qbo_components"",""id"":""dqc_GppdTAzboMfs8WUg17gZc"",""staged_payment_id"":""GppdTAzboMfs8WUg17gZc"",""qb_deposit_id"":""35430"",""qb_entity_type"":""deposit"",""qb_entity_id"":""35430"",""amount"":""19539.19"",""date_received"":""2025-07-07T00:00:00.000Z"",""payer"":""IRS"",""accounts"":[""1510 Other Receivable"",""BUSINESS CHECKING (XXXXXX 8945)""],""raw_reference"":""BUSINESS CHECKING (XXXXXX 8945)"",""line_description"":""From IRS with no explanation""}]"
"bdep_a365fdf04ea3e2cdb6191afb","25000.00","2025-11-04T00:00:00.000Z","Flor de Loto Mon Receivable        016QGXSUM3WR3KP 016QGXSUM3WR3KP Flor de Loto Mon Bill.com Inv TW","loan","rule_derived","","reviewed: componentless deposit, all QB accounts non-donation (0185)","Loans to Schools","Flor De Loto Montessori Corp","[{""source"":""deposit_qbo_components"",""id"":""dqc_ll5CKFO9jXtti4ZDg2yfL"",""staged_payment_id"":""ll5CKFO9jXtti4ZDg2yfL"",""qb_deposit_id"":""36538"",""qb_entity_type"":""payment"",""qb_entity_id"":""35912"",""amount"":""25000.00"",""date_received"":""2025-11-03T00:00:00.000Z"",""payer"":""Flor De Loto Montessori Corp"",""accounts"":[""Loans to Schools""],""items"":[""LOAN REPAYMENT""],""raw_reference"":""P25102902 - 0549004"",""line_description"":""Inv TWF-Loanrepay"",""transaction_memo"":""Inv TWF-Loanrepay""}]"
"bdep_a37d23597b8b2eb2abbcd8ec","33.68","2019-12-11T00:00:00.000Z","STRIPE           TRANSFER          ST-X2F1G9P3B5M5 THE WILDFLOWER FOUNDAT","earned_income","rule_derived","","reviewed: componentless deposit, all QB accounts non-donation (0185)","4020 Services - Earned Income | BUSINESS CHECKING (XXXXXX 8945)","Stripe","[{""source"":""deposit_qbo_components"",""id"":""dqc_UQqqX3Ph0NCzZynotgX7I"",""staged_payment_id"":""UQqqX3Ph0NCzZynotgX7I"",""qb_deposit_id"":""10540"",""qb_entity_type"":""deposit"",""qb_entity_id"":""10540"",""amount"":""33.68"",""date_received"":""2019-12-11T00:00:00.000Z"",""payer"":""Stripe"",""accounts"":[""4020 Services - Earned Income"",""BUSINESS CHECKING (XXXXXX 8945)""],""classes"":[""Spo - Embracing Equity (deleted)""],""raw_reference"":""BUSINESS CHECKING (XXXXXX 8945)"",""line_description"":""STRIPE           TRANSFER          ST-X2F1G9P3B5M5 THE WILDFLOWER FOUNDAT""}]"
"bdep_a3937726c9c08a2295f84317","212.50","2022-03-01T00:00:00.000Z","Morgan Stanley   ACH CREDIT 220228 10120855310jf3y The Wildflower Foundat","loan","rule_derived","","reviewed: componentless deposit, all QB accounts non-donation (0185)","1600 Loans to Schools | BUSINESS CHECKING (XXXXXX 8945)","Dahlia Montessori","[{""source"":""deposit_qbo_components"",""id"":""dqc_j-e0-Jo_07uTIVyC8Tu0Q"",""staged_payment_id"":""j-e0-Jo_07uTIVyC8Tu0Q"",""qb_deposit_id"":""19528"",""qb_entity_type"":""deposit"",""qb_entity_id"":""19528"",""amount"":""212.50"",""date_received"":""2022-03-01T00:00:00.000Z"",""payer"":""Dahlia Montessori"",""accounts"":[""1600 Loans to Schools"",""BUSINESS CHECKING (XXXXXX 8945)""],""classes"":[""National (deleted):Loans (deleted)""],""raw_reference"":""BUSINESS CHECKING (XXXXXX 8945)"",""line_description"":""Morgan Stanley   ACH CREDIT 220228 10120855310jeqp The Wildflower Foundat""}]"
"bdep_a39e937ce5bc3d3da09a4eb0","514.88","2021-09-16T00:00:00.000Z","GUSTO            TLR 341786 210916 6semjqcnn3r     The Wildflower Foundat","expense_refund","rule_derived","","reviewed: componentless deposit, all QB accounts non-donation (0185)","2002 Benefit Liability | BUSINESS CHECKING (XXXXXX 8945)","Gusto","[{""source"":""deposit_qbo_components"",""id"":""dqc_ESbvVbZvfm40aAXLMCg2X"",""staged_payment_id"":""ESbvVbZvfm40aAXLMCg2X"",""qb_deposit_id"":""17580"",""qb_entity_type"":""deposit"",""qb_entity_id"":""17580"",""amount"":""514.88"",""date_received"":""2021-09-16T00:00:00.000Z"",""payer"":""Gusto"",""accounts"":[""2002 Benefit Liability"",""BUSINESS CHECKING (XXXXXX 8945)""],""raw_reference"":""BUSINESS CHECKING (XXXXXX 8945)"",""line_description"":""GUSTO            TLR 341786 210916 6semjqcnn3r     The Wildflower Foundat""}]"
"bdep_a543aea5ad83a72ed777c291","943.07","2021-12-02T00:00:00.000Z","TIGER LILY MONTE SENDER     211202       XXXXX5506 0000WILDFLOWER FOUND","loan","rule_derived","","reviewed: componentless deposit, all QB accounts non-donation (0185)","1600 Loans to Schools | BUSINESS CHECKING (XXXXXX 8945)","Loan - Tiger Lily","[{""source"":""deposit_qbo_components"",""id"":""dqc_0D6zgKR8uwJc7QneYrrQr"",""staged_payment_id"":""0D6zgKR8uwJc7QneYrrQr"",""qb_deposit_id"":""18623"",""qb_entity_type"":""deposit"",""qb_entity_id"":""18623"",""amount"":""943.07"",""date_received"":""2021-12-02T00:00:00.000Z"",""payer"":""Loan - Tiger Lily"",""accounts"":[""1600 Loans to Schools"",""BUSINESS CHECKING (XXXXXX 8945)""],""classes"":[""Hubs (deleted):Hub - Massachusetts (deleted)""],""raw_reference"":""BUSINESS CHECKING (XXXXXX 8945)"",""line_description"":""TIGER LILY MONTE SENDER     211202       XXXXX5506 0000WILDFLOWER FOUND""}]"
"bdep_a5ac39b92ccc3c22ce58afb3","853.00","2017-04-14T00:00:00.000Z","ATM CHECK DEPOSIT 04/14 4712 CHICAGO AVE S MINNEAPOLIS MN 5819T 7365","loan","rule_derived","","reviewed: componentless deposit, all QB accounts non-donation (0185)","1600 Loans to Schools | BUSINESS CHECKING (XXXXXX 8945)","Snowdrop","[{""source"":""deposit_qbo_components"",""id"":""dqc_m3l76ovIrvD-HDBXYT0eM"",""staged_payment_id"":""m3l76ovIrvD-HDBXYT0eM"",""qb_deposit_id"":""791"",""qb_entity_type"":""deposit"",""qb_entity_id"":""791"",""amount"":""853.00"",""date_received"":""2017-04-14T00:00:00.000Z"",""payer"":""Snowdrop"",""accounts"":[""1600 Loans to Schools"",""BUSINESS CHECKING (XXXXXX 8945)""],""classes"":[""New School Support (deleted)""],""raw_reference"":""ATM CHECK DEPOSIT 04/14 4712 CHICAGO AVE S MINNEAPOLIS MN 5819T 7365"",""line_description"":""ATM CHECK DEPOSIT 04/14 4712 CHICAGO AVE S MINNEAPOLIS MN 5819T 7365"",""transaction_memo"":""ATM CHECK DEPOSIT 04/14 4712 CHICAGO AVE S MINNEAPOLIS MN 5819T 7365""}]"
"bdep_a5eeb96acefcefb1a400685b","1212.12","2026-04-07T00:00:00.000Z","Desert Peach Mon Bill.com          026TEZRQW1VYQLU Desert Peach Montessori School Bill.com 026TEZRQ","membership","rule_derived","","reviewed: affiliated-school membership (name-confirmed; 0176)","1503 Pledges/Services Receivable","Desert Peach Montessori","[{""source"":""bank_deposit_qbo_register"",""id"":""bdqr_bdep_a5eeb96acefcefb1a400685b"",""bank_transaction_id"":""bnk_05b5faf8a2fde81f30105f56"",""amount"":""1212.12"",""txn_date"":""2026-04-06T00:00:00.000Z"",""txn_type"":""Payment"",""ref_no"":""P26040102 - 0891622"",""payer"":""Desert Peach Montessori"",""accounts"":[""1503 Pledges/Services Receivable""],""memo"":""Multiple invoices"",""reconciliation_status"":""Reconciled""}]"
"bdep_a65697cb7bb02ce9e1ca7fbb","4523.02","2024-08-29T00:00:00.000Z","Wildflower New Y Receivable        016TKEGDS3GR3X7 016TKEGDS3GR3X7 Wildflower New Y Bill.com Inv 79","membership","rule_derived","","reviewed: affiliated-school membership (name-confirmed; 0176)","1503 Pledges/Services Receivable","Wildflower New York Charter School","[{""source"":""bank_deposit_qbo_register"",""id"":""bdqr_bdep_a65697cb7bb02ce9e1ca7fbb"",""bank_transaction_id"":""bnk_1704f1b353a6a649e6f31b67"",""amount"":""4523.02"",""txn_date"":""2024-08-29T00:00:00.000Z"",""txn_type"":""Payment"",""payer"":""Wildflower New York Charter School"",""accounts"":[""1503 Pledges/Services Receivable""],""reconciliation_status"":""Reconciled""}]"
"bdep_a7017abbaccf0cbee27c5884","6806.69","2018-12-06T00:00:00.000Z","GUSTO            CND 811913 181206 6semjnaapp7     The Wildflower Foundat 201812061","expense_refund","rule_derived","","reviewed: componentless deposit, all QB accounts non-donation (0185)","7008 All Other Expenditures:Uncategorized Expenditure | BUSINESS CHECKING (XXXXXX 8945)","Gusto","[{""source"":""deposit_qbo_components"",""id"":""dqc_CL5hBmPeoaLaVtvondDqj"",""staged_payment_id"":""CL5hBmPeoaLaVtvondDqj"",""qb_deposit_id"":""5573"",""qb_entity_type"":""deposit"",""qb_entity_id"":""5573"",""amount"":""6806.69"",""date_received"":""2018-12-06T00:00:00.000Z"",""payer"":""Gusto"",""accounts"":[""7008 All Other Expenditures:Uncategorized Expenditure"",""BUSINESS CHECKING (XXXXXX 8945)""],""classes"":[""Overhead (deleted)""],""raw_reference"":""GUSTO            CND 811913 181206 6semjnaapp7     The Wildflower Foundat 201812061"",""line_description"":""GUSTO            CND 811913 181206 6semjnaapp7     The Wildflower Foundat 201812061"",""transaction_memo"":""GUSTO            CND 811913 181206 6semjnaapp7     The Wildflower Foundat 201812061""}]"
"bdep_a79169e83d5c1ca12139aed6","4990.56","2025-10-03T00:00:00.000Z","Wildflower New Y Receivable        016OIGOKJ3VM94G 016OIGOKJ3VM94G Wildflower New Y Bill.com Inv TW","membership","rule_derived","","reviewed: componentless deposit, all QB accounts non-donation (0185)","Network Membership Fees (School SItes)","Wildflower New York Charter School","[{""source"":""deposit_qbo_components"",""id"":""dqc_8BAynI1INPmEmKmg7fECc"",""staged_payment_id"":""8BAynI1INPmEmKmg7fECc"",""qb_deposit_id"":""36545"",""qb_entity_type"":""payment"",""qb_entity_id"":""35544"",""amount"":""4990.56"",""date_received"":""2025-10-02T00:00:00.000Z"",""payer"":""Wildflower New York Charter School"",""accounts"":[""Network Membership Fees (School SItes)""],""items"":[""School Contributions""],""raw_reference"":""P25100102 - 3074694"",""line_description"":""Inv TWF - Oct Invoice031"",""transaction_memo"":""Inv TWF - Oct Invoice031""}]"
"bdep_a7b30016347229fc1b756cc2","2025.00","2021-04-02T00:00:00.000Z","ACH RETURNS       - THE WILDFLOWER F - FILE 7878782339 COID 1812826681","expense_refund","rule_derived","","reviewed: componentless deposit, all QB accounts non-donation (0185)","7010.63 Payroll:Contractors:Interior Design | BUSINESS CHECKING (XXXXXX 8945)","Abisai Bermejo Ortiz","[{""source"":""deposit_qbo_components"",""id"":""dqc_jwTQ_iDgh5xO9FRkDhjwX"",""staged_payment_id"":""jwTQ_iDgh5xO9FRkDhjwX"",""qb_deposit_id"":""15333"",""qb_entity_type"":""deposit"",""qb_entity_id"":""15333"",""amount"":""2025.00"",""date_received"":""2021-04-02T00:00:00.000Z"",""payer"":""Abisai Bermejo Ortiz"",""accounts"":[""7010.63 Payroll:Contractors:Interior Design"",""BUSINESS CHECKING (XXXXXX 8945)""],""classes"":[""Hubs (deleted):Hub - Puerto Rico (deleted)""],""raw_reference"":""03.30.2021 WIRE Wildflower Flor de Loto Invoice, coded to PR,contractors>interior design"",""line_description"":""03.30.2021 WIRE Wildflower Flor de Loto Invoice, coded to PR,contractors>interior design"",""transaction_memo"":""03.30.2021 WIRE Wildflower Flor de Loto Invoice, coded to PR,contractors>interior design""}]"
"bdep_a8a3ee3e25b38b8f00891607","12380.84","2026-04-09T00:00:00.000Z","SSBTRUSTOPS      HIST RTN   260409                 THE WILDFLOWER","expense_refund","rule_derived","","reviewed: componentless deposit, all QB accounts non-donation (0185)","2002 Benefit Liability | BUSINESS CHECKING (XXXXXX 8945)","SSBTRUSTOPS","[{""source"":""deposit_qbo_components"",""id"":""dqc_0L7WyLGcCMv3CDy0Q0OY5"",""staged_payment_id"":""0L7WyLGcCMv3CDy0Q0OY5"",""qb_deposit_id"":""38933"",""qb_entity_type"":""deposit"",""qb_entity_id"":""38933"",""amount"":""12380.84"",""date_received"":""2026-04-09T00:00:00.000Z"",""payer"":""SSBTRUSTOPS"",""accounts"":[""2002 Benefit Liability"",""BUSINESS CHECKING (XXXXXX 8945)""],""raw_reference"":""Adjust duplicate SSBTRUSTOPS payment"",""line_description"":""Adjust duplicate SSBTRUSTOPS payment"",""transaction_memo"":""Adjust duplicate SSBTRUSTOPS payment""}]"
"bdep_a8e562fdcdf9ef3860cad1ae","170.12","2024-09-06T00:00:00.000Z","GUSTO            TLR 583042 240906 6semk25qtmr     The Wildflower Foundat","expense_refund","rule_derived","","reviewed: componentless deposit, all QB accounts non-donation (0185)","7010.4 Payroll:3.Benefits:Payroll Taxes | BUSINESS CHECKING (XXXXXX 8945)","Gusto","[{""source"":""deposit_qbo_components"",""id"":""dqc_Jer0ssh3g9Qf96sKktbqW"",""staged_payment_id"":""Jer0ssh3g9Qf96sKktbqW"",""qb_deposit_id"":""30481"",""qb_entity_type"":""deposit"",""qb_entity_id"":""30481"",""amount"":""170.12"",""date_received"":""2024-09-06T00:00:00.000Z"",""payer"":""Gusto"",""accounts"":[""7010.4 Payroll:3.Benefits:Payroll Taxes"",""BUSINESS CHECKING (XXXXXX 8945)""],""raw_reference"":""Credit Refund Tax liability refund for 2024-09-05"",""line_description"":""Credit Refund Tax liability refund for 2024-09-05"",""transaction_memo"":""Credit Refund Tax liability refund for 2024-09-05""}]"
"bdep_a8e64571bbe1d895cc243955","193.90","2018-12-19T00:00:00.000Z","STRIPE           TRANSFER                          X 201812191","earned_income","rule_derived","","reviewed: componentless deposit, all QB accounts non-donation (0185)","4020 Services - Earned Income | BUSINESS CHECKING (XXXXXX 8945)","","[{""source"":""deposit_qbo_components"",""id"":""dqc_DFBJS4TMfNn4_TytXkO4I"",""staged_payment_id"":""DFBJS4TMfNn4_TytXkO4I"",""qb_deposit_id"":""5589"",""qb_entity_type"":""deposit"",""qb_entity_id"":""5589"",""amount"":""193.90"",""date_received"":""2018-12-19T00:00:00.000Z"",""accounts"":[""4020 Services - Earned Income"",""BUSINESS CHECKING (XXXXXX 8945)""],""raw_reference"":""STRIPE           TRANSFER                          X 201812191"",""line_description"":""STRIPE           TRANSFER                          X 201812191"",""transaction_memo"":""STRIPE           TRANSFER                          X 201812191""}]"
"bdep_aa42db64df4bfb6b05b32728","1282.33","2024-10-31T00:00:00.000Z","Urban Village Mo Receivable        016SIRSZO3J8OJZ 016SIRSZO3J8OJZ Urban Village Mo Bill.com Inv 79","membership","rule_derived","","reviewed: componentless deposit, all QB accounts non-donation (0185)","Network Membership Fees (School SItes)","Urban Village Montessori","[{""source"":""deposit_qbo_components"",""id"":""dqc_xgk7LYgUtooZUXRZTz-Yw"",""staged_payment_id"":""xgk7LYgUtooZUXRZTz-Yw"",""qb_deposit_id"":""30616"",""qb_entity_type"":""payment"",""qb_entity_id"":""30502"",""amount"":""1282.33"",""date_received"":""2024-10-28T00:00:00.000Z"",""payer"":""Urban Village Montessori"",""accounts"":[""Network Membership Fees (School SItes)""],""items"":[""School Contributions""],""raw_reference"":""P24102302 - 9152522"",""line_description"":""Inv 79252461-253"",""transaction_memo"":""Inv 79252461-253""}]"
"bdep_aaa692dd4baf0352e22fe3ce","92.87","2021-03-19T00:00:00.000Z","STRIPE           TRANSFER          ST-Z4G0A9N6P4D7 THE WILDFLOWER FOUNDAT","earned_income","rule_derived","","reviewed: componentless deposit, all QB accounts non-donation (0185)","4020 Services - Earned Income | BUSINESS CHECKING (XXXXXX 8945)","Stripe","[{""source"":""deposit_qbo_components"",""id"":""dqc_K0RUW2DV2y0S_RlOq-It9"",""staged_payment_id"":""K0RUW2DV2y0S_RlOq-It9"",""qb_deposit_id"":""15236"",""qb_entity_type"":""deposit"",""qb_entity_id"":""15236"",""amount"":""92.87"",""date_received"":""2021-03-19T00:00:00.000Z"",""payer"":""Stripe"",""accounts"":[""4020 Services - Earned Income"",""BUSINESS CHECKING (XXXXXX 8945)""],""classes"":[""Spo - Embracing Equity (deleted)""],""raw_reference"":""BUSINESS CHECKING (XXXXXX 8945)"",""line_description"":""STRIPE           TRANSFER          ST-Z4G0A9N6P4D7 THE WILDFLOWER FOUNDAT""}]"
"bdep_aaa8f8fef207c3e0f4a3da6f","1251.44","2026-04-13T00:00:00.000Z","Bill.com         Receivable        015NBXENKBY2S7G Trout Lily Montessori Bill.com 015NBXENKBY2S7G I","membership","rule_derived","","reviewed: affiliated-school membership (name-confirmed; 0176)","","","[{""source"":""bank_deposit_qbo_register"",""id"":""bdqr_bdep_aaa8f8fef207c3e0f4a3da6f"",""bank_transaction_id"":""bnk_5fa50e67d7d4e907a769e77e"",""amount"":""1251.44"",""txn_date"":""2026-04-13T00:00:00.000Z"",""txn_type"":""Journal"",""ref_no"":""JE Bill 4.13.26 AR"",""memo"":""BILL 04/13/26 AR Payments"",""reconciliation_status"":""Reconciled""}]"
"bdep_aac4284a20cda3082bbbd971","119.58","2023-03-20T00:00:00.000Z","ATM CHECK DEPOSIT              ON              03/20 1505 W Lake St            Minneapolis   MN  0008676           ATM ID 6991J    CARD 7365","expense_refund","rule_derived","","reviewed: componentless deposit, all QB accounts non-donation (0185)","7008 All Other Expenditures:Uncategorized Expenditure | BUSINESS CHECKING (XXXXXX 8945)","","[{""source"":""deposit_qbo_components"",""id"":""dqc_ROKdgFk4LJs-mvbPo2EWD"",""staged_payment_id"":""ROKdgFk4LJs-mvbPo2EWD"",""qb_deposit_id"":""24063"",""qb_entity_type"":""deposit"",""qb_entity_id"":""24063"",""amount"":""119.58"",""date_received"":""2023-03-20T00:00:00.000Z"",""accounts"":[""7008 All Other Expenditures:Uncategorized Expenditure"",""BUSINESS CHECKING (XXXXXX 8945)""],""classes"":[""National (deleted):Foundation Operations (deleted)""],""raw_reference"":""BUSINESS CHECKING (XXXXXX 8945)"",""line_description"":""ATM CHECK DEPOSIT              ON              03/20 1505 W Lake St            Minneapolis   MN  0008676           ATM ID 6991J    CARD 7365""}]"
"bdep_aafff91990a407a7deb1dbce","937.22","2025-12-10T00:00:00.000Z","Bill.com         Receivable        015HJDNFUARZBSA Echinacea Montessori School Bill.com 015HJDNFUAR","membership","rule_derived","","reviewed: affiliated-school membership (name-confirmed; 0176)","","","[{""source"":""bank_deposit_qbo_register"",""id"":""bdqr_bdep_aafff91990a407a7deb1dbce"",""bank_transaction_id"":""bnk_dca5a5df21197eae072abfa0"",""amount"":""937.22"",""txn_date"":""2025-12-10T00:00:00.000Z"",""txn_type"":""Journal"",""ref_no"":""JE #CSP Sept 2026"",""memo"":""BILL 12/10/25 AR Payments"",""reconciliation_status"":""Reconciled""}]"
"bdep_abedf8a2a41355e001d59e49","178.09","2019-09-25T00:00:00.000Z","STRIPE           TRANSFER          ST-Z3C7X9H1Z6A1 THE WILDFLOWER FOUNDAT","earned_income","rule_derived","","reviewed: componentless deposit, all QB accounts non-donation (0185)","4020 Services - Earned Income | BUSINESS CHECKING (XXXXXX 8945)","Stripe","[{""source"":""deposit_qbo_components"",""id"":""dqc_0ZHcWkx3lm5WGrDahh_EN"",""staged_payment_id"":""0ZHcWkx3lm5WGrDahh_EN"",""qb_deposit_id"":""9023"",""qb_entity_type"":""deposit"",""qb_entity_id"":""9023"",""amount"":""178.09"",""date_received"":""2019-09-25T00:00:00.000Z"",""payer"":""Stripe"",""accounts"":[""4020 Services - Earned Income"",""BUSINESS CHECKING (XXXXXX 8945)""],""classes"":[""Spo - Embracing Equity (deleted)""],""raw_reference"":""BUSINESS CHECKING (XXXXXX 8945)"",""line_description"":""STRIPE           TRANSFER          ST-Z3C7X9H1Z6A1 THE WILDFLOWER FOUNDAT""}]"
"bdep_ac4eb77481e01fd62e2e4a33","712.48","2020-06-03T00:00:00.000Z","STRIPE           TRANSFER          ST-L3A7P6O9U2M2 THE WILDFLOWER FOUNDAT","earned_income","rule_derived","","reviewed: componentless deposit, all QB accounts non-donation (0185)","4020 Services - Earned Income | BUSINESS CHECKING (XXXXXX 8945)","Stripe","[{""source"":""deposit_qbo_components"",""id"":""dqc_xR1asLAMJiTCtwzpkgEl7"",""staged_payment_id"":""xR1asLAMJiTCtwzpkgEl7"",""qb_deposit_id"":""12061"",""qb_entity_type"":""deposit"",""qb_entity_id"":""12061"",""amount"":""712.48"",""date_received"":""2020-06-03T00:00:00.000Z"",""payer"":""Stripe"",""accounts"":[""4020 Services - Earned Income"",""BUSINESS CHECKING (XXXXXX 8945)""],""classes"":[""Spo - Embracing Equity (deleted)""],""raw_reference"":""BUSINESS CHECKING (XXXXXX 8945)"",""line_description"":""STRIPE           TRANSFER          ST-L3A7P6O9U2M2 THE WILDFLOWER FOUNDAT""}]"
"bdep_ac6b0325458cf93a16b9c785","528.17","2020-07-28T00:00:00.000Z","STRIPE           TRANSFER          ST-A0S9F3H4X0T1 THE WILDFLOWER FOUNDAT","earned_income","rule_derived","","reviewed: componentless deposit, all QB accounts non-donation (0185)","4020 Services - Earned Income | BUSINESS CHECKING (XXXXXX 8945)","Stripe","[{""source"":""deposit_qbo_components"",""id"":""dqc_-nrA5BzkUQSD_JA7TZmqV"",""staged_payment_id"":""-nrA5BzkUQSD_JA7TZmqV"",""qb_deposit_id"":""12889"",""qb_entity_type"":""deposit"",""qb_entity_id"":""12889"",""amount"":""528.17"",""date_received"":""2020-07-28T00:00:00.000Z"",""payer"":""Stripe"",""accounts"":[""4020 Services - Earned Income"",""BUSINESS CHECKING (XXXXXX 8945)""],""classes"":[""Spo - Embracing Equity (deleted)""],""raw_reference"":""BUSINESS CHECKING (XXXXXX 8945)"",""line_description"":""STRIPE           TRANSFER          ST-A0S9F3H4X0T1 THE WILDFLOWER FOUNDAT""}]"
"bdep_ac8b3cd5302a635aa35386f8","47.65","2020-08-25T00:00:00.000Z","STRIPE           TRANSFER          ST-L5U3E9M5W6N2 THE WILDFLOWER FOUNDAT","earned_income","rule_derived","","reviewed: componentless deposit, all QB accounts non-donation (0185)","4020 Services - Earned Income | BUSINESS CHECKING (XXXXXX 8945)","Stripe","[{""source"":""deposit_qbo_components"",""id"":""dqc_7YDKAElGK4Kj8j68czDgj"",""staged_payment_id"":""7YDKAElGK4Kj8j68czDgj"",""qb_deposit_id"":""13159"",""qb_entity_type"":""deposit"",""qb_entity_id"":""13159"",""amount"":""47.65"",""date_received"":""2020-08-25T00:00:00.000Z"",""payer"":""Stripe"",""accounts"":[""4020 Services - Earned Income"",""BUSINESS CHECKING (XXXXXX 8945)""],""classes"":[""Spo - Embracing Equity (deleted)""],""raw_reference"":""BUSINESS CHECKING (XXXXXX 8945)"",""line_description"":""STRIPE           TRANSFER          ST-L5U3E9M5W6N2 THE WILDFLOWER FOUNDAT""}]"
"bdep_aca8fc9c641ad8ec8597e715","456.37","2019-12-05T00:00:00.000Z","STRIPE           TRANSFER          ST-E8O6I4X9T2D2 THE WILDFLOWER FOUNDAT","earned_income","rule_derived","","reviewed: componentless deposit, all QB accounts non-donation (0185)","4020 Services - Earned Income | BUSINESS CHECKING (XXXXXX 8945)","Stripe","[{""source"":""deposit_qbo_components"",""id"":""dqc_6m0-hSi0pfFbRlaQWYZ4Y"",""staged_payment_id"":""6m0-hSi0pfFbRlaQWYZ4Y"",""qb_deposit_id"":""10314"",""qb_entity_type"":""deposit"",""qb_entity_id"":""10314"",""amount"":""456.37"",""date_received"":""2019-12-05T00:00:00.000Z"",""payer"":""Stripe"",""accounts"":[""4020 Services - Earned Income"",""BUSINESS CHECKING (XXXXXX 8945)""],""classes"":[""Spo - Embracing Equity (deleted)""],""raw_reference"":""BUSINESS CHECKING (XXXXXX 8945)"",""line_description"":""STRIPE           TRANSFER          ST-E8O6I4X9T2D2 THE WILDFLOWER FOUNDAT""}]"
"bdep_adaaeb74e992291b60952f88","250.00","2022-01-31T00:00:00.000Z","Morgan Stanley   ACH CREDIT 220128 101208553102jno The Wildflower Foundat","loan","rule_derived","","reviewed: componentless deposit, all QB accounts non-donation (0185)","1600 Loans to Schools | BUSINESS CHECKING (XXXXXX 8945)","Morgan Stanley","[{""source"":""deposit_qbo_components"",""id"":""dqc_T7jWtupPfs-b4UuCQxsQA"",""staged_payment_id"":""T7jWtupPfs-b4UuCQxsQA"",""qb_deposit_id"":""18609"",""qb_entity_type"":""deposit"",""qb_entity_id"":""18609"",""amount"":""250.00"",""date_received"":""2022-01-31T00:00:00.000Z"",""payer"":""Morgan Stanley"",""accounts"":[""1600 Loans to Schools"",""BUSINESS CHECKING (XXXXXX 8945)""],""raw_reference"":""Dahlia Montessori Repayment"",""line_description"":""Dahlia Montessori Repayment"",""transaction_memo"":""Dahlia Montessori Repayment""}]"
"bdep_adb3e674a20cd1b3f0d7940f","783.35","2021-04-27T00:00:00.000Z","GUSTO            TLR 955479 210427 6semjpn3kus     The Wildflower Foundat","expense_refund","rule_derived","","reviewed: componentless deposit, all QB accounts non-donation (0185)","2002 Benefit Liability | BUSINESS CHECKING (XXXXXX 8945)","Gusto","[{""source"":""deposit_qbo_components"",""id"":""dqc_-ufqsilGpSA8DoWTJDgTc"",""staged_payment_id"":""-ufqsilGpSA8DoWTJDgTc"",""qb_deposit_id"":""15614"",""qb_entity_type"":""deposit"",""qb_entity_id"":""15614"",""amount"":""783.35"",""date_received"":""2021-04-27T00:00:00.000Z"",""payer"":""Gusto"",""accounts"":[""2002 Benefit Liability"",""BUSINESS CHECKING (XXXXXX 8945)""],""classes"":[""National (deleted):Foundation Operations (deleted)""],""raw_reference"":""BUSINESS CHECKING (XXXXXX 8945)"",""line_description"":""GUSTO            TLR 955479 210427 6semjpn3kus     The Wildflower Foundat""}]"
"bdep_aded19b36aa65d174f272627","2184.00","2024-05-23T00:00:00.000Z","DC WILDFLOWER PU EFT PYMT   052224 Charter School  The Wildflower Foundat","earned_income","rule_derived","","reviewed: componentless deposit, all QB accounts non-donation (0185)","4020 Services - Earned Income | BUSINESS CHECKING (XXXXXX 8945)","DC Wildflower Public Charter School (v)","[{""source"":""deposit_qbo_components"",""id"":""dqc_OULuZp8OaHtT573CD037-"",""staged_payment_id"":""OULuZp8OaHtT573CD037-"",""qb_deposit_id"":""28832"",""qb_entity_type"":""deposit"",""qb_entity_id"":""28832"",""amount"":""2184.00"",""date_received"":""2024-05-23T00:00:00.000Z"",""payer"":""DC Wildflower Public Charter School (v)"",""accounts"":[""4020 Services - Earned Income"",""BUSINESS CHECKING (XXXXXX 8945)""],""raw_reference"":""BUSINESS CHECKING (XXXXXX 8945)"",""line_description"":""DC WILDFLOWER PU EFT PYMT   052224 Charter School  The Wildflower Foundat""}]"
"bdep_adf679f5323d795608ec42ba","3731.18","2024-11-22T00:00:00.000Z","Minnesota Wildfl Receivable        016NQPJLC3K3PO3 016NQPJLC3K3PO3 Minnesota Wildfl Bill.com Inv CS","membership","rule_derived","","reviewed: componentless deposit, all QB accounts non-donation (0185)","Network Membership Fees (School SItes)","Minnesota Wildflower Montessori School","[{""source"":""deposit_qbo_components"",""id"":""dqc_Z62GTcZ50Vk1M9gelf3AM"",""staged_payment_id"":""Z62GTcZ50Vk1M9gelf3AM"",""qb_deposit_id"":""30944"",""qb_entity_type"":""payment"",""qb_entity_id"":""30776"",""amount"":""3731.18"",""date_received"":""2024-11-21T00:00:00.000Z"",""payer"":""Minnesota Wildflower Montessori School"",""accounts"":[""Network Membership Fees (School SItes)""],""items"":[""School Contributions""],""raw_reference"":""P24112001 - 8529644"",""line_description"":""Inv CSP 9.1.50"",""transaction_memo"":""Inv CSP 9.1.50""}]"
"bdep_ae0f25a951157ff105aec243","33.68","2020-04-16T00:00:00.000Z","STRIPE           TRANSFER          ST-E0Y4J1U5H6A0 THE WILDFLOWER FOUNDAT","earned_income","rule_derived","","reviewed: componentless deposit, all QB accounts non-donation (0185)","4020 Services - Earned Income | BUSINESS CHECKING (XXXXXX 8945)","Stripe","[{""source"":""deposit_qbo_components"",""id"":""dqc_OKlDnZAg2pbtfDjZNb-57"",""staged_payment_id"":""OKlDnZAg2pbtfDjZNb-57"",""qb_deposit_id"":""11744"",""qb_entity_type"":""deposit"",""qb_entity_id"":""11744"",""amount"":""33.68"",""date_received"":""2020-04-16T00:00:00.000Z"",""payer"":""Stripe"",""accounts"":[""4020 Services - Earned Income"",""BUSINESS CHECKING (XXXXXX 8945)""],""classes"":[""Spo - Embracing Equity (deleted)""],""raw_reference"":""BUSINESS CHECKING (XXXXXX 8945)"",""line_description"":""STRIPE           TRANSFER          ST-E0Y4J1U5H6A0 THE WILDFLOWER FOUNDAT""}]"
"bdep_ae56d7a7225129d67d0e9415","12.62","2020-09-30T00:00:00.000Z","KYEmploymt       HIST RTN   200930 502-875-3733    The Wildflower Foundat","expense_refund","rule_derived","","reviewed: componentless deposit, all QB accounts non-donation (0185)","7010.4 Payroll:3.Benefits:Payroll Taxes | BUSINESS CHECKING (XXXXXX 8945)","","[{""source"":""deposit_qbo_components"",""id"":""dqc_LejipTXNjcG6ZDYaCVEvk"",""staged_payment_id"":""LejipTXNjcG6ZDYaCVEvk"",""qb_deposit_id"":""13409"",""qb_entity_type"":""deposit"",""qb_entity_id"":""13409"",""amount"":""12.62"",""date_received"":""2020-09-30T00:00:00.000Z"",""accounts"":[""7010.4 Payroll:3.Benefits:Payroll Taxes"",""BUSINESS CHECKING (XXXXXX 8945)""],""classes"":[""National (deleted):Foundation Operations (deleted)""],""raw_reference"":""BUSINESS CHECKING (XXXXXX 8945)"",""line_description"":""KYEmploymt       HIST RTN   200930 502-875-3733    The Wildflower Foundat""}]"
"bdep_ae65e741c948d2d0180f0148","2222.20","2023-05-15T00:00:00.000Z","BASIC            BASICCOBRA 230515                 The Wildflower Foundat","expense_refund","rule_derived","","reviewed: componentless deposit, all QB accounts non-donation (0185)","2002 Benefit Liability | BUSINESS CHECKING (XXXXXX 8945)","","[{""source"":""deposit_qbo_components"",""id"":""dqc_-nhRBVr2WMtfjvQH2Bh9X"",""staged_payment_id"":""-nhRBVr2WMtfjvQH2Bh9X"",""qb_deposit_id"":""24579"",""qb_entity_type"":""deposit"",""qb_entity_id"":""24579"",""amount"":""2222.20"",""date_received"":""2023-05-15T00:00:00.000Z"",""accounts"":[""2002 Benefit Liability"",""BUSINESS CHECKING (XXXXXX 8945)""],""raw_reference"":""BUSINESS CHECKING (XXXXXX 8945)"",""line_description"":""BASIC            BASICCOBRA 230515                 The Wildflower Foundat""}]"
"bdep_ae6838edd692af60b9296e04","1251.44","2025-10-14T00:00:00.000Z","Bill.com         Receivable        015GYZEWZBP0VC0 Trout Lily Montessori Bill.com 015GYZEWZBP0VC0 I","membership","rule_derived","","reviewed: affiliated-school membership (name-confirmed; 0176)","","","[{""source"":""bank_deposit_qbo_register"",""id"":""bdqr_bdep_ae6838edd692af60b9296e04"",""bank_transaction_id"":""bnk_9f4a3fca2aa21dd344794157"",""amount"":""1251.44"",""txn_date"":""2025-10-14T00:00:00.000Z"",""txn_type"":""Journal"",""ref_no"":""Stmt Cr Reward Mar 37"",""memo"":""BILL 10/14/25 AR Payments"",""reconciliation_status"":""Reconciled""}]"
"bdep_ae9c153d4678cf061a5324d5","1854.33","2026-05-14T00:00:00.000Z","Bill.com         Receivable        015VOHQGMGZXOEQ Aster Montessori School Inc Bill.com 015VOHQGMGZ","membership","rule_derived","","reviewed: affiliated-school membership (name-confirmed; 0176)","","","[{""source"":""bank_deposit_qbo_register"",""id"":""bdqr_bdep_ae9c153d4678cf061a5324d5"",""bank_transaction_id"":""bnk_fe94b4eeb4cf06549034c862"",""amount"":""1854.33"",""txn_date"":""2026-05-14T00:00:00.000Z"",""txn_type"":""Journal"",""ref_no"":""JE CSP IDC Mar 2029"",""memo"":""BILL 05/14/26 AR Payments"",""reconciliation_status"":""Reconciled""}]"
"bdep_af78fd8878092c59c8fcf637","967.11","2018-03-07T00:00:00.000Z","ALERUS PLAN FUND 18064D724F382 THE WILDFLOWER FOUNDAT","expense_refund","rule_derived","","reviewed: componentless deposit, all QB accounts non-donation (0185)","2002 Benefit Liability | BUSINESS CHECKING (XXXXXX 8945)","Alerus","[{""source"":""deposit_qbo_components"",""id"":""dqc_F7ywg_kxt3ypDvLzWdfvn"",""staged_payment_id"":""F7ywg_kxt3ypDvLzWdfvn"",""qb_deposit_id"":""2941"",""qb_entity_type"":""deposit"",""qb_entity_id"":""2941"",""amount"":""967.11"",""date_received"":""2018-03-07T00:00:00.000Z"",""payer"":""Alerus"",""accounts"":[""2002 Benefit Liability"",""BUSINESS CHECKING (XXXXXX 8945)""],""raw_reference"":""ALERUS PLAN FUND 18064D724F382 THE WILDFLOWER FOUNDAT"",""line_description"":""ALERUS PLAN FUND 18064D724F382 THE WILDFLOWER FOUNDAT"",""transaction_memo"":""ALERUS PLAN FUND 18064D724F382 THE WILDFLOWER FOUNDAT""}]"
"bdep_af91cc6c828b17883217fc50","3750.00","2025-10-09T00:00:00.000Z","The Sunlight Loa Receivable        016WFWHMH3VTZ6N 016WFWHMH3VTZ6N The Sunlight Loa Bill.com Inv TW","interest","rule_derived","","reviewed: componentless deposit, all QB accounts non-donation (0185)","Interest Earned","The Sunlight Loan Fund, LLC","[{""source"":""deposit_qbo_components"",""id"":""dqc_aZ70WSEmpaAyMEElaIpC0"",""staged_payment_id"":""aZ70WSEmpaAyMEElaIpC0"",""qb_deposit_id"":""36518"",""qb_entity_type"":""payment"",""qb_entity_id"":""35655"",""amount"":""3750.00"",""date_received"":""2025-10-08T00:00:00.000Z"",""payer"":""The Sunlight Loan Fund, LLC"",""accounts"":[""Interest Earned""],""items"":[""INTEREST""],""raw_reference"":""P25100702 - 4606891"",""line_description"":""Inv TWF-SL-FY26Q1"",""transaction_memo"":""Inv TWF-SL-FY26Q1""}]"
"bdep_afe14317d712e7731a4c5f3b","1454.55","2024-10-24T00:00:00.000Z","Wildflower Monte Receivable        016NVCLHW3IZJZI 016NVCLHW3IZJZI Wildflower Monte Bill.com Inv 79","membership","rule_derived","","reviewed: componentless deposit, all QB accounts non-donation (0185)","Network Membership Fees (School SItes)","Wildflower Montessori Public Schools of Colorado (c)","[{""source"":""deposit_qbo_components"",""id"":""dqc_KkXuZ4y0mXw6Y2R0MG87X"",""staged_payment_id"":""KkXuZ4y0mXw6Y2R0MG87X"",""qb_deposit_id"":""30623"",""qb_entity_type"":""payment"",""qb_entity_id"":""30501"",""amount"":""1454.55"",""date_received"":""2024-10-24T00:00:00.000Z"",""payer"":""Wildflower Montessori Public Schools of Colorado (c)"",""accounts"":[""Network Membership Fees (School SItes)""],""items"":[""School Contributions""],""raw_reference"":""P24102202 - 8728169"",""line_description"":""Inv 79252461-247"",""transaction_memo"":""Inv 79252461-247""}]"
"bdep_b0c5bd8e5dd3f434c7b34427","653.68","2025-06-02T00:00:00.000Z","Sundrops Montess Receivable        016GRELIN3R1CHZ 016GRELIN3R1CHZ Sundrops Montess Bill.com Inv TW","membership","rule_derived","","reviewed: componentless deposit, all QB accounts non-donation (0185)","Network Membership Fees (School SItes)","Sundrops Montessori School","[{""source"":""deposit_qbo_components"",""id"":""dqc_hyEaTl6wErHmWW0eDL6j3"",""staged_payment_id"":""hyEaTl6wErHmWW0eDL6j3"",""qb_deposit_id"":""34456"",""qb_entity_type"":""payment"",""qb_entity_id"":""33695"",""amount"":""653.68"",""date_received"":""2025-05-30T00:00:00.000Z"",""payer"":""Sundrops Montessori School"",""accounts"":[""Network Membership Fees (School SItes)""],""items"":[""School Contributions""],""raw_reference"":""P25052901 - 4844651"",""line_description"":""Inv TWF-117"",""transaction_memo"":""Inv TWF-117""}]"
"bdep_b1d7e8bcb504eaa7d609e6c4","193.60","2018-11-23T00:00:00.000Z","STRIPE           TRANSFER                          X 201811231","earned_income","rule_derived","","reviewed: componentless deposit, all QB accounts non-donation (0185)","4020 Services - Earned Income | BUSINESS CHECKING (XXXXXX 8945)","","[{""source"":""deposit_qbo_components"",""id"":""dqc_EllZfXYvu5zCf6Rnv06nE"",""staged_payment_id"":""EllZfXYvu5zCf6Rnv06nE"",""qb_deposit_id"":""5355"",""qb_entity_type"":""deposit"",""qb_entity_id"":""5355"",""amount"":""193.60"",""date_received"":""2018-11-23T00:00:00.000Z"",""accounts"":[""4020 Services - Earned Income"",""BUSINESS CHECKING (XXXXXX 8945)""],""raw_reference"":""STRIPE           TRANSFER                          X 201811231"",""line_description"":""STRIPE           TRANSFER                          X 201811231"",""transaction_memo"":""STRIPE           TRANSFER                          X 201811231""}]"
"bdep_b1de61c2c6e1d3ffed1e1b46","3750.00","2026-04-03T00:00:00.000Z","The Sunlight Loa Receivable        016AMBEKT4284WP 016AMBEKT4284WP The Sunlight Loa Bill.com Inv TW","loan_repayment","rule_derived","","reviewed: affiliated-school loan_repayment (name-confirmed; 0176)","1503 Pledges/Services Receivable","The Sunlight Loan Fund, LLC","[{""source"":""bank_deposit_qbo_register"",""id"":""bdqr_bdep_b1de61c2c6e1d3ffed1e1b46"",""bank_transaction_id"":""bnk_46f75bf9ff9493b6c5fea6f1"",""amount"":""3750.00"",""txn_date"":""2026-04-02T00:00:00.000Z"",""txn_type"":""Payment"",""ref_no"":""P26040202 - 1146236"",""payer"":""The Sunlight Loan Fund, LLC"",""accounts"":[""1503 Pledges/Services Receivable""],""memo"":""Inv TWF-SL InvQ3-26"",""reconciliation_status"":""Reconciled""}]"
"bdep_b22e5a0fb18faf355e37da71","86250.00","2020-06-01T00:00:00.000Z","ACH RETURNS       - THE WILDFLOWER F - FILE 7878782339 COID 1812826681","expense_refund","rule_derived","","reviewed: componentless deposit, all QB accounts non-donation (0185)","7031 All Other Expenditures:Research Partnerships | BUSINESS CHECKING (XXXXXX 8945)","The College Foundation of the University of Virginia","[{""source"":""deposit_qbo_components"",""id"":""dqc_a9ZpeThcmV01XBNYCLFgn"",""staged_payment_id"":""a9ZpeThcmV01XBNYCLFgn"",""qb_deposit_id"":""12025"",""qb_entity_type"":""deposit"",""qb_entity_id"":""12025"",""amount"":""86250.00"",""date_received"":""2020-06-01T00:00:00.000Z"",""payer"":""The College Foundation of the University of Virginia"",""accounts"":[""7031 All Other Expenditures:Research Partnerships"",""BUSINESS CHECKING (XXXXXX 8945)""],""classes"":[""National (deleted):Observation Support Technology (deleted)""],""raw_reference"":""BUSINESS CHECKING (XXXXXX 8945)"",""line_description"":""ACH RETURNS       - THE WILDFLOWER F - FILE 7878782339 COID 1812826681""}]"
"bdep_b282f1017a4d3fd471186763","743.78","2026-04-09T00:00:00.000Z","Bill.com         Receivable        015ZKYFLHHXX4DW Dahlia Montessori Inc. Bill.com 015ZKYFLHHXX4DW","membership","rule_derived","","reviewed: affiliated-school membership (name-confirmed; 0176)","","","[{""source"":""bank_deposit_qbo_register"",""id"":""bdqr_bdep_b282f1017a4d3fd471186763"",""bank_transaction_id"":""bnk_2ef0372a51bdf0f85cf5ddbd"",""amount"":""743.78"",""txn_date"":""2026-04-09T00:00:00.000Z"",""txn_type"":""Journal"",""ref_no"":""JE Bill 4.9.26 AR Pmt"",""memo"":""BILL 04/09/26 AR Payments"",""reconciliation_status"":""Reconciled""}]"
"bdep_b2c7d97582fa3a2a81039696","4623.66","2026-01-20T00:00:00.000Z","Minnesota Wildfl Receivable        016AIOVZL3ZEDFH 016AIOVZL3ZEDFH Minnesota Wildfl Bill.com Inv TW","membership","rule_derived","","reviewed: affiliated-school membership (name-confirmed; 0176)","","",""
"bdep_b2d4b8bf1101de6ca6cd40e0","811.08","2024-08-21T00:00:00.000Z","Snowdrop Montess Bill.com          026BDNHON11G8P2 Snowdrop Montessori School, Inc. Bill.com 026BDN","membership","rule_derived","","reviewed: componentless deposit, all QB accounts non-donation (0185)","Network Membership Fees (School SItes)","Snowdrop Montessori School Inc","[{""source"":""deposit_qbo_components"",""id"":""dqc_GptCVieRb5x-k-PeDSGgV"",""staged_payment_id"":""GptCVieRb5x-k-PeDSGgV"",""qb_deposit_id"":""30435"",""qb_entity_type"":""payment"",""qb_entity_id"":""29630"",""amount"":""811.08"",""date_received"":""2024-08-20T00:00:00.000Z"",""payer"":""Snowdrop Montessori School Inc"",""accounts"":[""Network Membership Fees (School SItes)""],""items"":[""School Contributions""],""raw_reference"":""P24081502 - 3667929"",""line_description"":""Inv 79252461-115"",""transaction_memo"":""Inv 79252461-115""}]"
"bdep_b3b2ecf5e77dae6d874c237a","28.83","2019-05-06T00:00:00.000Z","STRIPE           TRANSFER          ST-N4M4E7W8K6I4 THE WILDFLOWER FOUNDAT","earned_income","rule_derived","","reviewed: componentless deposit, all QB accounts non-donation (0185)","4020 Services - Earned Income | BUSINESS CHECKING (XXXXXX 8945)","Stripe","[{""source"":""deposit_qbo_components"",""id"":""dqc_uta5bsSLwlxjb5v4pGzyC"",""staged_payment_id"":""uta5bsSLwlxjb5v4pGzyC"",""qb_deposit_id"":""7159"",""qb_entity_type"":""deposit"",""qb_entity_id"":""7159"",""amount"":""28.83"",""date_received"":""2019-05-06T00:00:00.000Z"",""payer"":""Stripe"",""accounts"":[""4020 Services - Earned Income"",""BUSINESS CHECKING (XXXXXX 8945)""],""classes"":[""Existing School Support (deleted)""],""raw_reference"":""STRIPE           TRANSFER          ST-N4M4E7W8K6I4 THE WILDFLOWER FOUNDAT"",""line_description"":""STRIPE           TRANSFER          ST-N4M4E7W8K6I4 THE WILDFLOWER FOUNDAT"",""transaction_memo"":""STRIPE           TRANSFER          ST-N4M4E7W8K6I4 THE WILDFLOWER FOUNDAT""}]"
"bdep_b3b8759ad1c04aaca5ab32cb","666.67","2026-03-09T00:00:00.000Z","Bill.com         Receivable        015TGETOHDWA3DD Pinyon Montessori Bill.com 015TGETOHDWA3DD Inv #","membership","rule_derived","","reviewed: affiliated-school membership (name-confirmed; 0176)","","","[{""source"":""bank_deposit_qbo_register"",""id"":""bdqr_bdep_b3b8759ad1c04aaca5ab32cb"",""bank_transaction_id"":""bnk_7ba948b45cc42b3429442b13"",""amount"":""666.67"",""txn_date"":""2026-03-09T00:00:00.000Z"",""txn_type"":""Journal"",""ref_no"":""JE CSP # Jan 32"",""memo"":""BILL 03/09/26 AR Payments"",""reconciliation_status"":""Reconciled""}]"
"bdep_b45c1e0b1bc9689a3e8e8cae","2.97","2022-12-23T00:00:00.000Z","GUSTO            TLR 115541 221223 6semjt72vh9     The Wildflower Foundat","expense_refund","rule_derived","","reviewed: componentless deposit, all QB accounts non-donation (0185)","7010.4 Payroll:3.Benefits:Payroll Taxes | BUSINESS CHECKING (XXXXXX 8945)","Puerto Rico","[{""source"":""deposit_qbo_components"",""id"":""dqc_AQJGIGl6PSq32fPt-L0u7"",""staged_payment_id"":""AQJGIGl6PSq32fPt-L0u7"",""qb_deposit_id"":""25738"",""qb_entity_type"":""deposit"",""qb_entity_id"":""25738"",""amount"":""2.97"",""date_received"":""2022-12-23T00:00:00.000Z"",""payer"":""Puerto Rico"",""accounts"":[""7010.4 Payroll:3.Benefits:Payroll Taxes"",""BUSINESS CHECKING (XXXXXX 8945)""],""classes"":[""Hubs (deleted):Hub - Puerto Rico (deleted)""],""raw_reference"":""BUSINESS CHECKING (XXXXXX 8945)"",""line_description"":""GUSTO            TLR 115541 221223 6semjt72vh9     The Wildflower Foundat""}]"
"bdep_b45df39bcacd721989aec7be","33.68","2020-09-08T00:00:00.000Z","STRIPE           TRANSFER          ST-T8A8J1T2A0A7 THE WILDFLOWER FOUNDAT","earned_income","rule_derived","","reviewed: componentless deposit, all QB accounts non-donation (0185)","4020 Services - Earned Income | BUSINESS CHECKING (XXXXXX 8945)","Stripe","[{""source"":""deposit_qbo_components"",""id"":""dqc_WBinSSvXeVA2yNKB3ZGFC"",""staged_payment_id"":""WBinSSvXeVA2yNKB3ZGFC"",""qb_deposit_id"":""13347"",""qb_entity_type"":""deposit"",""qb_entity_id"":""13347"",""amount"":""33.68"",""date_received"":""2020-09-08T00:00:00.000Z"",""payer"":""Stripe"",""accounts"":[""4020 Services - Earned Income"",""BUSINESS CHECKING (XXXXXX 8945)""],""classes"":[""Spo - Embracing Equity (deleted)""],""raw_reference"":""BUSINESS CHECKING (XXXXXX 8945)"",""line_description"":""STRIPE           TRANSFER          ST-T8A8J1T2A0A7 THE WILDFLOWER FOUNDAT""}]"
"bdep_b495f3e028f849a07549a086","2694.66","2026-04-02T00:00:00.000Z","Roxbury Roots Mo Receivable        016NRTJSD425QX1 016NRTJSD425QX1 Roxbury Roots Mo Bill.com Multip","membership","rule_derived","","reviewed: affiliated-school membership (name-confirmed; 0176)","1503 Pledges/Services Receivable","Roxbury Roots Montessori, Inc.","[{""source"":""bank_deposit_qbo_register"",""id"":""bdqr_bdep_b495f3e028f849a07549a086"",""bank_transaction_id"":""bnk_d4c937cf36d8ee0f002c361f"",""amount"":""2694.66"",""txn_date"":""2026-04-01T00:00:00.000Z"",""txn_type"":""Payment"",""ref_no"":""P26033102 - 0636530"",""payer"":""Roxbury Roots Montessori, Inc."",""accounts"":[""1503 Pledges/Services Receivable""],""memo"":""Multiple invoices"",""reconciliation_status"":""Reconciled""}]"
"bdep_b4e5b0d4d277f7411eced4ce","5.00","2019-03-19T00:00:00.000Z","MONEY TRANSFER                          AUTHORIZED ON   03/19 FROM Cameron Leonard                    MN  S00589078744722058 CARD 7365","expense_refund","rule_derived","","reviewed: componentless deposit, all QB accounts non-donation (0185)","7016 All Other Expenditures:Transportation, Hotel & Housing Costs | BUSINESS CHECKING (XXXXXX 8945)","Cam Leonard","[{""source"":""deposit_qbo_components"",""id"":""dqc_CoGyMCLgNp8BMsxUVxHe6"",""staged_payment_id"":""CoGyMCLgNp8BMsxUVxHe6"",""qb_deposit_id"":""6679"",""qb_entity_type"":""deposit"",""qb_entity_id"":""6679"",""amount"":""5.00"",""date_received"":""2019-03-19T00:00:00.000Z"",""payer"":""Cam Leonard"",""accounts"":[""7016 All Other Expenditures:Transportation, Hotel & Housing Costs"",""BUSINESS CHECKING (XXXXXX 8945)""],""classes"":[""Overhead (deleted)""],""raw_reference"":""MONEY TRANSFER                          AUTHORIZED ON   03/19 FROM Cameron Leonard                    MN  S00589078744722058 CARD 7365"",""line_description"":""MONEY TRANSFER                          AUTHORIZED ON   03/19 FROM Cameron Leonard                    MN  S00589078744722058 CARD 7365"",""transaction_memo"":""MONEY TRANSFER                          AUTHORIZED ON   03/19 FROM Cameron Leonard                    MN  S00589078744722058 CARD 7365""}]"
"bdep_b5c02a951faa959e992e84e9","100000.00","2017-05-05T00:00:00.000Z","WF RETURN WIRES IN PROC WT SEQ173548 /ORG= SRF# 2017050500156036 TRN#170505173548 RFB#","loan","rule_derived","","reviewed: componentless deposit, all QB accounts non-donation (0185)","2502 Line of Credit & ST Loans | BUSINESS CHECKING (XXXXXX 8945)","Sep Kamvar (V)","[{""source"":""deposit_qbo_components"",""id"":""dqc_qyXis2TLoaVMCSoPOZ4g8"",""staged_payment_id"":""qyXis2TLoaVMCSoPOZ4g8"",""qb_deposit_id"":""1031"",""qb_entity_type"":""deposit"",""qb_entity_id"":""1031"",""amount"":""100000.00"",""date_received"":""2017-05-05T00:00:00.000Z"",""payer"":""Sep Kamvar (V)"",""accounts"":[""2502 Line of Credit & ST Loans"",""BUSINESS CHECKING (XXXXXX 8945)""],""classes"":[""Overhead (deleted)""],""raw_reference"":""WF RETURN WIRES IN PROC WT SEQ173548 /ORG= SRF# 2017050500156036 TRN#170505173548 RFB#"",""line_description"":""WF RETURN WIRES IN PROC WT SEQ173548 /ORG= SRF# 2017050500156036 TRN#170505173548 RFB#"",""transaction_memo"":""WF RETURN WIRES IN PROC WT SEQ173548 /ORG= SRF# 2017050500156036 TRN#170505173548 RFB#""}]"
"bdep_b5c7aeb31c727ade0231e842","5845.55","2020-12-04T00:00:00.000Z","STRIPE           TRANSFER          ST-R6O6G0V0S7P1 THE WILDFLOWER FOUNDAT","earned_income","rule_derived","","reviewed: componentless deposit, all QB accounts non-donation (0185)","4020 Services - Earned Income | BUSINESS CHECKING (XXXXXX 8945)","Stripe","[{""source"":""deposit_qbo_components"",""id"":""dqc_nAEZIdUYcG6eJOW9agNOk"",""staged_payment_id"":""nAEZIdUYcG6eJOW9agNOk"",""qb_deposit_id"":""13969"",""qb_entity_type"":""deposit"",""qb_entity_id"":""13969"",""amount"":""5845.55"",""date_received"":""2020-12-04T00:00:00.000Z"",""payer"":""Stripe"",""accounts"":[""4020 Services - Earned Income"",""BUSINESS CHECKING (XXXXXX 8945)""],""classes"":[""Spo - Embracing Equity (deleted)""],""raw_reference"":""BUSINESS CHECKING (XXXXXX 8945)"",""line_description"":""STRIPE           TRANSFER          ST-R6O6G0V0S7P1 THE WILDFLOWER FOUNDAT""}]"
"bdep_b5d7f36fdbeb23da6ccd672b","545.45","2025-05-28T00:00:00.000Z","Sage Montessori  Receivable        016BFBSFU3QUT6T 016BFBSFU3QUT6T Sage Montessori Bill.com Inv TWF","membership","rule_derived","","reviewed: componentless deposit, all QB accounts non-donation (0185)","Network Membership Fees (School SItes)","Sage Montessori, Inc.","[{""source"":""deposit_qbo_components"",""id"":""dqc_knP9OtY93VLyA4JasqQw_"",""staged_payment_id"":""knP9OtY93VLyA4JasqQw_"",""qb_deposit_id"":""34455"",""qb_entity_type"":""payment"",""qb_entity_id"":""33488"",""amount"":""545.45"",""date_received"":""2025-05-27T00:00:00.000Z"",""payer"":""Sage Montessori, Inc."",""accounts"":[""Network Membership Fees (School SItes)""],""items"":[""School Contributions""],""raw_reference"":""P25052001 - 3321132"",""line_description"":""Inv TWF-143"",""transaction_memo"":""Inv TWF-143""}]"
"bdep_b675436936849a2713161180","576.53","2019-07-10T00:00:00.000Z","STRIPE           TRANSFER          ST-C4E7G0N4Z3I9 THE WILDFLOWER FOUNDAT","earned_income","rule_derived","","reviewed: componentless deposit, all QB accounts non-donation (0185)","4020 Services - Earned Income | BUSINESS CHECKING (XXXXXX 8945)","Stripe","[{""source"":""deposit_qbo_components"",""id"":""dqc_0eCQUaASSeW_tYNNU7VP1"",""staged_payment_id"":""0eCQUaASSeW_tYNNU7VP1"",""qb_deposit_id"":""7931"",""qb_entity_type"":""deposit"",""qb_entity_id"":""7931"",""amount"":""576.53"",""date_received"":""2019-07-10T00:00:00.000Z"",""payer"":""Stripe"",""accounts"":[""4020 Services - Earned Income"",""BUSINESS CHECKING (XXXXXX 8945)""],""classes"":[""Existing School Support (deleted)""],""raw_reference"":""STRIPE           TRANSFER          ST-C4E7G0N4Z3I9 THE WILDFLOWER FOUNDAT"",""line_description"":""STRIPE           TRANSFER          ST-C4E7G0N4Z3I9 THE WILDFLOWER FOUNDAT"",""transaction_memo"":""STRIPE           TRANSFER          ST-C4E7G0N4Z3I9 THE WILDFLOWER FOUNDAT""}]"
"bdep_b6dee066c4479288e079a0f9","454.55","2025-02-24T00:00:00.000Z","Lilac Montessori Receivable        016HWQNVG3NDNXB 016HWQNVG3NDNXB Lilac Montessori Bill.com Inv #","membership","rule_derived","","reviewed: componentless deposit, all QB accounts non-donation (0185)","Network Membership Fees (School SItes)","Lilac Montessori","[{""source"":""deposit_qbo_components"",""id"":""dqc_g3xUnhB4CCMbm7AthmoRV"",""staged_payment_id"":""g3xUnhB4CCMbm7AthmoRV"",""qb_deposit_id"":""32508"",""qb_entity_type"":""payment"",""qb_entity_id"":""32485"",""amount"":""454.55"",""date_received"":""2025-02-21T00:00:00.000Z"",""payer"":""Lilac Montessori"",""accounts"":[""Network Membership Fees (School SItes)""],""items"":[""School Contributions""],""raw_reference"":""P25021602 - 5355978"",""line_description"":""Inv # 1734800475830"",""transaction_memo"":""Inv # 1734800475830""}]"
"bdep_b78bb13062afec0f7a97bdfa","23.97","2018-10-11T00:00:00.000Z","STRIPE TRANSFER X","earned_income","rule_derived","","reviewed: componentless deposit, all QB accounts non-donation (0185)","4020 Services - Earned Income | BUSINESS CHECKING (XXXXXX 8945)","","[{""source"":""deposit_qbo_components"",""id"":""dqc_7Ess7kwJ-kzOgpxNcXCA7"",""staged_payment_id"":""7Ess7kwJ-kzOgpxNcXCA7"",""qb_deposit_id"":""4743"",""qb_entity_type"":""deposit"",""qb_entity_id"":""4743"",""amount"":""23.97"",""date_received"":""2018-10-11T00:00:00.000Z"",""accounts"":[""4020 Services - Earned Income"",""BUSINESS CHECKING (XXXXXX 8945)""],""classes"":[""Overhead (deleted)""],""raw_reference"":""STRIPE TRANSFER X"",""line_description"":""STRIPE TRANSFER X"",""transaction_memo"":""STRIPE TRANSFER X""}]"
"bdep_b7946174342577b06d2173da","15000.00","2024-11-12T00:00:00.000Z","ACUDEN           EFT PAY    241112 XXXXXXXX61570   THE WILDFLOWER FOUNDAT","earned_income","rule_derived","","reviewed: componentless deposit, all QB accounts non-donation (0185)","4020 Services - Earned Income | BUSINESS CHECKING (XXXXXX 8945)","Acuden","[{""source"":""deposit_qbo_components"",""id"":""dqc_2uUSV-GQbmscDo15s22Q9"",""staged_payment_id"":""2uUSV-GQbmscDo15s22Q9"",""qb_deposit_id"":""30925"",""qb_entity_type"":""deposit"",""qb_entity_id"":""30925"",""amount"":""15000.00"",""date_received"":""2024-11-12T00:00:00.000Z"",""payer"":""Acuden"",""accounts"":[""4020 Services - Earned Income"",""BUSINESS CHECKING (XXXXXX 8945)""],""raw_reference"":""BUSINESS CHECKING (XXXXXX 8945)"",""line_description"":""ACUDEN           EFT PAY    241112 XXXXXXXX61570   THE WILDFLOWER FOUNDAT""}]"
"bdep_b7ea29eaa0904348aba414a8","239.95","2018-10-18T00:00:00.000Z","STRIPE TRANSFER X","earned_income","rule_derived","","reviewed: componentless deposit, all QB accounts non-donation (0185)","4020 Services - Earned Income | BUSINESS CHECKING (XXXXXX 8945)","","[{""source"":""deposit_qbo_components"",""id"":""dqc_5-8UCivGothPtCcx7Zpak"",""staged_payment_id"":""5-8UCivGothPtCcx7Zpak"",""qb_deposit_id"":""4907"",""qb_entity_type"":""deposit"",""qb_entity_id"":""4907"",""amount"":""239.95"",""date_received"":""2018-10-18T00:00:00.000Z"",""accounts"":[""4020 Services - Earned Income"",""BUSINESS CHECKING (XXXXXX 8945)""],""classes"":[""Overhead (deleted)""],""raw_reference"":""STRIPE TRANSFER X"",""line_description"":""STRIPE TRANSFER X"",""transaction_memo"":""STRIPE TRANSFER X""}]"
"bdep_b84f3909a80c3cd7b543999b","2522.44","2025-03-06T00:00:00.000Z","Wild Rose Montes Receivable        016WFONFX3NTHPJ 016WFONFX3NTHPJ Wild Rose Montes Bill.com Wild R","membership","rule_derived","","reviewed: componentless deposit, all QB accounts non-donation (0185)","Network Membership Fees (School SItes)","Wild Rose Montessori School Inc","[{""source"":""deposit_qbo_components"",""id"":""dqc_czbJ8MxKgaPSF7yCw8-o_"",""staged_payment_id"":""czbJ8MxKgaPSF7yCw8-o_"",""qb_deposit_id"":""32654"",""qb_entity_type"":""payment"",""qb_entity_id"":""32272"",""amount"":""2522.44"",""date_received"":""2025-03-05T00:00:00.000Z"",""payer"":""Wild Rose Montessori School Inc"",""accounts"":[""Network Membership Fees (School SItes)""],""items"":[""School Contributions""],""raw_reference"":""P25022802 - 8479397"",""line_description"":""Wild Rose March school fees"",""transaction_memo"":""Wild Rose March school fees""}]"
"bdep_b8fce87ceea2edeba8cb464d","681.30","2021-04-09T00:00:00.000Z","COBRA TRUST ACCT BASICPacif                        COBRA REMIT","expense_refund","rule_derived","","reviewed: componentless deposit, all QB accounts non-donation (0185)","2002 Benefit Liability | BUSINESS CHECKING (XXXXXX 8945)","","[{""source"":""deposit_qbo_components"",""id"":""dqc_-7N7YYBohBcVF_VqxX_nR"",""staged_payment_id"":""-7N7YYBohBcVF_VqxX_nR"",""qb_deposit_id"":""15365"",""qb_entity_type"":""deposit"",""qb_entity_id"":""15365"",""amount"":""681.30"",""date_received"":""2021-04-09T00:00:00.000Z"",""accounts"":[""2002 Benefit Liability"",""BUSINESS CHECKING (XXXXXX 8945)""],""classes"":[""National (deleted)""],""raw_reference"":""BUSINESS CHECKING (XXXXXX 8945)"",""line_description"":""COBRA TRUST ACCT BASICPacif                        COBRA REMIT""}]"
"bdep_b9cc633617734110c6ba10d1","77.00","2023-12-08T00:00:00.000Z","GUSTO            TLR 901769 231208 6semjvr0ckh     The Wildflower Foundat","expense_refund","rule_derived","","reviewed: componentless deposit, all QB accounts non-donation (0185)","7010.4 Payroll:3.Benefits:Payroll Taxes | BUSINESS CHECKING (XXXXXX 8945)","Puerto Rico","[{""source"":""deposit_qbo_components"",""id"":""dqc_WXMkTUY75yRSsEx-6yUya"",""staged_payment_id"":""WXMkTUY75yRSsEx-6yUya"",""qb_deposit_id"":""27334"",""qb_entity_type"":""deposit"",""qb_entity_id"":""27334"",""amount"":""77.00"",""date_received"":""2023-12-08T00:00:00.000Z"",""payer"":""Puerto Rico"",""accounts"":[""7010.4 Payroll:3.Benefits:Payroll Taxes"",""BUSINESS CHECKING (XXXXXX 8945)""],""classes"":[""National (deleted):Foundation Operations (deleted)""],""raw_reference"":""BUSINESS CHECKING (XXXXXX 8945)"",""line_description"":""GUSTO            TLR 901769 231208 6semjvr0ckh     The Wildflower Foundat""}]"
"bdep_ba6097efb60f8a9f273e1d46","33.68","2019-08-09T00:00:00.000Z","STRIPE           TRANSFER          ST-Z9T3D2N5M8Z8 THE WILDFLOWER FOUNDAT","earned_income","rule_derived","","reviewed: componentless deposit, all QB accounts non-donation (0185)","4020 Services - Earned Income | BUSINESS CHECKING (XXXXXX 8945)","Wells Fargo","[{""source"":""deposit_qbo_components"",""id"":""dqc_Xc7gaitrGmwNwfHut8YhT"",""staged_payment_id"":""Xc7gaitrGmwNwfHut8YhT"",""qb_deposit_id"":""8515"",""qb_entity_type"":""deposit"",""qb_entity_id"":""8515"",""amount"":""33.68"",""date_received"":""2019-08-09T00:00:00.000Z"",""payer"":""Wells Fargo"",""accounts"":[""4020 Services - Earned Income"",""BUSINESS CHECKING (XXXXXX 8945)""],""classes"":[""Overhead (deleted)""],""raw_reference"":""STRIPE           TRANSFER          ST-Z9T3D2N5M8Z8 THE WILDFLOWER FOUNDAT"",""line_description"":""STRIPE           TRANSFER          ST-Z9T3D2N5M8Z8 THE WILDFLOWER FOUNDAT"",""transaction_memo"":""STRIPE           TRANSFER          ST-Z9T3D2N5M8Z8 THE WILDFLOWER FOUNDAT""}]"
"bdep_bb0d04cb3a128c015eb66e4b","14.30","2019-09-03T00:00:00.000Z","MBI              SETL       190902 MED-I-BANK      MED-I-BANK","expense_refund","rule_derived","","reviewed: componentless deposit, all QB accounts non-donation (0185)","2002 Benefit Liability | BUSINESS CHECKING (XXXXXX 8945)","MBI","[{""source"":""deposit_qbo_components"",""id"":""dqc_BQy_PCkfVhNe1KTYsjgVH"",""staged_payment_id"":""BQy_PCkfVhNe1KTYsjgVH"",""qb_deposit_id"":""8926"",""qb_entity_type"":""deposit"",""qb_entity_id"":""8926"",""amount"":""14.30"",""date_received"":""2019-09-03T00:00:00.000Z"",""payer"":""MBI"",""accounts"":[""2002 Benefit Liability"",""BUSINESS CHECKING (XXXXXX 8945)""],""classes"":[""National (deleted)""],""raw_reference"":""BUSINESS CHECKING (XXXXXX 8945)"",""line_description"":""MBI              SETL       190902 MED-I-BANK      MED-I-BANK""}]"
"bdep_bc80d1d0c7c08ebfee577b79","0.51","2021-04-01T00:00:00.000Z","Expensify, Inc.  Validation        1180971         BUSINESS CHECKING","expense_refund","rule_derived","","reviewed: componentless deposit, all QB accounts non-donation (0185)","7003 All Other Expenditures:Bank Charges | BUSINESS CHECKING (XXXXXX 8945)","Expensify","[{""source"":""deposit_qbo_components"",""id"":""dqc_0Hpulvdf-ZqSx-RluSjVS"",""staged_payment_id"":""0Hpulvdf-ZqSx-RluSjVS"",""qb_deposit_id"":""15357"",""qb_entity_type"":""deposit"",""qb_entity_id"":""15357"",""amount"":""0.51"",""date_received"":""2021-04-01T00:00:00.000Z"",""payer"":""Expensify"",""accounts"":[""7003 All Other Expenditures:Bank Charges"",""BUSINESS CHECKING (XXXXXX 8945)""],""classes"":[""National (deleted):Foundation General (deleted)""],""raw_reference"":""Expensify, Inc. Validation 1180971 BUSINESS CHECKING"",""line_description"":""Expensify, Inc. Validation 1180971 BUSINESS CHECKING"",""transaction_memo"":""Expensify, Inc. Validation 1180971 BUSINESS CHECKING""}]"
"bdep_bd604f43f37ab42712fefb2b","76.77","2019-02-21T00:00:00.000Z","STRIPE           TRANSFER                          X","earned_income","rule_derived","","reviewed: componentless deposit, all QB accounts non-donation (0185)","4020 Services - Earned Income | BUSINESS CHECKING (XXXXXX 8945)","","[{""source"":""deposit_qbo_components"",""id"":""dqc_eU4VTXxeXNEQMgiTmzSvJ"",""staged_payment_id"":""eU4VTXxeXNEQMgiTmzSvJ"",""qb_deposit_id"":""6415"",""qb_entity_type"":""deposit"",""qb_entity_id"":""6415"",""amount"":""76.77"",""date_received"":""2019-02-21T00:00:00.000Z"",""accounts"":[""4020 Services - Earned Income"",""BUSINESS CHECKING (XXXXXX 8945)""],""classes"":[""Existing School Support (deleted)""],""raw_reference"":""STRIPE           TRANSFER                          X"",""line_description"":""STRIPE           TRANSFER                          X"",""transaction_memo"":""STRIPE           TRANSFER                          X""}]"
"bdep_bdf8a6e0c5958faa6375b44e","388.10","2018-11-28T00:00:00.000Z","STRIPE           TRANSFER                          X 201811282","earned_income","rule_derived","","reviewed: componentless deposit, all QB accounts non-donation (0185)","4020 Services - Earned Income | BUSINESS CHECKING (XXXXXX 8945)","","[{""source"":""deposit_qbo_components"",""id"":""dqc_5LOitBUSnzdrWYhV9Bb5y"",""staged_payment_id"":""5LOitBUSnzdrWYhV9Bb5y"",""qb_deposit_id"":""5351"",""qb_entity_type"":""deposit"",""qb_entity_id"":""5351"",""amount"":""388.10"",""date_received"":""2018-11-28T00:00:00.000Z"",""accounts"":[""4020 Services - Earned Income"",""BUSINESS CHECKING (XXXXXX 8945)""],""raw_reference"":""STRIPE           TRANSFER                          X 201811282"",""line_description"":""STRIPE           TRANSFER                          X 201811282"",""transaction_memo"":""STRIPE           TRANSFER                          X 201811282""}]"
"bdep_be74c54a5b61b5acb0612890","4523.02","2025-01-23T00:00:00.000Z","Wildflower New Y Receivable        016IPDKKV3M9K0S 016IPDKKV3M9K0S Wildflower New Y Bill.com Inv 17","membership","rule_derived","","reviewed: componentless deposit, all QB accounts non-donation (0185)","Network Membership Fees (School SItes)","Wildflower New York Charter School","[{""source"":""deposit_qbo_components"",""id"":""dqc_iBVvwZQLold0xb_t3eB0J"",""staged_payment_id"":""iBVvwZQLold0xb_t3eB0J"",""qb_deposit_id"":""32232"",""qb_entity_type"":""payment"",""qb_entity_id"":""31666"",""amount"":""4523.02"",""date_received"":""2025-01-22T00:00:00.000Z"",""payer"":""Wildflower New York Charter School"",""accounts"":[""Network Membership Fees (School SItes)""],""items"":[""School Contributions""],""raw_reference"":""P25012102 - 9197501"",""line_description"":""Inv 1734800475815"",""transaction_memo"":""Inv 1734800475815""}]"
"bdep_bead1868b60c2eb2e4d2ad61","24.53","2024-04-29T00:00:00.000Z","GUSTO            TLR 635481 240429 6semk10ev66     The Wildflower Foundat","expense_refund","rule_derived","","reviewed: componentless deposit, all QB accounts non-donation (0185)","7010.4 Payroll:3.Benefits:Payroll Taxes | BUSINESS CHECKING (XXXXXX 8945)","Gusto","[{""source"":""deposit_qbo_components"",""id"":""dqc_9Hos02Lqyiz58m5hZ4qQp"",""staged_payment_id"":""9Hos02Lqyiz58m5hZ4qQp"",""qb_deposit_id"":""28578"",""qb_entity_type"":""deposit"",""qb_entity_id"":""28578"",""amount"":""24.53"",""date_received"":""2024-04-29T00:00:00.000Z"",""payer"":""Gusto"",""accounts"":[""7010.4 Payroll:3.Benefits:Payroll Taxes"",""BUSINESS CHECKING (XXXXXX 8945)""],""classes"":[""National (deleted):Foundation Operations (deleted)""],""raw_reference"":""BUSINESS CHECKING (XXXXXX 8945)"",""line_description"":""GUSTO            TLR 635481 240429 6semk10ev66     The Wildflower Foundat""}]"
"bdep_bef532df5c45fb78e2e7076c","4259.22","2024-10-17T00:00:00.000Z","ATM CHECK DEPOSIT              ON              10/17 7900 Xerxes Ave S Ste 201 Bloomington   MN  0003871           ATM ID 9961Z    CARD 0628","expense_refund","rule_derived","","reviewed: componentless deposit, all QB accounts non-donation (0185)","7010.4 Payroll:3.Benefits:Payroll Taxes | BUSINESS CHECKING (XXXXXX 8945)","IRS","[{""source"":""deposit_qbo_components"",""id"":""dqc_hq-s-VVgGQZpf47_Bvanp"",""staged_payment_id"":""hq-s-VVgGQZpf47_Bvanp"",""qb_deposit_id"":""30834"",""qb_entity_type"":""deposit"",""qb_entity_id"":""30834"",""amount"":""4259.22"",""date_received"":""2024-10-17T00:00:00.000Z"",""payer"":""IRS"",""accounts"":[""7010.4 Payroll:3.Benefits:Payroll Taxes"",""BUSINESS CHECKING (XXXXXX 8945)""],""raw_reference"":""BUSINESS CHECKING (XXXXXX 8945)"",""line_description"":""ATM CHECK DEPOSIT              ON              10/17 7900 Xerxes Ave S Ste 201 Bloomington   MN  0003871           ATM ID 9961Z    CARD 0628""}]"
"bdep_bf19ca166bd4c601aa1dcfbc","143.51","2018-08-02T00:00:00.000Z","ZenPayroll, Inc. TPI 150615 180802 6semjn3sgns The Wildflower Foundat","expense_refund","rule_derived","","reviewed: componentless deposit, all QB accounts non-donation (0185)","7010.4 Payroll:3.Benefits:Payroll Taxes | BUSINESS CHECKING (XXXXXX 8945)","","[{""source"":""deposit_qbo_components"",""id"":""dqc_2gAlN8rEUIw7NlfGCF3Ku"",""staged_payment_id"":""2gAlN8rEUIw7NlfGCF3Ku"",""qb_deposit_id"":""4276"",""qb_entity_type"":""deposit"",""qb_entity_id"":""4276"",""amount"":""143.51"",""date_received"":""2018-08-02T00:00:00.000Z"",""accounts"":[""7010.4 Payroll:3.Benefits:Payroll Taxes"",""BUSINESS CHECKING (XXXXXX 8945)""],""classes"":[""Overhead (deleted)""],""raw_reference"":""ZenPayroll, Inc. TPI 150615 180802 6semjn3sgns The Wildflower Foundat"",""line_description"":""ZenPayroll, Inc. TPI 150615 180802 6semjn3sgns The Wildflower Foundat"",""transaction_memo"":""ZenPayroll, Inc. TPI 150615 180802 6semjn3sgns The Wildflower Foundat""}]"
"bdep_bf46cc8da92a094ee99db3f9","48.98","2019-01-11T00:00:00.000Z","STRIPE           TRANSFER                          X","earned_income","rule_derived","","reviewed: componentless deposit, all QB accounts non-donation (0185)","4020 Services - Earned Income | BUSINESS CHECKING (XXXXXX 8945)","","[{""source"":""deposit_qbo_components"",""id"":""dqc_hWeaZIT8KgckE-Dyqzm1Y"",""staged_payment_id"":""hWeaZIT8KgckE-Dyqzm1Y"",""qb_deposit_id"":""5960"",""qb_entity_type"":""deposit"",""qb_entity_id"":""5960"",""amount"":""48.98"",""date_received"":""2019-01-11T00:00:00.000Z"",""accounts"":[""4020 Services - Earned Income"",""BUSINESS CHECKING (XXXXXX 8945)""],""classes"":[""Existing School Support (deleted)""],""raw_reference"":""STRIPE           TRANSFER                          X"",""line_description"":""STRIPE           TRANSFER                          X"",""transaction_memo"":""STRIPE           TRANSFER                          X""}]"
"bdep_bf6f44d8be83e20b5a23133f","970.40","2019-07-25T00:00:00.000Z","STRIPE           TRANSFER          ST-P6Y8F6E6A8Y2 THE WILDFLOWER FOUNDAT","earned_income","rule_derived","","reviewed: componentless deposit, all QB accounts non-donation (0185)","4020 Services - Earned Income | BUSINESS CHECKING (XXXXXX 8945)","Stripe","[{""source"":""deposit_qbo_components"",""id"":""dqc_ap8vBQad78uBqe2MKHezL"",""staged_payment_id"":""ap8vBQad78uBqe2MKHezL"",""qb_deposit_id"":""8306"",""qb_entity_type"":""deposit"",""qb_entity_id"":""8306"",""amount"":""970.40"",""date_received"":""2019-07-25T00:00:00.000Z"",""payer"":""Stripe"",""accounts"":[""4020 Services - Earned Income"",""BUSINESS CHECKING (XXXXXX 8945)""],""classes"":[""Existing School Support (deleted)""],""raw_reference"":""STRIPE           TRANSFER          ST-P6Y8F6E6A8Y2 THE WILDFLOWER FOUNDAT"",""line_description"":""STRIPE           TRANSFER          ST-P6Y8F6E6A8Y2 THE WILDFLOWER FOUNDAT"",""transaction_memo"":""STRIPE           TRANSFER          ST-P6Y8F6E6A8Y2 THE WILDFLOWER FOUNDAT""}]"
"bdep_c0622dc8f7b5e67814ae67b1","33.68","2020-01-15T00:00:00.000Z","STRIPE           TRANSFER          ST-B8C6N1J7L6G9 THE WILDFLOWER FOUNDAT","earned_income","rule_derived","","reviewed: componentless deposit, all QB accounts non-donation (0185)","4020 Services - Earned Income | BUSINESS CHECKING (XXXXXX 8945)","Stripe","[{""source"":""deposit_qbo_components"",""id"":""dqc_bblbmjBwhZjYdYi_5n24w"",""staged_payment_id"":""bblbmjBwhZjYdYi_5n24w"",""qb_deposit_id"":""10954"",""qb_entity_type"":""deposit"",""qb_entity_id"":""10954"",""amount"":""33.68"",""date_received"":""2020-01-15T00:00:00.000Z"",""payer"":""Stripe"",""accounts"":[""4020 Services - Earned Income"",""BUSINESS CHECKING (XXXXXX 8945)""],""classes"":[""Spo - Embracing Equity (deleted)""],""raw_reference"":""BUSINESS CHECKING (XXXXXX 8945)"",""line_description"":""STRIPE           TRANSFER          ST-B8C6N1J7L6G9 THE WILDFLOWER FOUNDAT""}]"
"bdep_c11d9ee1c671db6e147f2b0a","95.60","2021-03-03T00:00:00.000Z","STRIPE           TRANSFER          ST-H9L0F3F7F0O0 THE WILDFLOWER FOUNDAT","earned_income","rule_derived","","reviewed: componentless deposit, all QB accounts non-donation (0185)","4020 Services - Earned Income | BUSINESS CHECKING (XXXXXX 8945)","Stripe","[{""source"":""deposit_qbo_components"",""id"":""dqc_y-80mxQkUomA3sNCuMb5B"",""staged_payment_id"":""y-80mxQkUomA3sNCuMb5B"",""qb_deposit_id"":""14793"",""qb_entity_type"":""deposit"",""qb_entity_id"":""14793"",""amount"":""95.60"",""date_received"":""2021-03-03T00:00:00.000Z"",""payer"":""Stripe"",""accounts"":[""4020 Services - Earned Income"",""BUSINESS CHECKING (XXXXXX 8945)""],""classes"":[""Spo - Embracing Equity (deleted)""],""raw_reference"":""BUSINESS CHECKING (XXXXXX 8945)"",""line_description"":""STRIPE           TRANSFER          ST-H9L0F3F7F0O0 THE WILDFLOWER FOUNDAT""}]"
"bdep_c1b59157b74228127e406b63","868.27","2019-06-10T00:00:00.000Z","COBRA TRUST ACCT BASICPacif                        COBRA REMIT","expense_refund","rule_derived","","reviewed: componentless deposit, all QB accounts non-donation (0185)","2002 Benefit Liability | BUSINESS CHECKING (XXXXXX 8945)","","[{""source"":""deposit_qbo_components"",""id"":""dqc_QEPAC4yR4NhbGsSpNRXOr"",""staged_payment_id"":""QEPAC4yR4NhbGsSpNRXOr"",""qb_deposit_id"":""7590"",""qb_entity_type"":""deposit"",""qb_entity_id"":""7590"",""amount"":""868.27"",""date_received"":""2019-06-10T00:00:00.000Z"",""accounts"":[""2002 Benefit Liability"",""BUSINESS CHECKING (XXXXXX 8945)""],""classes"":[""Overhead (deleted)""],""raw_reference"":""COBRA TRUST ACCT BASICPacif                        COBRA REMIT"",""line_description"":""COBRA TRUST ACCT BASICPacif                        COBRA REMIT"",""transaction_memo"":""COBRA TRUST ACCT BASICPacif                        COBRA REMIT""}]"
"bdep_c1d217054005593bc94332ac","12500.00","2017-12-26T00:00:00.000Z","GUSTO CND 236590 171226 6semjmqa43l The Wildflower Foundat","expense_refund","rule_derived","","reviewed: componentless deposit, all QB accounts non-donation (0185)","7010.4 Payroll:3.Benefits:Payroll Taxes | BUSINESS CHECKING (XXXXXX 8945)","Gusto","[{""source"":""deposit_qbo_components"",""id"":""dqc_zT3mC7wdtKw4Em_3Tk1VH"",""staged_payment_id"":""zT3mC7wdtKw4Em_3Tk1VH"",""qb_deposit_id"":""2323"",""qb_entity_type"":""deposit"",""qb_entity_id"":""2323"",""amount"":""12500.00"",""date_received"":""2017-12-26T00:00:00.000Z"",""payer"":""Gusto"",""accounts"":[""7010.4 Payroll:3.Benefits:Payroll Taxes"",""BUSINESS CHECKING (XXXXXX 8945)""],""classes"":[""Overhead (deleted)""],""raw_reference"":""GUSTO CND 236590 171226 6semjmqa43l The Wildflower Foundat"",""line_description"":""GUSTO CND 236590 171226 6semjmqa43l The Wildflower Foundat"",""transaction_memo"":""GUSTO CND 236590 171226 6semjmqa43l The Wildflower Foundat""}]"
"bdep_c3b21a1acf5abbda2b02c884","242.45","2020-05-28T00:00:00.000Z","STRIPE           TRANSFER          ST-T7F1A4Q0V3H2 THE WILDFLOWER FOUNDAT","earned_income","rule_derived","","reviewed: componentless deposit, all QB accounts non-donation (0185)","4020 Services - Earned Income | BUSINESS CHECKING (XXXXXX 8945)","Stripe","[{""source"":""deposit_qbo_components"",""id"":""dqc_4vrrGALW-rzXyUWZqRBx7"",""staged_payment_id"":""4vrrGALW-rzXyUWZqRBx7"",""qb_deposit_id"":""12055"",""qb_entity_type"":""deposit"",""qb_entity_id"":""12055"",""amount"":""242.45"",""date_received"":""2020-05-28T00:00:00.000Z"",""payer"":""Stripe"",""accounts"":[""4020 Services - Earned Income"",""BUSINESS CHECKING (XXXXXX 8945)""],""classes"":[""Spo - Embracing Equity (deleted)""],""raw_reference"":""BUSINESS CHECKING (XXXXXX 8945)"",""line_description"":""STRIPE           TRANSFER          ST-T7F1A4Q0V3H2 THE WILDFLOWER FOUNDAT""}]"
"bdep_c3bc695b52c4b5976a6df1e0","775.04","2020-08-10T00:00:00.000Z","STRIPE           TRANSFER          ST-M3O1J8I4I2G8 THE WILDFLOWER FOUNDAT","earned_income","rule_derived","","reviewed: componentless deposit, all QB accounts non-donation (0185)","4020 Services - Earned Income | BUSINESS CHECKING (XXXXXX 8945)","Stripe","[{""source"":""deposit_qbo_components"",""id"":""dqc_HtBzzszk5BFjhcuUKvjdG"",""staged_payment_id"":""HtBzzszk5BFjhcuUKvjdG"",""qb_deposit_id"":""13025"",""qb_entity_type"":""deposit"",""qb_entity_id"":""13025"",""amount"":""775.04"",""date_received"":""2020-08-10T00:00:00.000Z"",""payer"":""Stripe"",""accounts"":[""4020 Services - Earned Income"",""BUSINESS CHECKING (XXXXXX 8945)""],""classes"":[""Spo - Embracing Equity (deleted)""],""raw_reference"":""BUSINESS CHECKING (XXXXXX 8945)"",""line_description"":""STRIPE           TRANSFER          ST-M3O1J8I4I2G8 THE WILDFLOWER FOUNDAT""}]"
"bdep_c3c4585012d8ef79a3551406","33.68","2019-08-05T00:00:00.000Z","STRIPE           TRANSFER          ST-Q3S2V2V1Q1O4 THE WILDFLOWER FOUNDAT","earned_income","rule_derived","","reviewed: componentless deposit, all QB accounts non-donation (0185)","4020 Services - Earned Income | BUSINESS CHECKING (XXXXXX 8945)","Stripe","[{""source"":""deposit_qbo_components"",""id"":""dqc_Em6hl_sEcKe-ncwC3dh48"",""staged_payment_id"":""Em6hl_sEcKe-ncwC3dh48"",""qb_deposit_id"":""8478"",""qb_entity_type"":""deposit"",""qb_entity_id"":""8478"",""amount"":""33.68"",""date_received"":""2019-08-05T00:00:00.000Z"",""payer"":""Stripe"",""accounts"":[""4020 Services - Earned Income"",""BUSINESS CHECKING (XXXXXX 8945)""],""classes"":[""Spo - Embracing Equity (deleted)""],""raw_reference"":""STRIPE           TRANSFER          ST-Q3S2V2V1Q1O4 THE WILDFLOWER FOUNDAT"",""line_description"":""STRIPE           TRANSFER          ST-Q3S2V2V1Q1O4 THE WILDFLOWER FOUNDAT"",""transaction_memo"":""STRIPE           TRANSFER          ST-Q3S2V2V1Q1O4 THE WILDFLOWER FOUNDAT""}]"
"bdep_c3d8e7823a59dbfad7217bfa","150000.00","2021-12-13T00:00:00.000Z","WT FED#05398 SIGNATURE BANK        /ORG=WILDFLOWER NEW YORK CHARTER SC                SRF#                2037 TRN#211213190069  RFB#","loan","rule_derived","","reviewed: componentless deposit, all QB accounts non-donation (0185)","1600 Loans to Schools | BUSINESS CHECKING (XXXXXX 8945)","WNYCS","[{""source"":""deposit_qbo_components"",""id"":""dqc_uM_-rgnG3jVDJVTxSzPwG"",""staged_payment_id"":""uM_-rgnG3jVDJVTxSzPwG"",""qb_deposit_id"":""18699"",""qb_entity_type"":""deposit"",""qb_entity_id"":""18699"",""amount"":""150000.00"",""date_received"":""2021-12-13T00:00:00.000Z"",""payer"":""WNYCS"",""accounts"":[""1600 Loans to Schools"",""BUSINESS CHECKING (XXXXXX 8945)""],""classes"":[""National (deleted):Loans (deleted)""],""raw_reference"":""WNYCS Loan Payment"",""line_description"":""WNYCS Loan Payment"",""transaction_memo"":""WNYCS Loan Payment""}]"
"bdep_c519472e7248f3bb83b55432","3651.78","2025-10-27T00:00:00.000Z","Bill.com         Receivable        015ZFWOXQSPP3OV Urban Village Montessori Bill.com 015ZFWOXQSPP3O","membership","rule_derived","","reviewed: affiliated-school membership (name-confirmed; 0176)","","","[{""source"":""bank_deposit_qbo_register"",""id"":""bdqr_bdep_c519472e7248f3bb83b55432"",""bank_transaction_id"":""bnk_50156b46a184b36ad1b1e70c"",""amount"":""3651.78"",""txn_date"":""2025-10-27T00:00:00.000Z"",""txn_type"":""Journal"",""ref_no"":""PPD Exp Sep 2028"",""memo"":""BILL 10/27/25 AR Payments"",""reconciliation_status"":""Reconciled""}]"
"bdep_c52bafd8712aa1c2985ebee1","681.30","2021-01-12T00:00:00.000Z","COBRA TRUST ACCT BASICPacif                        COBRA REMIT","expense_refund","rule_derived","","reviewed: componentless deposit, all QB accounts non-donation (0185)","2002 Benefit Liability | BUSINESS CHECKING (XXXXXX 8945)","","[{""source"":""deposit_qbo_components"",""id"":""dqc_VUzKEzQ36ZaN_BCnu532V"",""staged_payment_id"":""VUzKEzQ36ZaN_BCnu532V"",""qb_deposit_id"":""14287"",""qb_entity_type"":""deposit"",""qb_entity_id"":""14287"",""amount"":""681.30"",""date_received"":""2021-01-12T00:00:00.000Z"",""accounts"":[""2002 Benefit Liability"",""BUSINESS CHECKING (XXXXXX 8945)""],""classes"":[""National (deleted)""],""raw_reference"":""BUSINESS CHECKING (XXXXXX 8945)"",""line_description"":""COBRA TRUST ACCT BASICPacif                        COBRA REMIT""}]"
"bdep_c5e2d18325eca2a406cb69c4","970.40","2020-04-24T00:00:00.000Z","STRIPE           TRANSFER          ST-W2D6P5R9K0A5 THE WILDFLOWER FOUNDAT","earned_income","rule_derived","","reviewed: componentless deposit, all QB accounts non-donation (0185)","4020 Services - Earned Income | BUSINESS CHECKING (XXXXXX 8945)","Stripe","[{""source"":""deposit_qbo_components"",""id"":""dqc_62sTgyNPN9tLNwztQh5V4"",""staged_payment_id"":""62sTgyNPN9tLNwztQh5V4"",""qb_deposit_id"":""11748"",""qb_entity_type"":""deposit"",""qb_entity_id"":""11748"",""amount"":""970.40"",""date_received"":""2020-04-24T00:00:00.000Z"",""payer"":""Stripe"",""accounts"":[""4020 Services - Earned Income"",""BUSINESS CHECKING (XXXXXX 8945)""],""classes"":[""Spo - Embracing Equity (deleted)""],""raw_reference"":""BUSINESS CHECKING (XXXXXX 8945)"",""line_description"":""STRIPE           TRANSFER          ST-W2D6P5R9K0A5 THE WILDFLOWER FOUNDAT""}]"
"bdep_c64ab37e30edf6621babdec5","4990.56","2025-09-04T00:00:00.000Z","Wildflower New Y Receivable        016ZJTJFC3UIS8I 016ZJTJFC3UIS8I Wildflower New Y Bill.com Inv FY","membership","rule_derived","","reviewed: componentless deposit, all QB accounts non-donation (0185)","Network Membership Fees (School SItes)","Wildflower New York Charter School","[{""source"":""deposit_qbo_components"",""id"":""dqc_61v64ifPY_FKi3kTHoVjN"",""staged_payment_id"":""61v64ifPY_FKi3kTHoVjN"",""qb_deposit_id"":""35894"",""qb_entity_type"":""payment"",""qb_entity_id"":""35170"",""amount"":""4990.56"",""date_received"":""2025-09-03T00:00:00.000Z"",""payer"":""Wildflower New York Charter School"",""accounts"":[""Network Membership Fees (School SItes)""],""items"":[""School Contributions""],""raw_reference"":""P25090202 - 5344175"",""line_description"":""Inv FY26TWF - Invoice  61"",""transaction_memo"":""Inv FY26TWF - Invoice  61""}]"
"bdep_c692e10262ef43c254353eff","545.45","2024-07-29T00:00:00.000Z","Rain Lily Montes Bill.com          026LCKWHG10608H Rain Lily Montessori Bill.com 026LCKWHG10608H In","membership","rule_derived","","reviewed: componentless deposit, all QB accounts non-donation (0185)","Network Membership Fees (School SItes)","Rain Lily Montessori School, Inc.","[{""source"":""deposit_qbo_components"",""id"":""dqc_Cih-IAwWCz68O2_L6VQ7Y"",""staged_payment_id"":""Cih-IAwWCz68O2_L6VQ7Y"",""qb_deposit_id"":""29752"",""qb_entity_type"":""payment"",""qb_entity_id"":""29396"",""amount"":""545.45"",""date_received"":""2024-07-26T00:00:00.000Z"",""payer"":""Rain Lily Montessori School, Inc."",""accounts"":[""Network Membership Fees (School SItes)""],""items"":[""School Contributions""],""raw_reference"":""P24072002 - 8022704"",""line_description"":""Inv 79252461-100"",""transaction_memo"":""Inv 79252461-100""}]"
"bdep_c6b91f73c7d825cc32385700","33.68","2020-06-29T00:00:00.000Z","STRIPE           TRANSFER          ST-V0Q4I7F8C7H7 THE WILDFLOWER FOUNDAT","earned_income","rule_derived","","reviewed: componentless deposit, all QB accounts non-donation (0185)","4020 Services - Earned Income | BUSINESS CHECKING (XXXXXX 8945)","Stripe","[{""source"":""deposit_qbo_components"",""id"":""dqc_Hl1VB8PCs2-DzrLFr7w6K"",""staged_payment_id"":""Hl1VB8PCs2-DzrLFr7w6K"",""qb_deposit_id"":""12233"",""qb_entity_type"":""deposit"",""qb_entity_id"":""12233"",""amount"":""33.68"",""date_received"":""2020-06-29T00:00:00.000Z"",""payer"":""Stripe"",""accounts"":[""4020 Services - Earned Income"",""BUSINESS CHECKING (XXXXXX 8945)""],""classes"":[""Spo - Embracing Equity (deleted)""],""raw_reference"":""BUSINESS CHECKING (XXXXXX 8945)"",""line_description"":""STRIPE           TRANSFER          ST-V0Q4I7F8C7H7 THE WILDFLOWER FOUNDAT""}]"
"bdep_c6e16bd011dd2018a3dcb3fc","126.03","2020-08-11T00:00:00.000Z","STRIPE           TRANSFER          ST-F4Q0D9N1A8P5 THE WILDFLOWER FOUNDAT","earned_income","rule_derived","","reviewed: componentless deposit, all QB accounts non-donation (0185)","4020 Services - Earned Income | BUSINESS CHECKING (XXXXXX 8945)","Stripe","[{""source"":""deposit_qbo_components"",""id"":""dqc_G6SWZvoSJsrmfM8Uh4HvX"",""staged_payment_id"":""G6SWZvoSJsrmfM8Uh4HvX"",""qb_deposit_id"":""13026"",""qb_entity_type"":""deposit"",""qb_entity_id"":""13026"",""amount"":""126.03"",""date_received"":""2020-08-11T00:00:00.000Z"",""payer"":""Stripe"",""accounts"":[""4020 Services - Earned Income"",""BUSINESS CHECKING (XXXXXX 8945)""],""classes"":[""Spo - Embracing Equity (deleted)""],""raw_reference"":""BUSINESS CHECKING (XXXXXX 8945)"",""line_description"":""STRIPE           TRANSFER          ST-F4Q0D9N1A8P5 THE WILDFLOWER FOUNDAT""}]"
"bdep_c7386bc5df0fd7ac080d20a0","5.39","2022-03-08T00:00:00.000Z","PURCHASE RETURN                         AUTHORIZED ON   03/08 TARGET T- 1300 W Lake     Minneapolis   MN  P000000275208494   CARD 7365","expense_refund","rule_derived","","reviewed: componentless deposit, all QB accounts non-donation (0185)","7026 All Other Expenditures:Food | BUSINESS CHECKING (XXXXXX 8945)","Target","[{""source"":""deposit_qbo_components"",""id"":""dqc_0R9T_8OnTTxrjPn1lGVp-"",""staged_payment_id"":""0R9T_8OnTTxrjPn1lGVp-"",""qb_deposit_id"":""19531"",""qb_entity_type"":""deposit"",""qb_entity_id"":""19531"",""amount"":""5.39"",""date_received"":""2022-03-08T00:00:00.000Z"",""payer"":""Target"",""accounts"":[""7026 All Other Expenditures:Food"",""BUSINESS CHECKING (XXXXXX 8945)""],""classes"":[""National (deleted):Foundation General (deleted)""],""raw_reference"":""Drinks and Supplies for In person lunch"",""line_description"":""Drinks and Supplies for In person lunch"",""transaction_memo"":""Drinks and Supplies for In person lunch""}]"
"bdep_c761df5df41b543f7a68d01a","3500.00","2024-11-12T00:00:00.000Z","ACUDEN           EFT PAY    241112 XXXXXXXX61571   THE WILDFLOWER FOUNDAT","earned_income","rule_derived","","reviewed: componentless deposit, all QB accounts non-donation (0185)","4020 Services - Earned Income | BUSINESS CHECKING (XXXXXX 8945)","Acuden","[{""source"":""deposit_qbo_components"",""id"":""dqc_yYATw4iJKiCEYUFfxgouz"",""staged_payment_id"":""yYATw4iJKiCEYUFfxgouz"",""qb_deposit_id"":""30926"",""qb_entity_type"":""deposit"",""qb_entity_id"":""30926"",""amount"":""3500.00"",""date_received"":""2024-11-12T00:00:00.000Z"",""payer"":""Acuden"",""accounts"":[""4020 Services - Earned Income"",""BUSINESS CHECKING (XXXXXX 8945)""],""raw_reference"":""BUSINESS CHECKING (XXXXXX 8945)"",""line_description"":""ACUDEN           EFT PAY    241112 XXXXXXXX61571   THE WILDFLOWER FOUNDAT""}]"
"bdep_c7d174c524b5928f2a82314a","246.70","2020-06-10T00:00:00.000Z","STRIPE           TRANSFER          ST-Q9E0I4U0E4X8 THE WILDFLOWER FOUNDAT","earned_income","rule_derived","","reviewed: componentless deposit, all QB accounts non-donation (0185)","4020 Services - Earned Income | BUSINESS CHECKING (XXXXXX 8945)","Stripe","[{""source"":""deposit_qbo_components"",""id"":""dqc_NPMGuAAjoMHcBybcQ4cAB"",""staged_payment_id"":""NPMGuAAjoMHcBybcQ4cAB"",""qb_deposit_id"":""12223"",""qb_entity_type"":""deposit"",""qb_entity_id"":""12223"",""amount"":""246.70"",""date_received"":""2020-06-10T00:00:00.000Z"",""payer"":""Stripe"",""accounts"":[""4020 Services - Earned Income"",""BUSINESS CHECKING (XXXXXX 8945)""],""classes"":[""Spo - Embracing Equity (deleted)""],""raw_reference"":""BUSINESS CHECKING (XXXXXX 8945)"",""line_description"":""STRIPE           TRANSFER          ST-Q9E0I4U0E4X8 THE WILDFLOWER FOUNDAT""}]"
"bdep_c7e407d077bc018a0f1190cf","212.50","2022-01-31T00:00:00.000Z","Morgan Stanley   ACH CREDIT 220128 101208553102jqh The Wildflower Foundat","loan","rule_derived","","reviewed: componentless deposit, all QB accounts non-donation (0185)","1600 Loans to Schools | BUSINESS CHECKING (XXXXXX 8945)","Morgan Stanley","[{""source"":""deposit_qbo_components"",""id"":""dqc_WcqQIw4RUcwnDQt-RbgHR"",""staged_payment_id"":""WcqQIw4RUcwnDQt-RbgHR"",""qb_deposit_id"":""18582"",""qb_entity_type"":""deposit"",""qb_entity_id"":""18582"",""amount"":""212.50"",""date_received"":""2022-01-31T00:00:00.000Z"",""payer"":""Morgan Stanley"",""accounts"":[""1600 Loans to Schools"",""BUSINESS CHECKING (XXXXXX 8945)""],""raw_reference"":""Dahlia Montessori Repayment"",""line_description"":""Dahlia Montessori Repayment"",""transaction_memo"":""Dahlia Montessori Repayment""}]"
"bdep_c85c33f4444ba0f3d49757ce","1500.00","2017-10-02T00:00:00.000Z","INTUIT PYMT SOLN DEPOSIT 171001 524771997507722 THE WILDFLOWER FOUNDAT","loan","rule_derived","","reviewed: componentless deposit, all QB accounts non-donation (0185)","1600 Loans to Schools | BUSINESS CHECKING (XXXXXX 8945)","Loan - Snowdrop","[{""source"":""deposit_qbo_components"",""id"":""dqc_kNLbKhjmPhFauue98Z8FX"",""staged_payment_id"":""kNLbKhjmPhFauue98Z8FX"",""qb_deposit_id"":""2774"",""qb_entity_type"":""deposit"",""qb_entity_id"":""2774"",""amount"":""1500.00"",""date_received"":""2017-10-02T00:00:00.000Z"",""payer"":""Loan - Snowdrop"",""accounts"":[""1600 Loans to Schools"",""BUSINESS CHECKING (XXXXXX 8945)""],""classes"":[""Loan Payment (deleted)""],""raw_reference"":""INTUIT PYMT SOLN DEPOSIT 171001 524771997507722 THE WILDFLOWER FOUNDAT"",""line_description"":""INTUIT PYMT SOLN DEPOSIT 171001 524771997507722 THE WILDFLOWER FOUNDAT"",""transaction_memo"":""INTUIT PYMT SOLN DEPOSIT 171001 524771997507722 THE WILDFLOWER FOUNDAT""}]"
"bdep_c85d618b7e57726b0a1743f9","1611.67","2022-06-13T00:00:00.000Z","BASIC            BASICCOBRA 220613                 The Wildflower Foundat","expense_refund","rule_derived","","reviewed: componentless deposit, all QB accounts non-donation (0185)","2002 Benefit Liability | BUSINESS CHECKING (XXXXXX 8945)","","[{""source"":""deposit_qbo_components"",""id"":""dqc_WghDomCiwUaCTEnzW3vcR"",""staged_payment_id"":""WghDomCiwUaCTEnzW3vcR"",""qb_deposit_id"":""20071"",""qb_entity_type"":""deposit"",""qb_entity_id"":""20071"",""amount"":""1611.67"",""date_received"":""2022-06-13T00:00:00.000Z"",""accounts"":[""2002 Benefit Liability"",""BUSINESS CHECKING (XXXXXX 8945)""],""raw_reference"":""BUSINESS CHECKING (XXXXXX 8945)"",""line_description"":""BASIC            BASICCOBRA 220613                 The Wildflower Foundat""}]"
"bdep_c8a0e9b26fe7ae4978a425bb","2000.00","2019-06-11T00:00:00.000Z","ATM CHECK DEPOSIT              ON              06/11 3030 NICOLLET AVE         MINNEAPOLIS   MN  0001035           ATM ID 5813V    CARD 7365","earned_income","rule_derived","","reviewed: componentless deposit, all QB accounts non-donation (0185)","4020 Services - Earned Income | BUSINESS CHECKING (XXXXXX 8945)","Montessori for Social Justice","[{""source"":""deposit_qbo_components"",""id"":""dqc_G93C2CXUWyBn8u3PCh6rr"",""staged_payment_id"":""G93C2CXUWyBn8u3PCh6rr"",""qb_deposit_id"":""7929"",""qb_entity_type"":""deposit"",""qb_entity_id"":""7929"",""amount"":""2000.00"",""date_received"":""2019-06-11T00:00:00.000Z"",""payer"":""Montessori for Social Justice"",""accounts"":[""4020 Services - Earned Income"",""BUSINESS CHECKING (XXXXXX 8945)""],""classes"":[""Existing School Support (deleted)""],""raw_reference"":""ATM CHECK DEPOSIT              ON              06/11 3030 NICOLLET AVE         MINNEAPOLIS   MN  0001035           ATM ID 5813V    CARD 7365"",""line_description"":""ATM CHECK DEPOSIT              ON              06/11 3030 NICOLLET AVE         MINNEAPOLIS   MN  0001035           ATM ID 5813V    CARD 7365"",""transaction_memo"":""ATM CHECK DEPOSIT              ON              06/11 3030 NICOLLET AVE         MINNEAPOLIS   MN  0001035           ATM ID 5813V    CARD 7365""}]"
"bdep_c8ac9a013732a6b145de0776","545.45","2025-01-29T00:00:00.000Z","Desert Peach Mon Bill.com          026TYCBOR193LZY Desert Peach Montessori School Bill.com 026TYCBO","membership","rule_derived","","reviewed: componentless deposit, all QB accounts non-donation (0185)","Network Membership Fees (School SItes)","Rain Lily Montessori School, Inc.","[{""source"":""deposit_qbo_components"",""id"":""dqc_M78Q6RJkWG7kXyKIyyXSX"",""staged_payment_id"":""M78Q6RJkWG7kXyKIyyXSX"",""qb_deposit_id"":""32450"",""qb_entity_type"":""payment"",""qb_entity_id"":""31738"",""amount"":""545.45"",""date_received"":""2025-01-28T00:00:00.000Z"",""payer"":""Rain Lily Montessori School, Inc."",""accounts"":[""Network Membership Fees (School SItes)""],""items"":[""School Contributions""],""raw_reference"":""P25012102 - 9088550"",""line_description"":""Inv 1734800475822"",""transaction_memo"":""Inv 1734800475822""}]"
"bdep_c98db2186c772366a16d03ad","193.90","2019-09-11T00:00:00.000Z","STRIPE           TRANSFER          ST-M1O5R0G1W2Z3 THE WILDFLOWER FOUNDAT","earned_income","rule_derived","","reviewed: componentless deposit, all QB accounts non-donation (0185)","4020 Services - Earned Income | BUSINESS CHECKING (XXXXXX 8945)","Stripe","[{""source"":""deposit_qbo_components"",""id"":""dqc_lOH8xgpYQgPUOfEhUVOe1"",""staged_payment_id"":""lOH8xgpYQgPUOfEhUVOe1"",""qb_deposit_id"":""8957"",""qb_entity_type"":""deposit"",""qb_entity_id"":""8957"",""amount"":""193.90"",""date_received"":""2019-09-11T00:00:00.000Z"",""payer"":""Stripe"",""accounts"":[""4020 Services - Earned Income"",""BUSINESS CHECKING (XXXXXX 8945)""],""classes"":[""Spo - Embracing Equity (deleted)""],""raw_reference"":""BUSINESS CHECKING (XXXXXX 8945)"",""line_description"":""STRIPE           TRANSFER          ST-M1O5R0G1W2Z3 THE WILDFLOWER FOUNDAT""}]"
"bdep_c9c6e487491690f38ba4dcda","666.67","2025-10-08T00:00:00.000Z","Orchid Montessor Bill.com          016IEZUWD3VRBRP Orchid Montessori Bill.com 016IEZUWD3VRBRP Inv T","membership","rule_derived","","reviewed: componentless deposit, all QB accounts non-donation (0185)","Network Membership Fees (School SItes)","Orchid Montessori School","[{""source"":""deposit_qbo_components"",""id"":""dqc_9INYsU1rAGtZSYOeaCXT2"",""staged_payment_id"":""9INYsU1rAGtZSYOeaCXT2"",""qb_deposit_id"":""36542"",""qb_entity_type"":""payment"",""qb_entity_id"":""35577"",""amount"":""666.67"",""date_received"":""2025-10-07T00:00:00.000Z"",""payer"":""Orchid Montessori School"",""accounts"":[""Network Membership Fees (School SItes)""],""items"":[""School Contributions""],""raw_reference"":""P25100201 - 8924609"",""line_description"":""Inv TWF - Oct Invoice043"",""transaction_memo"":""Inv TWF - Oct Invoice043""}]"
"bdep_caddc07899dec1db2ff6e5ce","162.10","2025-10-07T00:00:00.000Z","GUSTO PAYROLL    TAX 355025 251007 6semk64gp4v     The Wildflower Foundat","expense_refund","rule_derived","","reviewed: componentless deposit, all QB accounts non-donation (0185)","7010.4 Payroll:3.Benefits:Payroll Taxes | BUSINESS CHECKING (XXXXXX 8945)","","[{""source"":""deposit_qbo_components"",""id"":""dqc_ozK0Kzae9ih4UkI-mpLU4"",""staged_payment_id"":""ozK0Kzae9ih4UkI-mpLU4"",""qb_deposit_id"":""36517"",""qb_entity_type"":""deposit"",""qb_entity_id"":""36517"",""amount"":""162.10"",""date_received"":""2025-10-07T00:00:00.000Z"",""accounts"":[""7010.4 Payroll:3.Benefits:Payroll Taxes"",""BUSINESS CHECKING (XXXXXX 8945)""],""raw_reference"":""BUSINESS CHECKING (XXXXXX 8945)"",""line_description"":""GUSTO PAYROLL    TAX 355025 251007 6semk64gp4v     The Wildflower Foundat""}]"
"bdep_caeb06e3cee93db5d19478d1","43.75","2020-09-29T00:00:00.000Z","INTUIT PYMT SOLN HIST RTN   200929 524771997507722 THE WILDFLOWER FOUNDAT","expense_refund","rule_derived","","reviewed: componentless deposit, all QB accounts non-donation (0185)","7003 All Other Expenditures:Bank Charges | BUSINESS CHECKING (XXXXXX 8945)","","[{""source"":""deposit_qbo_components"",""id"":""dqc_dWX7lGlLeJoSTaN3-yayi"",""staged_payment_id"":""dWX7lGlLeJoSTaN3-yayi"",""qb_deposit_id"":""13685"",""qb_entity_type"":""deposit"",""qb_entity_id"":""13685"",""amount"":""43.75"",""date_received"":""2020-09-29T00:00:00.000Z"",""accounts"":[""7003 All Other Expenditures:Bank Charges"",""BUSINESS CHECKING (XXXXXX 8945)""],""classes"":[""National (deleted):Foundation Operations (deleted)""],""raw_reference"":""BUSINESS CHECKING (XXXXXX 8945)"",""line_description"":""INTUIT PYMT SOLN HIST RTN   200929 524771997507722 THE WILDFLOWER FOUNDAT""}]"
"bdep_cb7f65bf7bab005c9d934618","485.20","2019-07-18T00:00:00.000Z","STRIPE           TRANSFER          ST-K6N6R5E3H5T5 THE WILDFLOWER FOUNDAT","earned_income","rule_derived","","reviewed: componentless deposit, all QB accounts non-donation (0185)","4020 Services - Earned Income | BUSINESS CHECKING (XXXXXX 8945)","Stripe","[{""source"":""deposit_qbo_components"",""id"":""dqc_S6N0sDn7Mq9_iz6hM9xB9"",""staged_payment_id"":""S6N0sDn7Mq9_iz6hM9xB9"",""qb_deposit_id"":""8310"",""qb_entity_type"":""deposit"",""qb_entity_id"":""8310"",""amount"":""485.20"",""date_received"":""2019-07-18T00:00:00.000Z"",""payer"":""Stripe"",""accounts"":[""4020 Services - Earned Income"",""BUSINESS CHECKING (XXXXXX 8945)""],""classes"":[""Existing School Support (deleted)""],""raw_reference"":""STRIPE           TRANSFER          ST-K6N6R5E3H5T5 THE WILDFLOWER FOUNDAT"",""line_description"":""STRIPE           TRANSFER          ST-K6N6R5E3H5T5 THE WILDFLOWER FOUNDAT"",""transaction_memo"":""STRIPE           TRANSFER          ST-K6N6R5E3H5T5 THE WILDFLOWER FOUNDAT""}]"
"bdep_cc35b4f5c7a777d7980e5873","81.93","2018-10-24T00:00:00.000Z","STRIPE           TRANSFER                          X 201810241","earned_income","rule_derived","","reviewed: componentless deposit, all QB accounts non-donation (0185)","4020 Services - Earned Income | BUSINESS CHECKING (XXXXXX 8945)","","[{""source"":""deposit_qbo_components"",""id"":""dqc_H2cc8n1dEm4AGvkqcvNEl"",""staged_payment_id"":""H2cc8n1dEm4AGvkqcvNEl"",""qb_deposit_id"":""4909"",""qb_entity_type"":""deposit"",""qb_entity_id"":""4909"",""amount"":""81.93"",""date_received"":""2018-10-24T00:00:00.000Z"",""accounts"":[""4020 Services - Earned Income"",""BUSINESS CHECKING (XXXXXX 8945)""],""raw_reference"":""STRIPE           TRANSFER                          X 201810241"",""line_description"":""STRIPE           TRANSFER                          X 201810241"",""transaction_memo"":""STRIPE           TRANSFER                          X 201810241""}]"
"bdep_cc64afff27a1820b0223a274","11600.00","2023-06-22T00:00:00.000Z","Bill.com         Receivable        016SPVLRJ2OTW33        Aster (c) Bill.com 016SPVLRJ2OTW33 Inv #7","membership","rule_derived","","reviewed: affiliated-school membership (name-confirmed; 0176)","1503 Pledges/Services Receivable","Aster Montessori School Inc","[{""source"":""bank_deposit_qbo_register"",""id"":""bdqr_bdep_cc64afff27a1820b0223a274"",""bank_transaction_id"":""bnk_e253efcb6d33d4893a53df3a"",""amount"":""11600.00"",""txn_date"":""2023-06-22T00:00:00.000Z"",""txn_type"":""Payment"",""payer"":""Aster Montessori School Inc"",""accounts"":[""1503 Pledges/Services Receivable""],""reconciliation_status"":""Reconciled""}]"
"bdep_ccf4afe7bcbcca4716812fa6","3731.18","2025-04-28T00:00:00.000Z","Minnesota Wildfl Receivable        016EAZMYM3PQGXM 016EAZMYM3PQGXM Minnesota Wildfl Bill.com Inv 15","membership","rule_derived","","reviewed: componentless deposit, all QB accounts non-donation (0185)","Network Membership Fees (School SItes)","Minnesota Wildflower Montessori School","[{""source"":""deposit_qbo_components"",""id"":""dqc_woZ5XM89lcgn1H7b2xMlx"",""staged_payment_id"":""woZ5XM89lcgn1H7b2xMlx"",""qb_deposit_id"":""33559"",""qb_entity_type"":""payment"",""qb_entity_id"":""33067"",""amount"":""3731.18"",""date_received"":""2025-04-25T00:00:00.000Z"",""payer"":""Minnesota Wildflower Montessori School"",""accounts"":[""Network Membership Fees (School SItes)""],""items"":[""School Contributions""],""raw_reference"":""P25042401 - 8167280"",""line_description"":""Inv 15-TWF"",""transaction_memo"":""Inv 15-TWF""}]"
"bdep_ce3fa5347b8a6c20728f5ed0","868.27","2019-05-10T00:00:00.000Z","COBRA TRUST ACCT BASICPacif                        COBRA REMIT","expense_refund","rule_derived","","reviewed: componentless deposit, all QB accounts non-donation (0185)","2002 Benefit Liability | BUSINESS CHECKING (XXXXXX 8945)","","[{""source"":""deposit_qbo_components"",""id"":""dqc_iAXYAMrHgmYVx6COpFEdN"",""staged_payment_id"":""iAXYAMrHgmYVx6COpFEdN"",""qb_deposit_id"":""7483"",""qb_entity_type"":""deposit"",""qb_entity_id"":""7483"",""amount"":""868.27"",""date_received"":""2019-05-10T00:00:00.000Z"",""accounts"":[""2002 Benefit Liability"",""BUSINESS CHECKING (XXXXXX 8945)""],""classes"":[""Overhead (deleted)""],""raw_reference"":""COBRA TRUST ACCT BASICPacif                        COBRA REMIT"",""line_description"":""COBRA TRUST ACCT BASICPacif                        COBRA REMIT"",""transaction_memo"":""COBRA TRUST ACCT BASICPacif                        COBRA REMIT""}]"
"bdep_ce5ce4cd8f8ad6e88ff090f8","813.28","2020-07-14T00:00:00.000Z","STRIPE           TRANSFER          ST-G6M5O0I5D8P7 THE WILDFLOWER FOUNDAT","earned_income","rule_derived","","reviewed: componentless deposit, all QB accounts non-donation (0185)","4020 Services - Earned Income | BUSINESS CHECKING (XXXXXX 8945)","Stripe","[{""source"":""deposit_qbo_components"",""id"":""dqc_G7Wz6-eK0oFmzMQ9HSlvp"",""staged_payment_id"":""G7Wz6-eK0oFmzMQ9HSlvp"",""qb_deposit_id"":""12892"",""qb_entity_type"":""deposit"",""qb_entity_id"":""12892"",""amount"":""813.28"",""date_received"":""2020-07-14T00:00:00.000Z"",""payer"":""Stripe"",""accounts"":[""4020 Services - Earned Income"",""BUSINESS CHECKING (XXXXXX 8945)""],""classes"":[""Spo - Embracing Equity (deleted)""],""raw_reference"":""BUSINESS CHECKING (XXXXXX 8945)"",""line_description"":""STRIPE           TRANSFER          ST-G6M5O0I5D8P7 THE WILDFLOWER FOUNDAT""}]"
"bdep_ceb48f77260093a2ee661905","35.00","2019-11-27T00:00:00.000Z","Eventbrite, INC. EDI PYMNTS        3-11254579      RMR*IV*81073871131**35*35\","expense_refund","rule_derived","","reviewed: componentless deposit, all QB accounts non-donation (0185)","7038 All Other Expenditures:Wildflower Hosted Trainings | BUSINESS CHECKING (XXXXXX 8945)","Misc Customer","[{""source"":""deposit_qbo_components"",""id"":""dqc_p6X4I0ZNuhbUlp1hoFPE0"",""staged_payment_id"":""p6X4I0ZNuhbUlp1hoFPE0"",""qb_deposit_id"":""9828"",""qb_entity_type"":""deposit"",""qb_entity_id"":""9828"",""amount"":""35.00"",""date_received"":""2019-11-27T00:00:00.000Z"",""payer"":""Misc Customer"",""accounts"":[""7038 All Other Expenditures:Wildflower Hosted Trainings"",""BUSINESS CHECKING (XXXXXX 8945)""],""classes"":[""National (deleted):Teacher Leader Cultivation (deleted)""],""raw_reference"":""BUSINESS CHECKING (XXXXXX 8945)"",""line_description"":""Eventbrite, INC. EDI PYMNTS        3-11254579      RMR*IV*81073871131**35*35\\""}]"
"bdep_cf0e11ab132d802f1e7fdc09","178.49","2024-08-29T00:00:00.000Z","ESSP             HIST RTN   240829 797974        1             333487The","expense_refund","rule_derived","","reviewed: componentless deposit, all QB accounts non-donation (0185)","7010.4 Payroll:3.Benefits:Payroll Taxes | BUSINESS CHECKING (XXXXXX 8945)","5e","[{""source"":""deposit_qbo_components"",""id"":""dqc_LwayFGeYC_S5vTymQS_Ld"",""staged_payment_id"":""LwayFGeYC_S5vTymQS_Ld"",""qb_deposit_id"":""30434"",""qb_entity_type"":""deposit"",""qb_entity_id"":""30434"",""amount"":""178.49"",""date_received"":""2024-08-29T00:00:00.000Z"",""payer"":""5e"",""accounts"":[""7010.4 Payroll:3.Benefits:Payroll Taxes"",""BUSINESS CHECKING (XXXXXX 8945)""],""raw_reference"":""BUSINESS CHECKING (XXXXXX 8945)"",""line_description"":""ESSP             HIST RTN   240829 797974        1             333487The""}]"
"bdep_d03b27eaccfae5314bdf5bf0","24750.00","2025-10-03T00:00:00.000Z","ONLINE TRANSFER REPAY TWF FOR LOAN TO FLOR DE LOTO 091725 REF #BB0V5TGNF7","loan","rule_derived","","reviewed: componentless deposit, all QB accounts non-donation (0185)","1600 Loans to Schools | BUSINESS CHECKING (XXXXXX 8945)","","[{""source"":""deposit_qbo_components"",""id"":""dqc_IsOaBsFroFefuU5chj0RL"",""staged_payment_id"":""IsOaBsFroFefuU5chj0RL"",""qb_deposit_id"":""36537"",""qb_entity_type"":""deposit"",""qb_entity_id"":""36537"",""amount"":""24750.00"",""date_received"":""2025-10-03T00:00:00.000Z"",""accounts"":[""1600 Loans to Schools"",""BUSINESS CHECKING (XXXXXX 8945)""],""raw_reference"":""BUSINESS CHECKING (XXXXXX 8945)"",""line_description"":""ONLINE TRANSFER REPAY TWF FOR LOAN TO FLOR DE LOTO 091725 REF #BB0V5TGNF7""}]"
"bdep_d1719541c6e94692080dc3fc","552.48","2023-07-14T00:00:00.000Z","BASIC            BASICCOBRA 230714                 The Wildflower Foundat","expense_refund","rule_derived","","reviewed: componentless deposit, all QB accounts non-donation (0185)","2002 Benefit Liability | BUSINESS CHECKING (XXXXXX 8945)","","[{""source"":""deposit_qbo_components"",""id"":""dqc_nsL7t-w0eaVGgMDgpFjvB"",""staged_payment_id"":""nsL7t-w0eaVGgMDgpFjvB"",""qb_deposit_id"":""25473"",""qb_entity_type"":""deposit"",""qb_entity_id"":""25473"",""amount"":""552.48"",""date_received"":""2023-07-14T00:00:00.000Z"",""accounts"":[""2002 Benefit Liability"",""BUSINESS CHECKING (XXXXXX 8945)""],""raw_reference"":""BUSINESS CHECKING (XXXXXX 8945)"",""line_description"":""BASIC            BASICCOBRA 230714                 The Wildflower Foundat""}]"
"bdep_d1c57115a09b71633f3d3e06","853.00","2017-02-02T00:00:00.000Z","ATM CHECK DEPOSIT 02/02 1505 WEST LAKE ST MINNEAPOLIS MN 6993M 7365","loan","rule_derived","","reviewed: componentless deposit, all QB accounts non-donation (0185)","1600 Loans to Schools | BUSINESS CHECKING (XXXXXX 8945)","Snowdrop","[{""source"":""deposit_qbo_components"",""id"":""dqc_WkIiSRrg6mlIiqIaLiBIS"",""staged_payment_id"":""WkIiSRrg6mlIiqIaLiBIS"",""qb_deposit_id"":""587"",""qb_entity_type"":""deposit"",""qb_entity_id"":""587"",""amount"":""853.00"",""date_received"":""2017-02-02T00:00:00.000Z"",""payer"":""Snowdrop"",""accounts"":[""1600 Loans to Schools"",""BUSINESS CHECKING (XXXXXX 8945)""],""raw_reference"":""ATM CHECK DEPOSIT 02/02 1505 WEST LAKE ST MINNEAPOLIS MN 6993M 7365"",""line_description"":""ATM CHECK DEPOSIT 02/02 1505 WEST LAKE ST MINNEAPOLIS MN 6993M 7365"",""transaction_memo"":""ATM CHECK DEPOSIT 02/02 1505 WEST LAKE ST MINNEAPOLIS MN 6993M 7365""}]"
"bdep_d22baa44f5c786665d16fe23","67.06","2019-07-03T00:00:00.000Z","STRIPE           TRANSFER          ST-D3X6Z8P8R5R2 THE WILDFLOWER FOUNDAT","earned_income","rule_derived","","reviewed: componentless deposit, all QB accounts non-donation (0185)","4020 Services - Earned Income | BUSINESS CHECKING (XXXXXX 8945)","Stripe","[{""source"":""deposit_qbo_components"",""id"":""dqc_bGLhbVIaNoxLLs37tjQXQ"",""staged_payment_id"":""bGLhbVIaNoxLLs37tjQXQ"",""qb_deposit_id"":""7802"",""qb_entity_type"":""deposit"",""qb_entity_id"":""7802"",""amount"":""67.06"",""date_received"":""2019-07-03T00:00:00.000Z"",""payer"":""Stripe"",""accounts"":[""4020 Services - Earned Income"",""BUSINESS CHECKING (XXXXXX 8945)""],""classes"":[""Existing School Support (deleted)""],""raw_reference"":""STRIPE           TRANSFER          ST-D3X6Z8P8R5R2 THE WILDFLOWER FOUNDAT"",""line_description"":""STRIPE           TRANSFER          ST-D3X6Z8P8R5R2 THE WILDFLOWER FOUNDAT"",""transaction_memo"":""STRIPE           TRANSFER          ST-D3X6Z8P8R5R2 THE WILDFLOWER FOUNDAT""}]"
"bdep_d22d1c4d9a646a84cc38e0ad","4990.56","2026-02-04T00:00:00.000Z","Wildflower New Y Receivable        016CSMHVA3ZYINJ 016CSMHVA3ZYINJ Wildflower New Y Bill.com Inv TW","membership","rule_derived","","reviewed: affiliated-school membership (name-confirmed; 0176)","1503 Pledges/Services Receivable","Wildflower New York Charter School","[{""source"":""bank_deposit_qbo_register"",""id"":""bdqr_bdep_d22d1c4d9a646a84cc38e0ad"",""bank_transaction_id"":""bnk_24d42f77db8efd0f889f66d5"",""amount"":""4990.56"",""txn_date"":""2026-02-03T00:00:00.000Z"",""txn_type"":""Payment"",""ref_no"":""P26020202 - 5145722"",""payer"":""Wildflower New York Charter School"",""accounts"":[""1503 Pledges/Services Receivable""],""memo"":""Inv TWF-SL InvoiceQ13"",""reconciliation_status"":""Reconciled""}]"
"bdep_d28536f3e9b1b42cff829f64","49.64","2021-03-26T00:00:00.000Z","STRIPE           TRANSFER          ST-O1X0I9B3U9E1 THE WILDFLOWER FOUNDAT","earned_income","rule_derived","","reviewed: componentless deposit, all QB accounts non-donation (0185)","4020 Services - Earned Income | BUSINESS CHECKING (XXXXXX 8945)","Stripe","[{""source"":""deposit_qbo_components"",""id"":""dqc__GVh_xwhGmdwnU1kBzWgI"",""staged_payment_id"":""_GVh_xwhGmdwnU1kBzWgI"",""qb_deposit_id"":""15239"",""qb_entity_type"":""deposit"",""qb_entity_id"":""15239"",""amount"":""49.64"",""date_received"":""2021-03-26T00:00:00.000Z"",""payer"":""Stripe"",""accounts"":[""4020 Services - Earned Income"",""BUSINESS CHECKING (XXXXXX 8945)""],""classes"":[""Spo - Embracing Equity (deleted)""],""raw_reference"":""BUSINESS CHECKING (XXXXXX 8945)"",""line_description"":""STRIPE           TRANSFER          ST-O1X0I9B3U9E1 THE WILDFLOWER FOUNDAT""}]"
"bdep_d30826319aa413c245a60cbc","423.30","2019-06-07T00:00:00.000Z","ATM CHECK DEPOSIT              ON              06/07 1505 WEST LAKE ST         MINNEAPOLIS   MN  0003625           ATM ID 6991L    CARD 7365","expense_refund","rule_derived","","reviewed: componentless deposit, all QB accounts non-donation (0185)","7016 All Other Expenditures:Transportation, Hotel & Housing Costs | BUSINESS CHECKING (XXXXXX 8945)","","[{""source"":""deposit_qbo_components"",""id"":""dqc_YSNwYaN0xtApu9Kh56qqS"",""staged_payment_id"":""YSNwYaN0xtApu9Kh56qqS"",""qb_deposit_id"":""7593"",""qb_entity_type"":""deposit"",""qb_entity_id"":""7593"",""amount"":""423.30"",""date_received"":""2019-06-07T00:00:00.000Z"",""accounts"":[""7016 All Other Expenditures:Transportation, Hotel & Housing Costs"",""BUSINESS CHECKING (XXXXXX 8945)""],""classes"":[""Existing School Support (deleted)""],""raw_reference"":""ATM CHECK DEPOSIT              ON              06/07 1505 WEST LAKE ST         MINNEAPOLIS   MN  0003625           ATM ID 6991L    CARD 7365 - Negative credit to EE for a flight that was reimbursed but then refundes."",""line_description"":""ATM CHECK DEPOSIT              ON              06/07 1505 WEST LAKE ST         MINNEAPOLIS   MN  0003625           ATM ID 6991L    CARD 7365 - Negative credit to EE for a flight that was reimbursed but then refundes."",""transaction_memo"":""ATM CHECK DEPOSIT              ON              06/07 1505 WEST LAKE ST         MINNEAPOLIS   MN  0003625           ATM ID 6991L    CARD 7365 - Negative credit to EE for a flight that was reimbursed but then refundes.""}]"
"bdep_d3bc63b6903f8b968b47bdbb","410.20","2021-10-07T00:00:00.000Z","BUSINESS CHECKIN Expensify  000000 R30863672       BUSINESS CHECKING","expense_refund","rule_derived","","reviewed: componentless deposit, all QB accounts non-donation (0185)","7032 All Other Expenditures:Tech Hardware | BUSINESS CHECKING (XXXXXX 8945)","ben.talberg@wildflowerschools.org (deleted)","[{""source"":""deposit_qbo_components"",""id"":""dqc_fuBCLilI9NIEfj7UuxQnz"",""staged_payment_id"":""fuBCLilI9NIEfj7UuxQnz"",""qb_deposit_id"":""17734"",""qb_entity_type"":""deposit"",""qb_entity_id"":""17734"",""amount"":""410.20"",""date_received"":""2021-10-07T00:00:00.000Z"",""payer"":""ben.talberg@wildflowerschools.org (deleted)"",""accounts"":[""7032 All Other Expenditures:Tech Hardware"",""BUSINESS CHECKING (XXXXXX 8945)""],""classes"":[""National (deleted):Observation Support Technology (deleted)""],""raw_reference"":""BUSINESS CHECKING (XXXXXX 8945)"",""line_description"":""BUSINESS CHECKIN Expensify  000000 R30863672       BUSINESS CHECKING""}]"
"bdep_d43107b552ff7f8d440ec0ea","1077.97","2023-02-10T00:00:00.000Z","GUSTO            TAX 064853 230210 6semjti9vlg     The Wildflower Foundat","expense_refund","rule_derived","","reviewed: componentless deposit, all QB accounts non-donation (0185)","2002 Benefit Liability | BUSINESS CHECKING (XXXXXX 8945)","Gusto","[{""source"":""deposit_qbo_components"",""id"":""dqc_5vnHy5pgYDQf3k4Akjdjy"",""staged_payment_id"":""5vnHy5pgYDQf3k4Akjdjy"",""qb_deposit_id"":""25764"",""qb_entity_type"":""deposit"",""qb_entity_id"":""25764"",""amount"":""1077.97"",""date_received"":""2023-02-10T00:00:00.000Z"",""payer"":""Gusto"",""accounts"":[""2002 Benefit Liability"",""BUSINESS CHECKING (XXXXXX 8945)""],""raw_reference"":""BUSINESS CHECKING (XXXXXX 8945)"",""line_description"":""GUSTO            TAX 064853 230210 6semjti9vlg     The Wildflower Foundat""}]"
"bdep_d535f542c8842fccb486d897","485.20","2020-04-27T00:00:00.000Z","STRIPE           TRANSFER          ST-P8P1O6F5Q7T5 THE WILDFLOWER FOUNDAT","earned_income","rule_derived","","reviewed: componentless deposit, all QB accounts non-donation (0185)","4020 Services - Earned Income | BUSINESS CHECKING (XXXXXX 8945)","Stripe","[{""source"":""deposit_qbo_components"",""id"":""dqc_J0ApIuZidO6Mibw9ia_K2"",""staged_payment_id"":""J0ApIuZidO6Mibw9ia_K2"",""qb_deposit_id"":""11749"",""qb_entity_type"":""deposit"",""qb_entity_id"":""11749"",""amount"":""485.20"",""date_received"":""2020-04-27T00:00:00.000Z"",""payer"":""Stripe"",""accounts"":[""4020 Services - Earned Income"",""BUSINESS CHECKING (XXXXXX 8945)""],""classes"":[""Spo - Embracing Equity (deleted)""],""raw_reference"":""BUSINESS CHECKING (XXXXXX 8945)"",""line_description"":""STRIPE           TRANSFER          ST-P8P1O6F5Q7T5 THE WILDFLOWER FOUNDAT""}]"
"bdep_d541f91457986c076278db76","4990.56","2025-11-07T00:00:00.000Z","Wildflower New Y Receivable        016FUJNHO3WWU7K 016FUJNHO3WWU7K Wildflower New Y Bill.com Inv TW","membership","rule_derived","","reviewed: componentless deposit, all QB accounts non-donation (0185)","Network Membership Fees (School SItes)","Wildflower New York Charter School","[{""source"":""deposit_qbo_components"",""id"":""dqc_b9WY0TO7z6kqVf7qZARQj"",""staged_payment_id"":""b9WY0TO7z6kqVf7qZARQj"",""qb_deposit_id"":""36582"",""qb_entity_type"":""payment"",""qb_entity_id"":""36121"",""amount"":""4990.56"",""date_received"":""2025-11-06T00:00:00.000Z"",""payer"":""Wildflower New York Charter School"",""accounts"":[""Network Membership Fees (School SItes)""],""items"":[""School Contributions""],""raw_reference"":""P25110502 - 2399523"",""line_description"":""Inv TWF - Nov Invoice027"",""transaction_memo"":""Inv TWF - Nov Invoice027""}]"
"bdep_d5b970496b4bec59349354ef","197.98","2019-03-27T00:00:00.000Z","STRIPE           TRANSFER                          X","earned_income","rule_derived","","reviewed: componentless deposit, all QB accounts non-donation (0185)","4020 Services - Earned Income | BUSINESS CHECKING (XXXXXX 8945)","","[{""source"":""deposit_qbo_components"",""id"":""dqc_xx_stgPk1qDBSPbCTYwks"",""staged_payment_id"":""xx_stgPk1qDBSPbCTYwks"",""qb_deposit_id"":""6790"",""qb_entity_type"":""deposit"",""qb_entity_id"":""6790"",""amount"":""197.98"",""date_received"":""2019-03-27T00:00:00.000Z"",""accounts"":[""4020 Services - Earned Income"",""BUSINESS CHECKING (XXXXXX 8945)""],""classes"":[""Existing School Support (deleted)""],""raw_reference"":""STRIPE           TRANSFER                          X"",""line_description"":""STRIPE           TRANSFER                          X"",""transaction_memo"":""STRIPE           TRANSFER                          X""}]"
"bdep_d5d4f0d03043a3633004c9c1","1382.77","2021-03-15T00:00:00.000Z","STRIPE           TRANSFER          ST-U1L7B7E4B5G9 THE WILDFLOWER FOUNDAT","earned_income","rule_derived","","reviewed: componentless deposit, all QB accounts non-donation (0185)","4020 Services - Earned Income | BUSINESS CHECKING (XXXXXX 8945)","Stripe","[{""source"":""deposit_qbo_components"",""id"":""dqc_xGKUkFQZWcfCj84HOwQv4"",""staged_payment_id"":""xGKUkFQZWcfCj84HOwQv4"",""qb_deposit_id"":""15232"",""qb_entity_type"":""deposit"",""qb_entity_id"":""15232"",""amount"":""1382.77"",""date_received"":""2021-03-15T00:00:00.000Z"",""payer"":""Stripe"",""accounts"":[""4020 Services - Earned Income"",""BUSINESS CHECKING (XXXXXX 8945)""],""classes"":[""Spo - Embracing Equity (deleted)""],""raw_reference"":""BUSINESS CHECKING (XXXXXX 8945)"",""line_description"":""STRIPE           TRANSFER          ST-U1L7B7E4B5G9 THE WILDFLOWER FOUNDAT""}]"
"bdep_d652cd55473cef589538be0d","24990.00","2021-02-12T00:00:00.000Z","WT SEQ166604 WF RETURN WIRES IN PROC /ORG=                                            SRF#    2021021200134410 TRN#210212166604  RFB#","expense_refund","rule_derived","","reviewed: componentless deposit, all QB accounts non-donation (0185)","702 Grants to Schools | BUSINESS CHECKING (XXXXXX 8945)","Super Heroes 5k Inc","[{""source"":""deposit_qbo_components"",""id"":""dqc_ffHbbjrCveXA1pnJC2lVq"",""staged_payment_id"":""ffHbbjrCveXA1pnJC2lVq"",""qb_deposit_id"":""14797"",""qb_entity_type"":""deposit"",""qb_entity_id"":""14797"",""amount"":""24990.00"",""date_received"":""2021-02-12T00:00:00.000Z"",""payer"":""Super Heroes 5k Inc"",""accounts"":[""702 Grants to Schools"",""BUSINESS CHECKING (XXXXXX 8945)""],""classes"":[""Hubs (deleted):Hub - Puerto Rico (deleted)""],""raw_reference"":""Returned Wire"",""line_description"":""Returned Wire"",""transaction_memo"":""Returned Wire""}]"
"bdep_d689d45901ae3c1bb4355353","533.45","2019-12-16T00:00:00.000Z","STRIPE           TRANSFER          ST-H3E6I4G6X1Y8 THE WILDFLOWER FOUNDAT","earned_income","rule_derived","","reviewed: componentless deposit, all QB accounts non-donation (0185)","4020 Services - Earned Income | BUSINESS CHECKING (XXXXXX 8945)","Stripe","[{""source"":""deposit_qbo_components"",""id"":""dqc_tEKyQM4WXD4CHSC7cq0Mc"",""staged_payment_id"":""tEKyQM4WXD4CHSC7cq0Mc"",""qb_deposit_id"":""10539"",""qb_entity_type"":""deposit"",""qb_entity_id"":""10539"",""amount"":""533.45"",""date_received"":""2019-12-16T00:00:00.000Z"",""payer"":""Stripe"",""accounts"":[""4020 Services - Earned Income"",""BUSINESS CHECKING (XXXXXX 8945)""],""classes"":[""Spo - Embracing Equity (deleted)""],""raw_reference"":""BUSINESS CHECKING (XXXXXX 8945)"",""line_description"":""STRIPE           TRANSFER          ST-H3E6I4G6X1Y8 THE WILDFLOWER FOUNDAT""}]"
"bdep_d71fd6490b6a8758f31be0dc","572.69","2020-05-29T00:00:00.000Z","STRIPE           TRANSFER          ST-K4W6G4M8W0Z0 THE WILDFLOWER FOUNDAT","earned_income","rule_derived","","reviewed: componentless deposit, all QB accounts non-donation (0185)","4020 Services - Earned Income | BUSINESS CHECKING (XXXXXX 8945)","Stripe","[{""source"":""deposit_qbo_components"",""id"":""dqc_StWkrgeDsELFNG5c3o1i6"",""staged_payment_id"":""StWkrgeDsELFNG5c3o1i6"",""qb_deposit_id"":""12056"",""qb_entity_type"":""deposit"",""qb_entity_id"":""12056"",""amount"":""572.69"",""date_received"":""2020-05-29T00:00:00.000Z"",""payer"":""Stripe"",""accounts"":[""4020 Services - Earned Income"",""BUSINESS CHECKING (XXXXXX 8945)""],""classes"":[""Spo - Embracing Equity (deleted)""],""raw_reference"":""BUSINESS CHECKING (XXXXXX 8945)"",""line_description"":""STRIPE           TRANSFER          ST-K4W6G4M8W0Z0 THE WILDFLOWER FOUNDAT""}]"
"bdep_d730349d2ed1254e8f6db9d8","630.55","2020-05-19T00:00:00.000Z","STRIPE           TRANSFER          ST-M3B8T2M9B7G3 THE WILDFLOWER FOUNDAT","earned_income","rule_derived","","reviewed: componentless deposit, all QB accounts non-donation (0185)","4020 Services - Earned Income | BUSINESS CHECKING (XXXXXX 8945)","Stripe","[{""source"":""deposit_qbo_components"",""id"":""dqc_BTXx2psAEGIpzaY6xemkt"",""staged_payment_id"":""BTXx2psAEGIpzaY6xemkt"",""qb_deposit_id"":""12048"",""qb_entity_type"":""deposit"",""qb_entity_id"":""12048"",""amount"":""630.55"",""date_received"":""2020-05-19T00:00:00.000Z"",""payer"":""Stripe"",""accounts"":[""4020 Services - Earned Income"",""BUSINESS CHECKING (XXXXXX 8945)""],""classes"":[""Spo - Embracing Equity (deleted)""],""raw_reference"":""BUSINESS CHECKING (XXXXXX 8945)"",""line_description"":""STRIPE           TRANSFER          ST-M3B8T2M9B7G3 THE WILDFLOWER FOUNDAT""}]"
"bdep_d7750fc0de7ea23a323a5067","189876.47","2026-06-12T00:00:00.000Z","ONLINE TRANSFER DAHLIA LOAN REF #BB0YHJ6ZJJ","loan","rule_derived","","reviewed: componentless deposit, all QB accounts non-donation (0185)","1600 Loans to Schools | BUSINESS CHECKING (XXXXXX 8945)","Sunbeam","[{""source"":""deposit_qbo_components"",""id"":""dqc_wQmn32msP7yyCTy24-RFa"",""staged_payment_id"":""wQmn32msP7yyCTy24-RFa"",""qb_deposit_id"":""39717"",""qb_entity_type"":""deposit"",""qb_entity_id"":""39717"",""amount"":""189876.47"",""date_received"":""2026-06-12T00:00:00.000Z"",""payer"":""Sunbeam"",""accounts"":[""1600 Loans to Schools"",""BUSINESS CHECKING (XXXXXX 8945)""],""raw_reference"":""To record Dahlia Elem School loan & grant transaction"",""line_description"":""To record Dahlia Elem School loan & grant transaction"",""transaction_memo"":""To record Dahlia Elem School loan & grant transaction""}]"
"bdep_d780eee6637613e918fdf434","125000.00","2023-06-28T00:00:00.000Z","The Sunlight Loa Bill.com          025AXFACTOJPFLV The Sunlight Loan Fund, LLC Bill.com 025AXFACTOJ","expense_refund","rule_derived","","reviewed: componentless deposit, all QB accounts non-donation (0185)","702.3 Grants to Schools:Grant to Sunlight | BUSINESS CHECKING (XXXXXX 8945)","The Sunlight Loan Fund, LLC","[{""source"":""deposit_qbo_components"",""id"":""dqc_Zj_21B6RgyxxZq558moy_"",""staged_payment_id"":""Zj_21B6RgyxxZq558moy_"",""qb_deposit_id"":""25841"",""qb_entity_type"":""deposit"",""qb_entity_id"":""25841"",""amount"":""125000.00"",""date_received"":""2023-06-28T00:00:00.000Z"",""payer"":""The Sunlight Loan Fund, LLC"",""accounts"":[""702.3 Grants to Schools:Grant to Sunlight"",""BUSINESS CHECKING (XXXXXX 8945)""],""classes"":[""National (deleted):Loans (deleted)""],""raw_reference"":""BUSINESS CHECKING (XXXXXX 8945)"",""line_description"":""The Sunlight Loa Bill.com          025AXFACTOJPFLV The Sunlight Loan Fund, LLC Bill.com 025AXFACTOJ""}]"
"bdep_d804bc214c69b4bacdb7109c","681.30","2020-11-18T00:00:00.000Z","COBRA TRUST ACCT BASICPacif                        COBRA REMIT","expense_refund","rule_derived","","reviewed: componentless deposit, all QB accounts non-donation (0185)","2002 Benefit Liability | BUSINESS CHECKING (XXXXXX 8945)","","[{""source"":""deposit_qbo_components"",""id"":""dqc_nNoRTpDfW8J53D9AU8_m9"",""staged_payment_id"":""nNoRTpDfW8J53D9AU8_m9"",""qb_deposit_id"":""13803"",""qb_entity_type"":""deposit"",""qb_entity_id"":""13803"",""amount"":""681.30"",""date_received"":""2020-11-18T00:00:00.000Z"",""accounts"":[""2002 Benefit Liability"",""BUSINESS CHECKING (XXXXXX 8945)""],""classes"":[""National (deleted)""],""raw_reference"":""BUSINESS CHECKING (XXXXXX 8945)"",""line_description"":""COBRA TRUST ACCT BASICPacif                        COBRA REMIT""}]"
"bdep_d874d75e45291ced3a0a4b4d","694.92","2020-07-31T00:00:00.000Z","STRIPE           TRANSFER          ST-R3L2U1M2J8H1 THE WILDFLOWER FOUNDAT","earned_income","rule_derived","","reviewed: componentless deposit, all QB accounts non-donation (0185)","4020 Services - Earned Income | BUSINESS CHECKING (XXXXXX 8945)","Stripe","[{""source"":""deposit_qbo_components"",""id"":""dqc_GS6R__j8SE5mgZL2XMn4p"",""staged_payment_id"":""GS6R__j8SE5mgZL2XMn4p"",""qb_deposit_id"":""12898"",""qb_entity_type"":""deposit"",""qb_entity_id"":""12898"",""amount"":""694.92"",""date_received"":""2020-07-31T00:00:00.000Z"",""payer"":""Stripe"",""accounts"":[""4020 Services - Earned Income"",""BUSINESS CHECKING (XXXXXX 8945)""],""classes"":[""Spo - Embracing Equity (deleted)""],""raw_reference"":""BUSINESS CHECKING (XXXXXX 8945)"",""line_description"":""STRIPE           TRANSFER          ST-R3L2U1M2J8H1 THE WILDFLOWER FOUNDAT""}]"
"bdep_d93d1bd73636511992e52eca","811.08","2025-01-29T00:00:00.000Z","Snowdrop Montess Receivable        016CNPISJ3MGIS7 016CNPISJ3MGIS7 Snowdrop Montess Bill.com Inv 17","membership","rule_derived","","reviewed: componentless deposit, all QB accounts non-donation (0185)","Network Membership Fees (School SItes)","Snowdrop Montessori School Inc","[{""source"":""deposit_qbo_components"",""id"":""dqc_XrL18VA3diuIlmQO-R0Sl"",""staged_payment_id"":""XrL18VA3diuIlmQO-R0Sl"",""qb_deposit_id"":""32449"",""qb_entity_type"":""payment"",""qb_entity_id"":""31742"",""amount"":""811.08"",""date_received"":""2025-01-28T00:00:00.000Z"",""payer"":""Snowdrop Montessori School Inc"",""accounts"":[""Network Membership Fees (School SItes)""],""items"":[""School Contributions""],""raw_reference"":""P25012202 - 9414867"",""line_description"":""Inv 1734800475805"",""transaction_memo"":""Inv 1734800475805""}]"
"bdep_d980869c4427610d1e2c8023","2222.20","2023-03-15T00:00:00.000Z","BASIC            BASICCOBRA 230315                 The Wildflower Foundat","expense_refund","rule_derived","","reviewed: componentless deposit, all QB accounts non-donation (0185)","2002 Benefit Liability | BUSINESS CHECKING (XXXXXX 8945)","","[{""source"":""deposit_qbo_components"",""id"":""dqc_WFV6Xfncx_pEUQj8jc188"",""staged_payment_id"":""WFV6Xfncx_pEUQj8jc188"",""qb_deposit_id"":""23872"",""qb_entity_type"":""deposit"",""qb_entity_id"":""23872"",""amount"":""2222.20"",""date_received"":""2023-03-15T00:00:00.000Z"",""accounts"":[""2002 Benefit Liability"",""BUSINESS CHECKING (XXXXXX 8945)""],""raw_reference"":""BUSINESS CHECKING (XXXXXX 8945)"",""line_description"":""BASIC            BASICCOBRA 230315                 The Wildflower Foundat""}]"
"bdep_da2c2141b9c0ae359d5402bd","15821.67","2018-01-08T00:00:00.000Z","GUSTO CND 270439 180108 6semjmqrd3j The Wildflower Foundat","expense_refund","rule_derived","","reviewed: componentless deposit, all QB accounts non-donation (0185)","7008 All Other Expenditures:Uncategorized Expenditure | BUSINESS CHECKING (XXXXXX 8945)","Gusto","[{""source"":""deposit_qbo_components"",""id"":""dqc_bK2LKtxEVEA3Xeat2gT4G"",""staged_payment_id"":""bK2LKtxEVEA3Xeat2gT4G"",""qb_deposit_id"":""2400"",""qb_entity_type"":""deposit"",""qb_entity_id"":""2400"",""amount"":""15821.67"",""date_received"":""2018-01-08T00:00:00.000Z"",""payer"":""Gusto"",""accounts"":[""7008 All Other Expenditures:Uncategorized Expenditure"",""BUSINESS CHECKING (XXXXXX 8945)""],""raw_reference"":""GUSTO CND 270439 180108 6semjmqrd3j The Wildflower Foundat"",""line_description"":""GUSTO CND 270439 180108 6semjmqrd3j The Wildflower Foundat"",""transaction_memo"":""GUSTO CND 270439 180108 6semjmqrd3j The Wildflower Foundat""}]"
"bdep_da6380887395a552ba8d98ad","1611.67","2022-05-10T00:00:00.000Z","BASIC            BASICCOBRA 220510                 The Wildflower Foundat","expense_refund","rule_derived","","reviewed: componentless deposit, all QB accounts non-donation (0185)","2002 Benefit Liability | BUSINESS CHECKING (XXXXXX 8945)","","[{""source"":""deposit_qbo_components"",""id"":""dqc_PjXOtJ8QKhzoscXeCisNX"",""staged_payment_id"":""PjXOtJ8QKhzoscXeCisNX"",""qb_deposit_id"":""20055"",""qb_entity_type"":""deposit"",""qb_entity_id"":""20055"",""amount"":""1611.67"",""date_received"":""2022-05-10T00:00:00.000Z"",""accounts"":[""2002 Benefit Liability"",""BUSINESS CHECKING (XXXXXX 8945)""],""raw_reference"":""BUSINESS CHECKING (XXXXXX 8945)"",""line_description"":""BASIC            BASICCOBRA 220510                 The Wildflower Foundat""}]"
"bdep_da66e76bb7762e05e6e4e879","53.83","2019-03-19T00:00:00.000Z","STRIPE           TRANSFER                          X","earned_income","rule_derived","","reviewed: componentless deposit, all QB accounts non-donation (0185)","4020 Services - Earned Income | BUSINESS CHECKING (XXXXXX 8945)","Christina Blomberg","[{""source"":""deposit_qbo_components"",""id"":""dqc_TntOyJvtPNvuChmwpB5hQ"",""staged_payment_id"":""TntOyJvtPNvuChmwpB5hQ"",""qb_deposit_id"":""6683"",""qb_entity_type"":""deposit"",""qb_entity_id"":""6683"",""amount"":""53.83"",""date_received"":""2019-03-19T00:00:00.000Z"",""payer"":""Christina Blomberg"",""accounts"":[""4020 Services - Earned Income"",""BUSINESS CHECKING (XXXXXX 8945)""],""classes"":[""Existing School Support (deleted)""],""raw_reference"":""STRIPE           TRANSFER                          X"",""line_description"":""STRIPE           TRANSFER                          X"",""transaction_memo"":""STRIPE           TRANSFER                          X""}]"
"bdep_dae31d7cf06f56740e30076b","1455.60","2021-03-16T00:00:00.000Z","STRIPE           TRANSFER          ST-C9S1E0Z9Q3C5 THE WILDFLOWER FOUNDAT","earned_income","rule_derived","","reviewed: componentless deposit, all QB accounts non-donation (0185)","4020 Services - Earned Income | BUSINESS CHECKING (XXXXXX 8945)","Stripe","[{""source"":""deposit_qbo_components"",""id"":""dqc_Yfh8hv0Os-F-MERxh8aTl"",""staged_payment_id"":""Yfh8hv0Os-F-MERxh8aTl"",""qb_deposit_id"":""15233"",""qb_entity_type"":""deposit"",""qb_entity_id"":""15233"",""amount"":""1455.60"",""date_received"":""2021-03-16T00:00:00.000Z"",""payer"":""Stripe"",""accounts"":[""4020 Services - Earned Income"",""BUSINESS CHECKING (XXXXXX 8945)""],""classes"":[""Spo - Embracing Equity (deleted)""],""raw_reference"":""BUSINESS CHECKING (XXXXXX 8945)"",""line_description"":""STRIPE           TRANSFER          ST-C9S1E0Z9Q3C5 THE WILDFLOWER FOUNDAT""}]"
"bdep_db5d2f79745c8a18ddef3c4c","2522.44","2024-08-26T00:00:00.000Z","Wild Rose Montes Receivable        016OXLKME3GL1FI 016OXLKME3GL1FI Wild Rose Montes Bill.com Inv 79","membership","rule_derived","","reviewed: componentless deposit, all QB accounts non-donation (0185)","Network Membership Fees (School SItes)","Wild Rose Montessori School Inc","[{""source"":""deposit_qbo_components"",""id"":""dqc_lzTg2TQqv5xWbI6_1N3_0"",""staged_payment_id"":""lzTg2TQqv5xWbI6_1N3_0"",""qb_deposit_id"":""30439"",""qb_entity_type"":""payment"",""qb_entity_id"":""29727"",""amount"":""2522.44"",""date_received"":""2024-08-23T00:00:00.000Z"",""payer"":""Wild Rose Montessori School Inc"",""accounts"":[""Network Membership Fees (School SItes)""],""items"":[""School Contributions""],""raw_reference"":""P24082002 - 4611128"",""line_description"":""Inv 79252461-172"",""transaction_memo"":""Inv 79252461-172""}]"
"bdep_dba732599ba359b3907052f4","3750.00","2024-10-24T00:00:00.000Z","The Sunlight Loa Receivable        016JLRTKP3IZJZK 016JLRTKP3IZJZK The Sunlight Loa Bill.com Inv 79","interest","rule_derived","","reviewed: componentless deposit, all QB accounts non-donation (0185)","Interest Earned","The Sunlight Loan Fund, LLC","[{""source"":""deposit_qbo_components"",""id"":""dqc_nx8_AUbgGdFRR2gmN8KrM"",""staged_payment_id"":""nx8_AUbgGdFRR2gmN8KrM"",""qb_deposit_id"":""30618"",""qb_entity_type"":""payment"",""qb_entity_id"":""30499"",""amount"":""3750.00"",""date_received"":""2024-10-24T00:00:00.000Z"",""payer"":""The Sunlight Loan Fund, LLC"",""accounts"":[""Interest Earned""],""items"":[""INTEREST""],""raw_reference"":""P24102302 - 8978066"",""line_description"":""Inv 79252461-232"",""transaction_memo"":""Inv 79252461-232""}]"
"bdep_dc5c89d2f04a31cfe1aa6b0b","35.32","2020-10-07T00:00:00.000Z","MBI              SETL       201006 MED-I-BANK      MED-I-BANK","expense_refund","rule_derived","","reviewed: componentless deposit, all QB accounts non-donation (0185)","2002 Benefit Liability | BUSINESS CHECKING (XXXXXX 8945)","","[{""source"":""deposit_qbo_components"",""id"":""dqc_rC77SxIa2-nSDjeYwdJZj"",""staged_payment_id"":""rC77SxIa2-nSDjeYwdJZj"",""qb_deposit_id"":""13684"",""qb_entity_type"":""deposit"",""qb_entity_id"":""13684"",""amount"":""35.32"",""date_received"":""2020-10-07T00:00:00.000Z"",""accounts"":[""2002 Benefit Liability"",""BUSINESS CHECKING (XXXXXX 8945)""],""raw_reference"":""BUSINESS CHECKING (XXXXXX 8945)"",""line_description"":""MBI              SETL       201006 MED-I-BANK      MED-I-BANK""}]"
"bdep_dc9f2118b8cd38188e06a1da","2426.00","2020-06-02T00:00:00.000Z","STRIPE           TRANSFER          ST-H7K2I3W8J8L2 THE WILDFLOWER FOUNDAT","earned_income","rule_derived","","reviewed: componentless deposit, all QB accounts non-donation (0185)","4020 Services - Earned Income | BUSINESS CHECKING (XXXXXX 8945)","Stripe","[{""source"":""deposit_qbo_components"",""id"":""dqc_DS1rthaxYLK2t8Qt0Of-4"",""staged_payment_id"":""DS1rthaxYLK2t8Qt0Of-4"",""qb_deposit_id"":""12060"",""qb_entity_type"":""deposit"",""qb_entity_id"":""12060"",""amount"":""2426.00"",""date_received"":""2020-06-02T00:00:00.000Z"",""payer"":""Stripe"",""accounts"":[""4020 Services - Earned Income"",""BUSINESS CHECKING (XXXXXX 8945)""],""classes"":[""Spo - Embracing Equity (deleted)""],""raw_reference"":""BUSINESS CHECKING (XXXXXX 8945)"",""line_description"":""STRIPE           TRANSFER          ST-H7K2I3W8J8L2 THE WILDFLOWER FOUNDAT""}]"
"bdep_dcc6bc75bdd523d98291bf33","3741.59","2025-10-14T00:00:00.000Z","ATM CHECK DEPOSIT              ON              10/11 7900 Xerxes Ave S Ste 201 Bloomington   MN  0009663           ATM ID 9961Z    CARD 0628","expense_refund","rule_derived","","reviewed: componentless deposit, all QB accounts non-donation (0185)","7010.4 Payroll:3.Benefits:Payroll Taxes | BUSINESS CHECKING (XXXXXX 8945)","","[{""source"":""deposit_qbo_components"",""id"":""dqc_vx_VEYZ7T9Cr1mWVCZ-D8"",""staged_payment_id"":""vx_VEYZ7T9Cr1mWVCZ-D8"",""qb_deposit_id"":""36549"",""qb_entity_type"":""deposit"",""qb_entity_id"":""36549"",""amount"":""3741.59"",""date_received"":""2025-10-14T00:00:00.000Z"",""accounts"":[""7010.4 Payroll:3.Benefits:Payroll Taxes"",""BUSINESS CHECKING (XXXXXX 8945)""],""raw_reference"":""BUSINESS CHECKING (XXXXXX 8945)"",""line_description"":""ATM CHECK DEPOSIT              ON              10/11 7900 Xerxes Ave S Ste 201 Bloomington   MN  0009663           ATM ID 9961Z    CARD 0628""}]"
"bdep_dd810323b7ef02add6a7cbec","1611.67","2022-08-12T00:00:00.000Z","BASIC            BASICCOBRA 220811                 The Wildflower Foundat","expense_refund","rule_derived","","reviewed: componentless deposit, all QB accounts non-donation (0185)","2002 Benefit Liability | BUSINESS CHECKING (XXXXXX 8945)","","[{""source"":""deposit_qbo_components"",""id"":""dqc_fWIxLBb6S6wdiDURlUGL1"",""staged_payment_id"":""fWIxLBb6S6wdiDURlUGL1"",""qb_deposit_id"":""21037"",""qb_entity_type"":""deposit"",""qb_entity_id"":""21037"",""amount"":""1611.67"",""date_received"":""2022-08-12T00:00:00.000Z"",""accounts"":[""2002 Benefit Liability"",""BUSINESS CHECKING (XXXXXX 8945)""],""raw_reference"":""BUSINESS CHECKING (XXXXXX 8945)"",""line_description"":""BASIC            BASICCOBRA 220811                 The Wildflower Foundat""}]"
"bdep_de0d23fd8a21cf2350ab41d8","1363.65","2025-07-23T00:00:00.000Z","Orchid Montessor Bill.com          016PITAOC3SWRLU Orchid Montessori Bill.com 016PITAOC3SWRLU Multi","membership","rule_derived","","reviewed: componentless deposit, all QB accounts non-donation (0185)","Network Membership Fees (School SItes)","Orchid Montessori School","[{""source"":""deposit_qbo_components"",""id"":""dqc_xlSCm6byaaMGxEOx2ks29"",""staged_payment_id"":""xlSCm6byaaMGxEOx2ks29"",""qb_deposit_id"":""35361"",""qb_entity_type"":""payment"",""qb_entity_id"":""34557"",""amount"":""1363.65"",""date_received"":""2025-07-22T00:00:00.000Z"",""payer"":""Orchid Montessori School"",""accounts"":[""Network Membership Fees (School SItes)""],""items"":[""School Contributions""],""raw_reference"":""P25071701 - 4372619"",""line_description"":""Multiple invoices"",""transaction_memo"":""Multiple invoices""}]"
"bdep_de1e74449a383eb1af2503d9","811.08","2024-09-19T00:00:00.000Z","Snowdrop Montess Bill.com          026NOHNLJ12YEJZ Snowdrop Montessori School, Inc. Bill.com 026NOH","membership","rule_derived","","reviewed: affiliated-school membership (name-confirmed; 0176)","1503 Pledges/Services Receivable","Snowdrop Montessori School Inc","[{""source"":""bank_deposit_qbo_register"",""id"":""bdqr_bdep_de1e74449a383eb1af2503d9"",""bank_transaction_id"":""bnk_b8ee19bf383d97335e0ec326"",""amount"":""811.08"",""txn_date"":""2024-09-18T00:00:00.000Z"",""txn_type"":""Payment"",""ref_no"":""P24091302 - 0062892"",""payer"":""Snowdrop Montessori School Inc"",""accounts"":[""1503 Pledges/Services Receivable""],""memo"":""Inv 79252461-144"",""reconciliation_status"":""Reconciled""}]"
"bdep_df48641a50aaacbc81c5d754","50.00","2020-10-20T00:00:00.000Z","PAYPAL           HIST RTN   201020 CASHSTARGRU     THE WILDFLOWER FOUNDAT","expense_refund","rule_derived","","reviewed: componentless deposit, all QB accounts non-donation (0185)","7011 All Other Expenditures:Office Supplies & Materials | BUSINESS CHECKING (XXXXXX 8945)","PayPal","[{""source"":""deposit_qbo_components"",""id"":""dqc_XcNk2TmcLs2nCVE2GfpbJ"",""staged_payment_id"":""XcNk2TmcLs2nCVE2GfpbJ"",""qb_deposit_id"":""13755"",""qb_entity_type"":""deposit"",""qb_entity_id"":""13755"",""amount"":""50.00"",""date_received"":""2020-10-20T00:00:00.000Z"",""payer"":""PayPal"",""accounts"":[""7011 All Other Expenditures:Office Supplies & Materials"",""BUSINESS CHECKING (XXXXXX 8945)""],""classes"":[""National (deleted):School Support (deleted)""],""raw_reference"":""BUSINESS CHECKING (XXXXXX 8945)"",""line_description"":""PAYPAL           HIST RTN   201020 CASHSTARGRU     THE WILDFLOWER FOUNDAT""}]"
"bdep_dfd9d785732455f3bd1f4981","4990.56","2026-01-15T00:00:00.000Z","Wildflower New Y Receivable        016DIWVSS3ZATNZ 016DIWVSS3ZATNZ Wildflower New Y Bill.com Inv TW","membership","rule_derived","","reviewed: affiliated-school membership (name-confirmed; 0176)","1503 Pledges/Services Receivable","Wildflower New York Charter School","[{""source"":""bank_deposit_qbo_register"",""id"":""bdqr_bdep_dfd9d785732455f3bd1f4981"",""bank_transaction_id"":""bnk_76e0faf23ffb215f43ebbcaa"",""amount"":""4990.56"",""txn_date"":""2026-01-14T00:00:00.000Z"",""txn_type"":""Payment"",""ref_no"":""P26011302 - 0243698"",""payer"":""Wildflower New York Charter School"",""accounts"":[""1503 Pledges/Services Receivable""],""memo"":""Inv TWF - Dec 52 Invoice"",""reconciliation_status"":""Reconciled""}]"
"bdep_e015357bc0487d86f448f97b","9247.32","2025-09-17T00:00:00.000Z","Minnesota Wildfl Receivable        016QNELPI3UZZA3 016QNELPI3UZZA3 Minnesota Wildfl Bill.com Multip","membership","rule_derived","","reviewed: componentless deposit, all QB accounts non-donation (0185)","Network Membership Fees (School SItes)","Minnesota Wildflower Montessori School","[{""source"":""deposit_qbo_components"",""id"":""dqc_aWzjNc-wmJg3usGPJUfaL"",""staged_payment_id"":""aWzjNc-wmJg3usGPJUfaL"",""qb_deposit_id"":""35899"",""qb_entity_type"":""payment"",""qb_entity_id"":""35281"",""amount"":""9247.32"",""date_received"":""2025-09-16T00:00:00.000Z"",""payer"":""Minnesota Wildflower Montessori School"",""accounts"":[""Network Membership Fees (School SItes)""],""items"":[""School Contributions""],""raw_reference"":""P25091501 - 5589213"",""line_description"":""Multiple invoices"",""transaction_memo"":""Multiple invoices""}]"
"bdep_e130d264c71a5efc79b52c20","0.85","2017-10-31T00:00:00.000Z","Expensify, Inc. Validation XXXXXX8945 The Wildflower Foundat","expense_refund","rule_derived","","reviewed: componentless deposit, all QB accounts non-donation (0185)","7016 All Other Expenditures:Transportation, Hotel & Housing Costs | BUSINESS CHECKING (XXXXXX 8945)","Expensify","[{""source"":""deposit_qbo_components"",""id"":""dqc_IohpFKO1RhA9PBW4YTYr-"",""staged_payment_id"":""IohpFKO1RhA9PBW4YTYr-"",""qb_deposit_id"":""1869"",""qb_entity_type"":""deposit"",""qb_entity_id"":""1869"",""amount"":""0.85"",""date_received"":""2017-10-31T00:00:00.000Z"",""payer"":""Expensify"",""accounts"":[""7016 All Other Expenditures:Transportation, Hotel & Housing Costs"",""BUSINESS CHECKING (XXXXXX 8945)""],""classes"":[""Overhead (deleted)""],""raw_reference"":""Expensify, Inc. Validation XXXXXX8945 The Wildflower Foundat"",""line_description"":""Expensify, Inc. Validation XXXXXX8945 The Wildflower Foundat"",""transaction_memo"":""Expensify, Inc. Validation XXXXXX8945 The Wildflower Foundat""}]"
"bdep_e15d869fc7e35776d27442f8","485.20","2019-02-27T00:00:00.000Z","STRIPE           TRANSFER                          X","earned_income","rule_derived","","reviewed: componentless deposit, all QB accounts non-donation (0185)","4020 Services - Earned Income | BUSINESS CHECKING (XXXXXX 8945)","","[{""source"":""deposit_qbo_components"",""id"":""dqc_Vv55mf0rwVQcsIhHyBeNU"",""staged_payment_id"":""Vv55mf0rwVQcsIhHyBeNU"",""qb_deposit_id"":""6420"",""qb_entity_type"":""deposit"",""qb_entity_id"":""6420"",""amount"":""485.20"",""date_received"":""2019-02-27T00:00:00.000Z"",""accounts"":[""4020 Services - Earned Income"",""BUSINESS CHECKING (XXXXXX 8945)""],""classes"":[""Existing School Support (deleted)""],""raw_reference"":""STRIPE           TRANSFER                          X"",""line_description"":""STRIPE           TRANSFER                          X"",""transaction_memo"":""STRIPE           TRANSFER                          X""}]"
"bdep_e187099d0f7dbf2d81392d1a","653.68","2025-04-02T00:00:00.000Z","Sundrops Montess Receivable        016WXSLSQ3OT8VM 016WXSLSQ3OT8VM Sundrops Montess Bill.com Inv 14","membership","rule_derived","","reviewed: componentless deposit, all QB accounts non-donation (0185)","Network Membership Fees (School SItes)","Sundrops Montessori School","[{""source"":""deposit_qbo_components"",""id"":""dqc_osNbxyjGhWOMegu4Czazx"",""staged_payment_id"":""osNbxyjGhWOMegu4Czazx"",""qb_deposit_id"":""33550"",""qb_entity_type"":""payment"",""qb_entity_id"":""32725"",""amount"":""653.68"",""date_received"":""2025-04-01T00:00:00.000Z"",""payer"":""Sundrops Montessori School"",""accounts"":[""Network Membership Fees (School SItes)""],""items"":[""School Contributions""],""raw_reference"":""P25033001 - 3248419"",""line_description"":""Inv 148"",""transaction_memo"":""Inv 148""}]"
"bdep_e20139aacb35bc28ad5dbf31","4523.02","2024-09-24T00:00:00.000Z","Wildflower New Y Receivable        016RALFTS3HST5K 016RALFTS3HST5K Wildflower New Y Bill.com Inv 79","membership","rule_derived","","reviewed: affiliated-school membership (name-confirmed; 0176)","1503 Pledges/Services Receivable","Wildflower New York Charter School","[{""source"":""bank_deposit_qbo_register"",""id"":""bdqr_bdep_e20139aacb35bc28ad5dbf31"",""bank_transaction_id"":""bnk_6c52fed427290bdb0a00e015"",""amount"":""4523.02"",""txn_date"":""2024-09-23T00:00:00.000Z"",""txn_type"":""Payment"",""ref_no"":""P24091902 - 1341320"",""payer"":""Wildflower New York Charter School"",""accounts"":[""1503 Pledges/Services Receivable""],""memo"":""Inv 79252461-193"",""reconciliation_status"":""Reconciled""}]"
"bdep_e22f15c1ab1a2780a7445319","851.32","2020-08-07T00:00:00.000Z","STRIPE           TRANSFER          ST-S2W1M9P6M1B3 THE WILDFLOWER FOUNDAT","earned_income","rule_derived","","reviewed: componentless deposit, all QB accounts non-donation (0185)","4020 Services - Earned Income | BUSINESS CHECKING (XXXXXX 8945)","Stripe","[{""source"":""deposit_qbo_components"",""id"":""dqc_vZRMbaR4tttDf0NTjzBeC"",""staged_payment_id"":""vZRMbaR4tttDf0NTjzBeC"",""qb_deposit_id"":""12899"",""qb_entity_type"":""deposit"",""qb_entity_id"":""12899"",""amount"":""851.32"",""date_received"":""2020-08-07T00:00:00.000Z"",""payer"":""Stripe"",""accounts"":[""4020 Services - Earned Income"",""BUSINESS CHECKING (XXXXXX 8945)""],""classes"":[""Spo - Embracing Equity (deleted)""],""raw_reference"":""BUSINESS CHECKING (XXXXXX 8945)"",""line_description"":""STRIPE           TRANSFER          ST-S2W1M9P6M1B3 THE WILDFLOWER FOUNDAT""}]"
"bdep_e336aeda8942caf8b770e703","1090.90","2025-01-06T00:00:00.000Z","Sage Montessori  Bill.com          016ZTAUTK3LM5P0  Sage Montessori Bill.com 016ZTAUTK3LM5P0 Multip","membership","rule_derived","","reviewed: componentless deposit, all QB accounts non-donation (0185)","Network Membership Fees (School SItes)","Sage Montessori, Inc.","[{""source"":""deposit_qbo_components"",""id"":""dqc_2WLgZ3wDLR7mYBOMOcfHz"",""staged_payment_id"":""2WLgZ3wDLR7mYBOMOcfHz"",""qb_deposit_id"":""32128"",""qb_entity_type"":""payment"",""qb_entity_id"":""31328"",""amount"":""1090.90"",""date_received"":""2025-01-03T00:00:00.000Z"",""payer"":""Sage Montessori, Inc."",""accounts"":[""Network Membership Fees (School SItes)""],""items"":[""School Contributions""],""raw_reference"":""P24122201 - 5028519"",""line_description"":""Multiple invoices"",""transaction_memo"":""Multiple invoices""}]"
"bdep_e3634373826515a397c84a9e","50000.00","2021-04-30T00:00:00.000Z","WT SEQ#86993 THE WILDFLOWER LOAN FUN /ORG=                                            SRF#    OW00001340093035 TRN#210430086993  RFB#    OW00001340093035","loan","rule_derived","","reviewed: componentless deposit, all QB accounts non-donation (0185)","2102 Due to (from) Loan Funds:Due to (from) Loan Fund II | BUSINESS CHECKING (XXXXXX 8945)","LOAN FUND II","[{""source"":""deposit_qbo_components"",""id"":""dqc_Tyh9B4xanfdUPqV6OgJ96"",""staged_payment_id"":""Tyh9B4xanfdUPqV6OgJ96"",""qb_deposit_id"":""15601"",""qb_entity_type"":""deposit"",""qb_entity_id"":""15601"",""amount"":""50000.00"",""date_received"":""2021-04-30T00:00:00.000Z"",""payer"":""LOAN FUND II"",""accounts"":[""2102 Due to (from) Loan Funds:Due to (from) Loan Fund II"",""BUSINESS CHECKING (XXXXXX 8945)""],""raw_reference"":""BUSINESS CHECKING (XXXXXX 8945)"",""line_description"":""WT SEQ#86993 THE WILDFLOWER LOAN FUN /ORG=                                            SRF#    OW00001340093035 TRN#210430086993  RFB#    OW00001340093035""}]"
"bdep_e39243d1f1d8b17721e586a2","33.68","2021-02-04T00:00:00.000Z","STRIPE           TRANSFER          ST-J8D7G3W1I1S9 THE WILDFLOWER FOUNDAT","earned_income","rule_derived","","reviewed: componentless deposit, all QB accounts non-donation (0185)","4020 Services - Earned Income | BUSINESS CHECKING (XXXXXX 8945)","Stripe","[{""source"":""deposit_qbo_components"",""id"":""dqc_REgrJuHQZ5yDKK8jVni7h"",""staged_payment_id"":""REgrJuHQZ5yDKK8jVni7h"",""qb_deposit_id"":""14536"",""qb_entity_type"":""deposit"",""qb_entity_id"":""14536"",""amount"":""33.68"",""date_received"":""2021-02-04T00:00:00.000Z"",""payer"":""Stripe"",""accounts"":[""4020 Services - Earned Income"",""BUSINESS CHECKING (XXXXXX 8945)""],""classes"":[""Spo - Embracing Equity (deleted)""],""raw_reference"":""BUSINESS CHECKING (XXXXXX 8945)"",""line_description"":""STRIPE           TRANSFER          ST-J8D7G3W1I1S9 THE WILDFLOWER FOUNDAT""}]"
"bdep_e3a17836f2ef058fd81d3c6d","1454.55","2025-05-23T00:00:00.000Z","Wildflower Monte Receivable        016AQXAXL3QQV35 016AQXAXL3QQV35 Wildflower Monte Bill.com Inv TW","membership","rule_derived","","reviewed: componentless deposit, all QB accounts non-donation (0185)","Network Membership Fees (School SItes)","Wildflower Montessori Public Schools of Colorado (c)","[{""source"":""deposit_qbo_components"",""id"":""dqc_uGlXfYPYfx911RfQpqUnQ"",""staged_payment_id"":""uGlXfYPYfx911RfQpqUnQ"",""qb_deposit_id"":""34450"",""qb_entity_type"":""payment"",""qb_entity_id"":""33487"",""amount"":""1454.55"",""date_received"":""2025-05-22T00:00:00.000Z"",""payer"":""Wildflower Montessori Public Schools of Colorado (c)"",""accounts"":[""Network Membership Fees (School SItes)""],""items"":[""School Contributions""],""raw_reference"":""P25052002 - 8601466"",""line_description"":""Inv TWF-122"",""transaction_memo"":""Inv TWF-122""}]"
"bdep_e3ce79493e0c071912ee4986","975.00","2025-10-17T00:00:00.000Z","Bill.com         Receivable        015UBDZXPCPACKM Miramelinda Montessori School Bill.com 015UBDZXP","membership","rule_derived","","reviewed: affiliated-school membership (name-confirmed; 0176)","","","[{""source"":""bank_deposit_qbo_register"",""id"":""bdqr_bdep_e3ce79493e0c071912ee4986"",""bank_transaction_id"":""bnk_73a6d4d59bb0c002e71abff9"",""amount"":""975.00"",""txn_date"":""2025-10-17T00:00:00.000Z"",""txn_type"":""Journal"",""memo"":""BILL 10/17/25 AR Payments"",""reconciliation_status"":""Reconciled""}]"
"bdep_e4421e71d7e084d5e8cbfe6d","958.34","2025-01-21T00:00:00.000Z","Cont Gusto       HIST RTN   250121         463176  The Wildflower Foundat","expense_refund","rule_derived","","reviewed: componentless deposit, all QB accounts non-donation (0185)","7010.4 Payroll:3.Benefits:Payroll Taxes | BUSINESS CHECKING (XXXXXX 8945)","Gusto","[{""source"":""deposit_qbo_components"",""id"":""dqc_qDsxLBPTzJFH_cYErlWNi"",""staged_payment_id"":""qDsxLBPTzJFH_cYErlWNi"",""qb_deposit_id"":""32494"",""qb_entity_type"":""deposit"",""qb_entity_id"":""32494"",""amount"":""958.34"",""date_received"":""2025-01-21T00:00:00.000Z"",""payer"":""Gusto"",""accounts"":[""7010.4 Payroll:3.Benefits:Payroll Taxes"",""BUSINESS CHECKING (XXXXXX 8945)""],""raw_reference"":""BUSINESS CHECKING (XXXXXX 8945)"",""line_description"":""Cont Gusto       HIST RTN   250121         463176  The Wildflower Foundat""}]"
"bdep_e45445757bf0e4f46327409e","102.59","2021-02-09T00:00:00.000Z","STRIPE           TRANSFER          ST-R9I9T9M6H6U4 THE WILDFLOWER FOUNDAT","earned_income","rule_derived","","reviewed: componentless deposit, all QB accounts non-donation (0185)","4020 Services - Earned Income | BUSINESS CHECKING (XXXXXX 8945)","Stripe","[{""source"":""deposit_qbo_components"",""id"":""dqc_Lg0M96RofZkx7GjAsRa4E"",""staged_payment_id"":""Lg0M96RofZkx7GjAsRa4E"",""qb_deposit_id"":""14538"",""qb_entity_type"":""deposit"",""qb_entity_id"":""14538"",""amount"":""102.59"",""date_received"":""2021-02-09T00:00:00.000Z"",""payer"":""Stripe"",""accounts"":[""4020 Services - Earned Income"",""BUSINESS CHECKING (XXXXXX 8945)""],""classes"":[""Spo - Embracing Equity (deleted)""],""raw_reference"":""BUSINESS CHECKING (XXXXXX 8945)"",""line_description"":""STRIPE           TRANSFER          ST-R9I9T9M6H6U4 THE WILDFLOWER FOUNDAT""}]"
"bdep_e4c024ddb7680923f6f358a6","518.88","2019-12-04T00:00:00.000Z","STRIPE           TRANSFER          ST-Q4L0L6D1B4J1 THE WILDFLOWER FOUNDAT","earned_income","rule_derived","","reviewed: componentless deposit, all QB accounts non-donation (0185)","4020 Services - Earned Income | BUSINESS CHECKING (XXXXXX 8945)","Stripe","[{""source"":""deposit_qbo_components"",""id"":""dqc_1pJPfrDjUlfhBJt9bsmxf"",""staged_payment_id"":""1pJPfrDjUlfhBJt9bsmxf"",""qb_deposit_id"":""10313"",""qb_entity_type"":""deposit"",""qb_entity_id"":""10313"",""amount"":""518.88"",""date_received"":""2019-12-04T00:00:00.000Z"",""payer"":""Stripe"",""accounts"":[""4020 Services - Earned Income"",""BUSINESS CHECKING (XXXXXX 8945)""],""classes"":[""Spo - Embracing Equity (deleted)""],""raw_reference"":""BUSINESS CHECKING (XXXXXX 8945)"",""line_description"":""STRIPE           TRANSFER          ST-Q4L0L6D1B4J1 THE WILDFLOWER FOUNDAT""}]"
"bdep_e54452211ce40736510af9a0","15.00","2017-05-05T00:00:00.000Z","PARTIAL WIRE TRANS SVC CHARGE REVERSAL","expense_refund","rule_derived","","reviewed: componentless deposit, all QB accounts non-donation (0185)","7003 All Other Expenditures:Bank Charges | BUSINESS CHECKING (XXXXXX 8945)","","[{""source"":""deposit_qbo_components"",""id"":""dqc_qAlWSYGAby_CHzYx_-9ti"",""staged_payment_id"":""qAlWSYGAby_CHzYx_-9ti"",""qb_deposit_id"":""914"",""qb_entity_type"":""deposit"",""qb_entity_id"":""914"",""amount"":""15.00"",""date_received"":""2017-05-05T00:00:00.000Z"",""accounts"":[""7003 All Other Expenditures:Bank Charges"",""BUSINESS CHECKING (XXXXXX 8945)""],""classes"":[""Overhead (deleted)""],""raw_reference"":""PARTIAL WIRE TRANS SVC CHARGE REVERSAL"",""line_description"":""PARTIAL WIRE TRANS SVC CHARGE REVERSAL"",""transaction_memo"":""PARTIAL WIRE TRANS SVC CHARGE REVERSAL""}]"
"bdep_e5648566c036d289ad4484da","35625.00","2019-09-20T00:00:00.000Z","WT SEQ126069 WF RETURN WIRES IN PROC /ORG=                                            SRF#    2019092000097723 TRN#190920126069  RFB#","expense_refund","rule_derived","","reviewed: componentless deposit, all QB accounts non-donation (0185)","702 Grants to Schools | BUSINESS CHECKING (XXXXXX 8945)","Greenbrier Montessori LTD","[{""source"":""deposit_qbo_components"",""id"":""dqc_RRKrat4zccYIejNZ4fhTu"",""staged_payment_id"":""RRKrat4zccYIejNZ4fhTu"",""qb_deposit_id"":""8949"",""qb_entity_type"":""deposit"",""qb_entity_id"":""8949"",""amount"":""35625.00"",""date_received"":""2019-09-20T00:00:00.000Z"",""payer"":""Greenbrier Montessori LTD"",""accounts"":[""702 Grants to Schools"",""BUSINESS CHECKING (XXXXXX 8945)""],""classes"":[""New School Support (deleted)""],""raw_reference"":""BUSINESS CHECKING (XXXXXX 8945)"",""line_description"":""WT SEQ126069 WF RETURN WIRES IN PROC /ORG=                                            SRF#    2019092000097723 TRN#190920126069  RFB#""}]"
"bdep_e69864aa1b22052382f51933","582.58","2021-02-17T00:00:00.000Z","IRS              HIST RTN   210217 270144711330923 WILDFLOWER FOUNDATION","expense_refund","rule_derived","","reviewed: componentless deposit, all QB accounts non-donation (0185)","7010.4 Payroll:3.Benefits:Payroll Taxes | BUSINESS CHECKING (XXXXXX 8945)","Internal Revenue Service","[{""source"":""deposit_qbo_components"",""id"":""dqc_sBJd4lxNMkunkB45QXyKk"",""staged_payment_id"":""sBJd4lxNMkunkB45QXyKk"",""qb_deposit_id"":""14665"",""qb_entity_type"":""deposit"",""qb_entity_id"":""14665"",""amount"":""582.58"",""date_received"":""2021-02-17T00:00:00.000Z"",""payer"":""Internal Revenue Service"",""accounts"":[""7010.4 Payroll:3.Benefits:Payroll Taxes"",""BUSINESS CHECKING (XXXXXX 8945)""],""classes"":[""Hubs (deleted):Hub - Puerto Rico (deleted)""],""raw_reference"":""BUSINESS CHECKING (XXXXXX 8945)"",""line_description"":""IRS              HIST RTN   210217 270144711330923 WILDFLOWER FOUNDATION""}]"
"bdep_e698a29e11e6f2ea6840775e","485.20","2020-05-22T00:00:00.000Z","STRIPE           TRANSFER          ST-R9J1V0Q6P9B1 THE WILDFLOWER FOUNDAT","earned_income","rule_derived","","reviewed: componentless deposit, all QB accounts non-donation (0185)","4020 Services - Earned Income | BUSINESS CHECKING (XXXXXX 8945)","Stripe","[{""source"":""deposit_qbo_components"",""id"":""dqc_h02rwNW_8vLwrMFlCoUqu"",""staged_payment_id"":""h02rwNW_8vLwrMFlCoUqu"",""qb_deposit_id"":""12052"",""qb_entity_type"":""deposit"",""qb_entity_id"":""12052"",""amount"":""485.20"",""date_received"":""2020-05-22T00:00:00.000Z"",""payer"":""Stripe"",""accounts"":[""4020 Services - Earned Income"",""BUSINESS CHECKING (XXXXXX 8945)""],""classes"":[""Spo - Embracing Equity (deleted)""],""raw_reference"":""BUSINESS CHECKING (XXXXXX 8945)"",""line_description"":""STRIPE           TRANSFER          ST-R9J1V0Q6P9B1 THE WILDFLOWER FOUNDAT""}]"
"bdep_e73ff220c05ae0fd73939335","28.83","2019-07-15T00:00:00.000Z","STRIPE           TRANSFER          ST-G0B3U5X5B2Y1 THE WILDFLOWER FOUNDAT","earned_income","rule_derived","","reviewed: componentless deposit, all QB accounts non-donation (0185)","4020 Services - Earned Income | BUSINESS CHECKING (XXXXXX 8945)","Stripe","[{""source"":""deposit_qbo_components"",""id"":""dqc_3K9sDiqgBlnyhg-HnSZIk"",""staged_payment_id"":""3K9sDiqgBlnyhg-HnSZIk"",""qb_deposit_id"":""8313"",""qb_entity_type"":""deposit"",""qb_entity_id"":""8313"",""amount"":""28.83"",""date_received"":""2019-07-15T00:00:00.000Z"",""payer"":""Stripe"",""accounts"":[""4020 Services - Earned Income"",""BUSINESS CHECKING (XXXXXX 8945)""],""classes"":[""Existing School Support (deleted)""],""raw_reference"":""STRIPE           TRANSFER          ST-G0B3U5X5B2Y1 THE WILDFLOWER FOUNDAT"",""line_description"":""STRIPE           TRANSFER          ST-G0B3U5X5B2Y1 THE WILDFLOWER FOUNDAT"",""transaction_memo"":""STRIPE           TRANSFER          ST-G0B3U5X5B2Y1 THE WILDFLOWER FOUNDAT""}]"
"bdep_e7b822a8870cd4c8e4ce3bf6","4990.56","2026-04-06T00:00:00.000Z","Wildflower New Y Receivable        016GUOZAH42A8AZ 016GUOZAH42A8AZ Wildflower New Y Bill.com Inv TW","membership","rule_derived","","reviewed: affiliated-school membership (name-confirmed; 0176)","1503 Pledges/Services Receivable","Wildflower New York Charter School","[{""source"":""bank_deposit_qbo_register"",""id"":""bdqr_bdep_e7b822a8870cd4c8e4ce3bf6"",""bank_transaction_id"":""bnk_77931b3b49ae36ca99e6f8de"",""amount"":""4990.56"",""txn_date"":""2026-04-03T00:00:00.000Z"",""txn_type"":""Payment"",""ref_no"":""P26040202 - 1206247"",""payer"":""Wildflower New York Charter School"",""accounts"":[""1503 Pledges/Services Receivable""],""memo"":""Inv TWF - April Inv045"",""reconciliation_status"":""Reconciled""}]"
"bdep_e81ca56c4a4e1cadd2dd9ec5","1565.91","2021-03-23T00:00:00.000Z","STRIPE           TRANSFER          ST-X6T9S7U1D4V7 THE WILDFLOWER FOUNDAT","earned_income","rule_derived","","reviewed: componentless deposit, all QB accounts non-donation (0185)","4020 Services - Earned Income | BUSINESS CHECKING (XXXXXX 8945)","Stripe","[{""source"":""deposit_qbo_components"",""id"":""dqc_kOzDC87d2XeqQg4h8KwU0"",""staged_payment_id"":""kOzDC87d2XeqQg4h8KwU0"",""qb_deposit_id"":""15237"",""qb_entity_type"":""deposit"",""qb_entity_id"":""15237"",""amount"":""1565.91"",""date_received"":""2021-03-23T00:00:00.000Z"",""payer"":""Stripe"",""accounts"":[""4020 Services - Earned Income"",""BUSINESS CHECKING (XXXXXX 8945)""],""classes"":[""Spo - Embracing Equity (deleted)""],""raw_reference"":""BUSINESS CHECKING (XXXXXX 8945)"",""line_description"":""STRIPE           TRANSFER          ST-X6T9S7U1D4V7 THE WILDFLOWER FOUNDAT""}]"
"bdep_e8b02e311896d94af602b642","3731.18","2025-07-03T00:00:00.000Z","Minnesota Wildfl Receivable        016JEZTDM3S94CF 016JEZTDM3S94CF Minnesota Wildfl Bill.com Inv TW","membership","rule_derived","","reviewed: componentless deposit, all QB accounts non-donation (0185)","Network Membership Fees (School SItes)","Minnesota Wildflower Montessori School","[{""source"":""deposit_qbo_components"",""id"":""dqc_8UMzoHhqYe9E2aBxJ0wTy"",""staged_payment_id"":""8UMzoHhqYe9E2aBxJ0wTy"",""qb_deposit_id"":""34465"",""qb_entity_type"":""payment"",""qb_entity_id"":""34168"",""amount"":""3731.18"",""date_received"":""2025-07-02T00:00:00.000Z"",""payer"":""Minnesota Wildflower Montessori School"",""accounts"":[""Network Membership Fees (School SItes)""],""items"":[""School Contributions""],""raw_reference"":""P25070101 - 1192917"",""line_description"":""Inv TWF-151"",""transaction_memo"":""Inv TWF-151""}]"
"bdep_e8f9b74b711e618c550bcb45","471.73","2019-03-26T00:00:00.000Z","STRIPE           TRANSFER                          X","earned_income","rule_derived","","reviewed: componentless deposit, all QB accounts non-donation (0185)","4020 Services - Earned Income | BUSINESS CHECKING (XXXXXX 8945)","Christina Blomberg","[{""source"":""deposit_qbo_components"",""id"":""dqc_r9ElU4_BlHW6f096kfgW0"",""staged_payment_id"":""r9ElU4_BlHW6f096kfgW0"",""qb_deposit_id"":""6788"",""qb_entity_type"":""deposit"",""qb_entity_id"":""6788"",""amount"":""471.73"",""date_received"":""2019-03-26T00:00:00.000Z"",""payer"":""Christina Blomberg"",""accounts"":[""4020 Services - Earned Income"",""BUSINESS CHECKING (XXXXXX 8945)""],""classes"":[""Existing School Support (deleted)""],""raw_reference"":""STRIPE           TRANSFER                          X"",""line_description"":""STRIPE           TRANSFER                          X"",""transaction_memo"":""STRIPE           TRANSFER                          X""}]"
"bdep_e8fecd72e51ec5f2e3905efe","620.00","2018-09-28T00:00:00.000Z","WF RETURN WIRES IN PROC WT SEQ101550 /ORG= SRF# 2018092800089341 TRN#180928101550 RFB#","loan","rule_derived","","reviewed: componentless deposit, all QB accounts non-donation (0185)","1600 Loans to Schools | BUSINESS CHECKING (XXXXXX 8945)","Sep Kamvar (V)","[{""source"":""deposit_qbo_components"",""id"":""dqc_buV7GrINkv0vY2uGpA0Qf"",""staged_payment_id"":""buV7GrINkv0vY2uGpA0Qf"",""qb_deposit_id"":""4688"",""qb_entity_type"":""deposit"",""qb_entity_id"":""4688"",""amount"":""620.00"",""date_received"":""2018-09-28T00:00:00.000Z"",""payer"":""Sep Kamvar (V)"",""accounts"":[""1600 Loans to Schools"",""BUSINESS CHECKING (XXXXXX 8945)""],""raw_reference"":""WF RETURN WIRES IN PROC WT SEQ101550 /ORG= SRF# 2018092800089341 TRN#180928101550 RFB#"",""line_description"":""WF RETURN WIRES IN PROC WT SEQ101550 /ORG= SRF# 2018092800089341 TRN#180928101550 RFB#"",""transaction_memo"":""WF RETURN WIRES IN PROC WT SEQ101550 /ORG= SRF# 2018092800089341 TRN#180928101550 RFB#""}]"
"bdep_e906ee10cb057a66cb326935","53.10","2019-02-28T00:00:00.000Z","STRIPE           TRANSFER                          X","earned_income","rule_derived","","reviewed: componentless deposit, all QB accounts non-donation (0185)","4020 Services - Earned Income | BUSINESS CHECKING (XXXXXX 8945)","","[{""source"":""deposit_qbo_components"",""id"":""dqc_-ddIq2rTWHErdkiXHvcMK"",""staged_payment_id"":""-ddIq2rTWHErdkiXHvcMK"",""qb_deposit_id"":""6422"",""qb_entity_type"":""deposit"",""qb_entity_id"":""6422"",""amount"":""53.10"",""date_received"":""2019-02-28T00:00:00.000Z"",""accounts"":[""4020 Services - Earned Income"",""BUSINESS CHECKING (XXXXXX 8945)""],""classes"":[""Existing School Support (deleted)""],""raw_reference"":""STRIPE           TRANSFER                          X"",""line_description"":""STRIPE           TRANSFER                          X"",""transaction_memo"":""STRIPE           TRANSFER                          X""}]"
"bdep_e9d32cda2b041e2075dd67a6","4616.00","2020-11-30T00:00:00.000Z","ALLIANT INSURANC HIST RTN   201130 56CNDF          JENNIE HOUGHTON","expense_refund","rule_derived","","reviewed: componentless deposit, all QB accounts non-donation (0185)","7006 All Other Expenditures:Insurance | BUSINESS CHECKING (XXXXXX 8945)","Alliant Insurance Services, Inc.","[{""source"":""deposit_qbo_components"",""id"":""dqc_Di4Pj7Ss9p6HyciWOxbLB"",""staged_payment_id"":""Di4Pj7Ss9p6HyciWOxbLB"",""qb_deposit_id"":""13900"",""qb_entity_type"":""deposit"",""qb_entity_id"":""13900"",""amount"":""4616.00"",""date_received"":""2020-11-30T00:00:00.000Z"",""payer"":""Alliant Insurance Services, Inc."",""accounts"":[""7006 All Other Expenditures:Insurance"",""BUSINESS CHECKING (XXXXXX 8945)""],""classes"":[""National (deleted):Foundation Operations (deleted)""],""raw_reference"":""BUSINESS CHECKING (XXXXXX 8945)"",""line_description"":""ALLIANT INSURANC HIST RTN   201130 56CNDF          JENNIE HOUGHTON""}]"
"bdep_eb733090ea196b2b8393c739","694.92","2020-08-05T00:00:00.000Z","STRIPE           TRANSFER          ST-G8D9T9Z8X1Y5 THE WILDFLOWER FOUNDAT","earned_income","rule_derived","","reviewed: componentless deposit, all QB accounts non-donation (0185)","4020 Services - Earned Income | BUSINESS CHECKING (XXXXXX 8945)","Stripe","[{""source"":""deposit_qbo_components"",""id"":""dqc_0uri6D8ssPF6Pn9ZqPadA"",""staged_payment_id"":""0uri6D8ssPF6Pn9ZqPadA"",""qb_deposit_id"":""12893"",""qb_entity_type"":""deposit"",""qb_entity_id"":""12893"",""amount"":""694.92"",""date_received"":""2020-08-05T00:00:00.000Z"",""payer"":""Stripe"",""accounts"":[""4020 Services - Earned Income"",""BUSINESS CHECKING (XXXXXX 8945)""],""classes"":[""Spo - Embracing Equity (deleted)""],""raw_reference"":""BUSINESS CHECKING (XXXXXX 8945)"",""line_description"":""STRIPE           TRANSFER          ST-G8D9T9Z8X1Y5 THE WILDFLOWER FOUNDAT""}]"
"bdep_ebd20a68fb019c00a2fdeffc","62.21","2019-11-14T00:00:00.000Z","STRIPE           TRANSFER          ST-U1N5E0M0J2V1 THE WILDFLOWER FOUNDAT","earned_income","rule_derived","","reviewed: componentless deposit, all QB accounts non-donation (0185)","4020 Services - Earned Income | BUSINESS CHECKING (XXXXXX 8945)","Stripe","[{""source"":""deposit_qbo_components"",""id"":""dqc_lkl4ZzkrpehECeUiwBiB5"",""staged_payment_id"":""lkl4ZzkrpehECeUiwBiB5"",""qb_deposit_id"":""9580"",""qb_entity_type"":""deposit"",""qb_entity_id"":""9580"",""amount"":""62.21"",""date_received"":""2019-11-14T00:00:00.000Z"",""payer"":""Stripe"",""accounts"":[""4020 Services - Earned Income"",""BUSINESS CHECKING (XXXXXX 8945)""],""classes"":[""Spo - Embracing Equity (deleted)""],""raw_reference"":""BUSINESS CHECKING (XXXXXX 8945)"",""line_description"":""STRIPE           TRANSFER          ST-U1N5E0M0J2V1 THE WILDFLOWER FOUNDAT""}]"
"bdep_ec3976c3e760e49573684dad","1282.33","2025-05-28T00:00:00.000Z","Urban Village Mo Receivable        016BDBPAR3QUT6U 016BDBPAR3QUT6U Urban Village Mo Bill.com Inv TW","membership","rule_derived","","reviewed: componentless deposit, all QB accounts non-donation (0185)","Network Membership Fees (School SItes)","Urban Village Montessori","[{""source"":""deposit_qbo_components"",""id"":""dqc_fHy3WG1VblS2exI4bggKU"",""staged_payment_id"":""fHy3WG1VblS2exI4bggKU"",""qb_deposit_id"":""34452"",""qb_entity_type"":""payment"",""qb_entity_id"":""33484"",""amount"":""1282.33"",""date_received"":""2025-05-27T00:00:00.000Z"",""payer"":""Urban Village Montessori"",""accounts"":[""Network Membership Fees (School SItes)""],""items"":[""School Contributions""],""raw_reference"":""P25052102 - 8843487"",""line_description"":""Inv TWF-149"",""transaction_memo"":""Inv TWF-149""}]"
"bdep_ec4e2f542f9ff12930d86a0a","1251.44","2025-12-11T00:00:00.000Z","Bill.com         Receivable        015WBECLPXS27FV Trout Lily Montessori Bill.com 015WBECLPXS27FV I","membership","rule_derived","","reviewed: affiliated-school membership (name-confirmed; 0176)","","","[{""source"":""bank_deposit_qbo_register"",""id"":""bdqr_bdep_ec4e2f542f9ff12930d86a0a"",""bank_transaction_id"":""bnk_639080bb135bb6d8026f0633"",""amount"":""1251.44"",""txn_date"":""2025-12-11T00:00:00.000Z"",""txn_type"":""Journal"",""ref_no"":""JE #CSP Sept 2027"",""memo"":""BILL 12/11/25 AR Payments"",""reconciliation_status"":""Reconciled""}]"
"bdep_ec7bf911ddc32c0a2b5cddc6","281.58","2024-03-20T00:00:00.000Z","WT SEQ172620 LAJOY PLANS, LLC        /ORG=                                            SRF#    OWXXXXXXXX518833 TRN#XXXXXXXX2620  RFB#    OWXXXXXXXX518833","expense_refund","rule_derived","","reviewed: componentless deposit, all QB accounts non-donation (0185)","7010.71 Payroll:Contractors:Event Planning | BUSINESS CHECKING (XXXXXX 8945)","LaJoy Plans, LLC","[{""source"":""deposit_qbo_components"",""id"":""dqc_PDnKD00SgjlNx3RCrwycN"",""staged_payment_id"":""PDnKD00SgjlNx3RCrwycN"",""qb_deposit_id"":""28153"",""qb_entity_type"":""deposit"",""qb_entity_id"":""28153"",""amount"":""281.58"",""date_received"":""2024-03-20T00:00:00.000Z"",""payer"":""LaJoy Plans, LLC"",""accounts"":[""7010.71 Payroll:Contractors:Event Planning"",""BUSINESS CHECKING (XXXXXX 8945)""],""classes"":[""Exchange BWF""],""raw_reference"":""BUSINESS CHECKING (XXXXXX 8945)"",""line_description"":""WT SEQ172620 LAJOY PLANS, LLC        /ORG=                                            SRF#    OWXXXXXXXX518833 TRN#XXXXXXXX2620  RFB#    OWXXXXXXXX518833""}]"
"bdep_edaddbf02ccef49ffb86ad14","545.45","2024-11-26T00:00:00.000Z","Rain Lily Montes Receivable        016RYAICK3K7MOL 016RYAICK3K7MOL Rain Lily Montes Bill.com Inv CS","membership","rule_derived","","reviewed: componentless deposit, all QB accounts non-donation (0185)","Network Membership Fees (School SItes)","Rain Lily Montessori School, Inc.","[{""source"":""deposit_qbo_components"",""id"":""dqc_LhwGIgdg2UkckUAQLr1m8"",""staged_payment_id"":""LhwGIgdg2UkckUAQLr1m8"",""qb_deposit_id"":""30979"",""qb_entity_type"":""payment"",""qb_entity_id"":""30779"",""amount"":""545.45"",""date_received"":""2024-11-25T00:00:00.000Z"",""payer"":""Rain Lily Montessori School, Inc."",""accounts"":[""Network Membership Fees (School SItes)""],""items"":[""School Contributions""],""raw_reference"":""P24111902 - 5335960"",""line_description"":""Inv CSP 9.1.53"",""transaction_memo"":""Inv CSP 9.1.53""}]"
"bdep_ee1176ac1f75a0a19fc0c5fc","454.55","2025-04-04T00:00:00.000Z","Bergamot Montess Bill.com          026UHPZJV1CBXKR Bergamot Montessori Bill.com 026UHPZJV1CBXKR Inv","membership","rule_derived","","reviewed: componentless deposit, all QB accounts non-donation (0185)","Network Membership Fees (School SItes)","Bergamot Montessori Inc.","[{""source"":""deposit_qbo_components"",""id"":""dqc_31BqxInLvvfBLNes2AqbL"",""staged_payment_id"":""31BqxInLvvfBLNes2AqbL"",""qb_deposit_id"":""33552"",""qb_entity_type"":""payment"",""qb_entity_id"":""32726"",""amount"":""454.55"",""date_received"":""2025-04-03T00:00:00.000Z"",""payer"":""Bergamot Montessori Inc."",""accounts"":[""Network Membership Fees (School SItes)""],""items"":[""School Contributions""],""raw_reference"":""P25033102 - 5687779"",""line_description"":""Inv 138"",""transaction_memo"":""Inv 138""}]"
"bdep_ee6fc3ae383621fcf8699d3a","13300.00","2024-05-16T00:00:00.000Z","Wild Rose Montes Bill.com          015HVMGFEU1SSZU Wild Rose Montessori School Bill.com 015HVMGFEU1","membership","rule_derived","","reviewed: componentless deposit, all QB accounts non-donation (0185)","Network Membership Fees (School SItes)","Wild Rose Montessori School Inc","[{""source"":""deposit_qbo_components"",""id"":""dqc_pJi0Mc5Bm6G0ayYOLuH8E"",""staged_payment_id"":""pJi0Mc5Bm6G0ayYOLuH8E"",""qb_deposit_id"":""28798"",""qb_entity_type"":""payment"",""qb_entity_id"":""28499"",""amount"":""13300.00"",""date_received"":""2024-05-16T00:00:00.000Z"",""payer"":""Wild Rose Montessori School Inc"",""accounts"":[""Network Membership Fees (School SItes)""],""classes"":[""National (deleted):Foundation General (deleted)""],""items"":[""School Contributions""],""raw_reference"":""P24051002 - 2991199"",""line_description"":""Inv 79252461-63"",""transaction_memo"":""Inv 79252461-63""}]"
"bdep_f0246e692d0d5485a34bc6c7","28.83","2018-10-19T00:00:00.000Z","STRIPE TRANSFER X","earned_income","rule_derived","","reviewed: componentless deposit, all QB accounts non-donation (0185)","4020 Services - Earned Income | BUSINESS CHECKING (XXXXXX 8945)","","[{""source"":""deposit_qbo_components"",""id"":""dqc_278dE2u_WGyDnKIyTj_Ui"",""staged_payment_id"":""278dE2u_WGyDnKIyTj_Ui"",""qb_deposit_id"":""4908"",""qb_entity_type"":""deposit"",""qb_entity_id"":""4908"",""amount"":""28.83"",""date_received"":""2018-10-19T00:00:00.000Z"",""accounts"":[""4020 Services - Earned Income"",""BUSINESS CHECKING (XXXXXX 8945)""],""classes"":[""Overhead (deleted)""],""raw_reference"":""STRIPE TRANSFER X"",""line_description"":""STRIPE TRANSFER X"",""transaction_memo"":""STRIPE TRANSFER X""}]"
"bdep_f07267b882fd7840b3c34ec6","23.97","2020-04-22T00:00:00.000Z","STRIPE           TRANSFER          ST-I7I2E4X2D5I5 THE WILDFLOWER FOUNDAT","earned_income","rule_derived","","reviewed: componentless deposit, all QB accounts non-donation (0185)","4020 Services - Earned Income | BUSINESS CHECKING (XXXXXX 8945)","Stripe","[{""source"":""deposit_qbo_components"",""id"":""dqc_UYO5dz-jkUGZ3L89Yi9jl"",""staged_payment_id"":""UYO5dz-jkUGZ3L89Yi9jl"",""qb_deposit_id"":""11745"",""qb_entity_type"":""deposit"",""qb_entity_id"":""11745"",""amount"":""23.97"",""date_received"":""2020-04-22T00:00:00.000Z"",""payer"":""Stripe"",""accounts"":[""4020 Services - Earned Income"",""BUSINESS CHECKING (XXXXXX 8945)""],""classes"":[""Spo - Embracing Equity (deleted)""],""raw_reference"":""BUSINESS CHECKING (XXXXXX 8945)"",""line_description"":""STRIPE           TRANSFER          ST-I7I2E4X2D5I5 THE WILDFLOWER FOUNDAT""}]"
"bdep_f0ccf5c3038309a2986a802e","0.23","2016-11-18T00:00:00.000Z","guideline 401(k) TRANSFER AMNTS:16,23 X","expense_refund","rule_derived","","reviewed: componentless deposit, all QB accounts non-donation (0185)","7003 All Other Expenditures:Bank Charges | BUSINESS CHECKING (XXXXXX 8945)","","[{""source"":""deposit_qbo_components"",""id"":""dqc_Xy55EfMZNP48dJnY9rkpj"",""staged_payment_id"":""Xy55EfMZNP48dJnY9rkpj"",""qb_deposit_id"":""317"",""qb_entity_type"":""deposit"",""qb_entity_id"":""317"",""amount"":""0.23"",""date_received"":""2016-11-18T00:00:00.000Z"",""accounts"":[""7003 All Other Expenditures:Bank Charges"",""BUSINESS CHECKING (XXXXXX 8945)""],""classes"":[""Overhead (deleted)""],""raw_reference"":""guideline 401(k) TRANSFER AMNTS:16,23 X"",""line_description"":""guideline 401(k) TRANSFER AMNTS:16,23 X"",""transaction_memo"":""guideline 401(k) TRANSFER AMNTS:16,23 X""}]"
"bdep_f106c9b64329a77e4368f456","275.22","2020-06-08T00:00:00.000Z","STRIPE           TRANSFER          ST-U0Z4X4I5B8F9 THE WILDFLOWER FOUNDAT","earned_income","rule_derived","","reviewed: componentless deposit, all QB accounts non-donation (0185)","4020 Services - Earned Income | BUSINESS CHECKING (XXXXXX 8945)","Stripe","[{""source"":""deposit_qbo_components"",""id"":""dqc_gJMhKZs12-eP-tjz6xn6N"",""staged_payment_id"":""gJMhKZs12-eP-tjz6xn6N"",""qb_deposit_id"":""12221"",""qb_entity_type"":""deposit"",""qb_entity_id"":""12221"",""amount"":""275.22"",""date_received"":""2020-06-08T00:00:00.000Z"",""payer"":""Stripe"",""accounts"":[""4020 Services - Earned Income"",""BUSINESS CHECKING (XXXXXX 8945)""],""classes"":[""Spo - Embracing Equity (deleted)""],""raw_reference"":""BUSINESS CHECKING (XXXXXX 8945)"",""line_description"":""STRIPE           TRANSFER          ST-U0Z4X4I5B8F9 THE WILDFLOWER FOUNDAT""}]"
"bdep_f122c74cb0562a2139c0d586","193.90","2020-01-07T00:00:00.000Z","STRIPE           TRANSFER          ST-O3U5D7M3E8I5 THE WILDFLOWER FOUNDAT","earned_income","rule_derived","","reviewed: componentless deposit, all QB accounts non-donation (0185)","4020 Services - Earned Income | BUSINESS CHECKING (XXXXXX 8945)","Stripe","[{""source"":""deposit_qbo_components"",""id"":""dqc_Kc3KoHjBTfzzFKZVs1Xab"",""staged_payment_id"":""Kc3KoHjBTfzzFKZVs1Xab"",""qb_deposit_id"":""10575"",""qb_entity_type"":""deposit"",""qb_entity_id"":""10575"",""amount"":""193.90"",""date_received"":""2020-01-07T00:00:00.000Z"",""payer"":""Stripe"",""accounts"":[""4020 Services - Earned Income"",""BUSINESS CHECKING (XXXXXX 8945)""],""classes"":[""Spo - Embracing Equity (deleted)""],""raw_reference"":""BUSINESS CHECKING (XXXXXX 8945)"",""line_description"":""STRIPE           TRANSFER          ST-O3U5D7M3E8I5 THE WILDFLOWER FOUNDAT""}]"
"bdep_f1803acc65c2f32618b36c2e","545.45","2024-10-29T00:00:00.000Z","Rain Lily Montes Receivable        016OMOKHX3J5AN1 016OMOKHX3J5AN1 Rain Lily Montes Bill.com Inv 79","membership","rule_derived","","reviewed: componentless deposit, all QB accounts non-donation (0185)","Network Membership Fees (School SItes)","Rain Lily Montessori School, Inc.","[{""source"":""deposit_qbo_components"",""id"":""dqc_D5eCd5DegskTc3rYwmB81"",""staged_payment_id"":""D5eCd5DegskTc3rYwmB81"",""qb_deposit_id"":""30617"",""qb_entity_type"":""payment"",""qb_entity_id"":""30500"",""amount"":""545.45"",""date_received"":""2024-10-28T00:00:00.000Z"",""payer"":""Rain Lily Montessori School, Inc."",""accounts"":[""Network Membership Fees (School SItes)""],""items"":[""School Contributions""],""raw_reference"":""P24102202 - 8613040"",""line_description"":""Inv 79252461-240"",""transaction_memo"":""Inv 79252461-240""}]"
"bdep_f191e4d7868f2dfb677d8cbc","3731.18","2025-03-27T00:00:00.000Z","Minnesota Wildfl Receivable        016ZSMUFR3OL2KW 016ZSMUFR3OL2KW Minnesota Wildfl Bill.com Inv 14","membership","rule_derived","","reviewed: componentless deposit, all QB accounts non-donation (0185)","Network Membership Fees (School SItes)","Minnesota Wildflower Montessori School","[{""source"":""deposit_qbo_components"",""id"":""dqc_F7ZFEIUJFygV5DVF3v2Oz"",""staged_payment_id"":""F7ZFEIUJFygV5DVF3v2Oz"",""qb_deposit_id"":""33539"",""qb_entity_type"":""payment"",""qb_entity_id"":""32670"",""amount"":""3731.18"",""date_received"":""2025-03-26T00:00:00.000Z"",""payer"":""Minnesota Wildflower Montessori School"",""accounts"":[""Network Membership Fees (School SItes)""],""items"":[""School Contributions""],""raw_reference"":""P25032501 - 2279941"",""line_description"":""Inv 146"",""transaction_memo"":""Inv 146""}]"
"bdep_f32b5aa804cf271561328c15","69000.00","2023-01-12T00:00:00.000Z","WT SEQ104935 THE WILDFLOWER LOAN FUN /ORG=                                            SRF#    OW00002855418528 TRN#230112104935  RFB#    OW00002855418528","intercompany_transfer","rule_derived","","reviewed: componentless deposit, all QB accounts non-donation (0185)","1008 Checking (Previously LF1) | BUSINESS CHECKING (XXXXXX 8945)","LOAN FUND 1","[{""source"":""deposit_qbo_components"",""id"":""dqc_hR-P1e8onytXq9MBIZqOa"",""staged_payment_id"":""hR-P1e8onytXq9MBIZqOa"",""qb_deposit_id"":""23281"",""qb_entity_type"":""deposit"",""qb_entity_id"":""23281"",""amount"":""69000.00"",""date_received"":""2023-01-12T00:00:00.000Z"",""payer"":""LOAN FUND 1"",""accounts"":[""1008 Checking (Previously LF1)"",""BUSINESS CHECKING (XXXXXX 8945)""],""raw_reference"":""BUSINESS CHECKING (XXXXXX 8945)"",""line_description"":""WT SEQ104935 THE WILDFLOWER LOAN FUN /ORG=                                            SRF#    OW00002855418528 TRN#230112104935  RFB#    OW00002855418528""}]"
"bdep_f370d98ffd0b872988a78da2","4523.02","2025-04-28T00:00:00.000Z","Wildflower New Y Receivable        016UTTGQJ3PQGXN 016UTTGQJ3PQGXN Wildflower New Y Bill.com Inv 11","membership","rule_derived","","reviewed: componentless deposit, all QB accounts non-donation (0185)","Network Membership Fees (School SItes)","Wildflower New York Charter School","[{""source"":""deposit_qbo_components"",""id"":""dqc_qxBFTggXTA2SbAZP3D-7a"",""staged_payment_id"":""qxBFTggXTA2SbAZP3D-7a"",""qb_deposit_id"":""33558"",""qb_entity_type"":""payment"",""qb_entity_id"":""33069"",""amount"":""4523.02"",""date_received"":""2025-04-25T00:00:00.000Z"",""payer"":""Wildflower New York Charter School"",""accounts"":[""Network Membership Fees (School SItes)""],""items"":[""School Contributions""],""raw_reference"":""P25042402 - 1950724"",""line_description"":""Inv 48-TWF"",""transaction_memo"":""Inv 48-TWF""}]"
"bdep_f377122f0b8d060d0a5e7059","23.97","2018-11-27T00:00:00.000Z","STRIPE           TRANSFER                          X 201811271","earned_income","rule_derived","","reviewed: componentless deposit, all QB accounts non-donation (0185)","4020 Services - Earned Income | BUSINESS CHECKING (XXXXXX 8945)","","[{""source"":""deposit_qbo_components"",""id"":""dqc_Fv59QJ1vthQ9rLb3tf6ZL"",""staged_payment_id"":""Fv59QJ1vthQ9rLb3tf6ZL"",""qb_deposit_id"":""5357"",""qb_entity_type"":""deposit"",""qb_entity_id"":""5357"",""amount"":""23.97"",""date_received"":""2018-11-27T00:00:00.000Z"",""accounts"":[""4020 Services - Earned Income"",""BUSINESS CHECKING (XXXXXX 8945)""],""raw_reference"":""STRIPE           TRANSFER                          X 201811271"",""line_description"":""STRIPE           TRANSFER                          X 201811271"",""transaction_memo"":""STRIPE           TRANSFER                          X 201811271""}]"
"bdep_f39690dde1fd4af6ec5d5b57","0.48","2017-10-31T00:00:00.000Z","Expensify, Inc. Validation XXXXXX8945 The Wildflower Foundat","expense_refund","rule_derived","","reviewed: componentless deposit, all QB accounts non-donation (0185)","7003 All Other Expenditures:Bank Charges | BUSINESS CHECKING (XXXXXX 8945)","Expensify","[{""source"":""deposit_qbo_components"",""id"":""dqc_KFuL01mo2FQV_J-61Oufo"",""staged_payment_id"":""KFuL01mo2FQV_J-61Oufo"",""qb_deposit_id"":""1868"",""qb_entity_type"":""deposit"",""qb_entity_id"":""1868"",""amount"":""0.48"",""date_received"":""2017-10-31T00:00:00.000Z"",""payer"":""Expensify"",""accounts"":[""7003 All Other Expenditures:Bank Charges"",""BUSINESS CHECKING (XXXXXX 8945)""],""classes"":[""Overhead (deleted)""],""raw_reference"":""Expensify, Inc. Validation XXXXXX8945 The Wildflower Foundat"",""line_description"":""Expensify, Inc. Validation XXXXXX8945 The Wildflower Foundat"",""transaction_memo"":""Expensify, Inc. Validation XXXXXX8945 The Wildflower Foundat""}]"
"bdep_f413289a21eaeef80af38415","16021.83","2023-11-24T00:00:00.000Z","SSBTRUSTOPS      HIST RTN   231124                 THE WILDFLOWER","expense_refund","rule_derived","","reviewed: componentless deposit, all QB accounts non-donation (0185)","2002 Benefit Liability | BUSINESS CHECKING (XXXXXX 8945)","Guideline","[{""source"":""deposit_qbo_components"",""id"":""dqc_o8831kacrhIKONt0yewJX"",""staged_payment_id"":""o8831kacrhIKONt0yewJX"",""qb_deposit_id"":""26866"",""qb_entity_type"":""deposit"",""qb_entity_id"":""26866"",""amount"":""16021.83"",""date_received"":""2023-11-24T00:00:00.000Z"",""payer"":""Guideline"",""accounts"":[""2002 Benefit Liability"",""BUSINESS CHECKING (XXXXXX 8945)""],""raw_reference"":""BUSINESS CHECKING (XXXXXX 8945)"",""line_description"":""SSBTRUSTOPS      HIST RTN   231124                 THE WILDFLOWER""}]"
"bdep_f526d1f3b2c9e36f1a41f7f3","4523.02","2024-10-23T00:00:00.000Z","Wildflower New Y Receivable        016IGPWZF3IXW5P 016IGPWZF3IXW5P Wildflower New Y Bill.com Inv 79","membership","rule_derived","","reviewed: componentless deposit, all QB accounts non-donation (0185)","Network Membership Fees (School SItes)","Wildflower New York Charter School","[{""source"":""deposit_qbo_components"",""id"":""dqc__wzV5JEna9sZiDmyuBC7X"",""staged_payment_id"":""_wzV5JEna9sZiDmyuBC7X"",""qb_deposit_id"":""30620"",""qb_entity_type"":""payment"",""qb_entity_id"":""30493"",""amount"":""4523.02"",""date_received"":""2024-10-23T00:00:00.000Z"",""payer"":""Wildflower New York Charter School"",""accounts"":[""Network Membership Fees (School SItes)""],""items"":[""School Contributions""],""raw_reference"":""P24102202 - 8753911"",""line_description"":""Inv 79252461-267"",""transaction_memo"":""Inv 79252461-267""}]"
"bdep_f572ff65c3b031d7a2f1e6ff","41.86","2025-11-26T00:00:00.000Z","ATM CHECK DEPOSIT              ON              11/26 1505 W Lake St            Minneapolis   MN  0007418           ATM ID 6991J    CARD 0628","expense_refund","rule_derived","","reviewed: componentless deposit, all QB accounts non-donation (0185)","7011 All Other Expenditures:Office Supplies & Materials | BUSINESS CHECKING (XXXXXX 8945)","Jennifer Houghton","[{""source"":""deposit_qbo_components"",""id"":""dqc_KdOhRXgL4YGILOmjQdp5y"",""staged_payment_id"":""KdOhRXgL4YGILOmjQdp5y"",""qb_deposit_id"":""36569"",""qb_entity_type"":""deposit"",""qb_entity_id"":""36569"",""amount"":""41.86"",""date_received"":""2025-11-26T00:00:00.000Z"",""payer"":""Jennifer Houghton"",""accounts"":[""7011 All Other Expenditures:Office Supplies & Materials"",""BUSINESS CHECKING (XXXXXX 8945)""],""raw_reference"":""JH refunding personal charge on Divvy"",""line_description"":""JH refunding personal charge on Divvy"",""transaction_memo"":""JH refunding personal charge on Divvy""}]"
"bdep_f5bf75f330d8c667e03a51d7","159.74","2018-12-05T00:00:00.000Z","STRIPE           TRANSFER                          X 201812052","earned_income","rule_derived","","reviewed: componentless deposit, all QB accounts non-donation (0185)","4020 Services - Earned Income | BUSINESS CHECKING (XXXXXX 8945)","","[{""source"":""deposit_qbo_components"",""id"":""dqc_paRx7IaueTeWWti5R1KOW"",""staged_payment_id"":""paRx7IaueTeWWti5R1KOW"",""qb_deposit_id"":""5478"",""qb_entity_type"":""deposit"",""qb_entity_id"":""5478"",""amount"":""159.74"",""date_received"":""2018-12-05T00:00:00.000Z"",""accounts"":[""4020 Services - Earned Income"",""BUSINESS CHECKING (XXXXXX 8945)""],""raw_reference"":""STRIPE           TRANSFER                          X 201812052"",""line_description"":""STRIPE           TRANSFER                          X 201812052"",""transaction_memo"":""STRIPE           TRANSFER                          X 201812052""}]"
"bdep_f5dd996440e48acf6d5d08cb","30.00","2017-02-07T00:00:00.000Z","WIRE TRANS SVC CHARGE REVERSAL","expense_refund","rule_derived","","reviewed: componentless deposit, all QB accounts non-donation (0185)","7003 All Other Expenditures:Bank Charges | BUSINESS CHECKING (XXXXXX 8945)","Wells Fargo","[{""source"":""deposit_qbo_components"",""id"":""dqc_LUL4_ygDjqr6KiihguuDA"",""staged_payment_id"":""LUL4_ygDjqr6KiihguuDA"",""qb_deposit_id"":""667"",""qb_entity_type"":""deposit"",""qb_entity_id"":""667"",""amount"":""30.00"",""date_received"":""2017-02-07T00:00:00.000Z"",""payer"":""Wells Fargo"",""accounts"":[""7003 All Other Expenditures:Bank Charges"",""BUSINESS CHECKING (XXXXXX 8945)""],""classes"":[""Overhead (deleted)""],""raw_reference"":""WIRE TRANS SVC CHARGE REVERSAL"",""line_description"":""WIRE TRANS SVC CHARGE REVERSAL"",""transaction_memo"":""WIRE TRANS SVC CHARGE REVERSAL""}]"
"bdep_f608b0387448f0d439c9aa05","485.20","2019-03-07T00:00:00.000Z","STRIPE           TRANSFER                          X","earned_income","rule_derived","","reviewed: componentless deposit, all QB accounts non-donation (0185)","4020 Services - Earned Income | BUSINESS CHECKING (XXXXXX 8945)","","[{""source"":""deposit_qbo_components"",""id"":""dqc_Th2ivh4oghMwvRyPl6yE6"",""staged_payment_id"":""Th2ivh4oghMwvRyPl6yE6"",""qb_deposit_id"":""6578"",""qb_entity_type"":""deposit"",""qb_entity_id"":""6578"",""amount"":""485.20"",""date_received"":""2019-03-07T00:00:00.000Z"",""accounts"":[""4020 Services - Earned Income"",""BUSINESS CHECKING (XXXXXX 8945)""],""classes"":[""Existing School Support (deleted)""],""raw_reference"":""STRIPE           TRANSFER                          X"",""line_description"":""STRIPE           TRANSFER                          X"",""transaction_memo"":""STRIPE           TRANSFER                          X""}]"
"bdep_f61954d160a47ae5020e2c3d","19.64","2021-03-09T00:00:00.000Z","STRIPE           TRANSFER          ST-K4F1W3B9Z2F6 THE WILDFLOWER FOUNDAT","earned_income","rule_derived","","reviewed: componentless deposit, all QB accounts non-donation (0185)","4020 Services - Earned Income | BUSINESS CHECKING (XXXXXX 8945)","Stripe","[{""source"":""deposit_qbo_components"",""id"":""dqc_mg1SKnUM2F-hNOEKqzrwm"",""staged_payment_id"":""mg1SKnUM2F-hNOEKqzrwm"",""qb_deposit_id"":""14786"",""qb_entity_type"":""deposit"",""qb_entity_id"":""14786"",""amount"":""19.64"",""date_received"":""2021-03-09T00:00:00.000Z"",""payer"":""Stripe"",""accounts"":[""4020 Services - Earned Income"",""BUSINESS CHECKING (XXXXXX 8945)""],""classes"":[""Spo - Embracing Equity (deleted)""],""raw_reference"":""BUSINESS CHECKING (XXXXXX 8945)"",""line_description"":""STRIPE           TRANSFER          ST-K4F1W3B9Z2F6 THE WILDFLOWER FOUNDAT""}]"
"bdep_f62d439c735b5b6b280a44c8","454.55","2025-03-14T00:00:00.000Z","Bergamot Montess Bill.com          026WWMJQI1BA4P3 Bergamot Montessori Bill.com 026WWMJQI1BA4P3 Inv","membership","rule_derived","","reviewed: componentless deposit, all QB accounts non-donation (0185)","Network Membership Fees (School SItes)","Bergamot Montessori Inc.","[{""source"":""deposit_qbo_components"",""id"":""dqc_cE5sckbhBE5vrqniHIhVe"",""staged_payment_id"":""cE5sckbhBE5vrqniHIhVe"",""qb_deposit_id"":""32695"",""qb_entity_type"":""payment"",""qb_entity_id"":""32389"",""amount"":""454.55"",""date_received"":""2025-03-13T00:00:00.000Z"",""payer"":""Bergamot Montessori Inc."",""accounts"":[""Network Membership Fees (School SItes)""],""items"":[""School Contributions""],""raw_reference"":""P25031002 - 0692980"",""line_description"":""Inv 106"",""transaction_memo"":""Inv 106""}]"
"bdep_f66f217973111e9175ebdc69","454.55","2025-06-06T00:00:00.000Z","Bergamot Montess Bill.com          026KRXFIM1FLV91 Bergamot Montessori Bill.com 026KRXFIM1FLV91 Inv","membership","rule_derived","","reviewed: componentless deposit, all QB accounts non-donation (0185)","Network Membership Fees (School SItes)","Lilac Montessori","[{""source"":""deposit_qbo_components"",""id"":""dqc_IkziswaQEc9q9n0b5G4XL"",""staged_payment_id"":""IkziswaQEc9q9n0b5G4XL"",""qb_deposit_id"":""34459"",""qb_entity_type"":""payment"",""qb_entity_id"":""33738"",""amount"":""454.55"",""date_received"":""2025-06-05T00:00:00.000Z"",""payer"":""Lilac Montessori"",""accounts"":[""Network Membership Fees (School SItes)""],""items"":[""School Contributions""],""raw_reference"":""P25053102 - 1441947"",""line_description"":""Inv TWF-137"",""transaction_memo"":""Inv TWF-137""}]"
"bdep_f6a39fe7e9f70e0593d31731","199960.00","2021-02-12T00:00:00.000Z","WT SEQ#43597 WF RETURN WIRES IN PROC /ORG=                                            SRF#    2021021100200318 TRN#210212043597  RFB#","expense_refund","rule_derived","","reviewed: componentless deposit, all QB accounts non-donation (0185)","702 Grants to Schools | BUSINESS CHECKING (XXXXXX 8945)","National Center for Montessori in the Public Sector (NCMPS)","[{""source"":""deposit_qbo_components"",""id"":""dqc_sFmer7GdbGoYnQ2nnbsPB"",""staged_payment_id"":""sFmer7GdbGoYnQ2nnbsPB"",""qb_deposit_id"":""14798"",""qb_entity_type"":""deposit"",""qb_entity_id"":""14798"",""amount"":""199960.00"",""date_received"":""2021-02-12T00:00:00.000Z"",""payer"":""National Center for Montessori in the Public Sector (NCMPS)"",""accounts"":[""702 Grants to Schools"",""BUSINESS CHECKING (XXXXXX 8945)""],""classes"":[""National (deleted):Foundation General (deleted)""],""raw_reference"":""NCMPS Wire Refund"",""line_description"":""NCMPS Wire Refund"",""transaction_memo"":""NCMPS Wire Refund""}]"
"bdep_f6c06042ea070a604c28e429","24750.00","2026-01-28T00:00:00.000Z","ONLINE TRANSFER REPAY TWF FOR HONEYPOT LOAN PAYMENT REF #BB0WMNRR7D","loan","rule_derived","","reviewed: componentless deposit, all QB accounts non-donation (0185)","1600 Loans to Schools | BUSINESS CHECKING (XXXXXX 8945)","","[{""source"":""deposit_qbo_components"",""id"":""dqc_6Y0f6B0H3AXaTRQjpmqxr"",""staged_payment_id"":""6Y0f6B0H3AXaTRQjpmqxr"",""qb_deposit_id"":""37499"",""qb_entity_type"":""deposit"",""qb_entity_id"":""37499"",""amount"":""24750.00"",""date_received"":""2026-01-28T00:00:00.000Z"",""accounts"":[""1600 Loans to Schools"",""BUSINESS CHECKING (XXXXXX 8945)""],""raw_reference"":""ONLINE TRANSFER REPAY TWF FOR LOAN TO Honeypot #BB0wmnrr7d"",""line_description"":""ONLINE TRANSFER REPAY TWF FOR LOAN TO Honeypot #BB0wmnrr7d"",""transaction_memo"":""ONLINE TRANSFER REPAY TWF FOR LOAN TO Honeypot #BB0wmnrr7d""}]"
"bdep_f6fd7e9d24de067bb67ccbb5","454.55","2025-04-01T00:00:00.000Z","Lilac Montessori Receivable        016QZGUKR3OR9OZ 016QZGUKR3OR9OZ Lilac Montessori Bill.com Inv #","membership","rule_derived","","reviewed: componentless deposit, all QB accounts non-donation (0185)","Network Membership Fees (School SItes)","Lilac Montessori","[{""source"":""deposit_qbo_components"",""id"":""dqc_zJcrLJJScXRhItEpMFz21"",""staged_payment_id"":""zJcrLJJScXRhItEpMFz21"",""qb_deposit_id"":""33549"",""qb_entity_type"":""payment"",""qb_entity_id"":""32675"",""amount"":""454.55"",""date_received"":""2025-03-31T00:00:00.000Z"",""payer"":""Lilac Montessori"",""accounts"":[""Network Membership Fees (School SItes)""],""items"":[""School Contributions""],""raw_reference"":""P25032602 - 4644797"",""line_description"":""Inv # 121"",""transaction_memo"":""Inv # 121""}]"
"bdep_f760637280b853cf36a97a78","500000.00","2024-10-01T00:00:00.000Z","TRANSFER FROM BRK ****9888 REF# 549995473","intercompany_transfer","rule_derived","","reviewed: componentless deposit, all QB accounts non-donation (0185)","1004 BROKERAGE | BUSINESS CHECKING (XXXXXX 8945)","","[{""source"":""deposit_qbo_components"",""id"":""dqc_O_bQEgEjLQaufpE-sIWuu"",""staged_payment_id"":""O_bQEgEjLQaufpE-sIWuu"",""qb_deposit_id"":""30466"",""qb_entity_type"":""deposit"",""qb_entity_id"":""30466"",""amount"":""500000.00"",""date_received"":""2024-10-01T00:00:00.000Z"",""accounts"":[""1004 BROKERAGE"",""BUSINESS CHECKING (XXXXXX 8945)""],""raw_reference"":""BUSINESS CHECKING (XXXXXX 8945)"",""line_description"":""TRANSFER FROM BRK ****9888 REF# 549995473""}]"
"bdep_f763b4cb63637d5bb737fe30","63.53","2020-08-20T00:00:00.000Z","STRIPE           TRANSFER          ST-L8L2M7I3T5W6 THE WILDFLOWER FOUNDAT","earned_income","rule_derived","","reviewed: componentless deposit, all QB accounts non-donation (0185)","4020 Services - Earned Income | BUSINESS CHECKING (XXXXXX 8945)","Stripe","[{""source"":""deposit_qbo_components"",""id"":""dqc_CGcPPMWqHCio8qmk_c9Co"",""staged_payment_id"":""CGcPPMWqHCio8qmk_c9Co"",""qb_deposit_id"":""13158"",""qb_entity_type"":""deposit"",""qb_entity_id"":""13158"",""amount"":""63.53"",""date_received"":""2020-08-20T00:00:00.000Z"",""payer"":""Stripe"",""accounts"":[""4020 Services - Earned Income"",""BUSINESS CHECKING (XXXXXX 8945)""],""classes"":[""Spo - Embracing Equity (deleted)""],""raw_reference"":""BUSINESS CHECKING (XXXXXX 8945)"",""line_description"":""STRIPE           TRANSFER          ST-L8L2M7I3T5W6 THE WILDFLOWER FOUNDAT""}]"
"bdep_f76af37827f5498cc35387fc","485.20","2021-01-20T00:00:00.000Z","STRIPE           TRANSFER          ST-G0W1H6Y9E9D8 THE WILDFLOWER FOUNDAT","earned_income","rule_derived","","reviewed: componentless deposit, all QB accounts non-donation (0185)","4020 Services - Earned Income | BUSINESS CHECKING (XXXXXX 8945)","Stripe","[{""source"":""deposit_qbo_components"",""id"":""dqc_x-AlOoO0efTbxEjp4GVS-"",""staged_payment_id"":""x-AlOoO0efTbxEjp4GVS-"",""qb_deposit_id"":""14339"",""qb_entity_type"":""deposit"",""qb_entity_id"":""14339"",""amount"":""485.20"",""date_received"":""2021-01-20T00:00:00.000Z"",""payer"":""Stripe"",""accounts"":[""4020 Services - Earned Income"",""BUSINESS CHECKING (XXXXXX 8945)""],""classes"":[""Spo - Embracing Equity (deleted)""],""raw_reference"":""Charge for Michelle Yang"",""line_description"":""Charge for Michelle Yang"",""transaction_memo"":""Charge for Michelle Yang""}]"
"bdep_f7b8096cd19b91e865e74dcb","212.50","2022-01-31T00:00:00.000Z","Morgan Stanley   ACH CREDIT 220128 101208553102jpc The Wildflower Foundat","loan","rule_derived","","reviewed: componentless deposit, all QB accounts non-donation (0185)","1600 Loans to Schools | BUSINESS CHECKING (XXXXXX 8945)","Morgan Stanley","[{""source"":""deposit_qbo_components"",""id"":""dqc_CuvR5i1zuZI-oI52-kGex"",""staged_payment_id"":""CuvR5i1zuZI-oI52-kGex"",""qb_deposit_id"":""18583"",""qb_entity_type"":""deposit"",""qb_entity_id"":""18583"",""amount"":""212.50"",""date_received"":""2022-01-31T00:00:00.000Z"",""payer"":""Morgan Stanley"",""accounts"":[""1600 Loans to Schools"",""BUSINESS CHECKING (XXXXXX 8945)""],""raw_reference"":""Dahlia Montessori Repayment"",""line_description"":""Dahlia Montessori Repayment"",""transaction_memo"":""Dahlia Montessori Repayment""}]"
"bdep_f885fd4d207cb390c8d7063c","0.09","2020-01-02T00:00:00.000Z","GUSTO            TAX 118681 200102 6semjo5hjtn     The Wildflower Foundat","expense_refund","rule_derived","","reviewed: componentless deposit, all QB accounts non-donation (0185)","2002 Benefit Liability | BUSINESS CHECKING (XXXXXX 8945)","Gusto","[{""source"":""deposit_qbo_components"",""id"":""dqc_-YZhT8N11tOB3b9zW4CTC"",""staged_payment_id"":""-YZhT8N11tOB3b9zW4CTC"",""qb_deposit_id"":""10547"",""qb_entity_type"":""deposit"",""qb_entity_id"":""10547"",""amount"":""0.09"",""date_received"":""2020-01-02T00:00:00.000Z"",""payer"":""Gusto"",""accounts"":[""2002 Benefit Liability"",""BUSINESS CHECKING (XXXXXX 8945)""],""classes"":[""National (deleted)""],""raw_reference"":""BUSINESS CHECKING (XXXXXX 8945)"",""line_description"":""GUSTO            TAX 118681 200102 6semjo5hjtn     The Wildflower Foundat""}]"
"bdep_f88e0c19811e43de124a2445","1611.67","2022-03-11T00:00:00.000Z","BASIC            BASICCOBRA 220310                 The Wildflower Foundat","expense_refund","rule_derived","","reviewed: componentless deposit, all QB accounts non-donation (0185)","2002 Benefit Liability | BUSINESS CHECKING (XXXXXX 8945)","","[{""source"":""deposit_qbo_components"",""id"":""dqc_82RLbBwAYljFAwSqcm52m"",""staged_payment_id"":""82RLbBwAYljFAwSqcm52m"",""qb_deposit_id"":""19532"",""qb_entity_type"":""deposit"",""qb_entity_id"":""19532"",""amount"":""1611.67"",""date_received"":""2022-03-11T00:00:00.000Z"",""accounts"":[""2002 Benefit Liability"",""BUSINESS CHECKING (XXXXXX 8945)""],""raw_reference"":""BUSINESS CHECKING (XXXXXX 8945)"",""line_description"":""BASIC            BASICCOBRA 220310                 The Wildflower Foundat""}]"
"bdep_f946e87628c1e485a16e1761","33.68","2019-08-16T00:00:00.000Z","STRIPE           TRANSFER          ST-Q3M1T9T4I7Z9 THE WILDFLOWER FOUNDAT","earned_income","rule_derived","","reviewed: componentless deposit, all QB accounts non-donation (0185)","4020 Services - Earned Income | BUSINESS CHECKING (XXXXXX 8945)","Stripe","[{""source"":""deposit_qbo_components"",""id"":""dqc_0NA3EPJHEHX3KKTpqnt6X"",""staged_payment_id"":""0NA3EPJHEHX3KKTpqnt6X"",""qb_deposit_id"":""8616"",""qb_entity_type"":""deposit"",""qb_entity_id"":""8616"",""amount"":""33.68"",""date_received"":""2019-08-16T00:00:00.000Z"",""payer"":""Stripe"",""accounts"":[""4020 Services - Earned Income"",""BUSINESS CHECKING (XXXXXX 8945)""],""classes"":[""Spo - Embracing Equity (deleted)""],""raw_reference"":""STRIPE           TRANSFER          ST-Q3M1T9T4I7Z9 THE WILDFLOWER FOUNDAT"",""line_description"":""STRIPE           TRANSFER          ST-Q3M1T9T4I7Z9 THE WILDFLOWER FOUNDAT"",""transaction_memo"":""STRIPE           TRANSFER          ST-Q3M1T9T4I7Z9 THE WILDFLOWER FOUNDAT""}]"
"bdep_f9830a11d91d7bfc000b0754","489.75","2020-05-14T00:00:00.000Z","STRIPE           TRANSFER          ST-C6U7B1S1N3V1 THE WILDFLOWER FOUNDAT","earned_income","rule_derived","","reviewed: componentless deposit, all QB accounts non-donation (0185)","4020 Services - Earned Income | BUSINESS CHECKING (XXXXXX 8945)","Stripe","[{""source"":""deposit_qbo_components"",""id"":""dqc_dAYqh--egnYMIK6d392wb"",""staged_payment_id"":""dAYqh--egnYMIK6d392wb"",""qb_deposit_id"":""12043"",""qb_entity_type"":""deposit"",""qb_entity_id"":""12043"",""amount"":""489.75"",""date_received"":""2020-05-14T00:00:00.000Z"",""payer"":""Stripe"",""accounts"":[""4020 Services - Earned Income"",""BUSINESS CHECKING (XXXXXX 8945)""],""classes"":[""Spo - Embracing Equity (deleted)""],""raw_reference"":""BUSINESS CHECKING (XXXXXX 8945)"",""line_description"":""STRIPE           TRANSFER          ST-C6U7B1S1N3V1 THE WILDFLOWER FOUNDAT""}]"
"bdep_f9d9f529505e67877378b122","681.30","2021-03-10T00:00:00.000Z","COBRA TRUST ACCT BASICPacif                        COBRA REMIT","expense_refund","rule_derived","","reviewed: componentless deposit, all QB accounts non-donation (0185)","2002 Benefit Liability | BUSINESS CHECKING (XXXXXX 8945)","","[{""source"":""deposit_qbo_components"",""id"":""dqc_bbEVjTkvOxpXJkw3fXdLk"",""staged_payment_id"":""bbEVjTkvOxpXJkw3fXdLk"",""qb_deposit_id"":""14765"",""qb_entity_type"":""deposit"",""qb_entity_id"":""14765"",""amount"":""681.30"",""date_received"":""2021-03-10T00:00:00.000Z"",""accounts"":[""2002 Benefit Liability"",""BUSINESS CHECKING (XXXXXX 8945)""],""classes"":[""National (deleted)""],""raw_reference"":""BUSINESS CHECKING (XXXXXX 8945)"",""line_description"":""COBRA TRUST ACCT BASICPacif                        COBRA REMIT""}]"
"bdep_f9f153592caec7c36d674ebd","897.73","2024-01-31T00:00:00.000Z","THE HARTFORD     HIST RTN   240131 14996743        THE WILDFLOWER FOUNDAT","expense_refund","rule_derived","","reviewed: componentless deposit, all QB accounts non-donation (0185)","7006 All Other Expenditures:Insurance | BUSINESS CHECKING (XXXXXX 8945)","The Hartford","[{""source"":""deposit_qbo_components"",""id"":""dqc_ceP8xlOA9Y57iiC70x7mp"",""staged_payment_id"":""ceP8xlOA9Y57iiC70x7mp"",""qb_deposit_id"":""27659"",""qb_entity_type"":""deposit"",""qb_entity_id"":""27659"",""amount"":""897.73"",""date_received"":""2024-01-31T00:00:00.000Z"",""payer"":""The Hartford"",""accounts"":[""7006 All Other Expenditures:Insurance"",""BUSINESS CHECKING (XXXXXX 8945)""],""raw_reference"":""BUSINESS CHECKING (XXXXXX 8945)"",""line_description"":""THE HARTFORD     HIST RTN   240131 14996743        THE WILDFLOWER FOUNDAT""}]"
"bdep_fa738ffd55af13edcd1fb8a5","108.66","2019-07-31T00:00:00.000Z","STRIPE           TRANSFER          ST-L5N7E4K9V2J2 THE WILDFLOWER FOUNDAT","earned_income","rule_derived","","reviewed: componentless deposit, all QB accounts non-donation (0185)","4020 Services - Earned Income | BUSINESS CHECKING (XXXXXX 8945)","Stripe","[{""source"":""deposit_qbo_components"",""id"":""dqc_a0kgWjrnVz-E6d4MI5Wwd"",""staged_payment_id"":""a0kgWjrnVz-E6d4MI5Wwd"",""qb_deposit_id"":""8389"",""qb_entity_type"":""deposit"",""qb_entity_id"":""8389"",""amount"":""108.66"",""date_received"":""2019-07-31T00:00:00.000Z"",""payer"":""Stripe"",""accounts"":[""4020 Services - Earned Income"",""BUSINESS CHECKING (XXXXXX 8945)""],""classes"":[""Existing School Support (deleted)""],""raw_reference"":""STRIPE           TRANSFER          ST-L5N7E4K9V2J2 THE WILDFLOWER FOUNDAT"",""line_description"":""STRIPE           TRANSFER          ST-L5N7E4K9V2J2 THE WILDFLOWER FOUNDAT"",""transaction_memo"":""STRIPE           TRANSFER          ST-L5N7E4K9V2J2 THE WILDFLOWER FOUNDAT""}]"
"bdep_fa99cb93384c41d71e7e8490","38.23","2019-07-08T00:00:00.000Z","STRIPE           TRANSFER          ST-Z8M1R9X3U1P9 THE WILDFLOWER FOUNDAT","earned_income","rule_derived","","reviewed: componentless deposit, all QB accounts non-donation (0185)","4020 Services - Earned Income | BUSINESS CHECKING (XXXXXX 8945)","Stripe","[{""source"":""deposit_qbo_components"",""id"":""dqc_v5dpTaQMmQ6tgKgdNjpYj"",""staged_payment_id"":""v5dpTaQMmQ6tgKgdNjpYj"",""qb_deposit_id"":""7918"",""qb_entity_type"":""deposit"",""qb_entity_id"":""7918"",""amount"":""38.23"",""date_received"":""2019-07-08T00:00:00.000Z"",""payer"":""Stripe"",""accounts"":[""4020 Services - Earned Income"",""BUSINESS CHECKING (XXXXXX 8945)""],""classes"":[""Existing School Support (deleted)""],""raw_reference"":""STRIPE           TRANSFER          ST-Z8M1R9X3U1P9 THE WILDFLOWER FOUNDAT"",""line_description"":""STRIPE           TRANSFER          ST-Z8M1R9X3U1P9 THE WILDFLOWER FOUNDAT"",""transaction_memo"":""STRIPE           TRANSFER          ST-Z8M1R9X3U1P9 THE WILDFLOWER FOUNDAT""}]"
"bdep_facb9d4596d8aecd70717f00","212.50","2021-12-01T00:00:00.000Z","Morgan Stanley   ACH CREDIT 211130 101208553z5iby  The Wildflower Foundat","loan_repayment","rule_derived","","reviewed: affiliated-school loan_repayment (name-confirmed; 0176)","","",""
"bdep_fadbc6a68d634a4ec1cbf3ff","4623.66","2026-01-21T00:00:00.000Z","Minnesota Wildfl Receivable        016XGEKOM3ZGIZW 016XGEKOM3ZGIZW Minnesota Wildfl Bill.com Inv TW","membership","rule_derived","","reviewed: affiliated-school membership (name-confirmed; 0176)","","",""
"bdep_faf393e3fecfadfe59098fba","14.89","2022-12-29T00:00:00.000Z","MBI              SETL       221228 MED-I-BANK      MED-I-BANK","expense_refund","rule_derived","","reviewed: componentless deposit, all QB accounts non-donation (0185)","2002 Benefit Liability | BUSINESS CHECKING (XXXXXX 8945)","","[{""source"":""deposit_qbo_components"",""id"":""dqc_NTW1VcdKm-bpfMWAfYAU7"",""staged_payment_id"":""NTW1VcdKm-bpfMWAfYAU7"",""qb_deposit_id"":""22782"",""qb_entity_type"":""deposit"",""qb_entity_id"":""22782"",""amount"":""14.89"",""date_received"":""2022-12-29T00:00:00.000Z"",""accounts"":[""2002 Benefit Liability"",""BUSINESS CHECKING (XXXXXX 8945)""],""raw_reference"":""BUSINESS CHECKING (XXXXXX 8945)"",""line_description"":""MBI              SETL       221228 MED-I-BANK      MED-I-BANK""}]"
"bdep_fb6f2ee6295c24d858dcda43","1066.26","2017-08-10T00:00:00.000Z","ATM CHECK DEPOSIT 08/10 3030 NICOLLET AVE MINNEAPOLIS MN 5813V 7365","loan","rule_derived","","reviewed: componentless deposit, all QB accounts non-donation (0185)","1600 Loans to Schools | BUSINESS CHECKING (XXXXXX 8945)","","[{""source"":""deposit_qbo_components"",""id"":""dqc_AhttBeUsN4iWMuB1Qm2xt"",""staged_payment_id"":""AhttBeUsN4iWMuB1Qm2xt"",""qb_deposit_id"":""1433"",""qb_entity_type"":""deposit"",""qb_entity_id"":""1433"",""amount"":""1066.26"",""date_received"":""2017-08-10T00:00:00.000Z"",""accounts"":[""1600 Loans to Schools"",""BUSINESS CHECKING (XXXXXX 8945)""],""classes"":[""New School Support (deleted)""],""raw_reference"":""ATM CHECK DEPOSIT 08/10 3030 NICOLLET AVE MINNEAPOLIS MN 5813V 7365"",""line_description"":""ATM CHECK DEPOSIT 08/10 3030 NICOLLET AVE MINNEAPOLIS MN 5813V 7365"",""transaction_memo"":""ATM CHECK DEPOSIT 08/10 3030 NICOLLET AVE MINNEAPOLIS MN 5813V 7365""}]"
"bdep_fbc7cbf980a55ebbfc86301b","40000.00","2019-03-19T00:00:00.000Z","WT SEQ106855 WF RETURN WIRES IN PROC /ORG=                                            SRF#    0009532067651860 TRN#190319106855  RFB#","expense_refund","rule_derived","","reviewed: componentless deposit, all QB accounts non-donation (0185)","702 Grants to Schools | BUSINESS CHECKING (XXXXXX 8945)","Morivivi Wildflower School","[{""source"":""deposit_qbo_components"",""id"":""dqc_T-QdkaXQSu2gLBEAfsXks"",""staged_payment_id"":""T-QdkaXQSu2gLBEAfsXks"",""qb_deposit_id"":""6681"",""qb_entity_type"":""deposit"",""qb_entity_id"":""6681"",""amount"":""40000.00"",""date_received"":""2019-03-19T00:00:00.000Z"",""payer"":""Morivivi Wildflower School"",""accounts"":[""702 Grants to Schools"",""BUSINESS CHECKING (XXXXXX 8945)""],""classes"":[""New School Support (deleted)""],""raw_reference"":""WT SEQ106855 WF RETURN WIRES IN PROC /ORG=                                            SRF#    0009532067651860 TRN#190319106855  RFB#"",""line_description"":""WT SEQ106855 WF RETURN WIRES IN PROC /ORG=                                            SRF#    0009532067651860 TRN#190319106855  RFB#"",""transaction_memo"":""WT SEQ106855 WF RETURN WIRES IN PROC /ORG=                                            SRF#    0009532067651860 TRN#190319106855  RFB#""}]"
"bdep_fbecc99b4fe571ebbc6caf1f","2500.00","2020-08-28T00:00:00.000Z","ASTER MONTESSORI SEPT2020                          Wildflower Foundation","loan","rule_derived","","reviewed: componentless deposit, all QB accounts non-donation (0185)","1600 Loans to Schools | BUSINESS CHECKING (XXXXXX 8945)","Aster Montessori","[{""source"":""deposit_qbo_components"",""id"":""dqc_M3wTtbmopdMPcbHreG0p2"",""staged_payment_id"":""M3wTtbmopdMPcbHreG0p2"",""qb_deposit_id"":""13172"",""qb_entity_type"":""deposit"",""qb_entity_id"":""13172"",""amount"":""2500.00"",""date_received"":""2020-08-28T00:00:00.000Z"",""payer"":""Aster Montessori"",""accounts"":[""1600 Loans to Schools"",""BUSINESS CHECKING (XXXXXX 8945)""],""classes"":[""National (deleted)""],""raw_reference"":""BUSINESS CHECKING (XXXXXX 8945)"",""line_description"":""ASTER MONTESSORI SEPT2020                          Wildflower Foundation""}]"
"bdep_fc19854495423e5da7c85152","0.03","2016-11-07T00:00:00.000Z","Bill.com Verify 015IHFALACIPR89 Wildflower Foundation","expense_refund","rule_derived","","reviewed: componentless deposit, all QB accounts non-donation (0185)","7003 All Other Expenditures:Bank Charges | BUSINESS CHECKING (XXXXXX 8945)","","[{""source"":""deposit_qbo_components"",""id"":""dqc_bdu77LSoTRCcLJP72jW7j"",""staged_payment_id"":""bdu77LSoTRCcLJP72jW7j"",""qb_deposit_id"":""315"",""qb_entity_type"":""deposit"",""qb_entity_id"":""315"",""amount"":""0.03"",""date_received"":""2016-11-07T00:00:00.000Z"",""accounts"":[""7003 All Other Expenditures:Bank Charges"",""BUSINESS CHECKING (XXXXXX 8945)""],""classes"":[""Overhead (deleted)""],""raw_reference"":""Bill.com Verify 015IHFALACIPR89 Wildflower Foundation"",""line_description"":""Bill.com Verify 015IHFALACIPR89 Wildflower Foundation"",""transaction_memo"":""Bill.com Verify 015IHFALACIPR89 Wildflower Foundation""}]"
"bdep_fc2e047a6c8c62b509d5b5ba","1.64","2018-09-07T00:00:00.000Z","STRIPE TRANSFER X","earned_income","rule_derived","","reviewed: componentless deposit, all QB accounts non-donation (0185)","4020 Services - Earned Income | BUSINESS CHECKING (XXXXXX 8945)","","[{""source"":""deposit_qbo_components"",""id"":""dqc_DLFnfbKPvgPcpt80csvgz"",""staged_payment_id"":""DLFnfbKPvgPcpt80csvgz"",""qb_deposit_id"":""4478"",""qb_entity_type"":""deposit"",""qb_entity_id"":""4478"",""amount"":""1.64"",""date_received"":""2018-09-07T00:00:00.000Z"",""accounts"":[""4020 Services - Earned Income"",""BUSINESS CHECKING (XXXXXX 8945)""],""classes"":[""Overhead (deleted)""],""raw_reference"":""STRIPE TRANSFER X"",""line_description"":""STRIPE TRANSFER X"",""transaction_memo"":""STRIPE TRANSFER X""}]"
"bdep_fc6cf8f466ff1500fcafa96b","1980.44","2026-02-11T00:00:00.000Z","Bill.com         Receivable        015XAEKUFAUZ669 Tiger Lily School Bill.com 015XAEKUFAUZ669 Inv #","membership","rule_derived","","reviewed: affiliated-school membership (name-confirmed; 0176)","","","[{""source"":""bank_deposit_qbo_register"",""id"":""bdqr_bdep_fc6cf8f466ff1500fcafa96b"",""bank_transaction_id"":""bnk_c12a4fc30e6cf8f07171dfb0"",""amount"":""1980.44"",""txn_date"":""2026-02-11T00:00:00.000Z"",""txn_type"":""Journal"",""ref_no"":""JE CSP # Dec 2029"",""memo"":""BILL 02/11/26 AR Payments"",""reconciliation_status"":""Reconciled""}]"
"bdep_fc7a6d4f4f30390a7a2a5127","4523.02","2024-08-06T00:00:00.000Z","Wildflower New Y Receivable        016HCNFFH3FRLYX 016HCNFFH3FRLYX Wildflower New Y Bill.com Inv 79","membership","rule_derived","","reviewed: componentless deposit, all QB accounts non-donation (0185)","Network Membership Fees (School SItes)","Wildflower New York Charter School","[{""source"":""deposit_qbo_components"",""id"":""dqc_oEQqy126A2eyoANy9k_Z6"",""staged_payment_id"":""oEQqy126A2eyoANy9k_Z6"",""qb_deposit_id"":""29762"",""qb_entity_type"":""payment"",""qb_entity_id"":""29476"",""amount"":""4523.02"",""date_received"":""2024-08-05T00:00:00.000Z"",""payer"":""Wildflower New York Charter School"",""accounts"":[""Network Membership Fees (School SItes)""],""items"":[""School Contributions""],""raw_reference"":""P24080202 - 1013926"",""line_description"":""Inv 79252461-131-A"",""transaction_memo"":""Inv 79252461-131-A""}]"
"bdep_fc7ac34d47a5752c061c5318","200.00","2026-01-21T00:00:00.000Z","GUSTO PAYROLL    TAX 392885 260121 6semk7a9uu6     The Wildflower Foundat","expense_refund","rule_derived","","reviewed: componentless deposit, all QB accounts non-donation (0185)","7010.4 Payroll:3.Benefits:Payroll Taxes | BUSINESS CHECKING (XXXXXX 8945)","Gusto","[{""source"":""deposit_qbo_components"",""id"":""dqc_Ilv4Gxhx1Y0gQX_Geti3M"",""staged_payment_id"":""Ilv4Gxhx1Y0gQX_Geti3M"",""qb_deposit_id"":""37493"",""qb_entity_type"":""deposit"",""qb_entity_id"":""37493"",""amount"":""200.00"",""date_received"":""2026-01-21T00:00:00.000Z"",""payer"":""Gusto"",""accounts"":[""7010.4 Payroll:3.Benefits:Payroll Taxes"",""BUSINESS CHECKING (XXXXXX 8945)""],""raw_reference"":""VA Unemployment tax adjustment - see attachment"",""line_description"":""$200 Gusto Deposit"",""transaction_memo"":""VA Unemployment tax adjustment - see attachment""}]"
"bdep_fc8ed55a54a4be0a9a470664","270.00","2019-11-25T00:00:00.000Z","ATM CHECK DEPOSIT              ON              11/25 1505 WEST LAKE ST         MINNEAPOLIS   MN  0002210           ATM ID 6991J    CARD 7365","expense_refund","rule_derived","","reviewed: componentless deposit, all QB accounts non-donation (0185)","7038 All Other Expenditures:Wildflower Hosted Trainings | BUSINESS CHECKING (XXXXXX 8945)","","[{""source"":""deposit_qbo_components"",""id"":""dqc_RodF-mtZ44Tgsf5Do_AED"",""staged_payment_id"":""RodF-mtZ44Tgsf5Do_AED"",""qb_deposit_id"":""9622"",""qb_entity_type"":""deposit"",""qb_entity_id"":""9622"",""amount"":""270.00"",""date_received"":""2019-11-25T00:00:00.000Z"",""accounts"":[""7038 All Other Expenditures:Wildflower Hosted Trainings"",""BUSINESS CHECKING (XXXXXX 8945)""],""classes"":[""National (deleted):Teacher Leader Cultivation (deleted)""],""raw_reference"":""All 3 checks to be coded to TLC, WF-hosted events."",""line_description"":""All 3 checks to be coded to TLC, WF-hosted events."",""transaction_memo"":""All 3 checks to be coded to TLC, WF-hosted events.""}]"
"bdep_fc957064ed44e6756de305fe","970.70","2019-01-18T00:00:00.000Z","STRIPE           TRANSFER                          X","earned_income","rule_derived","","reviewed: componentless deposit, all QB accounts non-donation (0185)","4020 Services - Earned Income | BUSINESS CHECKING (XXXXXX 8945)","","[{""source"":""deposit_qbo_components"",""id"":""dqc_gOiqtC0ZyGUXV-br46Rmx"",""staged_payment_id"":""gOiqtC0ZyGUXV-br46Rmx"",""qb_deposit_id"":""5962"",""qb_entity_type"":""deposit"",""qb_entity_id"":""5962"",""amount"":""970.70"",""date_received"":""2019-01-18T00:00:00.000Z"",""accounts"":[""4020 Services - Earned Income"",""BUSINESS CHECKING (XXXXXX 8945)""],""classes"":[""Existing School Support (deleted)""],""raw_reference"":""STRIPE           TRANSFER                          X"",""line_description"":""STRIPE           TRANSFER                          X"",""transaction_memo"":""STRIPE           TRANSFER                          X""}]"
"bdep_fcab7b7a3e5654a8f95b6ae3","28.83","2019-03-08T00:00:00.000Z","STRIPE           TRANSFER                          X","earned_income","rule_derived","","reviewed: componentless deposit, all QB accounts non-donation (0185)","4020 Services - Earned Income | BUSINESS CHECKING (XXXXXX 8945)","","[{""source"":""deposit_qbo_components"",""id"":""dqc_roFMYVG6T-tRDtT08PptM"",""staged_payment_id"":""roFMYVG6T-tRDtT08PptM"",""qb_deposit_id"":""6579"",""qb_entity_type"":""deposit"",""qb_entity_id"":""6579"",""amount"":""28.83"",""date_received"":""2019-03-08T00:00:00.000Z"",""accounts"":[""4020 Services - Earned Income"",""BUSINESS CHECKING (XXXXXX 8945)""],""classes"":[""Existing School Support (deleted)""],""raw_reference"":""STRIPE           TRANSFER                          X"",""line_description"":""STRIPE           TRANSFER                          X"",""transaction_memo"":""STRIPE           TRANSFER                          X""}]"
"bdep_fd3a31db231c08a0bdc8a00c","125.10","2021-02-12T00:00:00.000Z","STRIPE           TRANSFER          ST-R8J0P1Q9D1O6 THE WILDFLOWER FOUNDAT","earned_income","rule_derived","","reviewed: componentless deposit, all QB accounts non-donation (0185)","4020 Services - Earned Income | BUSINESS CHECKING (XXXXXX 8945)","Stripe","[{""source"":""deposit_qbo_components"",""id"":""dqc_bEjTWY_wPT5dzaDfVVr_G"",""staged_payment_id"":""bEjTWY_wPT5dzaDfVVr_G"",""qb_deposit_id"":""14792"",""qb_entity_type"":""deposit"",""qb_entity_id"":""14792"",""amount"":""125.10"",""date_received"":""2021-02-12T00:00:00.000Z"",""payer"":""Stripe"",""accounts"":[""4020 Services - Earned Income"",""BUSINESS CHECKING (XXXXXX 8945)""],""classes"":[""Spo - Embracing Equity (deleted)""],""raw_reference"":""BUSINESS CHECKING (XXXXXX 8945)"",""line_description"":""STRIPE           TRANSFER          ST-R8J0P1Q9D1O6 THE WILDFLOWER FOUNDAT""}]"
"bdep_fd3befbd247b2fc84edc3b31","485.20","2019-01-23T00:00:00.000Z","STRIPE           TRANSFER                          X","earned_income","rule_derived","","reviewed: componentless deposit, all QB accounts non-donation (0185)","4020 Services - Earned Income | BUSINESS CHECKING (XXXXXX 8945)","","[{""source"":""deposit_qbo_components"",""id"":""dqc_IyCzOH5FhBwH1WwwxIUVt"",""staged_payment_id"":""IyCzOH5FhBwH1WwwxIUVt"",""qb_deposit_id"":""5963"",""qb_entity_type"":""deposit"",""qb_entity_id"":""5963"",""amount"":""485.20"",""date_received"":""2019-01-23T00:00:00.000Z"",""accounts"":[""4020 Services - Earned Income"",""BUSINESS CHECKING (XXXXXX 8945)""],""classes"":[""Existing School Support (deleted)""],""raw_reference"":""STRIPE           TRANSFER                          X"",""line_description"":""STRIPE           TRANSFER                          X"",""transaction_memo"":""STRIPE           TRANSFER                          X""}]"
"bdep_fd422d173a84c156927d5c34","600.00","2018-10-09T00:00:00.000Z","WF RETURN WIRES IN PROC WT SEQ223062 /ORG= SRF# 2018100900205220 TRN#181009223062 RFB#","intercompany_transfer","rule_derived","","reviewed: componentless deposit, all QB accounts non-donation (0185)","1505 Uncategorized Asset | BUSINESS CHECKING (XXXXXX 8945)","","[{""source"":""deposit_qbo_components"",""id"":""dqc_rwEjsfTC72jjFE98hMKYT"",""staged_payment_id"":""rwEjsfTC72jjFE98hMKYT"",""qb_deposit_id"":""6289"",""qb_entity_type"":""deposit"",""qb_entity_id"":""6289"",""amount"":""600.00"",""date_received"":""2018-10-09T00:00:00.000Z"",""accounts"":[""1505 Uncategorized Asset"",""BUSINESS CHECKING (XXXXXX 8945)""],""classes"":[""New School Support (deleted)""],""raw_reference"":""WF RETURN WIRES IN PROC WT SEQ223062 /ORG= SRF# 2018100900205220 TRN#181009223062 RFB#"",""line_description"":""WF RETURN WIRES IN PROC WT SEQ223062 /ORG= SRF# 2018100900205220 TRN#181009223062 RFB#"",""transaction_memo"":""WF RETURN WIRES IN PROC WT SEQ223062 /ORG= SRF# 2018100900205220 TRN#181009223062 RFB#""}]"
"bdep_fd51c855609498186458c71e","0.11","2026-04-08T00:00:00.000Z","Minnesota Wildfl Receivable        016JLLIQH42EBAI 016JLLIQH42EBAI Minnesota Wildfl Bill.com Inv TW","membership","rule_derived","","reviewed: affiliated-school membership (name-confirmed; 0176)","1503 Pledges/Services Receivable","Minnesota Wildflower Montessori School","[{""source"":""bank_deposit_qbo_register"",""id"":""bdqr_bdep_fd51c855609498186458c71e"",""bank_transaction_id"":""bnk_78ce8c34a140cdbc398b98dd"",""amount"":""0.11"",""txn_date"":""2026-04-07T00:00:00.000Z"",""txn_type"":""Payment"",""ref_no"":""P26040601 - 3236461"",""payer"":""Minnesota Wildflower Montessori School"",""accounts"":[""1503 Pledges/Services Receivable""],""memo"":""Inv TWF MarchInvoice008"",""reconciliation_status"":""Reconciled""}]"
"bdep_fdaa73fdc873661cd072cad8","75000.00","2023-05-31T00:00:00.000Z","Flor de Loto Mon Bill.com          025KNKRYXHINC78 Flor de Loto Montessori Bill.com 025KNKRYXHINC78","expense_refund","rule_derived","","reviewed: componentless deposit, all QB accounts non-donation (0185)","702 Grants to Schools | BUSINESS CHECKING (XXXXXX 8945)","Flor De Loto Montessori Corp","[{""source"":""deposit_qbo_components"",""id"":""dqc_xBe80JHAOO0pyt6c5uVlh"",""staged_payment_id"":""xBe80JHAOO0pyt6c5uVlh"",""qb_deposit_id"":""24643"",""qb_entity_type"":""deposit"",""qb_entity_id"":""24643"",""amount"":""75000.00"",""date_received"":""2023-05-31T00:00:00.000Z"",""payer"":""Flor De Loto Montessori Corp"",""accounts"":[""702 Grants to Schools"",""BUSINESS CHECKING (XXXXXX 8945)""],""classes"":[""National (deleted):Loans (deleted)""],""raw_reference"":""BUSINESS CHECKING (XXXXXX 8945)"",""line_description"":""Flor de Loto Mon Bill.com          025KNKRYXHINC78 Flor de Loto Montessori Bill.com 025KNKRYXHINC78""}]"
"bdep_feaa1c7d0d72bc6356e36f7c","97.20","2020-09-18T00:00:00.000Z","STRIPE           TRANSFER          ST-U5W2F9C7S4L5 THE WILDFLOWER FOUNDAT","earned_income","rule_derived","","reviewed: componentless deposit, all QB accounts non-donation (0185)","4020 Services - Earned Income | BUSINESS CHECKING (XXXXXX 8945)","Stripe","[{""source"":""deposit_qbo_components"",""id"":""dqc_1Ad4ZzcHyUdprlxfDi2B2"",""staged_payment_id"":""1Ad4ZzcHyUdprlxfDi2B2"",""qb_deposit_id"":""13345"",""qb_entity_type"":""deposit"",""qb_entity_id"":""13345"",""amount"":""97.20"",""date_received"":""2020-09-18T00:00:00.000Z"",""payer"":""Stripe"",""accounts"":[""4020 Services - Earned Income"",""BUSINESS CHECKING (XXXXXX 8945)""],""classes"":[""Spo - Embracing Equity (deleted)""],""raw_reference"":""BUSINESS CHECKING (XXXXXX 8945)"",""line_description"":""STRIPE           TRANSFER          ST-U5W2F9C7S4L5 THE WILDFLOWER FOUNDAT""}]"
"bdep_feac026222fd99a94a6ba5be","499.00","2018-01-08T00:00:00.000Z","INTUIT PYMT SOLN DEPOSIT 180106 524771997507722 THE WILDFLOWER FOUNDAT","loan","rule_derived","","reviewed: componentless deposit, all QB accounts non-donation (0185)","Interest Earned | Loans to Schools","Loan - Wild Rose","[{""source"":""deposit_qbo_components"",""id"":""dqc_z2jy50QtZt7VJebKrbxKT"",""staged_payment_id"":""z2jy50QtZt7VJebKrbxKT"",""qb_deposit_id"":""2775"",""qb_entity_type"":""payment"",""qb_entity_id"":""2133"",""amount"":""499.00"",""date_received"":""2017-12-30T00:00:00.000Z"",""payer"":""Loan - Wild Rose"",""accounts"":[""Interest Earned"",""Loans to Schools""],""classes"":[""Loan Payment (deleted)""],""items"":[""INTEREST"",""LOAN REPAYMENT""],""line_description"":""Paid via QuickBooks Payments: Payment ID a0hko417"",""transaction_memo"":""Paid via QuickBooks Payments: Payment ID a0hko417""}]"
"bdep_fee47ba77f9ce46ff18151ed","646.61","2025-05-01T00:00:00.000Z","Bill.com         Receivable        015XDBMKEWH12U9    Goldenrod (C) Bill.com 015XDBMKEWH12U9 Inv #1","membership","rule_derived","","reviewed: affiliated-school membership (name-confirmed; 0176)","","","[{""source"":""bank_deposit_qbo_register"",""id"":""bdqr_bdep_fee47ba77f9ce46ff18151ed"",""bank_transaction_id"":""bnk_d97162e461ae7d4b41e72597"",""amount"":""646.61"",""txn_date"":""2025-05-01T00:00:00.000Z"",""txn_type"":""Journal"",""ref_no"":""IDC Mar 28"",""memo"":""BILL 05/01/25 AR Payments"",""reconciliation_status"":""Reconciled""}]"
"bdep_fee4c2ad7a21203490b68704","125000.00","2022-06-30T00:00:00.000Z","WT SEQ302337 THE WILDFLOWER LOAN FUN /ORG=                                            SRF#    0009514181924599 TRN#220630302337  RFB#","loan","rule_derived","","reviewed: componentless deposit, all QB accounts non-donation (0185)","2103 Due to (from) Loan Funds:Due to (from) Loan Fund II- Servicing Fee | BUSINESS CHECKING (XXXXXX 8945)","LOAN FUND II","[{""source"":""deposit_qbo_components"",""id"":""dqc_KARnoZ1FxoZTBU8lju6_3"",""staged_payment_id"":""KARnoZ1FxoZTBU8lju6_3"",""qb_deposit_id"":""20841"",""qb_entity_type"":""deposit"",""qb_entity_id"":""20841"",""amount"":""125000.00"",""date_received"":""2022-06-30T00:00:00.000Z"",""payer"":""LOAN FUND II"",""accounts"":[""2103 Due to (from) Loan Funds:Due to (from) Loan Fund II- Servicing Fee"",""BUSINESS CHECKING (XXXXXX 8945)""],""raw_reference"":""BUSINESS CHECKING (XXXXXX 8945)"",""line_description"":""WT SEQ302337 THE WILDFLOWER LOAN FUN /ORG=                                            SRF#    0009514181924599 TRN#220630302337  RFB#""}]"
"bdep_ff26910d27f1b6d7699ccbe5","250.00","2019-09-10T00:00:00.000Z","INTUIT PYMT SOLN DEPOSIT    190910 524771997507722 THE WILDFLOWER FOUNDAT","loan","rule_derived","","reviewed: componentless deposit, all QB accounts non-donation (0185)","Interest Earned | Loans to Schools","Loan - Capucine","[{""source"":""deposit_qbo_components"",""id"":""dqc_S2TUob-5rg7vg34dHKEUa"",""staged_payment_id"":""S2TUob-5rg7vg34dHKEUa"",""qb_deposit_id"":""8925"",""qb_entity_type"":""payment"",""qb_entity_id"":""8907"",""amount"":""250.00"",""date_received"":""2019-09-19T00:00:00.000Z"",""payer"":""Loan - Capucine"",""accounts"":[""Interest Earned"",""Loans to Schools""],""classes"":[""National (deleted)""],""items"":[""INTEREST"",""LOAN REPAYMENT""],""line_description"":""Paid via QuickBooks Payments: Payment ID ankautxz"",""transaction_memo"":""Paid via QuickBooks Payments: Payment ID ankautxz""}]"
"bdep_ff78d3c469210b91c89b28aa","292.03","2019-06-28T00:00:00.000Z","STRIPE           TRANSFER          ST-M0X0M6B1W1Q9 THE WILDFLOWER FOUNDAT","earned_income","rule_derived","","reviewed: componentless deposit, all QB accounts non-donation (0185)","4020 Services - Earned Income | BUSINESS CHECKING (XXXXXX 8945)","Stripe","[{""source"":""deposit_qbo_components"",""id"":""dqc_p2oBHw42XQxP7Eyjw22VG"",""staged_payment_id"":""p2oBHw42XQxP7Eyjw22VG"",""qb_deposit_id"":""7892"",""qb_entity_type"":""deposit"",""qb_entity_id"":""7892"",""amount"":""292.03"",""date_received"":""2019-06-28T00:00:00.000Z"",""payer"":""Stripe"",""accounts"":[""4020 Services - Earned Income"",""BUSINESS CHECKING (XXXXXX 8945)""],""classes"":[""Existing School Support (deleted)""],""raw_reference"":""STRIPE           TRANSFER          ST-M0X0M6B1W1Q9 THE WILDFLOWER FOUNDAT"",""line_description"":""STRIPE           TRANSFER          ST-M0X0M6B1W1Q9 THE WILDFLOWER FOUNDAT"",""transaction_memo"":""STRIPE           TRANSFER          ST-M0X0M6B1W1Q9 THE WILDFLOWER FOUNDAT""}]"
