review_status,decision_kind,old_bank_deposit_id,new_bank_deposit_id,deposit_date,amount,memo,prior_reason,prior_note,owner_exclusion_reason,owner_inclusion_descriptor
CONFLICT_prior_excluded_owner_included,deposit_exclusion,bdep_19ce3d08896e9add231a4392,bdep_9fb7909f012351c1a4e19a85,7/9/2026,118363.19,ONLINE TRANSFER JUNE 26 OPEX DRAW 1 REF #BB0YVGT8FZ,other,,,CSP
UNCATEGORIZED_prior_exclusion_not_reapplied,deposit_exclusion,bdep_4ac3e77cdc2af573c31b7933,bdep_5c19f9ac0ddc2eb9ebd5cd4a,7/14/2026,300000,TRANSFER FROM BRK ****9888 REF# 632826369,intercompany_transfer,,,
UNCATEGORIZED_prior_exclusion_not_reapplied,deposit_exclusion,bdep_5d9bb719bbab1b2288d234d0,bdep_6ed0e818b0e3a23333ace402,2/27/2026,200000,TRANSFER FROM BRK ****9888 REF# 615328531,intercompany_transfer,,,
UNCATEGORIZED_prior_exclusion_not_reapplied,deposit_exclusion,bdep_6a7405fd4827423d2b08bfae,bdep_8de2c318df96517a3ccfb58f,7/1/2026,300000,TRANSFER FROM BRK ****9888 REF# 631507914,intercompany_transfer,,,
UNCATEGORIZED_prior_exclusion_not_reapplied,deposit_exclusion,bdep_74316e836ba3ba6ec162dc7a,bdep_1d93710773a86349cb0556e9,2/4/2026,400000,TRANSFER FROM BRK ****9888 REF# 612560826,intercompany_transfer,,,
CONFLICT_prior_excluded_owner_included,deposit_exclusion,bdep_846fac1e59f2d2c4b12f5e07,bdep_215b89b57dd6601991a5fbd1,7/15/2026,122687.35,ONLINE TRANSFER JUNE OPEX 2 BUT DRAW WAS FOR 126K  REF #BB0YXLPK8T,other,,,CSP
UNCATEGORIZED_prior_exclusion_not_reapplied,deposit_exclusion,bdep_ca687dcc605158617b885db6,bdep_4943a8fa49e5ae5a1c8cb74c,5/5/2026,200000,TRANSFER FROM BRK ****9888 REF# 624290930,intercompany_transfer,,,
UNCATEGORIZED_prior_exclusion_not_reapplied,deposit_exclusion,bdep_de9d92882fa6811435cf7ec2,bdep_cb76bed00cb1e12de189d5bc,12/17/2025,200000,TRANSFER FROM BRK ****9888 REF# 606495171,intercompany_transfer,,,
UNCATEGORIZED_prior_exclusion_not_reapplied,deposit_exclusion,bdep_00b1e2cb7719cfcffde234c5,bdep_3502aa4b2a97ca6fc0ef49f2,3/3/2025,250000,TRANSFER FROM BRK ****9888 REF# 569101398,intercompany_transfer,"reviewed: componentless deposit, all QB accounts non-donation (0185)",,
UNCATEGORIZED_prior_exclusion_not_reapplied,deposit_exclusion,bdep_01b3b9e255d78cb56748cd8b,bdep_256d467cb713a83c7972ec4c,6/4/2020,2036.69,STRIPE           TRANSFER          ST-R1M4R6I3G6H5 THE WILDFLOWER FOUNDAT,earned_income,"reviewed: componentless deposit, all QB accounts non-donation (0185)",,
UNCATEGORIZED_prior_exclusion_not_reapplied,deposit_exclusion,bdep_02632aa654d8d1723ef8e44f,bdep_00bbf75f786438ec96f95156,7/17/2019,970.4,STRIPE           TRANSFER          ST-E4M2K5V8O7K2 THE WILDFLOWER FOUNDAT,earned_income,"reviewed: componentless deposit, all QB accounts non-donation (0185)",,
UNCATEGORIZED_prior_exclusion_not_reapplied,deposit_exclusion,bdep_03989bf5dc2d1cad60b7815c,bdep_d6db783fd924447f6e5130a3,11/19/2018,17.18,STRIPE           TRANSFER                          X 201811192,earned_income,"reviewed: componentless deposit, all QB accounts non-donation (0185)",,
UNCATEGORIZED_prior_exclusion_not_reapplied,deposit_exclusion,bdep_04606997a3471cee503179ca,bdep_03d9c310374375b53be4e2cf,1/16/2019,485.2,STRIPE           TRANSFER                          X,earned_income,"reviewed: componentless deposit, all QB accounts non-donation (0185)",,
UNCATEGORIZED_prior_exclusion_not_reapplied,deposit_exclusion,bdep_04c0d657ca0cc025f71c038a,bdep_72ecee94429927723411fcd1,7/2/2019,33.68,STRIPE           TRANSFER          ST-O2V8R7B3L0X3 THE WILDFLOWER FOUNDAT,earned_income,"reviewed: componentless deposit, all QB accounts non-donation (0185)",,
UNCATEGORIZED_prior_exclusion_not_reapplied,deposit_exclusion,bdep_04c9aed86610353c22cf5f7a,bdep_1dbbb5f43160162a68cf1ea5,11/30/2018,28.83,STRIPE           TRANSFER                          X 201811302,earned_income,"reviewed: componentless deposit, all QB accounts non-donation (0185)",,
UNCATEGORIZED_prior_exclusion_not_reapplied,deposit_exclusion,bdep_0533cf98954fe1c6021692b8,bdep_d7ac2c49355a4198ee9906e2,3/27/2020,485.2,STRIPE           TRANSFER          ST-A1V8P6B1E4R2 THE WILDFLOWER FOUNDAT,earned_income,"reviewed: componentless deposit, all QB accounts non-donation (0185)",,
UNCATEGORIZED_prior_exclusion_not_reapplied,deposit_exclusion,bdep_06eb2714972c6f2300934227,bdep_a3dd377460c19b5be76c2811,8/3/2020,496.38,STRIPE           TRANSFER          ST-E3Q8R4B2K6H3 THE WILDFLOWER FOUNDAT,earned_income,"reviewed: componentless deposit, all QB accounts non-donation (0185)",,
UNCATEGORIZED_prior_exclusion_not_reapplied,deposit_exclusion,bdep_07260dd539f84328c1c9f3b3,bdep_5f2cb125b5e47dcadd943a73,12/3/2020,94,GUSTO            HIST RTN   201203 6semjp4npbo     The Wildflower Foundat,expense_refund,"reviewed: componentless deposit, all QB accounts non-donation (0185)",,
UNCATEGORIZED_prior_exclusion_not_reapplied,deposit_exclusion,bdep_077aea0d4b36b13ac2f62961,bdep_43d05e4dac35cad416311d7e,2/11/2021,24.82,STRIPE           TRANSFER          ST-Y1X7M0J8B7R5 THE WILDFLOWER FOUNDAT,earned_income,"reviewed: componentless deposit, all QB accounts non-donation (0185)",,
UNCATEGORIZED_prior_exclusion_not_reapplied,deposit_exclusion,bdep_099997efd0c8a2af40706851,bdep_3be45b6dbe250adac337908a,5/5/2017,15,PARTIAL WIRE TRANS SVC CHARGE REVERSAL,expense_refund,"reviewed: componentless deposit, all QB accounts non-donation (0185)",,
UNCATEGORIZED_prior_exclusion_not_reapplied,deposit_exclusion,bdep_0b565698a07a42bf47d3ccaa,bdep_278cb6917be76fc869b8fe72,3/4/2020,485.2,STRIPE           TRANSFER          ST-A3Z9A1R4D3S6 THE WILDFLOWER FOUNDAT,earned_income,"reviewed: componentless deposit, all QB accounts non-donation (0185)",,
UNCATEGORIZED_prior_exclusion_not_reapplied,deposit_exclusion,bdep_0bc6160c59be749803463325,bdep_789de53f1bdb69348c83001a,11/8/2024,1500,ACUDEN           EFT PAY    241108 XXXXXXXX61341   THE WILDFLOWER FOUNDAT,earned_income,"reviewed: componentless deposit, all QB accounts non-donation (0185)",,
UNCATEGORIZED_prior_exclusion_not_reapplied,deposit_exclusion,bdep_0c2803231f9e77fe0b0b7b39,bdep_0699cef53c981e441b61a2bf,2/12/2018,187.5,INTUIT PYMT SOLN DEPOSIT 180210 524771997507722 THE WILDFLOWER FOUNDAT,loan,"reviewed: componentless deposit, all QB accounts non-donation (0185)",,
UNCATEGORIZED_prior_exclusion_not_reapplied,deposit_exclusion,bdep_0e61941574c4fdd73056cf73,bdep_055f2ecb83bc6306cf7c227d,12/10/2020,33.68,STRIPE           TRANSFER          ST-N9T1S6O5B3W8 THE WILDFLOWER FOUNDAT,earned_income,"reviewed: componentless deposit, all QB accounts non-donation (0185)",,
UNCATEGORIZED_prior_exclusion_not_reapplied,deposit_exclusion,bdep_0e7422e335f0aa5dd3e7e293,bdep_61e147f32079dabbef8fdfa8,7/13/2020,2527.8,TELE-TRANSFER FR XXXXXX5891 REFERENCE #TF08GXM53F,loan,"reviewed: componentless deposit, all QB accounts non-donation (0185)",,
UNCATEGORIZED_prior_exclusion_not_reapplied,deposit_exclusion,bdep_0e8c911000dd82fe4fa193c2,bdep_2fd5d0da7b1336acf7063633,2/9/2024,14000,"WT FED#03296 US BANK, NA           /ORG=FUTURE FOCUSED SOLUTIONS LLC                  SRF#        240209B01LWX TRN#XXXXX",intercompany_transfer,"reviewed: componentless deposit, all QB accounts non-donation (0185)",,
UNCATEGORIZED_prior_exclusion_not_reapplied,deposit_exclusion,bdep_0ed33b4410857e8f5750755d,bdep_960419d169ecd654a71a5caa,3/11/2020,480.2,STRIPE           TRANSFER          ST-H4O0F9U8X7A7 THE WILDFLOWER FOUNDAT,earned_income,"reviewed: componentless deposit, all QB accounts non-donation (0185)",,
UNCATEGORIZED_prior_exclusion_not_reapplied,deposit_exclusion,bdep_0f72a82b733830d00e7de59f,bdep_b5ba979600af67a4da59a4d7,3/13/2019,485.2,STRIPE           TRANSFER                          X,earned_income,"reviewed: componentless deposit, all QB accounts non-donation (0185)",,
UNCATEGORIZED_prior_exclusion_not_reapplied,deposit_exclusion,bdep_0fc699ab506640a4e7b0e6f7,bdep_a344d4bb876d99917816ce48,6/23/2020,23.97,STRIPE           TRANSFER          ST-E4A4H0N9W0R7 THE WILDFLOWER FOUNDAT,earned_income,"reviewed: componentless deposit, all QB accounts non-donation (0185)",,
UNCATEGORIZED_prior_exclusion_not_reapplied,deposit_exclusion,bdep_1074c96114915ff27436b186,bdep_6c48330bc340d3b9fe8c0588,4/29/2022,266,DEPARTAMENTO DEL HIST RTN   220429 927017          THE WILDFLOWER FOUND,expense_refund,"reviewed: componentless deposit, all QB accounts non-donation (0185)",,
UNCATEGORIZED_prior_exclusion_not_reapplied,deposit_exclusion,bdep_13a847764ebc284adfa8179e,bdep_af1e6c7493ce688d71d1aa5a,3/6/2019,970.7,STRIPE           TRANSFER                          X,earned_income,"reviewed: componentless deposit, all QB accounts non-donation (0185)",,
UNCATEGORIZED_prior_exclusion_not_reapplied,deposit_exclusion,bdep_13bb6616f63875316eae86e4,bdep_2db66d8f2ebe15e8cd184d2d,11/1/2018,727.65,STRIPE           TRANSFER                          X 201811012,earned_income,"reviewed: componentless deposit, all QB accounts non-donation (0185)",,
UNCATEGORIZED_prior_exclusion_not_reapplied,deposit_exclusion,bdep_144b9bcdf4b513d045beba06,bdep_17ad521f20193fe8dd5dae68,10/4/2018,539.03,STRIPE TRANSFER X,earned_income,"reviewed: componentless deposit, all QB accounts non-donation (0185)",,
UNCATEGORIZED_prior_exclusion_not_reapplied,deposit_exclusion,bdep_14b4b38cdb6b4cc597da06a4,bdep_4cf36ed34184fc5693435598,7/26/2019,485.2,STRIPE           TRANSFER          ST-K8S9J3Y8T0A9 THE WILDFLOWER FOUNDAT,earned_income,"reviewed: componentless deposit, all QB accounts non-donation (0185)",,
UNCATEGORIZED_prior_exclusion_not_reapplied,deposit_exclusion,bdep_14bc450cd7632d3a5025fe66,bdep_e1bea92b29b07050cf62cdb9,4/10/2019,28.83,STRIPE           TRANSFER          ST-N9O7V1H3G6Y5 THE WILDFLOWER FOUNDAT,earned_income,"reviewed: componentless deposit, all QB accounts non-donation (0185)",,
UNCATEGORIZED_prior_exclusion_not_reapplied,deposit_exclusion,bdep_15938dfc2f5d70f951d7c2a9,bdep_35ee61461b2cbc06b8fc3ff3,2/3/2025,716.13,ATM CHECK DEPOSIT              ON              02/02 7900 Xerxes Ave S Ste 201 Bloomington   MN  0000276           ATM I,expense_refund,"reviewed: componentless deposit, all QB accounts non-donation (0185)",,
UNCATEGORIZED_prior_exclusion_not_reapplied,deposit_exclusion,bdep_15fe37aefd78d1994efb63a6,bdep_7aacf019897f4a9b6239eb41,1/10/2020,33.68,STRIPE           TRANSFER          ST-I0L1B5I6Y2A2 THE WILDFLOWER FOUNDAT,earned_income,"reviewed: componentless deposit, all QB accounts non-donation (0185)",,
UNCATEGORIZED_prior_exclusion_not_reapplied,deposit_exclusion,bdep_1740e9d1a8e96c224e12e989,bdep_4404c87e1a666e43d551e1ae,3/12/2021,1455.6,STRIPE           TRANSFER          ST-S7M3Z0T8V8T3 THE WILDFLOWER FOUNDAT,earned_income,"reviewed: componentless deposit, all QB accounts non-donation (0185)",,
UNCATEGORIZED_prior_exclusion_not_reapplied,deposit_exclusion,bdep_174a7e848c7104710c4af160,bdep_7a8c58ffd77695e26b6145c4,2/2/2021,474.68,GUSTO            TAX 921464 210202 6semjpcisoq     The Wildflower Foundat,expense_refund,"reviewed: componentless deposit, all QB accounts non-donation (0185)",,
UNCATEGORIZED_prior_exclusion_not_reapplied,deposit_exclusion,bdep_1af3639446f5bc642a83b313,bdep_951ca3e2a467f18a3f7557c3,7/6/2020,2417.53,STRIPE           TRANSFER          ST-G6P9N2S9G7W5 THE WILDFLOWER FOUNDAT,earned_income,"reviewed: componentless deposit, all QB accounts non-donation (0185)",,
UNCATEGORIZED_prior_exclusion_not_reapplied,deposit_exclusion,bdep_1bb010358d48f936497df051,bdep_7a7343822d878cc1484975c9,7/1/2019,175.02,STRIPE           TRANSFER          ST-L4P8R9I3E2V0 THE WILDFLOWER FOUNDAT,earned_income,"reviewed: componentless deposit, all QB accounts non-donation (0185)",,
UNCATEGORIZED_prior_exclusion_not_reapplied,deposit_exclusion,bdep_1ce21d1fc66b3f2fd533622f,bdep_cf7957d92484e739506b3c9a,9/1/2020,1600.04,IRS              HIST RTN   200901 270064401553350 WILDFLOWER FOUNDATION,expense_refund,"reviewed: componentless deposit, all QB accounts non-donation (0185)",,
UNCATEGORIZED_prior_exclusion_not_reapplied,deposit_exclusion,bdep_221df7d7735cc2e5ea940dfe,bdep_741ec8ccbe00dae91a7882b6,5/8/2019,14745,ATM CHECK DEPOSIT              ON              05/08 3030 NICOLLET AVE         MINNEAPOLIS   MN  0003438           ATM I,earned_income,"reviewed: componentless deposit, all QB accounts non-donation (0185)",,
UNCATEGORIZED_prior_exclusion_not_reapplied,deposit_exclusion,bdep_23223a73f9fc1185eaab4592,bdep_c75c42b3837d7df3de19dc0b,3/11/2019,28.83,STRIPE           TRANSFER                          X,earned_income,"reviewed: componentless deposit, all QB accounts non-donation (0185)",,
UNCATEGORIZED_prior_exclusion_not_reapplied,deposit_exclusion,bdep_24be8d30ddda8fb38e16054f,bdep_29e082672a506ad11f06641e,3/24/2021,1094.49,STRIPE           TRANSFER          ST-O4H5C2Y3I8D5 THE WILDFLOWER FOUNDAT,earned_income,"reviewed: componentless deposit, all QB accounts non-donation (0185)",,
UNCATEGORIZED_prior_exclusion_not_reapplied,deposit_exclusion,bdep_25bb67ba782b8a8e1116ad24,bdep_9c5f61d4d013f0d2aa939991,7/25/2022,113.44,ATM CHECK DEPOSIT              ON              07/23 1505 W Lake St            Minneapolis   MN  0000372           ATM I,expense_refund,"reviewed: componentless deposit, all QB accounts non-donation (0185)",,
UNCATEGORIZED_prior_exclusion_not_reapplied,deposit_exclusion,bdep_26a168c89228bb153c8b804a,bdep_cb71edfc8f55eddb448d13e6,11/26/2024,1282.33,Urban Village Mo Receivable        016UOCCKT3K7MON 016UOCCKT3K7MON Urban Village Mo Bill.com From M,membership,"reviewed: componentless deposit, all QB accounts non-donation (0185)",,
UNCATEGORIZED_prior_exclusion_not_reapplied,deposit_exclusion,bdep_26f76e60c83796cd28b74335,bdep_67ec63f7402854373b9bc7f6,2/8/2024,30,MBI              SETL       240207 MED-I-BANK      MED-I-BANK,expense_refund,"reviewed: componentless deposit, all QB accounts non-donation (0185)",,
UNCATEGORIZED_prior_exclusion_not_reapplied,deposit_exclusion,bdep_281049f5074c2b2b2431f8eb,bdep_0ca8fd787cfe4d4381e74f87,4/29/2020,96.8,STRIPE           TRANSFER          ST-I8B0B4K6O6X5 THE WILDFLOWER FOUNDAT,earned_income,"reviewed: componentless deposit, all QB accounts non-donation (0185)",,
UNCATEGORIZED_prior_exclusion_not_reapplied,deposit_exclusion,bdep_287167f916cd7056f83247e5,bdep_7439467384ea1634efef1197,10/17/2018,5000,eDeposit in Branch/Store 10/17/18 09:16:00 AM 4712 CHICAGO AVE MINNEAPOLIS MN 7365,earned_income,"reviewed: componentless deposit, all QB accounts non-donation (0185)",,
UNCATEGORIZED_prior_exclusion_not_reapplied,deposit_exclusion,bdep_28d42dff1dd8dac426b315b6,bdep_716257d26b9b3723e9d3c343,7/24/2019,970.4,STRIPE           TRANSFER          ST-A3I2Z8N1J6W8 THE WILDFLOWER FOUNDAT,earned_income,"reviewed: componentless deposit, all QB accounts non-donation (0185)",,
UNCATEGORIZED_prior_exclusion_not_reapplied,deposit_exclusion,bdep_28ed3e88b62af7128564240d,bdep_a18dc62a616257d69b7a8577,10/14/2020,582.58,IRS              HIST RTN   201014 270068731185464 WILDFLOWER FOUNDATION,expense_refund,"reviewed: componentless deposit, all QB accounts non-donation (0185)",,
UNCATEGORIZED_prior_exclusion_not_reapplied,deposit_exclusion,bdep_2929976d5ad8a5d50770e5e8,bdep_e8cb7936fe2026a60436f3d8,10/31/2018,401.75,STRIPE           TRANSFER                          X 201810311,earned_income,"reviewed: componentless deposit, all QB accounts non-donation (0185)",,
UNCATEGORIZED_prior_exclusion_not_reapplied,deposit_exclusion,bdep_294d6925b264acbbd1ee4284,bdep_a9f112b5675a17f8ed8fb80e,3/31/2021,518.88,STRIPE           TRANSFER          ST-O5I2H3W8E0W9 THE WILDFLOWER FOUNDAT,earned_income,"reviewed: componentless deposit, all QB accounts non-donation (0185)",,
UNCATEGORIZED_prior_exclusion_not_reapplied,deposit_exclusion,bdep_29fc01a9f9a10fb8b29296bd,bdep_4413af6333282b78d65f5d07,3/21/2025,500000,TRANSFER FROM BRK ****9888 REF# 572640258,intercompany_transfer,"reviewed: componentless deposit, all QB accounts non-donation (0185)",,
UNCATEGORIZED_prior_exclusion_not_reapplied,deposit_exclusion,bdep_2a47301414cc1dbb11eb6ab6,bdep_825c08434512b88d2768f880,3/10/2021,430.78,STRIPE           TRANSFER          ST-J1J4D9M3P9E8 THE WILDFLOWER FOUNDAT,earned_income,"reviewed: componentless deposit, all QB accounts non-donation (0185)",,
UNCATEGORIZED_prior_exclusion_not_reapplied,deposit_exclusion,bdep_2ae206e0f975d47246f81937,bdep_df0adc49940369c29ac3b6e8,7/30/2020,359.5,STRIPE           TRANSFER          ST-O3B1M2W8T3K3 THE WILDFLOWER FOUNDAT,earned_income,"reviewed: componentless deposit, all QB accounts non-donation (0185)",,
UNCATEGORIZED_prior_exclusion_not_reapplied,deposit_exclusion,bdep_2b0507dbbb0aa7fa6eff01c6,bdep_11c6ba3bbc3ee215deea9e5f,12/17/2018,8500,ATM CHECK DEPOSIT              ON              12/17 3030 NICOLLET AVE         MINNEAPOLIS   MN  0004057           ATM I,earned_income,"reviewed: componentless deposit, all QB accounts non-donation (0185)",,
UNCATEGORIZED_prior_exclusion_not_reapplied,deposit_exclusion,bdep_2c3043ca9d38ed837b5c7cb8,bdep_4f46cfcf39e491757d5574e1,11/15/2018,275.23,STRIPE           TRANSFER                          X 201811151,earned_income,"reviewed: componentless deposit, all QB accounts non-donation (0185)",,
UNCATEGORIZED_prior_exclusion_not_reapplied,deposit_exclusion,bdep_2d739a4b899e7eda4ac8dc5b,bdep_2b38556ce3064cb0e30a9bef,3/22/2022,17500,WT SEQ155219 THE WILDFLOWER LOAN FUN /ORG=                                            SRF#    OW00002059567142 TRN#22032,loan,"reviewed: componentless deposit, all QB accounts non-donation (0185)",,
UNCATEGORIZED_prior_exclusion_not_reapplied,deposit_exclusion,bdep_2e95e92dec63e36389382713,bdep_2f40c390de00427653bf8b3e,4/23/2020,970.4,STRIPE           TRANSFER          ST-N4N3S7N6T6Z2 THE WILDFLOWER FOUNDAT,earned_income,"reviewed: componentless deposit, all QB accounts non-donation (0185)",,
UNCATEGORIZED_prior_exclusion_not_reapplied,deposit_exclusion,bdep_2eda911b8bdc303a2dbb3abf,bdep_1477e20b00b543a037be9707,5/31/2024,500000,TRANSFER FROM BRK ****9888 REF# 526894339,intercompany_transfer,"reviewed: componentless deposit, all QB accounts non-donation (0185)",,
UNCATEGORIZED_prior_exclusion_not_reapplied,deposit_exclusion,bdep_2f3f58c5ce2d00d7f4fc6073,bdep_8c27986cee9fe4d611256aa8,2/9/2024,90000,ONLINE TRANSFER Q3 GRANT REF #BB0M6YQZBJ,intercompany_transfer,"reviewed: componentless deposit, all QB accounts non-donation (0185)",,
UNCATEGORIZED_prior_exclusion_not_reapplied,deposit_exclusion,bdep_2fd243e378cba0e3a5d014d7,bdep_692b89625a2d09e55d3f5ee4,3/3/2020,485.2,STRIPE           TRANSFER          ST-A5R9R7A8W6K3 THE WILDFLOWER FOUNDAT,earned_income,"reviewed: componentless deposit, all QB accounts non-donation (0185)",,
UNCATEGORIZED_prior_exclusion_not_reapplied,deposit_exclusion,bdep_3036df1b986937276790a5fb,bdep_c5cf45e643668e15284fbaf1,11/26/2025,2982,ATM CHECK DEPOSIT              ON              11/26 1505 W Lake St            Minneapolis   MN  0007419           ATM I,expense_refund,"reviewed: componentless deposit, all QB accounts non-donation (0185)",,
UNCATEGORIZED_prior_exclusion_not_reapplied,deposit_exclusion,bdep_303cefbc1166f339e32ce936,bdep_17406d26d26029dfef23dc6f,5/3/2021,45000,WT SEQ227684 THE WILDFLOWER LOAN FUN /ORG=                                            SRF#    OW00001346882377 TRN#21050,loan,"reviewed: componentless deposit, all QB accounts non-donation (0185)",,
UNCATEGORIZED_prior_exclusion_not_reapplied,deposit_exclusion,bdep_30f9c1c5adf2100b090ca268,bdep_9e535d1747386098bc25bf5e,7/8/2020,726.74,STRIPE           TRANSFER          ST-O1D1M5S0W6I4 THE WILDFLOWER FOUNDAT,earned_income,"reviewed: componentless deposit, all QB accounts non-donation (0185)",,
UNCATEGORIZED_prior_exclusion_not_reapplied,deposit_exclusion,bdep_323f7f6faa77ba949d9f4126,bdep_e6bcd540148a915269538d07,7/8/2025,132.66,GUSTO            TAX 933929 250708 6semk559e3r     The Wildflower Foundat,expense_refund,"reviewed: componentless deposit, all QB accounts non-donation (0185)",,
UNCATEGORIZED_prior_exclusion_not_reapplied,deposit_exclusion,bdep_332f1975f27889b955dd1a5a,bdep_4fa21e028f761f2380454b4f,3/25/2022,100000,WT SEQ#96821 THE WILDFLOWER LOAN FUN /ORG=                                            SRF#    OW00002066747306 TRN#22032,loan,"reviewed: componentless deposit, all QB accounts non-donation (0185)",,
UNCATEGORIZED_prior_exclusion_not_reapplied,deposit_exclusion,bdep_3427dd27c8444978a9c17786,bdep_9a93b2f5d5cf25db4b037982,1/22/2025,300000,TRANSFER FROM BRK ****9888 REF# 563621860,intercompany_transfer,"reviewed: componentless deposit, all QB accounts non-donation (0185)",,
UNCATEGORIZED_prior_exclusion_not_reapplied,deposit_exclusion,bdep_34b6a66e5a4249c8e6bb99d1,bdep_a073d1ed18799fb89ac2e944,4/6/2021,485.2,STRIPE           TRANSFER          ST-J3Q1U4R6M0D4 THE WILDFLOWER FOUNDAT,earned_income,"reviewed: componentless deposit, all QB accounts non-donation (0185)",,
UNCATEGORIZED_prior_exclusion_not_reapplied,deposit_exclusion,bdep_3553ba9ed857f25fb8eb2981,bdep_a60303ac8c976c4e691a2511,11/22/2019,96.8,STRIPE           TRANSFER          ST-N6E3S2Z2N7Q1 THE WILDFLOWER FOUNDAT,earned_income,"reviewed: componentless deposit, all QB accounts non-donation (0185)",,
UNCATEGORIZED_prior_exclusion_not_reapplied,deposit_exclusion,bdep_35824dbfb970701374223b30,bdep_7e568ef9f7076323b8f7cb65,10/27/2025,54,ESSP             HIST RTN   251027 872188        1             333487The,expense_refund,"reviewed: componentless deposit, all QB accounts non-donation (0185)",,
UNCATEGORIZED_prior_exclusion_not_reapplied,deposit_exclusion,bdep_36492f5618adfd26e7e75004,bdep_9a1f013f713abe6a90915103,5/13/2020,1455.6,STRIPE           TRANSFER          ST-T1N8I8B5N9N2 THE WILDFLOWER FOUNDAT,earned_income,"reviewed: componentless deposit, all QB accounts non-donation (0185)",,
UNCATEGORIZED_prior_exclusion_not_reapplied,deposit_exclusion,bdep_365758668441af5ba5bd63ba,bdep_8b995b7a94499ce188f44ac5,6/27/2019,447.81,STRIPE           TRANSFER          ST-H0L2T7T9I7O3 THE WILDFLOWER FOUNDAT,earned_income,"reviewed: componentless deposit, all QB accounts non-donation (0185)",,
UNCATEGORIZED_prior_exclusion_not_reapplied,deposit_exclusion,bdep_36c4c5924de27d158ada3383,bdep_a18c95245e49dc683db695b1,9/27/2022,85000,Morgan Stanley   ACH CREDIT 220926 10120855313qe92 The Wildflower Foundat,loan,"reviewed: componentless deposit, all QB accounts non-donation (0185)",,
CONFLICT_prior_excluded_owner_included,deposit_exclusion,bdep_36f4096e6f5ee4beca23d492,bdep_72572e0bac753fa054a1b302,5/20/2019,400000,WT SEQ127670 PROPEL NONPROFITS       /ORG=PROPEL NONPROFITS                           SRF#    GW00000024901629 TRN#19052,loan,"reviewed: componentless deposit, all QB accounts non-donation (0185)",,LOAN_FUNDS
UNCATEGORIZED_prior_exclusion_not_reapplied,deposit_exclusion,bdep_3757c87e73ab3fb6f1712095,bdep_40430c0db01bae1a9358f78f,9/2/2020,2023.17,STRIPE           TRANSFER          ST-X6J8L4C3C2R2 THE WILDFLOWER FOUNDAT,earned_income,"reviewed: componentless deposit, all QB accounts non-donation (0185)",,
UNCATEGORIZED_prior_exclusion_not_reapplied,deposit_exclusion,bdep_399d26cbdcf8887017a147c0,bdep_96e045ef043cdf0d847a4671,7/9/2020,487.58,STRIPE           TRANSFER          ST-R9D6R0W8G0J4 THE WILDFLOWER FOUNDAT,earned_income,"reviewed: componentless deposit, all QB accounts non-donation (0185)",,
UNCATEGORIZED_prior_exclusion_not_reapplied,deposit_exclusion,bdep_39c733732585e26b4ae4f565,bdep_18fd28224b968e1fb1790f56,2/24/2023,15,MBI              SETL       230223 MED-I-BANK      MED-I-BANK,expense_refund,"reviewed: componentless deposit, all QB accounts non-donation (0185)",,
UNCATEGORIZED_prior_exclusion_not_reapplied,deposit_exclusion,bdep_3a07aac183040e733c7c854d,bdep_c311017b666f29a80b620ec9,5/20/2020,1154.59,STRIPE           TRANSFER          ST-Q9O2M9F1R1F3 THE WILDFLOWER FOUNDAT,earned_income,"reviewed: componentless deposit, all QB accounts non-donation (0185)",,
UNCATEGORIZED_prior_exclusion_not_reapplied,deposit_exclusion,bdep_3a395eded78bc5a52d0d9d45,bdep_1bb1a5acbd0dd9a11f7075b9,11/19/2020,9.92,STRIPE           TRANSFER          ST-R9U4G4L9C8G2 THE WILDFLOWER FOUNDAT,earned_income,"reviewed: componentless deposit, all QB accounts non-donation (0185)",,
CONFLICT_prior_excluded_owner_included,deposit_exclusion,bdep_3a607909d8cb3e2e3e9143e6,bdep_9b17f4aa932aea4c931b4ad9,4/10/2017,100000,WT FED#03370 VANGUARD GRP INC R /ORG=SEPANDAR KAMVAR SRF# 100526140 TRN#170410111061 RFB# SD0217100P000009,loan,"reviewed: componentless deposit, all QB accounts non-donation (0185)",,DONATION
UNCATEGORIZED_prior_exclusion_not_reapplied,deposit_exclusion,bdep_3a6d6144b40921a01d510eec,bdep_971b8e5c703f6991a7dd053e,10/29/2018,28.83,STRIPE           TRANSFER                          X 201810292,earned_income,"reviewed: componentless deposit, all QB accounts non-donation (0185)",,
UNCATEGORIZED_prior_exclusion_not_reapplied,deposit_exclusion,bdep_3a9142fcc8605941f9653036,bdep_5f121e4a94b14befe21bcc46,10/17/2018,1633.82,eDeposit in Branch/Store 10/17/18 09:16:49 AM 4712 CHICAGO AVE MINNEAPOLIS MN 7365,expense_refund,"reviewed: componentless deposit, all QB accounts non-donation (0185)",,
CONFLICT_prior_excluded_owner_included,deposit_exclusion,bdep_3cd12fedfad583293a864ae3,bdep_1824fde126459f43413ce717,11/26/2025,31702.02,ONLINE TRANSFER JULY 2025 PAYROLL REIMBURSEMENT REF #BB0VTQT7G5,intercompany_transfer,reviewed: internal online transfer csp/payroll/nonpayroll (0176),,CSP
UNCATEGORIZED_prior_exclusion_not_reapplied,deposit_exclusion,bdep_3cd33cd899387d06a9bd0509,bdep_50e63223f723ab55c3b41022,5/2/2024,5385,225 South 6th St PAYMENTS   240501 4FNTMXXXXXX4045 NTE*ZZZ*4FNTM6\,expense_refund,"reviewed: componentless deposit, all QB accounts non-donation (0185)",,
UNCATEGORIZED_prior_exclusion_not_reapplied,deposit_exclusion,bdep_3e35d5bdb9b8fb247f200539,bdep_b41a0fed4d88c932f35d06a8,12/1/2021,250,Morgan Stanley   ACH CREDIT 211130 101208553z5ibg  The Wildflower Foundat,loan_repayment,reviewed: affiliated-school loan_repayment (name-confirmed; 0176),,
UNCATEGORIZED_prior_exclusion_not_reapplied,deposit_exclusion,bdep_3e6ac202a43d94308d412fbb,bdep_ad77f5f8b0e7a01cfce2dc1d,5/11/2017,853,ATM CHECK DEPOSIT 05/11 4712 CHICAGO AVE S MINNEAPOLIS MN 5819T 7365,loan,"reviewed: componentless deposit, all QB accounts non-donation (0185)",,
UNCATEGORIZED_prior_exclusion_not_reapplied,deposit_exclusion,bdep_3ff5e532feb65018105a9aeb,bdep_db73bc66f9ae0fc64afbfaac,6/11/2019,103.06,ATM CHECK DEPOSIT              ON              06/11 3030 NICOLLET AVE         MINNEAPOLIS   MN  0001034           ATM I,expense_refund,"reviewed: componentless deposit, all QB accounts non-donation (0185)",,
UNCATEGORIZED_prior_exclusion_not_reapplied,deposit_exclusion,bdep_409a14497c13a787eedb8fde,bdep_365b9b624778e511d3bbd6e1,7/1/2020,288,STRIPE           TRANSFER          ST-A6A7F5P8V2M6 THE WILDFLOWER FOUNDAT,earned_income,"reviewed: componentless deposit, all QB accounts non-donation (0185)",,
UNCATEGORIZED_prior_exclusion_not_reapplied,deposit_exclusion,bdep_40dc9ae11753714c6d6b6612,bdep_8cb741ca3a3572c252ade206,11/14/2018,514.33,STRIPE           TRANSFER                          X 201811141,earned_income,"reviewed: componentless deposit, all QB accounts non-donation (0185)",,
UNCATEGORIZED_prior_exclusion_not_reapplied,deposit_exclusion,bdep_41a5537888dc73cb6511bf80,bdep_e91f111334b74776d71a33f1,11/6/2018,53.1,STRIPE           TRANSFER                          X 201811061,earned_income,"reviewed: componentless deposit, all QB accounts non-donation (0185)",,
UNCATEGORIZED_prior_exclusion_not_reapplied,deposit_exclusion,bdep_41a79305ca22b746e31de928,bdep_42dc2b80c072745f99a1e1e8,11/13/2019,485.2,STRIPE           TRANSFER          ST-Q5X4Q0P3J7K9 THE WILDFLOWER FOUNDAT,earned_income,"reviewed: componentless deposit, all QB accounts non-donation (0185)",,
UNCATEGORIZED_prior_exclusion_not_reapplied,deposit_exclusion,bdep_42a85dfdb452020a4d75be0c,bdep_cd6ad20deacee59f46b61c47,8/1/2019,131.2,STRIPE           TRANSFER          ST-A8Y9D4V2S9P5 THE WILDFLOWER FOUNDAT,earned_income,"reviewed: componentless deposit, all QB accounts non-donation (0185)",,
UNCATEGORIZED_prior_exclusion_not_reapplied,deposit_exclusion,bdep_42c50261d902a32509b2e935,bdep_c201238b35cb883c5ea066b4,11/17/2025,184,ESSP             HIST RTN   251117 877288        1             333487The,expense_refund,"reviewed: componentless deposit, all QB accounts non-donation (0185)",,
UNCATEGORIZED_prior_exclusion_not_reapplied,deposit_exclusion,bdep_4309a00d5bed279678c7a4e2,bdep_7c6509e3aa7eea673805cd00,1/2/2018,2000,INTUIT PYMT SOLN DEPOSIT 171230 524771997507722 THE WILDFLOWER FOUNDAT,loan,"reviewed: componentless deposit, all QB accounts non-donation (0185)",,
UNCATEGORIZED_prior_exclusion_not_reapplied,deposit_exclusion,bdep_4315e5fe539458c77d651baf,bdep_c26ca44b45b19c1c8200d5b6,7/29/2019,955.6,STRIPE           TRANSFER          ST-G5G4S8J0W7I9 THE WILDFLOWER FOUNDAT,earned_income,"reviewed: componentless deposit, all QB accounts non-donation (0185)",,
UNCATEGORIZED_prior_exclusion_not_reapplied,deposit_exclusion,bdep_44269a2243f26c748ce888bc,bdep_bd6d0b0ce76411576f22488f,4/3/2019,53.83,STRIPE           TRANSFER          ST-D4B5T7U9S0J5 X,earned_income,"reviewed: componentless deposit, all QB accounts non-donation (0185)",,
UNCATEGORIZED_prior_exclusion_not_reapplied,deposit_exclusion,bdep_443f58242983688b851cce60,bdep_934ea47193369e0bdc49a3d9,11/26/2018,96.5,STRIPE           TRANSFER                          X 201811264,earned_income,"reviewed: componentless deposit, all QB accounts non-donation (0185)",,
UNCATEGORIZED_prior_exclusion_not_reapplied,deposit_exclusion,bdep_460f6f9d3bcff2f395a324e3,bdep_382f44543143eb48d16d6262,5/26/2022,30000,WT SEQ149612 THE WILDFLOWER LOAN FUN /ORG=                                            SRF#    OW00002224673917 TRN#22052,loan,"reviewed: componentless deposit, all QB accounts non-donation (0185)",,
UNCATEGORIZED_prior_exclusion_not_reapplied,deposit_exclusion,bdep_476a5d14726990e4228168e7,bdep_38fbf04d48d078af38d1092e,7/18/2024,70.28,GUSTO            TLR 029736 240718 6semk1nbfse     The Wildflower Foundat,expense_refund,"reviewed: componentless deposit, all QB accounts non-donation (0185)",,
UNCATEGORIZED_prior_exclusion_not_reapplied,deposit_exclusion,bdep_4920735bd82866f33adabb1b,bdep_e89808ccb21fd67ad0bd0154,2/3/2025,5075.86,ATM CHECK DEPOSIT              ON              02/02 7900 Xerxes Ave S Ste 201 Bloomington   MN  0000275           ATM I,expense_refund,"reviewed: componentless deposit, all QB accounts non-donation (0185)",,
UNCATEGORIZED_prior_exclusion_not_reapplied,deposit_exclusion,bdep_4ac404a935350b6f26f6767a,bdep_d25894040551a57f5ac8d09c,10/16/2018,153.85,STRIPE TRANSFER X,earned_income,"reviewed: componentless deposit, all QB accounts non-donation (0185)",,
UNCATEGORIZED_prior_exclusion_not_reapplied,deposit_exclusion,bdep_4c610330d3e3f49dce2efa20,bdep_46121d1a28997b6c0a087d98,6/17/2024,25,MBI              SETL       240615 MED-I-BANK      MED-I-BANK,expense_refund,"reviewed: componentless deposit, all QB accounts non-donation (0185)",,
UNCATEGORIZED_prior_exclusion_not_reapplied,deposit_exclusion,bdep_4dc86e81bcad756d3faa78b0,bdep_c9f77fa3b1b837201e8d9645,7/23/2019,518.88,STRIPE           TRANSFER          ST-U9R7Z8F2X0I9 THE WILDFLOWER FOUNDAT,earned_income,"reviewed: componentless deposit, all QB accounts non-donation (0185)",,
UNCATEGORIZED_prior_exclusion_not_reapplied,deposit_exclusion,bdep_4f5df32b3f295b5a34e0df21,bdep_98bd1d96fe451554d009aa24,9/9/2024,500000,TRANSFER FROM BRK ****9888 REF# 547252964,intercompany_transfer,"reviewed: componentless deposit, all QB accounts non-donation (0185)",,
UNCATEGORIZED_prior_exclusion_not_reapplied,deposit_exclusion,bdep_4f64fed0766d7d8ffd8b6255,bdep_39b66662ff331a6ae9a37f94,1/25/2021,120.42,INTUIT PYMT SOLN HIST RTN   210125 524771990592861 THE WILDFLOWER FOUNDAT,expense_refund,"reviewed: componentless deposit, all QB accounts non-donation (0185)",,
UNCATEGORIZED_prior_exclusion_not_reapplied,deposit_exclusion,bdep_500540114175bc4062882b3b,bdep_a50ef756c6417cb06b6fa383,4/11/2019,28.83,STRIPE           TRANSFER          ST-V9G8D6K2O3I3 THE WILDFLOWER FOUNDAT,earned_income,"reviewed: componentless deposit, all QB accounts non-donation (0185)",,
UNCATEGORIZED_prior_exclusion_not_reapplied,deposit_exclusion,bdep_5018704a50d8fd2c191380d0,bdep_9ec6241a4e3cdeb0107c2c95,7/13/2020,132.94,STRIPE           TRANSFER          ST-H1V8G0K6G9L5 THE WILDFLOWER FOUNDAT,earned_income,"reviewed: componentless deposit, all QB accounts non-donation (0185)",,
UNCATEGORIZED_prior_exclusion_not_reapplied,deposit_exclusion,bdep_502a3d6deebad46770f99ef0,bdep_9b1122740f19f645f58e6420,3/6/2020,175,MBI              SETL       200305 MED-I-BANK      MED-I-BANK,expense_refund,"reviewed: componentless deposit, all QB accounts non-donation (0185)",,
UNCATEGORIZED_prior_exclusion_not_reapplied,deposit_exclusion,bdep_5315e7b23aefe560aeeacfd4,bdep_e0f0a0e290d2d8e87bab2ce4,6/25/2019,610.81,STRIPE           TRANSFER          ST-N0I8E4N3Z1U2 THE WILDFLOWER FOUNDAT,earned_income,"reviewed: componentless deposit, all QB accounts non-donation (0185)",,
UNCATEGORIZED_prior_exclusion_not_reapplied,deposit_exclusion,bdep_5416bb6318d7c1588633c05e,bdep_309914ab78182524a0c4e2d4,7/5/2019,139.27,STRIPE           TRANSFER          ST-U0S3K4I3Q5B0 THE WILDFLOWER FOUNDAT,earned_income,"reviewed: componentless deposit, all QB accounts non-donation (0185)",,
UNCATEGORIZED_prior_exclusion_not_reapplied,deposit_exclusion,bdep_541d4d5a90188008b7824635,bdep_7e2d63665d5be84e3fba0473,10/10/2019,33.68,STRIPE           TRANSFER          ST-X7P3X9U5V0G2 THE WILDFLOWER FOUNDAT,earned_income,"reviewed: componentless deposit, all QB accounts non-donation (0185)",,
UNCATEGORIZED_prior_exclusion_not_reapplied,deposit_exclusion,bdep_5433292674373624100b3b7e,bdep_8817f5567e85c2615610f466,3/1/2022,212.5,Morgan Stanley   ACH CREDIT 220228 10120855310jeqp The Wildflower Foundat,loan,"reviewed: componentless deposit, all QB accounts non-donation (0185)",,
UNCATEGORIZED_prior_exclusion_not_reapplied,deposit_exclusion,bdep_543a0d4e327cf04c8a8fd14f,bdep_b52f29142fa1214e9a2ff127,7/3/2020,2737.36,STRIPE           TRANSFER          ST-D1Y8W5B1K1F9 THE WILDFLOWER FOUNDAT,earned_income,"reviewed: componentless deposit, all QB accounts non-donation (0185)",,
UNCATEGORIZED_prior_exclusion_not_reapplied,deposit_exclusion,bdep_543f8ead143ec556c2152e0e,bdep_0af55c537724e058336f45d0,7/12/2019,101.04,STRIPE           TRANSFER          ST-J5O8S5K9Y8U6 THE WILDFLOWER FOUNDAT,earned_income,"reviewed: componentless deposit, all QB accounts non-donation (0185)",,
UNCATEGORIZED_prior_exclusion_not_reapplied,deposit_exclusion,bdep_55de48dc203ea0ebbd33002b,bdep_9de135b3d424b9de5901ee94,3/31/2020,485.2,STRIPE           TRANSFER          ST-L4W7Z1R9B6H4 THE WILDFLOWER FOUNDAT,earned_income,"reviewed: componentless deposit, all QB accounts non-donation (0185)",,
UNCATEGORIZED_prior_exclusion_not_reapplied,deposit_exclusion,bdep_561bb7466d8dba7fab891173,bdep_f818bba9ee1ed59b5d3434cb,4/1/2019,242.45,STRIPE           TRANSFER          ST-D8G2J4W3A3Q0 X,earned_income,"reviewed: componentless deposit, all QB accounts non-donation (0185)",,
UNCATEGORIZED_prior_exclusion_not_reapplied,deposit_exclusion,bdep_5906263539b55e6526c3bd8b,bdep_891cf690017babdec7b2cf62,7/7/2020,1172.81,STRIPE           TRANSFER          ST-P6X3V5X2Q8Y7 THE WILDFLOWER FOUNDAT,earned_income,"reviewed: componentless deposit, all QB accounts non-donation (0185)",,
CONFLICT_prior_excluded_owner_included,deposit_exclusion,bdep_593d115466b359462c7b324f,bdep_92e2b0d45863d812ff826d7d,3/10/2017,75000,NONPROFITS ASSISTANCE F WT SEQ143419 /ORG=NONPROFITS ASSISTANCE FUND SRF# GW00000002232393 TRN#170310143419 RFB# 378,loan,"reviewed: componentless deposit, all QB accounts non-donation (0185)",,LOAN_FUNDS
UNCATEGORIZED_prior_exclusion_not_reapplied,deposit_exclusion,bdep_59af4adb3f09576c2528b6e1,bdep_3fa82685ba446087b147c35e,3/2/2021,33.68,STRIPE           TRANSFER          ST-T5Y9C3D2P8L5 THE WILDFLOWER FOUNDAT,earned_income,"reviewed: componentless deposit, all QB accounts non-donation (0185)",,
UNCATEGORIZED_prior_exclusion_not_reapplied,deposit_exclusion,bdep_5a55a39e036b4f394a9d4844,bdep_6124d97711129d07e851eca4,4/9/2019,23.97,STRIPE           TRANSFER          ST-F4E2J3E5O5P7 THE WILDFLOWER FOUNDAT,earned_income,"reviewed: componentless deposit, all QB accounts non-donation (0185)",,
UNCATEGORIZED_prior_exclusion_not_reapplied,deposit_exclusion,bdep_5ae0e2b9017ea3fa95964f52,bdep_e8f236d4e99fc1752e1a4df3,6/16/2020,154.15,STRIPE           TRANSFER          ST-Z8Q9V6R5K5H6 THE WILDFLOWER FOUNDAT,earned_income,"reviewed: componentless deposit, all QB accounts non-donation (0185)",,
UNCATEGORIZED_prior_exclusion_not_reapplied,deposit_exclusion,bdep_5b91e08f8e556f3efed3a3e4,bdep_a7a6de04b609da0b251a7123,5/30/2018,7120.2,ATM CHECK DEPOSIT 05/30 1505 WEST LAKE ST MINNEAPOLIS MN 6991J 7365,intercompany_transfer,"reviewed: componentless deposit, all QB accounts non-donation (0185)",,
UNCATEGORIZED_prior_exclusion_not_reapplied,deposit_exclusion,bdep_5c0adf4d1e9e6970c8d210a2,bdep_2f44c0f66b353866dde0d535,2/20/2019,216.96,STRIPE           TRANSFER                          X,earned_income,"reviewed: componentless deposit, all QB accounts non-donation (0185)",,
UNCATEGORIZED_prior_exclusion_not_reapplied,deposit_exclusion,bdep_5c9b3c01d8303245f365feae,bdep_7633424e83b4d84aed6f123d,4/16/2025,300000,TRANSFER FROM BRK ****9888 REF# 578163177,intercompany_transfer,"reviewed: componentless deposit, all QB accounts non-donation (0185)",,
UNCATEGORIZED_prior_exclusion_not_reapplied,deposit_exclusion,bdep_5d5dba64e34aa86746c31078,bdep_2d951a66e94e7c6ad125ad1c,6/18/2020,276.13,STRIPE           TRANSFER          ST-V5P3D2G8C4M5 THE WILDFLOWER FOUNDAT,earned_income,"reviewed: componentless deposit, all QB accounts non-donation (0185)",,
UNCATEGORIZED_prior_exclusion_not_reapplied,deposit_exclusion,bdep_5d6b49db9a950538d13e5c5c,bdep_c7233de34acc146c3e110367,8/22/2019,38.6,STRIPE           TRANSFER          ST-A2N5U1F7D4S6 THE WILDFLOWER FOUNDAT,earned_income,"reviewed: componentless deposit, all QB accounts non-donation (0185)",,
UNCATEGORIZED_prior_exclusion_not_reapplied,deposit_exclusion,bdep_5d7b50513e86df0781724e32,bdep_5db3ce89e44cee6d050faefc,11/5/2025,119,ESSP             HIST RTN   251105 874821        1             333487The,expense_refund,"reviewed: componentless deposit, all QB accounts non-donation (0185)",,
UNCATEGORIZED_prior_exclusion_not_reapplied,deposit_exclusion,bdep_5e868ca11a7de624bc7f060d,bdep_99639f456691aa3c7f185ed8,12/23/2024,3750,The Sunlight Loa Receivable        016SPRCMI3L7Z2C 016SPRCMI3L7Z2C The Sunlight Loa Bill.com Inv G,interest,"reviewed: componentless deposit, all QB accounts non-donation (0185)",,
UNCATEGORIZED_prior_exclusion_not_reapplied,deposit_exclusion,bdep_5ea0b7056a7132ddf9c4125d,bdep_c4b5c12cae3a4679c1a849c2,12/12/2017,380,GUSTO CND 202837 171212 6semjmpp6fb The Wildflower Foundat,expense_refund,"reviewed: componentless deposit, all QB accounts non-donation (0185)",,
UNCATEGORIZED_prior_exclusion_not_reapplied,deposit_exclusion,bdep_5ef4c5ca7975771a3132ab2c,bdep_892599f6c925b5aac1bd35e7,4/5/2018,1710,Bill.com VoidPaymnt 015XRTGTOHRFUTK Weston Stewart SK Consulting Group Bill.com 015X,expense_refund,"reviewed: componentless deposit, all QB accounts non-donation (0185)",,
UNCATEGORIZED_prior_exclusion_not_reapplied,deposit_exclusion,bdep_5f0ed010f3aa2a3f73577d78,bdep_8714a9e68b8b88ccaa9a666c,9/18/2017,3520,Bill.com VoidPaymnt 015YBGRPFYNHBKP Shoreland Montessori LLC Bill.com 015YBGRPFYNHBK,loan,"reviewed: componentless deposit, all QB accounts non-donation (0185)",,
UNCATEGORIZED_prior_exclusion_not_reapplied,deposit_exclusion,bdep_60bbb6b5681c54ae57620fe5,bdep_7b556a93c6755a64cb228c35,9/4/2020,33.68,STRIPE           TRANSFER          ST-W4K3M9A6F1T8 THE WILDFLOWER FOUNDAT,earned_income,"reviewed: componentless deposit, all QB accounts non-donation (0185)",,
UNCATEGORIZED_prior_exclusion_not_reapplied,deposit_exclusion,bdep_62e7ba9b91ad7d173d217aea,bdep_7129e3714ee6de09e7d2167f,5/26/2020,485.2,STRIPE           TRANSFER          ST-S5H6C1F7V4U7 THE WILDFLOWER FOUNDAT,earned_income,"reviewed: componentless deposit, all QB accounts non-donation (0185)",,
UNCATEGORIZED_prior_exclusion_not_reapplied,deposit_exclusion,bdep_6312aede9ecd5f431b280dfd,bdep_3e6facd5489484a74f761c26,1/25/2021,368.21,COMM OF MASS EFT HIST RTN   210125       XXXXX0256 THE WILDFLOWER FOUNDAT,expense_refund,"reviewed: componentless deposit, all QB accounts non-donation (0185)",,
UNCATEGORIZED_prior_exclusion_not_reapplied,deposit_exclusion,bdep_63dd2963c06ca99fb2acbcc0,bdep_4ac1c5dda64eb2ddd93d16f0,6/1/2020,970.7,STRIPE           TRANSFER          ST-Y8G2M1T2Y3E8 THE WILDFLOWER FOUNDAT,earned_income,"reviewed: componentless deposit, all QB accounts non-donation (0185)",,
UNCATEGORIZED_prior_exclusion_not_reapplied,deposit_exclusion,bdep_6435bdd2331cbf2ea9dac233,bdep_d0004ab8440f1aeb617c8a38,6/2/2025,500000,TRANSFER FROM BRK ****9888 REF# 583136411,intercompany_transfer,"reviewed: componentless deposit, all QB accounts non-donation (0185)",,
UNCATEGORIZED_prior_exclusion_not_reapplied,deposit_exclusion,bdep_6440b62648b81d6b86f7578f,bdep_d2bf6b9303cdfd6733a802e8,6/19/2020,7.58,STRIPE           TRANSFER          ST-U5O6M0R3T5C2 THE WILDFLOWER FOUNDAT,earned_income,"reviewed: componentless deposit, all QB accounts non-donation (0185)",,
UNCATEGORIZED_prior_exclusion_not_reapplied,deposit_exclusion,bdep_64bffe535e65e6f3b62ca6d5,bdep_c6c509c09286ab70c8c282a5,5/18/2020,774.72,CLIENT ANALYSIS  SRVC CHRG  200515  REV CHGE 0420  000005510788945,expense_refund,"reviewed: componentless deposit, all QB accounts non-donation (0185)",,
UNCATEGORIZED_prior_exclusion_not_reapplied,deposit_exclusion,bdep_64f5a947fd74f28541936150,bdep_3c40a86a854de77149528184,9/9/2020,485.2,STRIPE           TRANSFER          ST-G3Y7L1Z9F2F5 THE WILDFLOWER FOUNDAT,earned_income,"reviewed: componentless deposit, all QB accounts non-donation (0185)",,
UNCATEGORIZED_prior_exclusion_not_reapplied,deposit_exclusion,bdep_6511ad56158784fb29b19773,bdep_99c5612541a63a842cb0b1bd,8/4/2020,546.02,STRIPE           TRANSFER          ST-M7S7L7N4X9B3 THE WILDFLOWER FOUNDAT,earned_income,"reviewed: componentless deposit, all QB accounts non-donation (0185)",,
UNCATEGORIZED_prior_exclusion_not_reapplied,deposit_exclusion,bdep_66c4d9f0c7d0b6af4e540ca4,bdep_91b4b52b78753bbe8be55fbf,7/31/2020,49.62,PAYPAL           TRANSFER   200731 1009846174581   THE WILDFLOWER FOUNDAT,expense_refund,"reviewed: componentless deposit, all QB accounts non-donation (0185)",,
UNCATEGORIZED_prior_exclusion_not_reapplied,deposit_exclusion,bdep_67502ccc5a3f642bb1c89116,bdep_5b5a83053105e6186ee46764,6/9/2020,1124.56,STRIPE           TRANSFER          ST-A8A6B9I9O7L8 THE WILDFLOWER FOUNDAT,earned_income,"reviewed: componentless deposit, all QB accounts non-donation (0185)",,
UNCATEGORIZED_prior_exclusion_not_reapplied,deposit_exclusion,bdep_699137c2797e7005f3c18453,bdep_98720bda3d8b595af2128348,7/24/2020,975.57,STRIPE           TRANSFER          ST-D7U6K2Z1O9Z6 THE WILDFLOWER FOUNDAT,earned_income,"reviewed: componentless deposit, all QB accounts non-donation (0185)",,
UNCATEGORIZED_prior_exclusion_not_reapplied,deposit_exclusion,bdep_69feb1c47b84dd1fb3b3477a,bdep_8e4cc11dd3b7f2407365b6ed,8/30/2023,133.6,MBI              SETL       230829 MED-I-BANK      MED-I-BANK,expense_refund,"reviewed: componentless deposit, all QB accounts non-donation (0185)",,
UNCATEGORIZED_prior_exclusion_not_reapplied,deposit_exclusion,bdep_6a16031e5d71968943c4dca9,bdep_705688631a11e2adc7540897,12/13/2021,2912.59,ATM CHECK DEPOSIT              ON              12/13 1505 W Lake St            Minneapolis   MN  0009524           ATM I,expense_refund,"reviewed: componentless deposit, all QB accounts non-donation (0185)",,
UNCATEGORIZED_prior_exclusion_not_reapplied,deposit_exclusion,bdep_6b0c06c27097975fa3c86dd5,bdep_a4faac8ec741ca4540a67be2,2/19/2021,9.92,STRIPE           TRANSFER          ST-A7A6D7K7P6R4 THE WILDFLOWER FOUNDAT,earned_income,"reviewed: componentless deposit, all QB accounts non-donation (0185)",,
UNCATEGORIZED_prior_exclusion_not_reapplied,deposit_exclusion,bdep_6bd4b27d687a127114ef4284,bdep_6799ba890b1ac783bd14c19d,4/29/2021,582.56,IRS              HIST RTN   210429 270151750907867 WILDFLOWER FOUNDATION,expense_refund,"reviewed: componentless deposit, all QB accounts non-donation (0185)",,
UNCATEGORIZED_prior_exclusion_not_reapplied,deposit_exclusion,bdep_6c202ba572eb924840e08e4c,bdep_1e3f5c11279d5279992b76c5,4/2/2019,1212.85,STRIPE           TRANSFER          ST-H3T9L7S0G0B2 X,earned_income,"reviewed: componentless deposit, all QB accounts non-donation (0185)",,
UNCATEGORIZED_prior_exclusion_not_reapplied,deposit_exclusion,bdep_6eb6de1d1e4d934cf65fe652,bdep_d3d13e00dd9393d3b05e5e66,11/29/2018,47.94,STRIPE           TRANSFER                          X 201811291,earned_income,"reviewed: componentless deposit, all QB accounts non-donation (0185)",,
UNCATEGORIZED_prior_exclusion_not_reapplied,deposit_exclusion,bdep_6eff6082139a14697d0d19d1,bdep_ca0921dc81607a6e58b6e6fe,1/30/2024,3750,"The Sunlight Loa Bill.com          025NHVDMEYRYPG0 The Sunlight Loan Fund, LLC Bill.com 025NHVDMEYR",interest,"reviewed: componentless deposit, all QB accounts non-donation (0185)",,
UNCATEGORIZED_prior_exclusion_not_reapplied,deposit_exclusion,bdep_6f16e9585ce8b40125ed1aba,bdep_d3d5f0e8ba99b8823b7005d1,10/16/2018,10000,ATM CHECK DEPOSIT 10/16 3030 NICOLLET AVE MINNEAPOLIS MN 5813V 7365,earned_income,"reviewed: componentless deposit, all QB accounts non-donation (0185)",,
UNCATEGORIZED_prior_exclusion_not_reapplied,deposit_exclusion,bdep_6f7f8f8cb882b8b2c260b019,bdep_94679106f1a19334398a72af,2/28/2017,853,ATM CHECK DEPOSIT 02/28 4712 CHICAGO AVE S MINNEAPOLIS MN 5819T 7365,loan,"reviewed: componentless deposit, all QB accounts non-donation (0185)",,
UNCATEGORIZED_prior_exclusion_not_reapplied,deposit_exclusion,bdep_6f8650724bfbc9e5ef608daf,bdep_755a84e7b24f03d178156a87,1/10/2020,1993,ATM CHECK DEPOSIT              ON              01/10 1505 WEST LAKE ST         MINNEAPOLIS   MN  0006856           ATM I,expense_refund,"reviewed: componentless deposit, all QB accounts non-donation (0185)",,
UNCATEGORIZED_prior_exclusion_not_reapplied,deposit_exclusion,bdep_6fe5a6e56dab0979b071bdb1,bdep_d2cccaf7fa737d335af19324,8/26/2020,33.68,STRIPE           TRANSFER          ST-V8A5O2Z9R3V1 THE WILDFLOWER FOUNDAT,earned_income,"reviewed: componentless deposit, all QB accounts non-donation (0185)",,
CONFLICT_prior_excluded_owner_included,deposit_exclusion,bdep_709d3b03d6e993a0c86d4590,bdep_c372f84d07555016c423ed5d,5/13/2020,750000,"WT FED#00178 BREMER BANK, NATIO    /ORG=THE WILDFLOWER FOUNDATION                     SRF#    P202005130001439 TRN#20051",loan,"reviewed: componentless deposit, all QB accounts non-donation (0185)",,PPP
UNCATEGORIZED_prior_exclusion_not_reapplied,deposit_exclusion,bdep_731f30e2a03017099b1b4ab1,bdep_e876f1122a29a0bb067e0e72,9/1/2020,33.68,STRIPE           TRANSFER          ST-D7X6A5F4K7J2 THE WILDFLOWER FOUNDAT,earned_income,"reviewed: componentless deposit, all QB accounts non-donation (0185)",,
UNCATEGORIZED_prior_exclusion_not_reapplied,deposit_exclusion,bdep_739b3ee59ccf25aafa84fe50,bdep_7355f469004e2a350003eaad,5/18/2020,1625.22,STRIPE           TRANSFER          ST-D1O3K2N7V4E4 THE WILDFLOWER FOUNDAT,earned_income,"reviewed: componentless deposit, all QB accounts non-donation (0185)",,
UNCATEGORIZED_prior_exclusion_not_reapplied,deposit_exclusion,bdep_74f401e7ff71a9a34a0cc41c,bdep_bd678d82906115edb127e535,8/26/2019,95.71,STRIPE           TRANSFER          ST-L1K6C9R7N5P3 THE WILDFLOWER FOUNDAT,earned_income,"reviewed: componentless deposit, all QB accounts non-donation (0185)",,
UNCATEGORIZED_prior_exclusion_not_reapplied,deposit_exclusion,bdep_771ab8b88a278634d764dc89,bdep_456fbe1592b7176faea418c0,3/1/2022,250,Morgan Stanley   ACH CREDIT 220228 10120855310jezj The Wildflower Foundat,loan,"reviewed: componentless deposit, all QB accounts non-donation (0185)",,
UNCATEGORIZED_prior_exclusion_not_reapplied,deposit_exclusion,bdep_78f720543c1de1737472b85e,bdep_bc747148a426924e1f549513,3/12/2019,485.2,STRIPE           TRANSFER                          X,earned_income,"reviewed: componentless deposit, all QB accounts non-donation (0185)",,
UNCATEGORIZED_prior_exclusion_not_reapplied,deposit_exclusion,bdep_7a4a1674dfaed4bd8ce0a9c5,bdep_67029ae0748100078c690fae,8/6/2020,1257.11,STRIPE           TRANSFER          ST-R0O9P7F6A8Y3 THE WILDFLOWER FOUNDAT,earned_income,"reviewed: componentless deposit, all QB accounts non-donation (0185)",,
UNCATEGORIZED_prior_exclusion_not_reapplied,deposit_exclusion,bdep_7afb5c38ac8da117ccc9f9d8,bdep_bb72bfad1b2a098b37a5f254,6/14/2019,2000,INTUIT PYMT SOLN DEPOSIT    190614 524771997507722 THE WILDFLOWER FOUNDAT,loan,"reviewed: componentless deposit, all QB accounts non-donation (0185)",,
UNCATEGORIZED_prior_exclusion_not_reapplied,deposit_exclusion,bdep_7b3a1d109ee74a4623c83903,bdep_554166dd1a488ab225ed6313,1/12/2023,28.62,MBI              SETL       230111 MED-I-BANK      MED-I-BANK,expense_refund,"reviewed: componentless deposit, all QB accounts non-donation (0185)",,
UNCATEGORIZED_prior_exclusion_not_reapplied,deposit_exclusion,bdep_7c4dfa3fd67a316356540225,bdep_319bd8afd1844752e4f90779,1/15/2021,970.4,STRIPE           TRANSFER          ST-O5N7Z6M8S8N6 THE WILDFLOWER FOUNDAT,earned_income,"reviewed: componentless deposit, all QB accounts non-donation (0185)",,
UNCATEGORIZED_prior_exclusion_not_reapplied,deposit_exclusion,bdep_7cb36e108ec0eb6038d3cab1,bdep_75ed6bf3e3280b289018c95f,12/1/2021,212.5,Morgan Stanley   ACH CREDIT 211130 101208553z5ibo  The Wildflower Foundat,loan_repayment,reviewed: affiliated-school loan_repayment (name-confirmed; 0176),,
UNCATEGORIZED_prior_exclusion_not_reapplied,deposit_exclusion,bdep_7d7d000cb8a65efb735eeb46,bdep_f87345c66a02b0cf69a41e8f,6/12/2024,19.86,GUSTO            TLR 925920 240612 6semk1cspvq     The Wildflower Foundat,expense_refund,"reviewed: componentless deposit, all QB accounts non-donation (0185)",,
UNCATEGORIZED_prior_exclusion_not_reapplied,deposit_exclusion,bdep_7e8876a2c07b9ecd1f70ed4d,bdep_6a231c7eeaf56f69aa64095b,7/15/2020,405.96,STRIPE           TRANSFER          ST-O5R7F9F6Y1M8 THE WILDFLOWER FOUNDAT,earned_income,"reviewed: componentless deposit, all QB accounts non-donation (0185)",,
UNCATEGORIZED_prior_exclusion_not_reapplied,deposit_exclusion,bdep_7f3d66bdc664f5f635967e46,bdep_b3485eb75ed3fcefee95043a,10/21/2025,76365.75,ONLINE TRANSFER FROM THE WILDFLOWER FOUNDATION REF #IB0VDBPQP5 COMMERCIAL BUSINESS CHECKIN SEP 25 REIMBURSEMENT NO PAYRO,intercompany_transfer,reviewed: internal online transfer csp/payroll/nonpayroll (0176),,
UNCATEGORIZED_prior_exclusion_not_reapplied,deposit_exclusion,bdep_7fd2c913819d2794f0f0a838,bdep_38c39181b352e267cd7e2056,6/25/2020,33.68,STRIPE           TRANSFER          ST-W8E7F6G0A6F8 THE WILDFLOWER FOUNDAT,earned_income,"reviewed: componentless deposit, all QB accounts non-donation (0185)",,
UNCATEGORIZED_prior_exclusion_not_reapplied,deposit_exclusion,bdep_848d1eda84af078fd9d21ba1,bdep_4134ffddcecf0f937b60cd82,11/24/2023,1933.05,EWALLET - DIVVYP HIST RTN   231124 tIdxB62FtI7QyR  Wildflower Schools,expense_refund,"reviewed: componentless deposit, all QB accounts non-donation (0185)",,
UNCATEGORIZED_prior_exclusion_not_reapplied,deposit_exclusion,bdep_84a401d60ac5c4b6ec7516f0,bdep_26f1cf1b4f4d77f7ff047518,1/4/2019,28.83,STRIPE           TRANSFER                          X,earned_income,"reviewed: componentless deposit, all QB accounts non-donation (0185)",,
UNCATEGORIZED_prior_exclusion_not_reapplied,deposit_exclusion,bdep_84c05bbc80aedc757bb5b972,bdep_db2e1e231b098ce706abdcc1,3/1/2019,30,MONEY TRANSFER                          AUTHORIZED ON   03/01 FROM Cameron Leonard                    MN  S0046906055374,intercompany_transfer,"reviewed: componentless deposit, all QB accounts non-donation (0185)",,
UNCATEGORIZED_prior_exclusion_not_reapplied,deposit_exclusion,bdep_853af1918fb3675e7d048a05,bdep_4a49a1c3288b283cec0ca531,3/18/2021,548.73,STRIPE           TRANSFER          ST-X6D8Q9R1J4I7 THE WILDFLOWER FOUNDAT,earned_income,"reviewed: componentless deposit, all QB accounts non-donation (0185)",,
UNCATEGORIZED_prior_exclusion_not_reapplied,deposit_exclusion,bdep_8543cea6187d151329368a82,bdep_b93f579c04696eee2507f006,6/20/2018,3630,Bill.com VoidPaymnt 015PGMBLCDT7RQJ Annette McCarty Bill.com 015PGMBLCDT7RQJ Inv #2,expense_refund,"reviewed: componentless deposit, all QB accounts non-donation (0185)",,
UNCATEGORIZED_prior_exclusion_not_reapplied,deposit_exclusion,bdep_85da9ebba3d8d76f782968c8,bdep_092f20b3e79c91863a82a50b,1/22/2018,1604.17,INTUIT PYMT SOLN DEPOSIT 180120 524771997507722 THE WILDFLOWER FOUNDAT,loan,"reviewed: componentless deposit, all QB accounts non-donation (0185)",,
UNCATEGORIZED_prior_exclusion_not_reapplied,deposit_exclusion,bdep_8622ee3e0a2df030513ed711,bdep_512e995ba9429019db256bec,6/24/2025,3750,The Sunlight Loa Receivable        016RUPVFF3RUXCG 016RUPVFF3RUXCG The Sunlight Loa Bill.com Inv TW,interest,"reviewed: componentless deposit, all QB accounts non-donation (0185)",,
UNCATEGORIZED_prior_exclusion_not_reapplied,deposit_exclusion,bdep_867d0c9c87b9415de82783a1,bdep_ea38cb40a5dd11831b7c4341,4/5/2018,5000,Bill.com VoidPaymnt 015CSSASYCRFUTL Weston Stewart SK Consulting Group Bill.com 015C,expense_refund,"reviewed: componentless deposit, all QB accounts non-donation (0185)",,
UNCATEGORIZED_prior_exclusion_not_reapplied,deposit_exclusion,bdep_86d39f417ad927dd9a20582d,bdep_fc6eb65beb86c7823c9f3ea5,10/12/2018,28.83,STRIPE TRANSFER X,earned_income,"reviewed: componentless deposit, all QB accounts non-donation (0185)",,
UNCATEGORIZED_prior_exclusion_not_reapplied,deposit_exclusion,bdep_878045353608421e38665561,bdep_8d717731a2f874d808f93e7b,12/20/2018,53.1,STRIPE           TRANSFER                          X 201812201,earned_income,"reviewed: componentless deposit, all QB accounts non-donation (0185)",,
UNCATEGORIZED_prior_exclusion_not_reapplied,deposit_exclusion,bdep_87ef7ef83ee284afb01c45f9,bdep_e751f97c795dc7ebf1eb5341,3/17/2020,33.68,STRIPE           TRANSFER          ST-U1P1X3A7I6Z6 THE WILDFLOWER FOUNDAT,earned_income,"reviewed: componentless deposit, all QB accounts non-donation (0185)",,
UNCATEGORIZED_prior_exclusion_not_reapplied,deposit_exclusion,bdep_88e07ea63a9edff512ff2429,bdep_269ea5b1cc8dc8ad1f62a7a5,1/31/2020,22.13,ATM CHECK DEPOSIT              ON              01/31 1505 WEST LAKE ST         MINNEAPOLIS   MN  0008573           ATM I,expense_refund,"reviewed: componentless deposit, all QB accounts non-donation (0185)",,
UNCATEGORIZED_prior_exclusion_not_reapplied,deposit_exclusion,bdep_8a3c0c1335a15f24e783825e,bdep_903d03a612713dcdfff1a909,9/11/2020,743.7,GUSTO            TAX 548166 200911 6semjos7uqr     The Wildflower Foundat,expense_refund,"reviewed: componentless deposit, all QB accounts non-donation (0185)",,
UNCATEGORIZED_prior_exclusion_not_reapplied,deposit_exclusion,bdep_8b17b09ae17daa7630bb3799,bdep_1e753ca23f1f30cdbd05f95a,8/17/2020,496.38,STRIPE           TRANSFER          ST-X4L9E3U8T8Q0 THE WILDFLOWER FOUNDAT,earned_income,"reviewed: componentless deposit, all QB accounts non-donation (0185)",,
UNCATEGORIZED_prior_exclusion_not_reapplied,deposit_exclusion,bdep_8b621dffac228a37112ba7f8,bdep_34b254634eccc770e6b059a9,4/26/2024,40.57,GUSTO            TLR 597884 240426 6semk104vb8     The Wildflower Foundat,expense_refund,"reviewed: componentless deposit, all QB accounts non-donation (0185)",,
UNCATEGORIZED_prior_exclusion_not_reapplied,deposit_exclusion,bdep_8bb5442d15ef3eff2be12423,bdep_cf63128580a25cade9e73e31,3/11/2021,6314.55,STRIPE           TRANSFER          ST-C9Y5L0D5Q3S0 THE WILDFLOWER FOUNDAT,earned_income,"reviewed: componentless deposit, all QB accounts non-donation (0185)",,
UNRESOLVED_needs_research,deposit_exclusion,bdep_8bc92310474a8b1da496f751,bdep_77e06d31b867e423a2d424e0,2/10/2025,7462.36,Minnesota Wildfl Receivable        016JCNQDC3MW3MB 016JCNQDC3MW3MB Minnesota Wildfl Bill.com Multip,membership,"reviewed: componentless deposit, all QB accounts non-donation (0185)",,MULTIPLE_PAYMENT_RESEARCH
UNCATEGORIZED_prior_exclusion_not_reapplied,deposit_exclusion,bdep_8bf1c087adfa0cddc8852d44,bdep_0c55b25cf368f6373d3c7a5a,7/12/2017,853,ATM CHECK DEPOSIT 07/12 4712 CHICAGO AVE S MINNEAPOLIS MN 5819T 7365,loan,"reviewed: componentless deposit, all QB accounts non-donation (0185)",,
UNCATEGORIZED_prior_exclusion_not_reapplied,deposit_exclusion,bdep_8c08d8045258d03e6a2f8f79,bdep_cb2d198ad7ea1a3efcd1c2e3,2/9/2024,3750,"The Sunlight Loa Bill.com          025NCPVALBSF8T4 The Sunlight Loan Fund, LLC Bill.com 025NCPVALBS",interest,"reviewed: componentless deposit, all QB accounts non-donation (0185)",,
UNCATEGORIZED_prior_exclusion_not_reapplied,deposit_exclusion,bdep_8d91b5ee40f1b453f34956ec,bdep_03344d08ebc814be4a2e0177,1/14/2021,2911.2,STRIPE           TRANSFER          ST-L0A2P6Q6I6L3 THE WILDFLOWER FOUNDAT,earned_income,"reviewed: componentless deposit, all QB accounts non-donation (0185)",,
UNCATEGORIZED_prior_exclusion_not_reapplied,deposit_exclusion,bdep_8ef387579debc1f7212bc8e2,bdep_f52a600fccf59e7aaa4848af,3/25/2019,485.2,STRIPE           TRANSFER                          X,earned_income,"reviewed: componentless deposit, all QB accounts non-donation (0185)",,
UNCATEGORIZED_prior_exclusion_not_reapplied,deposit_exclusion,bdep_8f1c203c969142acb01d36dd,bdep_9e08c9fef5b6ac3e1f201b99,3/17/2021,480.2,STRIPE           TRANSFER          ST-T8N5L4E9W1Z0 THE WILDFLOWER FOUNDAT,earned_income,"reviewed: componentless deposit, all QB accounts non-donation (0185)",,
UNCATEGORIZED_prior_exclusion_not_reapplied,deposit_exclusion,bdep_8fe2935f0482ef3c7ca92e4c,bdep_6f96a307c0f35c73d25861bf,10/31/2019,153.07,STRIPE           TRANSFER          ST-Q7P7E5T3W1P8 THE WILDFLOWER FOUNDAT,earned_income,"reviewed: componentless deposit, all QB accounts non-donation (0185)",,
UNCATEGORIZED_prior_exclusion_not_reapplied,deposit_exclusion,bdep_8ff553e3b45a2fb245a8cc6e,bdep_7b697d7ae022392d7514f003,7/18/2025,80693.73,The Sunlight Loa Receivable        016NBSCBU3SSHT1 016NBSCBU3SSHT1 The Sunlight Loa Bill.com Inv 11,loan_repayment,reviewed: affiliated-school loan_repayment (name-confirmed; 0176),,
UNCATEGORIZED_prior_exclusion_not_reapplied,deposit_exclusion,bdep_900b3c00623f925ba029e38f,bdep_038e442344b319cb1d133533,7/10/2020,656.8,STRIPE           TRANSFER          ST-B0Y6X2E4A0P6 THE WILDFLOWER FOUNDAT,earned_income,"reviewed: componentless deposit, all QB accounts non-donation (0185)",,
UNCATEGORIZED_prior_exclusion_not_reapplied,deposit_exclusion,bdep_90489391b76b6ef979a75ba4,bdep_2936f861f642b30109589621,4/4/2024,3750,"The Sunlight Loa Bill.com          014UMKJUKTVQM4G The Sunlight Loan Fund, LLC Bill.com 014UMKJUKTV",loan,"reviewed: componentless deposit, all QB accounts non-donation (0185)",,
UNCATEGORIZED_prior_exclusion_not_reapplied,deposit_exclusion,bdep_904ce3d752e983bf033cdc95,bdep_d011792a465970ba9ffa3a05,3/8/2023,4188,ATM CHECK DEPOSIT              ON              03/08 1505 W Lake St            Minneapolis   MN  0007251           ATM I,expense_refund,"reviewed: componentless deposit, all QB accounts non-donation (0185)",,
UNCATEGORIZED_prior_exclusion_not_reapplied,deposit_exclusion,bdep_91477ce3bef87d519a80d4a6,bdep_0ec8e71742463c9898bd7515,8/16/2022,35500,WT SEQ#54881 THE WILDFLOWER LOAN FUN /ORG=                                            SRF#    OW00002440548120 TRN#22081,intercompany_transfer,"reviewed: componentless deposit, all QB accounts non-donation (0185)",,
UNCATEGORIZED_prior_exclusion_not_reapplied,deposit_exclusion,bdep_91fae22772d2afae4478938c,bdep_43ecba5e8328e68c0851a15b,8/12/2019,67.36,STRIPE           TRANSFER          ST-M6O9D8C0M8I8 THE WILDFLOWER FOUNDAT,earned_income,"reviewed: componentless deposit, all QB accounts non-donation (0185)",,
UNCATEGORIZED_prior_exclusion_not_reapplied,deposit_exclusion,bdep_939240e4a0f8506264791473,bdep_d16e083963448bb03e238860,5/4/2021,304992.62,WT SEQ153259 THE WILDFLOWER LOAN FUN /ORG=                                            SRF#    0009532124196888 TRN#21050,loan,"reviewed: componentless deposit, all QB accounts non-donation (0185)",,
UNRESOLVED_needs_research,deposit_exclusion,bdep_946a0f01294f805e4588a81d,bdep_28735fac8f5e1d35ca64adf3,6/6/2025,1622.16,Snowdrop Montess Receivable        016FYFGJI3R9HA5 016FYFGJI3R9HA5 Snowdrop Montess Bill.com Multip,membership,"reviewed: componentless deposit, all QB accounts non-donation (0185)",,MULTIPLE_PAYMENT_RESEARCH
UNCATEGORIZED_prior_exclusion_not_reapplied,deposit_exclusion,bdep_95658011367beacbd44eb386,bdep_3b20c2c2a3c44d347564c629,6/24/2020,126.81,STRIPE           TRANSFER          ST-J5X7B9J3U5R6 THE WILDFLOWER FOUNDAT,earned_income,"reviewed: componentless deposit, all QB accounts non-donation (0185)",,
UNCATEGORIZED_prior_exclusion_not_reapplied,deposit_exclusion,bdep_958ae18a653370df5c7835d5,bdep_32566b559fb5b5b30558cf29,9/4/2019,4.55,STRIPE           TRANSFER          ST-P2W5W4Z3U7E6 THE WILDFLOWER FOUNDAT,earned_income,"reviewed: componentless deposit, all QB accounts non-donation (0185)",,
UNCATEGORIZED_prior_exclusion_not_reapplied,deposit_exclusion,bdep_975d88787da29dbda7c80fb4,bdep_64e7aa16823fa8f5fdeece1a,6/26/2019,222.56,STRIPE           TRANSFER          ST-T9U8X0X0O1B8 THE WILDFLOWER FOUNDAT,earned_income,"reviewed: componentless deposit, all QB accounts non-donation (0185)",,
UNCATEGORIZED_prior_exclusion_not_reapplied,deposit_exclusion,bdep_97b19c7e8a544f78f16d43a8,bdep_d98967c40acfde64b69bded5,2/8/2024,12.84,MBI              SETL       240207 MED-I-BANK      MED-I-BANK,expense_refund,"reviewed: componentless deposit, all QB accounts non-donation (0185)",,
UNCATEGORIZED_prior_exclusion_not_reapplied,deposit_exclusion,bdep_98e3dd2293f0ccbbdba241d4,bdep_88b01007fa36bf122ec04058,10/29/2018,30000,eDeposit in Branch/Store 10/29/18 09:37:27 AM 1505 W LAKE ST MINNEAPOLIS MN 8945 201810291,loan,"reviewed: componentless deposit, all QB accounts non-donation (0185)",,
UNCATEGORIZED_prior_exclusion_not_reapplied,deposit_exclusion,bdep_991bafd9acb4f4ae8b2168fa,bdep_dada722127b9c5ab931e2f27,2/16/2021,19.64,STRIPE           TRANSFER          ST-T8J8Q8A5X1C4 THE WILDFLOWER FOUNDAT,earned_income,"reviewed: componentless deposit, all QB accounts non-donation (0185)",,
UNCATEGORIZED_prior_exclusion_not_reapplied,deposit_exclusion,bdep_993009c855b75c0d442e23fe,bdep_634de6e02fa202af5813ef6a,12/9/2016,1666.67,MOBILE DEPOSIT : REF NUMBER :012090441886,loan,"reviewed: componentless deposit, all QB accounts non-donation (0185)",,
UNCATEGORIZED_prior_exclusion_not_reapplied,deposit_exclusion,bdep_99dc79a63b219e89ca7e38e4,bdep_2ca7841eedf3ce17bfc81595,4/16/2025,43056,The Sunlight Loa Receivable        016TPPJVY3PCHMD 016TPPJVY3PCHMD The Sunlight Loa Bill.com Multip,loan,"reviewed: componentless deposit, all QB accounts non-donation (0185)",,
UNCATEGORIZED_prior_exclusion_not_reapplied,deposit_exclusion,bdep_9a1815dd3a1391a08587395c,bdep_afff9f987671d1fb6cfd0904,7/5/2024,1746.29,ATM CHECK DEPOSIT              ON              07/05 7900 Xerxes Ave S Ste 201 Bloomington   MN  0003968           ATM I,expense_refund,"reviewed: componentless deposit, all QB accounts non-donation (0185)",,
UNCATEGORIZED_prior_exclusion_not_reapplied,deposit_exclusion,bdep_9ae847eaffaf9e417638d956,bdep_107035ac6a2770ffe3914b1d,3/29/2021,485.2,STRIPE           TRANSFER          ST-Z7N3H3S0T0J6 THE WILDFLOWER FOUNDAT,earned_income,"reviewed: componentless deposit, all QB accounts non-donation (0185)",,
UNCATEGORIZED_prior_exclusion_not_reapplied,deposit_exclusion,bdep_9b649aa6380529a17214e0dc,bdep_dfc630136bc6c257aac67540,6/21/2024,25,MBI              SETL       240619 MED-I-BANK      MED-I-BANK,expense_refund,"reviewed: componentless deposit, all QB accounts non-donation (0185)",,
UNCATEGORIZED_prior_exclusion_not_reapplied,deposit_exclusion,bdep_9b6eedc6412627b0129e159b,bdep_fd4101d26c6364e069904641,7/24/2020,100,WA DEPT REVENUE  HIST RTN   200724 4929393         THE WILDFLOWER FOUNDAT,expense_refund,"reviewed: componentless deposit, all QB accounts non-donation (0185)",,
UNCATEGORIZED_prior_exclusion_not_reapplied,deposit_exclusion,bdep_9c82dff034096704d9d60440,bdep_3b636c249c4fbcc5be9f4427,2/24/2021,23.97,STRIPE           TRANSFER          ST-A7C4D9V1Q7T1 THE WILDFLOWER FOUNDAT,earned_income,"reviewed: componentless deposit, all QB accounts non-donation (0185)",,
UNCATEGORIZED_prior_exclusion_not_reapplied,deposit_exclusion,bdep_9dde78bb48e53ac1fde49c85,bdep_55859a446b1cc48189435e23,6/5/2020,1979.03,STRIPE           TRANSFER          ST-R7Z8W1O4P1T5 THE WILDFLOWER FOUNDAT,earned_income,"reviewed: componentless deposit, all QB accounts non-donation (0185)",,
UNCATEGORIZED_prior_exclusion_not_reapplied,deposit_exclusion,bdep_9de12c2ea6239423c8703160,bdep_960eb5fd9d5b1739d8510c24,8/28/2019,89.24,MBI              SETL       190827 MED-I-BANK      MED-I-BANK,expense_refund,"reviewed: componentless deposit, all QB accounts non-donation (0185)",,
UNCATEGORIZED_prior_exclusion_not_reapplied,deposit_exclusion,bdep_9df60b442bd08432bb0ccacb,bdep_f6cb7dbdb0ec093b7755545a,4/17/2019,57.66,STRIPE           TRANSFER          ST-N9W2I4L8Y7I7 THE WILDFLOWER FOUNDAT,earned_income,"reviewed: componentless deposit, all QB accounts non-donation (0185)",,
UNCATEGORIZED_prior_exclusion_not_reapplied,deposit_exclusion,bdep_9edc5c360a61a6b2a59fc0ef,bdep_f5c4763446669566d355ef53,2/26/2018,1604.17,INTUIT PYMT SOLN DEPOSIT 180224 524771997507722 THE WILDFLOWER FOUNDAT,loan,"reviewed: componentless deposit, all QB accounts non-donation (0185)",,
UNCATEGORIZED_prior_exclusion_not_reapplied,deposit_exclusion,bdep_9edf308a6cad8530414c6315,bdep_4c404a289963b4d01ed82536,2/18/2021,383.3,STRIPE           TRANSFER          ST-G0C6L3K2S5O5 THE WILDFLOWER FOUNDAT,earned_income,"reviewed: componentless deposit, all QB accounts non-donation (0185)",,
UNCATEGORIZED_prior_exclusion_not_reapplied,deposit_exclusion,bdep_9fe63d68e41f52022aa21f0e,bdep_e49368c39bbc96eba59571fb,9/10/2020,142.86,STRIPE           TRANSFER          ST-N5T2Q4C4S1N9 THE WILDFLOWER FOUNDAT,earned_income,"reviewed: componentless deposit, all QB accounts non-donation (0185)",,
UNCATEGORIZED_prior_exclusion_not_reapplied,deposit_exclusion,bdep_a145b03f3d35bba1bcf86c40,bdep_a3074a65fedd7fa1c38193b5,2/3/2021,74,GUSTO            HIST RTN   210203 6semjpcbhru     The Wildflower Foundat,expense_refund,"reviewed: componentless deposit, all QB accounts non-donation (0185)",,
UNCATEGORIZED_prior_exclusion_not_reapplied,deposit_exclusion,bdep_a15012bba73e4d84b131023b,bdep_d7b3cd4f06463290d10d8b7c,2/6/2019,28.83,STRIPE           TRANSFER                          X,earned_income,"reviewed: componentless deposit, all QB accounts non-donation (0185)",,
UNCATEGORIZED_prior_exclusion_not_reapplied,deposit_exclusion,bdep_a16fe5e34c336e46d7ebffd5,bdep_2938f4c79984323faaf6739f,7/2/2021,629.28,GUSTO            TLR 012259 210702 6semjq0l2gd     The Wildflower Foundat,expense_refund,"reviewed: componentless deposit, all QB accounts non-donation (0185)",,
UNCATEGORIZED_prior_exclusion_not_reapplied,deposit_exclusion,bdep_a17dd81b2d80718779cc3fd7,bdep_c89aff84b0579886866ca480,12/2/2020,53.1,STRIPE           TRANSFER          ST-N5W7I5U1R5O3 THE WILDFLOWER FOUNDAT,earned_income,"reviewed: componentless deposit, all QB accounts non-donation (0185)",,
UNCATEGORIZED_prior_exclusion_not_reapplied,deposit_exclusion,bdep_a1dcdddfa8a1522e534eb139,bdep_5d51777dfde8d1a76d0ed3c1,1/17/2023,12497.26,225 South 6th St PAYMENTS   230116 4FNTM6011323138 NTE*ZZZ*4FNTM6\,expense_refund,"reviewed: componentless deposit, all QB accounts non-donation (0185)",,
UNCATEGORIZED_prior_exclusion_not_reapplied,deposit_exclusion,bdep_a1e642be662e6e4634cc7f04,bdep_2461380420816bcffa079acc,9/25/2019,20,MBI              SETL       190924 MED-I-BANK      MED-I-BANK,expense_refund,"reviewed: componentless deposit, all QB accounts non-donation (0185)",,
UNCATEGORIZED_prior_exclusion_not_reapplied,deposit_exclusion,bdep_a1f8c1052f1817d1d7bea00a,bdep_bfddbfbecb6d0ff74abc159b,7/27/2020,694.93,STRIPE           TRANSFER          ST-S6O0W9W4H6D0 THE WILDFLOWER FOUNDAT,earned_income,"reviewed: componentless deposit, all QB accounts non-donation (0185)",,
UNCATEGORIZED_prior_exclusion_not_reapplied,deposit_exclusion,bdep_a32321114f1cb19b001f9d57,bdep_a7243460833609d4e85a9e56,7/7/2025,19539.19,ATM CHECK DEPOSIT              ON              07/04 1505 W Lake St            Minneapolis   MN  0008587           ATM I,intercompany_transfer,"reviewed: componentless deposit, all QB accounts non-donation (0185)",,
UNCATEGORIZED_prior_exclusion_not_reapplied,deposit_exclusion,bdep_a37d23597b8b2eb2abbcd8ec,bdep_dd7579f22525a08f503ba817,12/11/2019,33.68,STRIPE           TRANSFER          ST-X2F1G9P3B5M5 THE WILDFLOWER FOUNDAT,earned_income,"reviewed: componentless deposit, all QB accounts non-donation (0185)",,
UNCATEGORIZED_prior_exclusion_not_reapplied,deposit_exclusion,bdep_a3937726c9c08a2295f84317,bdep_d81038e44c2a77393ed2bb9c,3/1/2022,212.5,Morgan Stanley   ACH CREDIT 220228 10120855310jf3y The Wildflower Foundat,loan,"reviewed: componentless deposit, all QB accounts non-donation (0185)",,
UNCATEGORIZED_prior_exclusion_not_reapplied,deposit_exclusion,bdep_a39e937ce5bc3d3da09a4eb0,bdep_68f98fb97a5aaea2e8819763,9/16/2021,514.88,GUSTO            TLR 341786 210916 6semjqcnn3r     The Wildflower Foundat,expense_refund,"reviewed: componentless deposit, all QB accounts non-donation (0185)",,
UNCATEGORIZED_prior_exclusion_not_reapplied,deposit_exclusion,bdep_a5ac39b92ccc3c22ce58afb3,bdep_e799327440fb91a2cb19fa1a,4/14/2017,853,ATM CHECK DEPOSIT 04/14 4712 CHICAGO AVE S MINNEAPOLIS MN 5819T 7365,loan,"reviewed: componentless deposit, all QB accounts non-donation (0185)",,
UNCATEGORIZED_prior_exclusion_not_reapplied,deposit_exclusion,bdep_a8a3ee3e25b38b8f00891607,bdep_4ef280e1d597136f79900a25,4/9/2026,12380.84,SSBTRUSTOPS      HIST RTN   260409                 THE WILDFLOWER,expense_refund,"reviewed: componentless deposit, all QB accounts non-donation (0185)",,
UNCATEGORIZED_prior_exclusion_not_reapplied,deposit_exclusion,bdep_a8e562fdcdf9ef3860cad1ae,bdep_f97d02fa25fe7476bcf11d1d,9/6/2024,170.12,GUSTO            TLR 583042 240906 6semk25qtmr     The Wildflower Foundat,expense_refund,"reviewed: componentless deposit, all QB accounts non-donation (0185)",,
UNCATEGORIZED_prior_exclusion_not_reapplied,deposit_exclusion,bdep_a8e64571bbe1d895cc243955,bdep_c0c0c0a10e65551ca100ecb0,12/19/2018,193.9,STRIPE           TRANSFER                          X 201812191,earned_income,"reviewed: componentless deposit, all QB accounts non-donation (0185)",,
UNCATEGORIZED_prior_exclusion_not_reapplied,deposit_exclusion,bdep_aaa692dd4baf0352e22fe3ce,bdep_d03252e6c1143d9b2410548b,3/19/2021,92.87,STRIPE           TRANSFER          ST-Z4G0A9N6P4D7 THE WILDFLOWER FOUNDAT,earned_income,"reviewed: componentless deposit, all QB accounts non-donation (0185)",,
UNCATEGORIZED_prior_exclusion_not_reapplied,deposit_exclusion,bdep_aac4284a20cda3082bbbd971,bdep_289998446bd121ae7f685872,3/20/2023,119.58,ATM CHECK DEPOSIT              ON              03/20 1505 W Lake St            Minneapolis   MN  0008676           ATM I,expense_refund,"reviewed: componentless deposit, all QB accounts non-donation (0185)",,
UNCATEGORIZED_prior_exclusion_not_reapplied,deposit_exclusion,bdep_abedf8a2a41355e001d59e49,bdep_b8bb72b572ddfec4212de275,9/25/2019,178.09,STRIPE           TRANSFER          ST-Z3C7X9H1Z6A1 THE WILDFLOWER FOUNDAT,earned_income,"reviewed: componentless deposit, all QB accounts non-donation (0185)",,
UNCATEGORIZED_prior_exclusion_not_reapplied,deposit_exclusion,bdep_ac4eb77481e01fd62e2e4a33,bdep_5b72dc9231aeefecf553da13,6/3/2020,712.48,STRIPE           TRANSFER          ST-L3A7P6O9U2M2 THE WILDFLOWER FOUNDAT,earned_income,"reviewed: componentless deposit, all QB accounts non-donation (0185)",,
UNCATEGORIZED_prior_exclusion_not_reapplied,deposit_exclusion,bdep_ac6b0325458cf93a16b9c785,bdep_04317e3084f8f4d1171b9109,7/28/2020,528.17,STRIPE           TRANSFER          ST-A0S9F3H4X0T1 THE WILDFLOWER FOUNDAT,earned_income,"reviewed: componentless deposit, all QB accounts non-donation (0185)",,
UNCATEGORIZED_prior_exclusion_not_reapplied,deposit_exclusion,bdep_ac8b3cd5302a635aa35386f8,bdep_d559635b9826d543472fe316,8/25/2020,47.65,STRIPE           TRANSFER          ST-L5U3E9M5W6N2 THE WILDFLOWER FOUNDAT,earned_income,"reviewed: componentless deposit, all QB accounts non-donation (0185)",,
UNCATEGORIZED_prior_exclusion_not_reapplied,deposit_exclusion,bdep_aca8fc9c641ad8ec8597e715,bdep_183a8d5a6730def398cb9eee,12/5/2019,456.37,STRIPE           TRANSFER          ST-E8O6I4X9T2D2 THE WILDFLOWER FOUNDAT,earned_income,"reviewed: componentless deposit, all QB accounts non-donation (0185)",,
UNCATEGORIZED_prior_exclusion_not_reapplied,deposit_exclusion,bdep_adaaeb74e992291b60952f88,bdep_8b87df8b44b9d1d3692f9a87,1/31/2022,250,Morgan Stanley   ACH CREDIT 220128 101208553102jno The Wildflower Foundat,loan,"reviewed: componentless deposit, all QB accounts non-donation (0185)",,
UNCATEGORIZED_prior_exclusion_not_reapplied,deposit_exclusion,bdep_adb3e674a20cd1b3f0d7940f,bdep_18e65ad6ded8bdb3b8dba812,4/27/2021,783.35,GUSTO            TLR 955479 210427 6semjpn3kus     The Wildflower Foundat,expense_refund,"reviewed: componentless deposit, all QB accounts non-donation (0185)",,
UNCATEGORIZED_prior_exclusion_not_reapplied,deposit_exclusion,bdep_ae0f25a951157ff105aec243,bdep_4d3f665c503e5c1da61aa87a,4/16/2020,33.68,STRIPE           TRANSFER          ST-E0Y4J1U5H6A0 THE WILDFLOWER FOUNDAT,earned_income,"reviewed: componentless deposit, all QB accounts non-donation (0185)",,
UNCATEGORIZED_prior_exclusion_not_reapplied,deposit_exclusion,bdep_ae56d7a7225129d67d0e9415,bdep_333d43b495b84ffe35bc383a,9/30/2020,12.62,KYEmploymt       HIST RTN   200930 502-875-3733    The Wildflower Foundat,expense_refund,"reviewed: componentless deposit, all QB accounts non-donation (0185)",,
UNCATEGORIZED_prior_exclusion_not_reapplied,deposit_exclusion,bdep_af78fd8878092c59c8fcf637,bdep_ff375b3857bc4739cd4bdf58,3/7/2018,967.11,ALERUS PLAN FUND 18064D724F382 THE WILDFLOWER FOUNDAT,expense_refund,"reviewed: componentless deposit, all QB accounts non-donation (0185)",,
UNCATEGORIZED_prior_exclusion_not_reapplied,deposit_exclusion,bdep_af91cc6c828b17883217fc50,bdep_dc6ac1c56cb65fb453fd6acc,10/9/2025,3750,The Sunlight Loa Receivable        016WFWHMH3VTZ6N 016WFWHMH3VTZ6N The Sunlight Loa Bill.com Inv TW,interest,"reviewed: componentless deposit, all QB accounts non-donation (0185)",,
UNCATEGORIZED_prior_exclusion_not_reapplied,deposit_exclusion,bdep_b1d7e8bcb504eaa7d609e6c4,bdep_0fd2ce3324cfd0ef17a6e690,11/23/2018,193.6,STRIPE           TRANSFER                          X 201811231,earned_income,"reviewed: componentless deposit, all QB accounts non-donation (0185)",,
UNCATEGORIZED_prior_exclusion_not_reapplied,deposit_exclusion,bdep_b3b2ecf5e77dae6d874c237a,bdep_74dc42f14dd65399b45ad052,5/6/2019,28.83,STRIPE           TRANSFER          ST-N4M4E7W8K6I4 THE WILDFLOWER FOUNDAT,earned_income,"reviewed: componentless deposit, all QB accounts non-donation (0185)",,
UNCATEGORIZED_prior_exclusion_not_reapplied,deposit_exclusion,bdep_b45df39bcacd721989aec7be,bdep_9a10199a4b9e3e11cdb3498d,9/8/2020,33.68,STRIPE           TRANSFER          ST-T8A8J1T2A0A7 THE WILDFLOWER FOUNDAT,earned_income,"reviewed: componentless deposit, all QB accounts non-donation (0185)",,
UNRESOLVED_needs_research,deposit_exclusion,bdep_b495f3e028f849a07549a086,bdep_7e7b79c8ebd86d04d4d5ffdf,4/2/2026,2694.66,Roxbury Roots Mo Receivable        016NRTJSD425QX1 016NRTJSD425QX1 Roxbury Roots Mo Bill.com Multip,membership,reviewed: affiliated-school membership (name-confirmed; 0176),,MULTIPLE_PAYMENT_RESEARCH
UNCATEGORIZED_prior_exclusion_not_reapplied,deposit_exclusion,bdep_b4e5b0d4d277f7411eced4ce,bdep_34002caade91cdfcb4b78df0,3/19/2019,5,MONEY TRANSFER                          AUTHORIZED ON   03/19 FROM Cameron Leonard                    MN  S0058907874472,expense_refund,"reviewed: componentless deposit, all QB accounts non-donation (0185)",,
UNCATEGORIZED_prior_exclusion_not_reapplied,deposit_exclusion,bdep_b5c7aeb31c727ade0231e842,bdep_b37fe0143f912ffe81e9a8d4,12/4/2020,5845.55,STRIPE           TRANSFER          ST-R6O6G0V0S7P1 THE WILDFLOWER FOUNDAT,earned_income,"reviewed: componentless deposit, all QB accounts non-donation (0185)",,
UNCATEGORIZED_prior_exclusion_not_reapplied,deposit_exclusion,bdep_b675436936849a2713161180,bdep_eac6540e4d565b1cf4223846,7/10/2019,576.53,STRIPE           TRANSFER          ST-C4E7G0N4Z3I9 THE WILDFLOWER FOUNDAT,earned_income,"reviewed: componentless deposit, all QB accounts non-donation (0185)",,
UNCATEGORIZED_prior_exclusion_not_reapplied,deposit_exclusion,bdep_b78bb13062afec0f7a97bdfa,bdep_b1f9e867831673b117344370,10/11/2018,23.97,STRIPE TRANSFER X,earned_income,"reviewed: componentless deposit, all QB accounts non-donation (0185)",,
UNCATEGORIZED_prior_exclusion_not_reapplied,deposit_exclusion,bdep_b7946174342577b06d2173da,bdep_df06ed44d2c5b8cb4d55046b,11/12/2024,15000,ACUDEN           EFT PAY    241112 XXXXXXXX61570   THE WILDFLOWER FOUNDAT,earned_income,"reviewed: componentless deposit, all QB accounts non-donation (0185)",,
UNCATEGORIZED_prior_exclusion_not_reapplied,deposit_exclusion,bdep_b7ea29eaa0904348aba414a8,bdep_3f03843938eb00f015457e64,10/18/2018,239.95,STRIPE TRANSFER X,earned_income,"reviewed: componentless deposit, all QB accounts non-donation (0185)",,
UNCATEGORIZED_prior_exclusion_not_reapplied,deposit_exclusion,bdep_b9cc633617734110c6ba10d1,bdep_361bf4100505d66f865b3721,12/8/2023,77,GUSTO            TLR 901769 231208 6semjvr0ckh     The Wildflower Foundat,expense_refund,"reviewed: componentless deposit, all QB accounts non-donation (0185)",,
UNCATEGORIZED_prior_exclusion_not_reapplied,deposit_exclusion,bdep_ba6097efb60f8a9f273e1d46,bdep_ae0497d5979e2a35c7b4a774,8/9/2019,33.68,STRIPE           TRANSFER          ST-Z9T3D2N5M8Z8 THE WILDFLOWER FOUNDAT,earned_income,"reviewed: componentless deposit, all QB accounts non-donation (0185)",,
UNCATEGORIZED_prior_exclusion_not_reapplied,deposit_exclusion,bdep_bb0d04cb3a128c015eb66e4b,bdep_67b678551e99e70f861d0a2c,9/3/2019,14.3,MBI              SETL       190902 MED-I-BANK      MED-I-BANK,expense_refund,"reviewed: componentless deposit, all QB accounts non-donation (0185)",,
UNCATEGORIZED_prior_exclusion_not_reapplied,deposit_exclusion,bdep_bd604f43f37ab42712fefb2b,bdep_6702394f51835d10b1b033a9,2/21/2019,76.77,STRIPE           TRANSFER                          X,earned_income,"reviewed: componentless deposit, all QB accounts non-donation (0185)",,
UNCATEGORIZED_prior_exclusion_not_reapplied,deposit_exclusion,bdep_bdf8a6e0c5958faa6375b44e,bdep_371be19ecdb3a7754e693aaa,11/28/2018,388.1,STRIPE           TRANSFER                          X 201811282,earned_income,"reviewed: componentless deposit, all QB accounts non-donation (0185)",,
UNCATEGORIZED_prior_exclusion_not_reapplied,deposit_exclusion,bdep_bead1868b60c2eb2e4d2ad61,bdep_dc7d9fb57a8c6370f97ac140,4/29/2024,24.53,GUSTO            TLR 635481 240429 6semk10ev66     The Wildflower Foundat,expense_refund,"reviewed: componentless deposit, all QB accounts non-donation (0185)",,
UNCATEGORIZED_prior_exclusion_not_reapplied,deposit_exclusion,bdep_bef532df5c45fb78e2e7076c,bdep_c66e35a42634a10453324a39,10/17/2024,4259.22,ATM CHECK DEPOSIT              ON              10/17 7900 Xerxes Ave S Ste 201 Bloomington   MN  0003871           ATM I,expense_refund,"reviewed: componentless deposit, all QB accounts non-donation (0185)",,
UNCATEGORIZED_prior_exclusion_not_reapplied,deposit_exclusion,bdep_bf19ca166bd4c601aa1dcfbc,bdep_59de3b804c836cbbdc8d472d,8/2/2018,143.51,"ZenPayroll, Inc. TPI 150615 180802 6semjn3sgns The Wildflower Foundat",expense_refund,"reviewed: componentless deposit, all QB accounts non-donation (0185)",,
UNCATEGORIZED_prior_exclusion_not_reapplied,deposit_exclusion,bdep_bf46cc8da92a094ee99db3f9,bdep_dc2b44fcb82c0963ebe7fc47,1/11/2019,48.98,STRIPE           TRANSFER                          X,earned_income,"reviewed: componentless deposit, all QB accounts non-donation (0185)",,
UNCATEGORIZED_prior_exclusion_not_reapplied,deposit_exclusion,bdep_bf6f44d8be83e20b5a23133f,bdep_741a6d383925f9c226584d4e,7/25/2019,970.4,STRIPE           TRANSFER          ST-P6Y8F6E6A8Y2 THE WILDFLOWER FOUNDAT,earned_income,"reviewed: componentless deposit, all QB accounts non-donation (0185)",,
UNCATEGORIZED_prior_exclusion_not_reapplied,deposit_exclusion,bdep_c0622dc8f7b5e67814ae67b1,bdep_9f9bb1fc2e66bf4992222d4b,1/15/2020,33.68,STRIPE           TRANSFER          ST-B8C6N1J7L6G9 THE WILDFLOWER FOUNDAT,earned_income,"reviewed: componentless deposit, all QB accounts non-donation (0185)",,
UNCATEGORIZED_prior_exclusion_not_reapplied,deposit_exclusion,bdep_c11d9ee1c671db6e147f2b0a,bdep_4867ea9f225c8da3e242d786,3/3/2021,95.6,STRIPE           TRANSFER          ST-H9L0F3F7F0O0 THE WILDFLOWER FOUNDAT,earned_income,"reviewed: componentless deposit, all QB accounts non-donation (0185)",,
UNCATEGORIZED_prior_exclusion_not_reapplied,deposit_exclusion,bdep_c3b21a1acf5abbda2b02c884,bdep_fe88fec4381451191829b3c7,5/28/2020,242.45,STRIPE           TRANSFER          ST-T7F1A4Q0V3H2 THE WILDFLOWER FOUNDAT,earned_income,"reviewed: componentless deposit, all QB accounts non-donation (0185)",,
UNCATEGORIZED_prior_exclusion_not_reapplied,deposit_exclusion,bdep_c3bc695b52c4b5976a6df1e0,bdep_6575554883f7ad63b0a1e593,8/10/2020,775.04,STRIPE           TRANSFER          ST-M3O1J8I4I2G8 THE WILDFLOWER FOUNDAT,earned_income,"reviewed: componentless deposit, all QB accounts non-donation (0185)",,
UNCATEGORIZED_prior_exclusion_not_reapplied,deposit_exclusion,bdep_c3c4585012d8ef79a3551406,bdep_ee7cfb8e79fc39d21b136ae1,8/5/2019,33.68,STRIPE           TRANSFER          ST-Q3S2V2V1Q1O4 THE WILDFLOWER FOUNDAT,earned_income,"reviewed: componentless deposit, all QB accounts non-donation (0185)",,
UNCATEGORIZED_prior_exclusion_not_reapplied,deposit_exclusion,bdep_c5e2d18325eca2a406cb69c4,bdep_708314877f83455496887444,4/24/2020,970.4,STRIPE           TRANSFER          ST-W2D6P5R9K0A5 THE WILDFLOWER FOUNDAT,earned_income,"reviewed: componentless deposit, all QB accounts non-donation (0185)",,
UNCATEGORIZED_prior_exclusion_not_reapplied,deposit_exclusion,bdep_c6b91f73c7d825cc32385700,bdep_3de8f284c9fac1036388b252,6/29/2020,33.68,STRIPE           TRANSFER          ST-V0Q4I7F8C7H7 THE WILDFLOWER FOUNDAT,earned_income,"reviewed: componentless deposit, all QB accounts non-donation (0185)",,
UNCATEGORIZED_prior_exclusion_not_reapplied,deposit_exclusion,bdep_c6e16bd011dd2018a3dcb3fc,bdep_83768b50842edb87dee6d61d,8/11/2020,126.03,STRIPE           TRANSFER          ST-F4Q0D9N1A8P5 THE WILDFLOWER FOUNDAT,earned_income,"reviewed: componentless deposit, all QB accounts non-donation (0185)",,
UNCATEGORIZED_prior_exclusion_not_reapplied,deposit_exclusion,bdep_c761df5df41b543f7a68d01a,bdep_094ae870386a5de79ac5cda0,11/12/2024,3500,ACUDEN           EFT PAY    241112 XXXXXXXX61571   THE WILDFLOWER FOUNDAT,earned_income,"reviewed: componentless deposit, all QB accounts non-donation (0185)",,
UNCATEGORIZED_prior_exclusion_not_reapplied,deposit_exclusion,bdep_c7d174c524b5928f2a82314a,bdep_859e507b84a1f9266aea1ba5,6/10/2020,246.7,STRIPE           TRANSFER          ST-Q9E0I4U0E4X8 THE WILDFLOWER FOUNDAT,earned_income,"reviewed: componentless deposit, all QB accounts non-donation (0185)",,
UNCATEGORIZED_prior_exclusion_not_reapplied,deposit_exclusion,bdep_c7e407d077bc018a0f1190cf,bdep_90b5d57dae7d48878385de41,1/31/2022,212.5,Morgan Stanley   ACH CREDIT 220128 101208553102jqh The Wildflower Foundat,loan,"reviewed: componentless deposit, all QB accounts non-donation (0185)",,
UNCATEGORIZED_prior_exclusion_not_reapplied,deposit_exclusion,bdep_c85c33f4444ba0f3d49757ce,bdep_e46df09403001c0c9388f40d,10/2/2017,1500,INTUIT PYMT SOLN DEPOSIT 171001 524771997507722 THE WILDFLOWER FOUNDAT,loan,"reviewed: componentless deposit, all QB accounts non-donation (0185)",,
UNCATEGORIZED_prior_exclusion_not_reapplied,deposit_exclusion,bdep_c8a0e9b26fe7ae4978a425bb,bdep_292ebbf2155f2f943de4f638,6/11/2019,2000,ATM CHECK DEPOSIT              ON              06/11 3030 NICOLLET AVE         MINNEAPOLIS   MN  0001035           ATM I,earned_income,"reviewed: componentless deposit, all QB accounts non-donation (0185)",,
UNCATEGORIZED_prior_exclusion_not_reapplied,deposit_exclusion,bdep_c98db2186c772366a16d03ad,bdep_972c1d9cec98241b57ac1bd8,9/11/2019,193.9,STRIPE           TRANSFER          ST-M1O5R0G1W2Z3 THE WILDFLOWER FOUNDAT,earned_income,"reviewed: componentless deposit, all QB accounts non-donation (0185)",,
UNCATEGORIZED_prior_exclusion_not_reapplied,deposit_exclusion,bdep_caddc07899dec1db2ff6e5ce,bdep_966dcf9803f2a4d312f5e721,10/7/2025,162.1,GUSTO PAYROLL    TAX 355025 251007 6semk64gp4v     The Wildflower Foundat,expense_refund,"reviewed: componentless deposit, all QB accounts non-donation (0185)",,
UNCATEGORIZED_prior_exclusion_not_reapplied,deposit_exclusion,bdep_caeb06e3cee93db5d19478d1,bdep_bcc834b2bd4e581cbd028c38,9/29/2020,43.75,INTUIT PYMT SOLN HIST RTN   200929 524771997507722 THE WILDFLOWER FOUNDAT,expense_refund,"reviewed: componentless deposit, all QB accounts non-donation (0185)",,
UNCATEGORIZED_prior_exclusion_not_reapplied,deposit_exclusion,bdep_cb7f65bf7bab005c9d934618,bdep_1d8b139fa9716a877b095df9,7/18/2019,485.2,STRIPE           TRANSFER          ST-K6N6R5E3H5T5 THE WILDFLOWER FOUNDAT,earned_income,"reviewed: componentless deposit, all QB accounts non-donation (0185)",,
UNCATEGORIZED_prior_exclusion_not_reapplied,deposit_exclusion,bdep_cc35b4f5c7a777d7980e5873,bdep_19143d635e20de6b5370e6a6,10/24/2018,81.93,STRIPE           TRANSFER                          X 201810241,earned_income,"reviewed: componentless deposit, all QB accounts non-donation (0185)",,
UNCATEGORIZED_prior_exclusion_not_reapplied,deposit_exclusion,bdep_ce5ce4cd8f8ad6e88ff090f8,bdep_0e61a6a924818a3ad388bcc5,7/14/2020,813.28,STRIPE           TRANSFER          ST-G6M5O0I5D8P7 THE WILDFLOWER FOUNDAT,earned_income,"reviewed: componentless deposit, all QB accounts non-donation (0185)",,
UNCATEGORIZED_prior_exclusion_not_reapplied,deposit_exclusion,bdep_ceb48f77260093a2ee661905,bdep_05a0afabd5eb8b974fb60aa6,11/27/2019,35,"Eventbrite, INC. EDI PYMNTS        3-11254579      RMR*IV*81073871131**35*35\",expense_refund,"reviewed: componentless deposit, all QB accounts non-donation (0185)",,
UNCATEGORIZED_prior_exclusion_not_reapplied,deposit_exclusion,bdep_cf0e11ab132d802f1e7fdc09,bdep_b48bbfd4548b3ce068d303d9,8/29/2024,178.49,ESSP             HIST RTN   240829 797974        1             333487The,expense_refund,"reviewed: componentless deposit, all QB accounts non-donation (0185)",,
UNCATEGORIZED_prior_exclusion_not_reapplied,deposit_exclusion,bdep_d1c57115a09b71633f3d3e06,bdep_60bdacbba5fefb831826f28d,2/2/2017,853,ATM CHECK DEPOSIT 02/02 1505 WEST LAKE ST MINNEAPOLIS MN 6993M 7365,loan,"reviewed: componentless deposit, all QB accounts non-donation (0185)",,
UNCATEGORIZED_prior_exclusion_not_reapplied,deposit_exclusion,bdep_d22baa44f5c786665d16fe23,bdep_7f464f61c5259451c279c240,7/3/2019,67.06,STRIPE           TRANSFER          ST-D3X6Z8P8R5R2 THE WILDFLOWER FOUNDAT,earned_income,"reviewed: componentless deposit, all QB accounts non-donation (0185)",,
UNCATEGORIZED_prior_exclusion_not_reapplied,deposit_exclusion,bdep_d28536f3e9b1b42cff829f64,bdep_37488065b5bb5efa4b0b5154,3/26/2021,49.64,STRIPE           TRANSFER          ST-O1X0I9B3U9E1 THE WILDFLOWER FOUNDAT,earned_income,"reviewed: componentless deposit, all QB accounts non-donation (0185)",,
UNCATEGORIZED_prior_exclusion_not_reapplied,deposit_exclusion,bdep_d43107b552ff7f8d440ec0ea,bdep_cda4d6fcdce356ae9f38e3b5,2/10/2023,1077.97,GUSTO            TAX 064853 230210 6semjti9vlg     The Wildflower Foundat,expense_refund,"reviewed: componentless deposit, all QB accounts non-donation (0185)",,
UNCATEGORIZED_prior_exclusion_not_reapplied,deposit_exclusion,bdep_d535f542c8842fccb486d897,bdep_0bbd18bb911e16b2758c7620,4/27/2020,485.2,STRIPE           TRANSFER          ST-P8P1O6F5Q7T5 THE WILDFLOWER FOUNDAT,earned_income,"reviewed: componentless deposit, all QB accounts non-donation (0185)",,
UNCATEGORIZED_prior_exclusion_not_reapplied,deposit_exclusion,bdep_d5b970496b4bec59349354ef,bdep_7a0cb150e205bf1dd787053d,3/27/2019,197.98,STRIPE           TRANSFER                          X,earned_income,"reviewed: componentless deposit, all QB accounts non-donation (0185)",,
UNCATEGORIZED_prior_exclusion_not_reapplied,deposit_exclusion,bdep_d5d4f0d03043a3633004c9c1,bdep_a9b51022beca38a1ad8d1162,3/15/2021,1382.77,STRIPE           TRANSFER          ST-U1L7B7E4B5G9 THE WILDFLOWER FOUNDAT,earned_income,"reviewed: componentless deposit, all QB accounts non-donation (0185)",,
UNCATEGORIZED_prior_exclusion_not_reapplied,deposit_exclusion,bdep_d689d45901ae3c1bb4355353,bdep_161089fa795e28ff777ee7f3,12/16/2019,533.45,STRIPE           TRANSFER          ST-H3E6I4G6X1Y8 THE WILDFLOWER FOUNDAT,earned_income,"reviewed: componentless deposit, all QB accounts non-donation (0185)",,
UNCATEGORIZED_prior_exclusion_not_reapplied,deposit_exclusion,bdep_d71fd6490b6a8758f31be0dc,bdep_1ddd4bcc1acf9eab960ebac8,5/29/2020,572.69,STRIPE           TRANSFER          ST-K4W6G4M8W0Z0 THE WILDFLOWER FOUNDAT,earned_income,"reviewed: componentless deposit, all QB accounts non-donation (0185)",,
UNCATEGORIZED_prior_exclusion_not_reapplied,deposit_exclusion,bdep_d730349d2ed1254e8f6db9d8,bdep_765fdd3324a28eb4ffa69084,5/19/2020,630.55,STRIPE           TRANSFER          ST-M3B8T2M9B7G3 THE WILDFLOWER FOUNDAT,earned_income,"reviewed: componentless deposit, all QB accounts non-donation (0185)",,
UNCATEGORIZED_prior_exclusion_not_reapplied,deposit_exclusion,bdep_d780eee6637613e918fdf434,bdep_0db3f5d078d4b4a5863939e4,6/28/2023,125000,"The Sunlight Loa Bill.com          025AXFACTOJPFLV The Sunlight Loan Fund, LLC Bill.com 025AXFACTOJ",expense_refund,"reviewed: componentless deposit, all QB accounts non-donation (0185)",,
UNCATEGORIZED_prior_exclusion_not_reapplied,deposit_exclusion,bdep_d874d75e45291ced3a0a4b4d,bdep_2b283ba232cf83b240c66bfe,7/31/2020,694.92,STRIPE           TRANSFER          ST-R3L2U1M2J8H1 THE WILDFLOWER FOUNDAT,earned_income,"reviewed: componentless deposit, all QB accounts non-donation (0185)",,
UNCATEGORIZED_prior_exclusion_not_reapplied,deposit_exclusion,bdep_da66e76bb7762e05e6e4e879,bdep_1bf46ed522fa4e75a3006d23,3/19/2019,53.83,STRIPE           TRANSFER                          X,earned_income,"reviewed: componentless deposit, all QB accounts non-donation (0185)",,
UNCATEGORIZED_prior_exclusion_not_reapplied,deposit_exclusion,bdep_dae31d7cf06f56740e30076b,bdep_58244721f8aa940762d459c7,3/16/2021,1455.6,STRIPE           TRANSFER          ST-C9S1E0Z9Q3C5 THE WILDFLOWER FOUNDAT,earned_income,"reviewed: componentless deposit, all QB accounts non-donation (0185)",,
UNCATEGORIZED_prior_exclusion_not_reapplied,deposit_exclusion,bdep_dba732599ba359b3907052f4,bdep_83554ef0c32f4b101a4f13fd,10/24/2024,3750,The Sunlight Loa Receivable        016JLRTKP3IZJZK 016JLRTKP3IZJZK The Sunlight Loa Bill.com Inv 79,interest,"reviewed: componentless deposit, all QB accounts non-donation (0185)",,
UNCATEGORIZED_prior_exclusion_not_reapplied,deposit_exclusion,bdep_dc5c89d2f04a31cfe1aa6b0b,bdep_575ef0adf2e64d4b7e49d8b5,10/7/2020,35.32,MBI              SETL       201006 MED-I-BANK      MED-I-BANK,expense_refund,"reviewed: componentless deposit, all QB accounts non-donation (0185)",,
UNCATEGORIZED_prior_exclusion_not_reapplied,deposit_exclusion,bdep_dc9f2118b8cd38188e06a1da,bdep_e9a4f79e28aa83c9737d132e,6/2/2020,2426,STRIPE           TRANSFER          ST-H7K2I3W8J8L2 THE WILDFLOWER FOUNDAT,earned_income,"reviewed: componentless deposit, all QB accounts non-donation (0185)",,
UNCATEGORIZED_prior_exclusion_not_reapplied,deposit_exclusion,bdep_dcc6bc75bdd523d98291bf33,bdep_f2fd013a2a9b9f284759706f,10/14/2025,3741.59,ATM CHECK DEPOSIT              ON              10/11 7900 Xerxes Ave S Ste 201 Bloomington   MN  0009663           ATM I,expense_refund,"reviewed: componentless deposit, all QB accounts non-donation (0185)",,
UNCATEGORIZED_prior_exclusion_not_reapplied,deposit_exclusion,bdep_df48641a50aaacbc81c5d754,bdep_5877a36f8da426555a9d31b6,10/20/2020,50,PAYPAL           HIST RTN   201020 CASHSTARGRU     THE WILDFLOWER FOUNDAT,expense_refund,"reviewed: componentless deposit, all QB accounts non-donation (0185)",,
UNRESOLVED_needs_research,deposit_exclusion,bdep_e015357bc0487d86f448f97b,bdep_d19d4c32b0e8ca29f189aa81,9/17/2025,9247.32,Minnesota Wildfl Receivable        016QNELPI3UZZA3 016QNELPI3UZZA3 Minnesota Wildfl Bill.com Multip,membership,"reviewed: componentless deposit, all QB accounts non-donation (0185)",,MULTIPLE_PAYMENT_RESEARCH
UNCATEGORIZED_prior_exclusion_not_reapplied,deposit_exclusion,bdep_e15d869fc7e35776d27442f8,bdep_98936457fa4c026b2b8ef8aa,2/27/2019,485.2,STRIPE           TRANSFER                          X,earned_income,"reviewed: componentless deposit, all QB accounts non-donation (0185)",,
UNCATEGORIZED_prior_exclusion_not_reapplied,deposit_exclusion,bdep_e22f15c1ab1a2780a7445319,bdep_a362dd67ab964409b6170c0b,8/7/2020,851.32,STRIPE           TRANSFER          ST-S2W1M9P6M1B3 THE WILDFLOWER FOUNDAT,earned_income,"reviewed: componentless deposit, all QB accounts non-donation (0185)",,
UNRESOLVED_needs_research,deposit_exclusion,bdep_e336aeda8942caf8b770e703,bdep_026a22e1f4084f6ee6242896,1/6/2025,1090.9,Sage Montessori  Bill.com          016ZTAUTK3LM5P0  Sage Montessori Bill.com 016ZTAUTK3LM5P0 Multip,membership,"reviewed: componentless deposit, all QB accounts non-donation (0185)",,MULTIPLE_PAYMENT_RESEARCH
UNCATEGORIZED_prior_exclusion_not_reapplied,deposit_exclusion,bdep_e3634373826515a397c84a9e,bdep_badb50f53b637b754f31b498,4/30/2021,50000,WT SEQ#86993 THE WILDFLOWER LOAN FUN /ORG=                                            SRF#    OW00001340093035 TRN#21043,loan,"reviewed: componentless deposit, all QB accounts non-donation (0185)",,
UNCATEGORIZED_prior_exclusion_not_reapplied,deposit_exclusion,bdep_e39243d1f1d8b17721e586a2,bdep_e5b1cafcc9aabb8daef291a7,2/4/2021,33.68,STRIPE           TRANSFER          ST-J8D7G3W1I1S9 THE WILDFLOWER FOUNDAT,earned_income,"reviewed: componentless deposit, all QB accounts non-donation (0185)",,
UNCATEGORIZED_prior_exclusion_not_reapplied,deposit_exclusion,bdep_e4421e71d7e084d5e8cbfe6d,bdep_8226d6598a30cde462de7929,1/21/2025,958.34,Cont Gusto       HIST RTN   250121         463176  The Wildflower Foundat,expense_refund,"reviewed: componentless deposit, all QB accounts non-donation (0185)",,
UNCATEGORIZED_prior_exclusion_not_reapplied,deposit_exclusion,bdep_e45445757bf0e4f46327409e,bdep_6dbb724638dc7601b42774b9,2/9/2021,102.59,STRIPE           TRANSFER          ST-R9I9T9M6H6U4 THE WILDFLOWER FOUNDAT,earned_income,"reviewed: componentless deposit, all QB accounts non-donation (0185)",,
UNCATEGORIZED_prior_exclusion_not_reapplied,deposit_exclusion,bdep_e4c024ddb7680923f6f358a6,bdep_8b31439f545d055a45d058f8,12/4/2019,518.88,STRIPE           TRANSFER          ST-Q4L0L6D1B4J1 THE WILDFLOWER FOUNDAT,earned_income,"reviewed: componentless deposit, all QB accounts non-donation (0185)",,
UNCATEGORIZED_prior_exclusion_not_reapplied,deposit_exclusion,bdep_e54452211ce40736510af9a0,bdep_3be45b6dbe250adac337908a,5/5/2017,15,PARTIAL WIRE TRANS SVC CHARGE REVERSAL,expense_refund,"reviewed: componentless deposit, all QB accounts non-donation (0185)",,
UNCATEGORIZED_prior_exclusion_not_reapplied,deposit_exclusion,bdep_e69864aa1b22052382f51933,bdep_6b80b6a5d3b52b5b7f7f47f9,2/17/2021,582.58,IRS              HIST RTN   210217 270144711330923 WILDFLOWER FOUNDATION,expense_refund,"reviewed: componentless deposit, all QB accounts non-donation (0185)",,
UNCATEGORIZED_prior_exclusion_not_reapplied,deposit_exclusion,bdep_e698a29e11e6f2ea6840775e,bdep_719933f4c8a69767d42e1568,5/22/2020,485.2,STRIPE           TRANSFER          ST-R9J1V0Q6P9B1 THE WILDFLOWER FOUNDAT,earned_income,"reviewed: componentless deposit, all QB accounts non-donation (0185)",,
UNCATEGORIZED_prior_exclusion_not_reapplied,deposit_exclusion,bdep_e73ff220c05ae0fd73939335,bdep_2a43991cbdce4df4ce7768dd,7/15/2019,28.83,STRIPE           TRANSFER          ST-G0B3U5X5B2Y1 THE WILDFLOWER FOUNDAT,earned_income,"reviewed: componentless deposit, all QB accounts non-donation (0185)",,
UNCATEGORIZED_prior_exclusion_not_reapplied,deposit_exclusion,bdep_e81ca56c4a4e1cadd2dd9ec5,bdep_9cc2a3d0ef8ff25d91a86f82,3/23/2021,1565.91,STRIPE           TRANSFER          ST-X6T9S7U1D4V7 THE WILDFLOWER FOUNDAT,earned_income,"reviewed: componentless deposit, all QB accounts non-donation (0185)",,
UNCATEGORIZED_prior_exclusion_not_reapplied,deposit_exclusion,bdep_e8f9b74b711e618c550bcb45,bdep_8fcc407c8e7ceb25b032190e,3/26/2019,471.73,STRIPE           TRANSFER                          X,earned_income,"reviewed: componentless deposit, all QB accounts non-donation (0185)",,
UNCATEGORIZED_prior_exclusion_not_reapplied,deposit_exclusion,bdep_e906ee10cb057a66cb326935,bdep_93fddc5b2431f5e81cb1fd8b,2/28/2019,53.1,STRIPE           TRANSFER                          X,earned_income,"reviewed: componentless deposit, all QB accounts non-donation (0185)",,
UNCATEGORIZED_prior_exclusion_not_reapplied,deposit_exclusion,bdep_eb733090ea196b2b8393c739,bdep_8d5b625a675271e44a6654e3,8/5/2020,694.92,STRIPE           TRANSFER          ST-G8D9T9Z8X1Y5 THE WILDFLOWER FOUNDAT,earned_income,"reviewed: componentless deposit, all QB accounts non-donation (0185)",,
UNCATEGORIZED_prior_exclusion_not_reapplied,deposit_exclusion,bdep_ebd20a68fb019c00a2fdeffc,bdep_a6cb82bbbd84ae1d6d922d90,11/14/2019,62.21,STRIPE           TRANSFER          ST-U1N5E0M0J2V1 THE WILDFLOWER FOUNDAT,earned_income,"reviewed: componentless deposit, all QB accounts non-donation (0185)",,
UNCATEGORIZED_prior_exclusion_not_reapplied,deposit_exclusion,bdep_ec7bf911ddc32c0a2b5cddc6,bdep_4b8f25be08e79f2011c509f0,3/20/2024,281.58,"WT SEQ172620 LAJOY PLANS, LLC        /ORG=                                            SRF#    OWXXXXXXXX518833 TRN#XXXXX",expense_refund,"reviewed: componentless deposit, all QB accounts non-donation (0185)",,
UNCATEGORIZED_prior_exclusion_not_reapplied,deposit_exclusion,bdep_f0246e692d0d5485a34bc6c7,bdep_b32142271231d2bdd7033e8d,10/19/2018,28.83,STRIPE TRANSFER X,earned_income,"reviewed: componentless deposit, all QB accounts non-donation (0185)",,
UNCATEGORIZED_prior_exclusion_not_reapplied,deposit_exclusion,bdep_f07267b882fd7840b3c34ec6,bdep_e661290018b356bf2fce5f66,4/22/2020,23.97,STRIPE           TRANSFER          ST-I7I2E4X2D5I5 THE WILDFLOWER FOUNDAT,earned_income,"reviewed: componentless deposit, all QB accounts non-donation (0185)",,
UNCATEGORIZED_prior_exclusion_not_reapplied,deposit_exclusion,bdep_f106c9b64329a77e4368f456,bdep_1096ab19f29630b304ac48ff,6/8/2020,275.22,STRIPE           TRANSFER          ST-U0Z4X4I5B8F9 THE WILDFLOWER FOUNDAT,earned_income,"reviewed: componentless deposit, all QB accounts non-donation (0185)",,
UNCATEGORIZED_prior_exclusion_not_reapplied,deposit_exclusion,bdep_f122c74cb0562a2139c0d586,bdep_970b6cbe42bc6a205c1da00e,1/7/2020,193.9,STRIPE           TRANSFER          ST-O3U5D7M3E8I5 THE WILDFLOWER FOUNDAT,earned_income,"reviewed: componentless deposit, all QB accounts non-donation (0185)",,
UNCATEGORIZED_prior_exclusion_not_reapplied,deposit_exclusion,bdep_f32b5aa804cf271561328c15,bdep_c72d14341914ca11a036afa5,1/12/2023,69000,WT SEQ104935 THE WILDFLOWER LOAN FUN /ORG=                                            SRF#    OW00002855418528 TRN#23011,intercompany_transfer,"reviewed: componentless deposit, all QB accounts non-donation (0185)",,
UNCATEGORIZED_prior_exclusion_not_reapplied,deposit_exclusion,bdep_f377122f0b8d060d0a5e7059,bdep_c16dc75cb2762aa4acdd55e6,11/27/2018,23.97,STRIPE           TRANSFER                          X 201811271,earned_income,"reviewed: componentless deposit, all QB accounts non-donation (0185)",,
UNCATEGORIZED_prior_exclusion_not_reapplied,deposit_exclusion,bdep_f413289a21eaeef80af38415,bdep_f88c1142e8b97fa608e76ed7,11/24/2023,16021.83,SSBTRUSTOPS      HIST RTN   231124                 THE WILDFLOWER,expense_refund,"reviewed: componentless deposit, all QB accounts non-donation (0185)",,
UNCATEGORIZED_prior_exclusion_not_reapplied,deposit_exclusion,bdep_f572ff65c3b031d7a2f1e6ff,bdep_32e00368e0d4266081decd7d,11/26/2025,41.86,ATM CHECK DEPOSIT              ON              11/26 1505 W Lake St            Minneapolis   MN  0007418           ATM I,expense_refund,"reviewed: componentless deposit, all QB accounts non-donation (0185)",,
UNCATEGORIZED_prior_exclusion_not_reapplied,deposit_exclusion,bdep_f5bf75f330d8c667e03a51d7,bdep_e693b321a96e737702e0be72,12/5/2018,159.74,STRIPE           TRANSFER                          X 201812052,earned_income,"reviewed: componentless deposit, all QB accounts non-donation (0185)",,
UNCATEGORIZED_prior_exclusion_not_reapplied,deposit_exclusion,bdep_f608b0387448f0d439c9aa05,bdep_349ac52a54aeb970ce96c637,3/7/2019,485.2,STRIPE           TRANSFER                          X,earned_income,"reviewed: componentless deposit, all QB accounts non-donation (0185)",,
UNCATEGORIZED_prior_exclusion_not_reapplied,deposit_exclusion,bdep_f61954d160a47ae5020e2c3d,bdep_d0d984c85988bd090354a863,3/9/2021,19.64,STRIPE           TRANSFER          ST-K4F1W3B9Z2F6 THE WILDFLOWER FOUNDAT,earned_income,"reviewed: componentless deposit, all QB accounts non-donation (0185)",,
UNCATEGORIZED_prior_exclusion_not_reapplied,deposit_exclusion,bdep_f760637280b853cf36a97a78,bdep_596b2756424c462e04756ab0,10/1/2024,500000,TRANSFER FROM BRK ****9888 REF# 549995473,intercompany_transfer,"reviewed: componentless deposit, all QB accounts non-donation (0185)",,
UNCATEGORIZED_prior_exclusion_not_reapplied,deposit_exclusion,bdep_f763b4cb63637d5bb737fe30,bdep_2fc574b1d27ae7014fe585e2,8/20/2020,63.53,STRIPE           TRANSFER          ST-L8L2M7I3T5W6 THE WILDFLOWER FOUNDAT,earned_income,"reviewed: componentless deposit, all QB accounts non-donation (0185)",,
UNCATEGORIZED_prior_exclusion_not_reapplied,deposit_exclusion,bdep_f76af37827f5498cc35387fc,bdep_dd93c359dbb0104ba3b5e06e,1/20/2021,485.2,STRIPE           TRANSFER          ST-G0W1H6Y9E9D8 THE WILDFLOWER FOUNDAT,earned_income,"reviewed: componentless deposit, all QB accounts non-donation (0185)",,
UNCATEGORIZED_prior_exclusion_not_reapplied,deposit_exclusion,bdep_f7b8096cd19b91e865e74dcb,bdep_ed70b24d17a04c00f4b75a12,1/31/2022,212.5,Morgan Stanley   ACH CREDIT 220128 101208553102jpc The Wildflower Foundat,loan,"reviewed: componentless deposit, all QB accounts non-donation (0185)",,
UNCATEGORIZED_prior_exclusion_not_reapplied,deposit_exclusion,bdep_f946e87628c1e485a16e1761,bdep_5916a103abbb234cb6ad6eaa,8/16/2019,33.68,STRIPE           TRANSFER          ST-Q3M1T9T4I7Z9 THE WILDFLOWER FOUNDAT,earned_income,"reviewed: componentless deposit, all QB accounts non-donation (0185)",,
UNCATEGORIZED_prior_exclusion_not_reapplied,deposit_exclusion,bdep_f9830a11d91d7bfc000b0754,bdep_428dd5fc8562e8294509c759,5/14/2020,489.75,STRIPE           TRANSFER          ST-C6U7B1S1N3V1 THE WILDFLOWER FOUNDAT,earned_income,"reviewed: componentless deposit, all QB accounts non-donation (0185)",,
UNCATEGORIZED_prior_exclusion_not_reapplied,deposit_exclusion,bdep_f9f153592caec7c36d674ebd,bdep_5d2bf077a66d15175fd8d249,1/31/2024,897.73,THE HARTFORD     HIST RTN   240131 14996743        THE WILDFLOWER FOUNDAT,expense_refund,"reviewed: componentless deposit, all QB accounts non-donation (0185)",,
UNCATEGORIZED_prior_exclusion_not_reapplied,deposit_exclusion,bdep_fa738ffd55af13edcd1fb8a5,bdep_a242ddaddc733f9d2b85a6e6,7/31/2019,108.66,STRIPE           TRANSFER          ST-L5N7E4K9V2J2 THE WILDFLOWER FOUNDAT,earned_income,"reviewed: componentless deposit, all QB accounts non-donation (0185)",,
UNCATEGORIZED_prior_exclusion_not_reapplied,deposit_exclusion,bdep_fa99cb93384c41d71e7e8490,bdep_14f58a4ed6442a48278ab4a2,7/8/2019,38.23,STRIPE           TRANSFER          ST-Z8M1R9X3U1P9 THE WILDFLOWER FOUNDAT,earned_income,"reviewed: componentless deposit, all QB accounts non-donation (0185)",,
UNCATEGORIZED_prior_exclusion_not_reapplied,deposit_exclusion,bdep_facb9d4596d8aecd70717f00,bdep_13736bd3126c4ebf83a8bd7a,12/1/2021,212.5,Morgan Stanley   ACH CREDIT 211130 101208553z5iby  The Wildflower Foundat,loan_repayment,reviewed: affiliated-school loan_repayment (name-confirmed; 0176),,
UNCATEGORIZED_prior_exclusion_not_reapplied,deposit_exclusion,bdep_faf393e3fecfadfe59098fba,bdep_9c4ff07a32faecb9fe51df3a,12/29/2022,14.89,MBI              SETL       221228 MED-I-BANK      MED-I-BANK,expense_refund,"reviewed: componentless deposit, all QB accounts non-donation (0185)",,
UNCATEGORIZED_prior_exclusion_not_reapplied,deposit_exclusion,bdep_fb6f2ee6295c24d858dcda43,bdep_988272d24253d8a0683a8ef3,8/10/2017,1066.26,ATM CHECK DEPOSIT 08/10 3030 NICOLLET AVE MINNEAPOLIS MN 5813V 7365,loan,"reviewed: componentless deposit, all QB accounts non-donation (0185)",,
UNCATEGORIZED_prior_exclusion_not_reapplied,deposit_exclusion,bdep_fc7ac34d47a5752c061c5318,bdep_1fbdf2e0d4606109a4569252,1/21/2026,200,GUSTO PAYROLL    TAX 392885 260121 6semk7a9uu6     The Wildflower Foundat,expense_refund,"reviewed: componentless deposit, all QB accounts non-donation (0185)",,
UNCATEGORIZED_prior_exclusion_not_reapplied,deposit_exclusion,bdep_fc8ed55a54a4be0a9a470664,bdep_43205e1ea9b1d76f85674b87,11/25/2019,270,ATM CHECK DEPOSIT              ON              11/25 1505 WEST LAKE ST         MINNEAPOLIS   MN  0002210           ATM I,expense_refund,"reviewed: componentless deposit, all QB accounts non-donation (0185)",,
UNCATEGORIZED_prior_exclusion_not_reapplied,deposit_exclusion,bdep_fc957064ed44e6756de305fe,bdep_36be655d18a5b73216060f91,1/18/2019,970.7,STRIPE           TRANSFER                          X,earned_income,"reviewed: componentless deposit, all QB accounts non-donation (0185)",,
UNCATEGORIZED_prior_exclusion_not_reapplied,deposit_exclusion,bdep_fcab7b7a3e5654a8f95b6ae3,bdep_87b403bffd4c9a03149b8423,3/8/2019,28.83,STRIPE           TRANSFER                          X,earned_income,"reviewed: componentless deposit, all QB accounts non-donation (0185)",,
UNCATEGORIZED_prior_exclusion_not_reapplied,deposit_exclusion,bdep_fd3a31db231c08a0bdc8a00c,bdep_afa9a34be958687bb782d0d4,2/12/2021,125.1,STRIPE           TRANSFER          ST-R8J0P1Q9D1O6 THE WILDFLOWER FOUNDAT,earned_income,"reviewed: componentless deposit, all QB accounts non-donation (0185)",,
UNCATEGORIZED_prior_exclusion_not_reapplied,deposit_exclusion,bdep_fd3befbd247b2fc84edc3b31,bdep_1f7e2dd9882a916a72fd1ff3,1/23/2019,485.2,STRIPE           TRANSFER                          X,earned_income,"reviewed: componentless deposit, all QB accounts non-donation (0185)",,
UNCATEGORIZED_prior_exclusion_not_reapplied,deposit_exclusion,bdep_feaa1c7d0d72bc6356e36f7c,bdep_1300e60295f26a2f975795ee,9/18/2020,97.2,STRIPE           TRANSFER          ST-U5W2F9C7S4L5 THE WILDFLOWER FOUNDAT,earned_income,"reviewed: componentless deposit, all QB accounts non-donation (0185)",,
UNCATEGORIZED_prior_exclusion_not_reapplied,deposit_exclusion,bdep_feac026222fd99a94a6ba5be,bdep_ddd87ba045b8afb3f33c3815,1/8/2018,499,INTUIT PYMT SOLN DEPOSIT 180106 524771997507722 THE WILDFLOWER FOUNDAT,loan,"reviewed: componentless deposit, all QB accounts non-donation (0185)",,
UNCATEGORIZED_prior_exclusion_not_reapplied,deposit_exclusion,bdep_fee4c2ad7a21203490b68704,bdep_30c0517ec86f4f263937c463,6/30/2022,125000,WT SEQ302337 THE WILDFLOWER LOAN FUN /ORG=                                            SRF#    0009514181924599 TRN#22063,loan,"reviewed: componentless deposit, all QB accounts non-donation (0185)",,
UNCATEGORIZED_prior_exclusion_not_reapplied,deposit_exclusion,bdep_ff26910d27f1b6d7699ccbe5,bdep_efa7d4e697d94cae97d0a226,9/10/2019,250,INTUIT PYMT SOLN DEPOSIT    190910 524771997507722 THE WILDFLOWER FOUNDAT,loan,"reviewed: componentless deposit, all QB accounts non-donation (0185)",,
UNCATEGORIZED_prior_exclusion_not_reapplied,deposit_exclusion,bdep_ff78d3c469210b91c89b28aa,bdep_e191dba4b4fcf59c61c01a74,6/28/2019,292.03,STRIPE           TRANSFER          ST-M0X0M6B1W1Q9 THE WILDFLOWER FOUNDAT,earned_income,"reviewed: componentless deposit, all QB accounts non-donation (0185)",,
REVIEW_category_see_file,charge_qb_tie,,,,,160 rows in docs/rebuild/charge_qb_ties.csv,,,,
REVIEW_category_see_file,gift_attribution,,,,,949 rows in docs/rebuild/payment_applications.csv,,,,
REVIEW_category_see_file,coding_form_mapping,,,,,232 rows in docs/rebuild/coding_form_mappings.csv,,,,
REVIEW_category_see_file,legacy_0172_component,,,,,7 rows in docs/rebuild/legacy_0172_components.csv,,,,
