bank_deposit_id,deposit_date,amount,memo,annotation_kind,value,status,note
bdep_eff1d1b3e5d38da5e5c1d15a,11/27/2019,1404,INTUIT PYMT SOLN DEPOSIT    191127 524771997507722 THE WILDFLOWER FOUNDAT,exclusion_reason,LOAN_PAYMENT,approved,owner annotation 2026-07-23
bdep_533a9656d037541d3e713144,6/27/2023,7000000,WT FED#02034 NORTHERN TRUST COM    /ORG=THE CHICAGO COMMUNITY FOUNDATION              SRF#    2023062700721670 TRN#230627037255  RFB#             5373318,inclusion_descriptor,DONATION,approved,owner annotation 2026-07-23
bdep_93ddc693b41b4738f57b8436,8/5/2019,3000000,WALTON FAM FDN   GRANTS            66279           GRANT 2018-817,inclusion_descriptor,DONATION,approved,owner annotation 2026-07-23
bdep_93ddc693b41b4738f57b8436,8/5/2019,3000000,WALTON FAM FDN   GRANTS            66279           GRANT 2018-817,tie_note,ties to a group of wend qb records from the same day,approved,owner annotation 2026-07-23
bdep_dd2c90b75874f476be24b411,6/22/2018,2500000,WALTON FAM FDN GRANT PMT 61397 GRANT 2018-817,inclusion_descriptor,DONATION,approved,owner annotation 2026-07-23
bdep_5c4d373fb319646a5978c504,12/1/2017,1625000,"SILICON VALLEY COMMUNIT WT SEQ140559 /ORG=SILICON VALLEY COMMUNITY FOUNDATIO SRF# 2017-169805,5022 TRN#171201140559 RFB# 7335",inclusion_descriptor,DONATION,approved,owner annotation 2026-07-23
bdep_a640a775258a0dc32497c6d4,4/19/2017,1625000,SILICON VALLEY COMMUNIT WT SEQ118457 /ORG=SILICON VALLEY COMMUNITY FOUNDATIO SRF# 2017-169805 TRN#170419118457 RFB# 6656,inclusion_descriptor,DONATION,approved,owner annotation 2026-07-23
bdep_34f1b1324f68a8f4cba8d2b5,9/18/2025,1347.33,Roxbury Roots Mo Receivable        016AMZEAU3V1LTN 016AMZEAU3V1LTN Roxbury Roots Mo Bill.com Inv 49,exclusion_reason,MEMBERSHIP_FEE,approved,owner annotation 2026-07-23
bdep_515bfe96cf51065d19243482,8/30/2019,1000000,eDeposit in Branch/Store 08/30/19 05:03:21 PM 1505 W LAKE ST MINNEAPOLIS MN 8945,inclusion_descriptor,DONATION,approved,owner annotation 2026-07-23
bdep_515bfe96cf51065d19243482,8/30/2019,1000000,eDeposit in Branch/Store 08/30/19 05:03:21 PM 1505 W LAKE ST MINNEAPOLIS MN 8945,tie_note,ties to 2 springpoint donations from that day,approved,owner annotation 2026-07-23
bdep_22114c9b85f3a34a2b2fb49b,5/22/2026,1600000,VANGRDCHARITABLE GRANTPYMNT        GOP103178       WILDFLOWER FOUNDATION,inclusion_descriptor,DONATION,approved,owner annotation 2026-07-23
bdep_0ef2fd85298f889a72a94ce3,9/4/2020,1000000,WEND LLC         GRANT             0348            GRANT 2020-162,inclusion_descriptor,DONATION,approved,owner annotation 2026-07-23
bdep_57238387d56fd59387ac2b70,1/27/2025,1454.55,Wildflower Monte Receivable        016USQUHO3MD1TE 016USQUHO3MD1TE Wildflower Monte Bill.com Inv 17,exclusion_reason,MEMBERSHIP_FEE,approved,owner annotation 2026-07-23
bdep_f68619486cb252e9c85a03cb,7/11/2025,1500000,VANGRDCHARITABLE GRANTPYMNT        GOP103178       WILDFLOWER FOUNDATION,inclusion_descriptor,DONATION,approved,owner annotation 2026-07-23
bdep_8bca6f24157c6c254ee37ec9,3/11/2026,7431.66,Bill.com         Receivable        015WCQOACPWF4IY Multiple Payments Bill.com Receivables 015WCQOAC,needs_research,MULTIPLE_PAYMENT_RESEARCH,unresolved,owner annotation 2026-07-23
bdep_e8c90aa6fe8adbdcd31c1fbb,2/1/2021,1000000,WEND LLC         ACH PMTS          0472            GRANT 2020-162,inclusion_descriptor,DONATION,approved,owner annotation 2026-07-23
bdep_2579931319396e2085be3203,2/11/2022,625,Minnesota Wildfl Bill.com          016WYLVSR246SIG Minnesota Wildflower Montessori Schools Bill.com,exclusion_reason,LOAN_PAYMENT,approved,owner annotation 2026-07-23
bdep_b471f7eb1b52caa2f92cd49f,7/8/2024,1500000,VANGRDCHARITABLE GRANTPYMNT        41790448        WILDFLOWER FOUNDATION,inclusion_descriptor,DONATION,approved,owner annotation 2026-07-23
bdep_d3f30ebb6f62064b1d955c2d,5/26/2017,1001061.44,FROM BRK ****9888 TRANSFER REF 200787073,inclusion_descriptor,DONATION,approved,owner annotation 2026-07-23
bdep_68a54145109b1259cc5ec93c,5/12/2020,1000000,WT FED#06344 OUTGOING MASTER TR    /ORG=ARTHUR ROCK 2000 TR - HLDGS                   SRF#    2020051201036929 TRN#200512160772  RFB#           520602701,inclusion_descriptor,DONATION,approved,owner annotation 2026-07-23
bdep_e2c3d09a9ba6526f0fb46013,11/18/2019,1000000,WT FED#01252 CAMBRIDGE MERCANTI    /ORG=1991 BROADWAY STE 200 REDWOOD CITY            SRF#    1118352076012329 TRN#191118136786  RFB#,inclusion_descriptor,DONATION,approved,owner annotation 2026-07-23
bdep_007abd56414206ce5c6edd4a,11/12/2025,666.67,Desert Peach Mon Bill.com          026MMMUYJ1O3BHS Desert Peach Montessori School Bill.com 026MMMUY,exclusion_reason,MEMBERSHIP_FEE,approved,owner annotation 2026-07-23
bdep_629177864a87e8c4ec84610a,9/23/2019,850000,WALTON FAM FDN   GRANTS            66802           GRANT 2019-379,inclusion_descriptor,DONATION,approved,owner annotation 2026-07-23
bdep_4dfa662ce4e1c565c675259b,6/8/2026,8825,ONLINE TRANSFER CSP RAINBOW GRANT MARCH 2026 REF #BB0YFTJZXG,inclusion_descriptor,CSP,approved,owner annotation 2026-07-23
bdep_c1a02a7484850450e8a93acc,2/24/2020,1000000,WT FED#00340 JPMC INTERNAL ACCO    /ORG=VALHALLA CHARITABLE FND                       SRF#        1244500055ES TRN#200224159813  RFB#     OS1 OF 20/02/24,inclusion_descriptor,DONATION,approved,owner annotation 2026-07-23
bdep_ae3d3ac841a9260b4191b90f,7/30/2020,800000,WALTON FAM FDN   GRANTS            70317           SMSGRANT 00000134,inclusion_descriptor,DONATION,approved,owner annotation 2026-07-23
bdep_86378ec4e20876dba3433e3a,6/3/2022,1000000,VANGRDCHARITABLE GRANTPYMNT        41790448        WILDFLOWER FOUNDATION,inclusion_descriptor,DONATION,approved,owner annotation 2026-07-23
bdep_cf45ccef8a15449d77ee861a,10/9/2020,1000000,"WT FED#03400 PNC BANK, N.A.        /ORG=SPRING POINT PARTNERS LLC                     SRF#    20A9L2532HGR55KY TRN#201009201996  RFB#                 SPP",inclusion_descriptor,DONATION,approved,owner annotation 2026-07-23
bdep_42dcf3f4fd2977749cf23af9,5/24/2019,1000000,WT FED#06186 OUTGOING MASTER TR    /ORG=ARTHUR ROCK 2000 TR - HLDGS                   SRF#    2019052400751425 TRN#190524115631  RFB#           719115701,inclusion_descriptor,DONATION,approved,owner annotation 2026-07-23
bdep_ebe0c689b72e75592bb63c59,12/1/2017,1000000,WT FED#00898 PACIFIC WESTERN BA /ORG=OMIDYAR NETWORK FUND INC SRF# 20173350253000 TRN#171201143568 RFB#,inclusion_descriptor,DONATION,approved,owner annotation 2026-07-23
bdep_3f5f0b520467fee0d796eeb3,1/31/2022,750000,WEND LLC         GRANT PMT         0731            GRANT 2020-162_4,inclusion_descriptor,DONATION,approved,owner annotation 2026-07-23
bdep_cec644f75cd3613599eb3e91,3/12/2019,1000000,WT FED#03061 JPMC INTERNAL ACCO    /ORG=VALHALLA CHARITABLE FND                       SRF#        1072600071ES TRN#190312066772  RFB#     OS1 OF 19/03/12,inclusion_descriptor,DONATION,approved,owner annotation 2026-07-23
bdep_856bb5bcf03c25334b816a3f,11/12/2021,1000000,WT LABCA164598U4CUH PNC BANK NA      /ORG=SPRING POINT PARTNERS LLC                   SRF#    LABCA164598U4CUH TRN#211112136299  RFB#                 SPP,inclusion_descriptor,DONATION,approved,owner annotation 2026-07-23
bdep_5618898cc8b35ced79007284,3/4/2021,1000000,WT FED#02520 JPMORGAN CHASE BAN    /ORG=THE VALHALLA CHARITABLE                       SRF#        4217500062JO TRN#210304014411  RFB#     ATS OF 21/03/03,inclusion_descriptor,DONATION,approved,owner annotation 2026-07-23
bdep_9c26c61342d379f21fae7bee,8/10/2021,750000,WEND LLC         GRANT PMT         0634            GRANT  2020-162,inclusion_descriptor,DONATION,approved,owner annotation 2026-07-23
bdep_8b5db3a0bb0fe3d41726c18e,4/6/2022,800000,WT FED#00698 JPMORGAN CHASE BAN    /ORG=VALHALLA FOUNDATION                           SRF#        6299700094JO TRN#220406015827  RFB#     ATS OF 22/04/04,inclusion_descriptor,DONATION,approved,owner annotation 2026-07-23
bdep_9e517be6b167e269910b5f9b,10/5/2016,735801,SILICON VALLEY COMMUNIT WT SEQ149494 /ORG=SILICON VALLEY COMMUNITY FOUNDATIO SRF# GE-2016-159954 TRN#161004149494 RFB# 000005943,inclusion_descriptor,DONATION,approved,owner annotation 2026-07-23
bdep_c372f84d07555016c423ed5d,5/13/2020,750000,"WT FED#00178 BREMER BANK, NATIO    /ORG=THE WILDFLOWER FOUNDATION                     SRF#    P202005130001439 TRN#200513151431  RFB#",inclusion_descriptor,PPP,approved,owner annotation 2026-07-23
bdep_81807d53d45c7706e02931c9,4/24/2025,1454.55,Wildflower Monte Receivable        016DTJTGI3PMRL9 016DTJTGI3PMRL9 Wildflower Monte Bill.com Inv 23,exclusion_reason,MEMBERSHIP_FEE,approved,owner annotation 2026-07-23
bdep_c5379c73fe7396061e38157d,5/26/2023,750000,VANGRDCHARITABLE GRANTPYMNT        41790448        WILDFLOWER FOUNDATION,inclusion_descriptor,DONATION,approved,owner annotation 2026-07-23
bdep_f571f87ced784d0ec8df5efe,2/13/2023,500000,WEND II INC      PAYMENT           122265          W016 GRANT 2020-162_6 GRANT 2020-162_6,inclusion_descriptor,DONATION,approved,owner annotation 2026-07-23
bdep_fbf5c729c5e7a9b9193201fc,8/15/2022,500000,WEND LLC         PAYMENTS          0835            GRANT 2020-162_5,inclusion_descriptor,DONATION,approved,owner annotation 2026-07-23
bdep_837a502d5cde3ee363e3aba7,6/15/2018,720000,WALTON FAM FDN GRANT PMT 61245 GRANT 2017-430,inclusion_descriptor,DONATION,approved,owner annotation 2026-07-23
bdep_6452be9f0e6293cb6a0aa38f,11/3/2017,700000,WALTON FAM FDN GRANT PMT 58399 GRANT 2017-1205,inclusion_descriptor,DONATION,approved,owner annotation 2026-07-23
bdep_03f96f7d421fff34720cd14c,12/26/2018,650000,"WT SEQ142718 SILICON VALLEY COMMUNIT /ORG=SILICON VALLEY COMMUNITY FOUNDATIO          SRF#    2018-195166,5022 TRN#181226142718  RFB#                8801 201812261",inclusion_descriptor,DONATION,approved,owner annotation 2026-07-23
bdep_adf312c451c759410b9dafee,8/21/2017,600000,WALTON FAM FDN GRANT PMT 57376 GRANT 2017-430,inclusion_descriptor,DONATION,approved,owner annotation 2026-07-23
bdep_b60fbbd187636499d9fb7f02,7/28/2022,580000,WT FED#03594 NATIONAL FINANCIAL    /ORG=1/FIDELITY FOUNDATION                         SRF#        2866998209FS TRN#220728106005  RFB#     SWF OF 22/07/28,inclusion_descriptor,DONATION,approved,owner annotation 2026-07-23
bdep_28f935ee2568a30d51f3cdc3,10/24/2024,500000,"WT FED#04579 BANK OF AMERICA, N    /ORG=IMAGINABLE FUTURES FOUNDATION                 SRF#    XXXXXXXXXXXX3723 TRN#XXXXXXXX9970  RFB#    24ANH2307C5T2L90",inclusion_descriptor,DONATION,approved,owner annotation 2026-07-23
bdep_8c21a9bff950e29ca65960e9,4/14/2025,49875.08,ONLINE TRANSFER CSP FEB 25 PAYROLL REF #BB0RZ8D5LZ,inclusion_descriptor,CSP,approved,owner annotation 2026-07-23
bdep_450b8b1b50d6b204e2b5ec92,6/10/2024,500000,ST TRUST         STT8133    240610 V-004465        THE WILDFLOWER FOUNDAT,inclusion_descriptor,DONATION,approved,owner annotation 2026-07-23
bdep_b0598ffb7bb6378f11888b8f,12/30/2024,545.45,Rain Lily Montes Receivable        016AHSKYP3LFFPV 016AHSKYP3LFFPV Rain Lily Montes Bill.com Inv G,exclusion_reason,MEMBERSHIP_FEE,approved,owner annotation 2026-07-23
bdep_c5cfa8946b2f50298f046435,8/1/2016,465443.94,TSNE WILDFLOWER TWF Wildflower Foundation,inclusion_descriptor,PAYOUT_FROM_TSNE,approved,owner annotation 2026-07-23
bdep_069c44249cc11873a3a4eb2a,11/9/2022,1670.8,BASIC            BASICCOBRA 221109                 The Wildflower Foundat,exclusion_reason,COBRA,approved,owner annotation 2026-07-23
bdep_211292b8245a36d25a9f1dfb,11/7/2025,4623.66,Minnesota Wildfl Receivable        016XHRTHJ3WWU7J 016XHRTHJ3WWU7J Minnesota Wildfl Bill.com Inv TW,exclusion_reason,MEMBERSHIP_FEE,approved,owner annotation 2026-07-23
bdep_3d8899cbf9bbab8a8513c453,8/12/2022,500000,CHARTER FUND INC RL 8.12           V000513         WM-F4-NATL-INN-2022-2Q (GRANT1OF1),inclusion_descriptor,DONATION,approved,owner annotation 2026-07-23
bdep_00a3516c2aa721957e9e3d3b,3/4/2026,4990.56,Wildflower New Y Receivable        016MONGEW40ZDYW 016MONGEW40ZDYW Wildflower New Y Bill.com Inv TW,exclusion_reason,MEMBERSHIP_FEE,approved,owner annotation 2026-07-23
bdep_d4dd6315c466f04d8137c4f5,3/19/2024,50000,Bainum Family Fo Bill.com          016COEENE3A2WH7 Bainum Family Foundation Bill.com 016COEENE3A2WH,inclusion_descriptor,DONATION,approved,owner annotation 2026-07-23
bdep_c6ed395c75ad99cd7fa1c2fd,4/13/2020,500000,WT FED#04834 OUTGOING MASTER TR    /ORG=ARTHUR ROCK 2000 TR - HLDGS                   SRF#    2020041300707481 TRN#200413145226  RFB#           471584001,inclusion_descriptor,DONATION,approved,owner annotation 2026-07-23
bdep_6f1da83480f2c919547cefc0,6/25/2025,500000,ATM CHECK DEPOSIT              ON              06/25 4712 Chicago Ave          Minneapolis   MN  0009735           ATM ID 5819T    CARD 0628,inclusion_descriptor,DONATION,approved,owner annotation 2026-07-23
bdep_c82bb6b3f88320f163518b4e,6/14/2018,137.5,INTUIT PYMT SOLN DEPOSIT 180614 524771997507722 THE WILDFLOWER FOUNDAT,exclusion_reason,LOAN_PAYMENT,approved,owner annotation 2026-07-23
bdep_12110a5d26715f187f013bad,11/20/2025,1557.48,Bill.com         Receivable        015RLWAOXKR07YK Dahlia (San Francisco) Bill.com 015RLWAOXKR07YK,exclusion_reason,MEMBERSHIP_FEE,approved,owner annotation 2026-07-23
bdep_ad142220f94fc074440cebda,6/25/2026,4527.67,Bill.com         Receivable        996FRWXVN128NDD Multiple Payments Bill.com Receivables 996FRWXVN,needs_research,MULTIPLE_PAYMENT_RESEARCH,unresolved,owner annotation 2026-07-23
bdep_1ebae8e9e4e7da7a6c1aa6d4,11/6/2017,137.5,INTUIT PYMT SOLN DEPOSIT 171104 524771997507722 THE WILDFLOWER FOUNDAT,exclusion_reason,LOAN_PAYMENT,approved,owner annotation 2026-07-23
bdep_2e21c5a8a12fa23df6a77cbf,2/20/2025,3731.18,Minnesota Wildfl Receivable        016LCFXXN3N9PHO 016LCFXXN3N9PHO Minnesota Wildfl Bill.com Inv TC,exclusion_reason,MEMBERSHIP_FEE,approved,owner annotation 2026-07-23
bdep_1f568f592dd1943ee410239d,8/20/2018,1695,INTUIT PYMT SOLN DEPOSIT 180818 524771997507722 THE WILDFLOWER FOUNDAT,exclusion_reason,LOAN_PAYMENT,approved,owner annotation 2026-07-23
bdep_9f257e7bfdcdce9ae5d044e4,6/21/2018,137.5,INTUIT PYMT SOLN DEPOSIT 180621 524771997507722 THE WILDFLOWER FOUNDAT,exclusion_reason,LOAN_PAYMENT,approved,owner annotation 2026-07-23
bdep_8016279a3a49aab4b13ebd26,6/2/2023,500000,WT FED#02870 US BANCORP COMMUNI    /ORG=US BANCORP CDC                                SRF#        230602031047 TRN#230602132760  RFB#        230602031047,inclusion_descriptor,LOAN_FUNDS,approved,owner annotation 2026-07-23
bdep_b4c010befdb98d3d53d4aa41,7/11/2023,500000,ST TRUST         STT8133    230710 V-004465        THE WILDFLOWER FOUNDAT,inclusion_descriptor,DONATION,approved,owner annotation 2026-07-23
bdep_0715f2450cf4bde928c0809b,1/5/2021,479.2,STRIPE           TRANSFER          ST-Z3J0V5O4A0M5 THE WILDFLOWER FOUNDAT,inclusion_descriptor,STRIPE_DONATION,approved,owner annotation 2026-07-23
bdep_5a395b1adc72f95061abfa9e,12/7/2018,475000,WALTON FAM FDN   GRANT PMT         63671           GRANT 2018-1008 201812071,inclusion_descriptor,DONATION,approved,owner annotation 2026-07-23
bdep_84c84fda12f6cd9286624243,8/26/2019,325000,WALTON FAM FDN   GRANTS            66486           GRANT 2018-1008,inclusion_descriptor,DONATION,approved,owner annotation 2026-07-23
bdep_e89468e6656bae1c8f8f506b,6/6/2018,2000,INTUIT PYMT SOLN DEPOSIT 180606 524771997507722 THE WILDFLOWER FOUNDAT,exclusion_reason,LOAN_PAYMENT,approved,owner annotation 2026-07-23
bdep_72572e0bac753fa054a1b302,5/20/2019,400000,WT SEQ127670 PROPEL NONPROFITS       /ORG=PROPEL NONPROFITS                           SRF#    GW00000024901629 TRN#190520127670  RFB#                 718,inclusion_descriptor,LOAN_FUNDS,approved,owner annotation 2026-07-23
bdep_caea5d2d61893e910ae0084d,8/1/2025,545.45,Bill.com         Receivable        015YFPYSENLHV8N Acacia Montessori (C) Bill.com 015YFPYSENLHV8N I,exclusion_reason,MEMBERSHIP_FEE,approved,owner annotation 2026-07-23
bdep_d71636646dcd2efbd25258ae,9/17/2024,653.68,Sundrops Montess Receivable        016CDRLNG3HJQZ4 016CDRLNG3HJQZ4 Sundrops Montess Bill.com Inv 79,exclusion_reason,MEMBERSHIP_FEE,approved,owner annotation 2026-07-23
bdep_d26dc015609e73f11650dc1a,10/26/2022,400000,"WT MAAQE4802J6O42C2 PNC BANK, N.A.   /ORG=SPRING POINT PARTNERS LLC                   SRF#    MAAQE4802J6O42C2 TRN#221026128794  RFB#                 SPP",inclusion_descriptor,DONATION,approved,owner annotation 2026-07-23
bdep_5ae36271519ead53f670281b,4/18/2024,350000,WT FED#01398 NATIONAL FINANCIAL    /ORG=1/FIDELITY FOUNDATION                         SRF#        XXXXXX2109FS TRN#XXXXXXXX3216  RFB#     SWF OF 24/04/18,inclusion_descriptor,DONATION,approved,owner annotation 2026-07-23
bdep_f7793948c5b78790fb51d279,11/25/2016,350000,WALTON FAM FDN GRANT PMT 54053 GRANT 2016-1724,inclusion_descriptor,DONATION,approved,owner annotation 2026-07-23
bdep_5ec3aa3b0fab1dfaf6fd765d,12/23/2020,350000,"WT FED#00561 PNC BANK, N.A.        /ORG=SPRING POINT PARTNERS LLC                     SRF#    20CNI1739N841S2Y TRN#201223176037  RFB#                 SPP",exclusion_reason,EMBRACING_EQUITY,approved,owner annotation 2026-07-23 (folded from NON_WF_FLAG)
bdep_5ec3aa3b0fab1dfaf6fd765d,12/23/2020,350000,"WT FED#00561 PNC BANK, N.A.        /ORG=SPRING POINT PARTNERS LLC                     SRF#    20CNI1739N841S2Y TRN#201223176037  RFB#                 SPP",inclusion_descriptor,DONATION,approved,owner annotation 2026-07-23
bdep_ccef32c5fd7f49f12e4ef980,12/21/2020,350000,"WT FED#02571 PNC BANK, N.A.        /ORG=SPRING POINT PARTNERS LLC                     SRF#    20CLL17549Y41I8C TRN#201221260923  RFB#                 SPP",inclusion_descriptor,DONATION,approved,owner annotation 2026-07-23
bdep_6342dc50e755efe2f3a99f17,4/13/2020,330000,"WT FED#05666 PNC BANK, N.A.        /ORG=SPRING POINT PARTNERS LLC                     SRF#    204DH3502GOK2TLQ TRN#200413096370  RFB#                 SPP",exclusion_reason,EMBRACING_EQUITY,approved,owner annotation 2026-07-23 (folded from NON_WF_FLAG)
bdep_6342dc50e755efe2f3a99f17,4/13/2020,330000,"WT FED#05666 PNC BANK, N.A.        /ORG=SPRING POINT PARTNERS LLC                     SRF#    204DH3502GOK2TLQ TRN#200413096370  RFB#                 SPP",inclusion_descriptor,DONATION,approved,owner annotation 2026-07-23
bdep_2ad96e92e00bfa69614b094d,4/25/2018,187.5,INTUIT PYMT SOLN DEPOSIT 180425 524771997507722 THE WILDFLOWER FOUNDAT,exclusion_reason,LOAN_PAYMENT,approved,owner annotation 2026-07-23
bdep_3990e6f2d1887c8e607e59fb,6/23/2023,8295,Bill.com         Receivable        016GJLHPK2OW2K5 Dandelion - Customer Bill.com 016GJLHPK2OW2K5 In,exclusion_reason,MEMBERSHIP_FEE,approved,owner annotation 2026-07-23
bdep_27c821ec3701c73862cea8e1,11/25/2024,545.45,Desert Peach Mon Bill.com          026LYGSIK168H8P Desert Peach Montessori School Bill.com 026LYGSI,exclusion_reason,MEMBERSHIP_FEE,approved,owner annotation 2026-07-23
bdep_a84b59d9bf57b21bb96a028c,5/11/2020,1517.18,COBRA TRUST ACCT BASICPacif                        COBRA REMIT,exclusion_reason,COBRA,approved,owner annotation 2026-07-23
bdep_cacc02651fa218937bc0719b,10/16/2023,1140.15,BASIC            BASICCOBRA 231016                 The Wildflower Foundat,exclusion_reason,COBRA,approved,owner annotation 2026-07-23
bdep_23794c57db997bd6924ce76e,6/9/2025,623.8,Bill.com         Receivable        015HEBSOHGIUIZ5   Greenbrier (C) Bill.com 015HEBSOHGIUIZ5 Inv #T,exclusion_reason,MEMBERSHIP_FEE,approved,owner annotation 2026-07-23
bdep_0f9ae8544883b575b2336827,2/6/2026,41348.61,Bill.com         Receivable        015FZDENIMUR4NT Multiple Payments Bill.com Receivables 015FZDENI,needs_research,MULTIPLE_PAYMENT_RESEARCH,unresolved,owner annotation 2026-07-23
bdep_bffc58c895236b2a08d09b22,3/27/2025,2522.44,Wild Rose Montes Receivable        016QFDZSP3OL2KV 016QFDZSP3OL2KV Wild Rose Montes Bill.com Inv 11,exclusion_reason,MEMBERSHIP_FEE,approved,owner annotation 2026-07-23
bdep_69fa98e7a734297d701d5c83,11/1/2023,300000,"WT FED#02421 BANK OF AMERICA, N    /ORG=IMAGINABLE FUTURES FOUNDATION                 SRF#    2023103100681190 TRN#231101013482  RFB#    23AOF1207IS02234",inclusion_descriptor,DONATION,approved,owner annotation 2026-07-23
bdep_efe83381095bb51be95562b0,8/12/2021,300000,EDUCATION INNOVA EIPF9614   210806 V-004465        THE WILDFLOWER FOUNDAT,inclusion_descriptor,DONATION,approved,owner annotation 2026-07-23
bdep_215b89b57dd6601991a5fbd1,7/15/2026,122687.35,ONLINE TRANSFER JUNE OPEX 2 BUT DRAW WAS FOR 126K  REF #BB0YXLPK8T,inclusion_descriptor,CSP,approved,owner annotation 2026-07-23
bdep_8e02bf33baa671743d312e61,10/30/2019,2500,ASTER MONTESSORI NOV19                             Wildflower Foundation,exclusion_reason,LOAN_PAYMENT,approved,owner annotation 2026-07-23
bdep_f2620f971283dd8474e2da25,6/18/2024,300000,"WT FED#03957 BANK OF AMERICA, N    /ORG=IMAGINABLE FUTURES FOUNDATION                 SRF#    XXXXXXXXXXXX8899 TRN#XXXXXXXX8860  RFB#    246CH35598QH3755",inclusion_descriptor,DONATION,approved,owner annotation 2026-07-23
bdep_db7903fc7727261897bbdc6f,10/24/2024,300000,"WT FED#04706 BANK OF AMERICA, N    /ORG=IMAGINABLE FUTURES FOUNDATION                 SRF#    XXXXXXXXXXXX7068 TRN#XXXXXXXX1918  RFB#    24ANH26214AU2154",inclusion_descriptor,DONATION,approved,owner annotation 2026-07-23
bdep_9fb7909f012351c1a4e19a85,7/9/2026,118363.19,ONLINE TRANSFER JUNE 26 OPEX DRAW 1 REF #BB0YVGT8FZ,inclusion_descriptor,CSP,approved,owner annotation 2026-07-23
bdep_946de8cb3e640781077f2095,2/24/2025,1454.55,Wildflower Monte Receivable        016GCURLT3NDNXD 016GCURLT3NDNXD Wildflower Monte Bill.com Inv TC,exclusion_reason,MEMBERSHIP_FEE,approved,owner annotation 2026-07-23
bdep_025bf1a10e8c08095939d574,12/10/2018,212.5,INTUIT PYMT SOLN DEPOSIT    181209 524771997507722 THE WILDFLOWER FOUNDAT 201812101,exclusion_reason,LOAN_PAYMENT,approved,owner annotation 2026-07-23
bdep_9d0ea2677e09c8adb4642661,1/17/2020,475,INTUIT PYMT SOLN DEPOSIT    200117 524771997507722 THE WILDFLOWER FOUNDAT,exclusion_reason,LOAN_PAYMENT,approved,owner annotation 2026-07-23
bdep_6e2afe101a9eff08a7b1468d,5/8/2026,1921.22,Bill.com         Receivable        015TZBUTXQZMONK Multiple Payments Bill.com Receivables 015TZBUTX,needs_research,MULTIPLE_PAYMENT_RESEARCH,unresolved,owner annotation 2026-07-23
bdep_4580fca5866f7b3ce43e1769,9/1/2017,1604.17,INTUIT PYMT SOLN DEPOSIT 170901 524771997507722 THE WILDFLOWER FOUNDAT,exclusion_reason,LOAN_PAYMENT,approved,owner annotation 2026-07-23
bdep_defd0be9a60676a48cfdffc9,8/17/2018,284375,WALTON FAM FDN GRANT PMT 62054 GRANT 2017-1205,inclusion_descriptor,DONATION,approved,owner annotation 2026-07-23
bdep_961de53b64a098ab928c947a,12/7/2021,103726.19,DC WILDFLOWER PU EFT PYMT   120621 Charter School  The Wildflower Foundat,exclusion_reason,SERVICE_AGREEMENT,approved,owner annotation 2026-07-23
bdep_b42a77829f97d96c9d977a95,12/6/2017,2000,INTUIT PYMT SOLN DEPOSIT 171206 524771997507722 THE WILDFLOWER FOUNDAT,exclusion_reason,LOAN_PAYMENT,approved,owner annotation 2026-07-23
bdep_9f50ecafd2783f10f97d8d77,12/5/2018,2000,INTUIT PYMT SOLN DEPOSIT    181205 524771997507722 THE WILDFLOWER FOUNDAT 201812051,exclusion_reason,LOAN_PAYMENT,approved,owner annotation 2026-07-23
bdep_2cfc64c03033c3d8fe73ba4c,4/28/2023,800,Urban Village Mo Bill.com          025GGFIKGBHKMLU Urban Village Montessori Inc DBA Marigold Montes,exclusion_reason,MEMBERSHIP_FEE,approved,owner annotation 2026-07-23
bdep_ac9751cf7c5119d4b2f7fa52,10/6/2016,252826.6,FROM BRK ****9888 TRANSFER REF 183472945,inclusion_descriptor,DONATION,approved,owner annotation 2026-07-23
bdep_9634bb52e9114b062a0aa6c3,6/13/2017,250853,ATM CHECK DEPOSIT 06/13 4712 CHICAGO AVE S MINNEAPOLIS MN 5819T 7365,inclusion_descriptor,DONATION,approved,owner annotation 2026-07-23
bdep_b1172f273a0fdf6a5b880a74,12/31/2024,653.68,Sundrops Montess Receivable        016DRKAGY3LHC9U 016DRKAGY3LHC9U Sundrops Montess Bill.com Inv G,exclusion_reason,MEMBERSHIP_FEE,approved,owner annotation 2026-07-23
bdep_dd07f4b237f184dbe41d9493,5/5/2023,250000,CHARTER FUND INC RL 5.5 CFI        V000513         WF-SCHARGE-NATL-SC-OC-2023-2Q (GRANT1OF1),inclusion_descriptor,DONATION,approved,owner annotation 2026-07-23
bdep_5566d07fda2e93c3f22f569a,5/4/2023,250000,"WT NA54E4503KX60I49 PNC BANK, N.A.   /ORG=SPRING POINT PARTNERS LLC                   SRF#    NA54E4503KX60I49 TRN#230504139308  RFB#                 SPP",inclusion_descriptor,DONATION,approved,owner annotation 2026-07-23
bdep_eaa5bc4ca2d9eadf29a156a2,8/4/2017,250000,WT FED#00778 FIRST REPUBLIC BAN /ORG=NEW SCHOOLS FUND SRF# 170804075145H700 TRN#170804057954 RFB# PMT OF GRANT,inclusion_descriptor,DONATION,approved,owner annotation 2026-07-23
bdep_064023e9f3faefad396c483b,1/4/2017,250000,WT FED#00089 FIRST REPUBLIC BAN /ORG=NEW SCHOOLS FUND SRF# 170103134411H704 TRN#170104031100 RFB# PMT OF GRANT,inclusion_descriptor,DONATION,approved,owner annotation 2026-07-23
bdep_933bad660cb87f13279c82cd,5/25/2023,249917,GATES FOUND 1712 EDI PAYMNT MAY 25 BMGF100087707   REF*TN*BMGF100087*INV PYMT-192756 OPPID INV-0577,inclusion_descriptor,DONATION,approved,owner annotation 2026-07-23
bdep_0d1c118a0a402849a0ed1af7,5/10/2022,102567.01,DC WILDFLOWER PU EFT PYMT   050922 Charter School  The Wildflower Foundat,exclusion_reason,SERVICE_AGREEMENT,approved,owner annotation 2026-07-23
bdep_e477f3dea8ce6ff189064646,12/2/2021,247708.34,ATM CHECK DEPOSIT              ON              12/02 4712 Chicago Ave          Minneapolis   MN  0005973           ATM ID 5819T    CARD 7365,inclusion_descriptor,ERC,approved,owner annotation 2026-07-23
bdep_35ba6195d6ecabc47b572cbd,8/31/2020,225000,WT SEQ249266 SILICON VALLEY COMMUNIT /ORG=SILICON VALLEY COMMUNITY FOUNDATIO          SRF#    GW00000035745686 TRN#200831249266  RFB#               12963,inclusion_descriptor,DONATION,approved,owner annotation 2026-07-23
bdep_744a468757e4c529731bafc1,9/25/2025,223500,ATM CHECK DEPOSIT              ON              09/25 1505 W Lake St            Minneapolis   MN  0004141           ATM ID 6991J    CARD 0628,inclusion_descriptor,DONATION,approved,owner annotation 2026-07-23
bdep_57936b34cc1ef3c3edb96982,3/17/2020,205000,NEW SCHOOLS 1310 PAYMENTS          VEN000829       WILDFLOWER FOUNDATION,exclusion_reason,EMBRACING_EQUITY,approved,owner annotation 2026-07-23
bdep_d44c4c4a197901055e589d72,12/19/2018,205000,WT FED#03394 FIRST REPUBLIC BAN    /ORG=NEW SCHOOLS FUND                              SRF#    181219114824H701 TRN#181219130326  RFB#        PMT OF GRANT 201812192,exclusion_reason,EMBRACING_EQUITY,approved,owner annotation 2026-07-23
bdep_afb71b701dbee97a3d736f4a,8/14/2023,13980,Early Milestones Bill.com          025UDYRWTLLEUDD Early Milestones Colorado Circle Bill.com 025UDY,inclusion_descriptor,DONATION,approved,owner annotation 2026-07-23
bdep_6d1cd66a09a8fafa1abee491,6/30/2017,200000,CHARTER FUND INC 6.30TR#3 V000513 WM-F3-NATL-NS-2017-2Q(GRANT1OF1),inclusion_descriptor,DONATION,approved,owner annotation 2026-07-23
bdep_339e3aaab8e7f692d4961494,9/26/2024,1282.33,Urban Village Mo Receivable        016OZEXAD3HW7AL 016OZEXAD3HW7AL Urban Village Mo Bill.com Inv 79,exclusion_reason,MEMBERSHIP_FEE,approved,owner annotation 2026-07-23
bdep_1e11a6f7685c7fb208b29ab3,9/16/2025,666.67,Orchid Montessor Bill.com          016DZWGPO3UXGMY Orchid Montessori Bill.com 016DZWGPO3UXGMY Inv F,exclusion_reason,MEMBERSHIP_FEE,approved,owner annotation 2026-07-23
bdep_d2670ab1940a11d3181fe71d,1/12/2024,9920.68,Urban Village Mo Bill.com          025NPKZKHARC23S Urban Village Montessori Inc DBA Marigold Montes,exclusion_reason,MEMBERSHIP_FEE,approved,owner annotation 2026-07-23
bdep_06109513e4bf307baab148bb,12/31/2020,200000,WT FED#00729 GOLDMAN SACHS AND     /ORG=AVI M. NASH + SANDRA NASH 150 PORCH           SRF#     I20123100002642 TRN#201231080280  RFB#     GTOS43BEQHMC4GX,inclusion_descriptor,DONATION,approved,owner annotation 2026-07-23
bdep_8567b3d268bd2ae9039fd0a9,11/22/2024,1454.55,Wildflower Monte Receivable        016HGQCBN3K3PO1 016HGQCBN3K3PO1 Wildflower Monte Bill.com Inv CS,exclusion_reason,MEMBERSHIP_FEE,approved,owner annotation 2026-07-23
bdep_2934b0ee073d263050468aff,4/26/2024,200000,WEND II INC      PAYMENT           182782          W016 GRANT 2024-1834 GRANT 2024-1834,inclusion_descriptor,DONATION,approved,owner annotation 2026-07-23
bdep_c075ea7866009220e3983ca9,10/9/2018,525,INTUIT PYMT SOLN DEPOSIT 181007 524771997507722 THE WILDFLOWER FOUNDAT,exclusion_reason,LOAN_PAYMENT,approved,owner annotation 2026-07-23
bdep_80c43ef90f001d39aa5b8cb1,12/12/2024,200000,WT FED#05186 NATIONAL FINANCIAL    /ORG=1/FIDELITY FOUNDATION                         SRF#        XXXXXX8347FS TRN#XXXXXXXX5795  RFB#     SWF OF 24/12/12,inclusion_descriptor,DONATION,approved,owner annotation 2026-07-23
bdep_ca64a73642920e318b6df698,6/12/2024,9920.68,Urban Village Mo Receivable        016WGQJIT3DEAVA 016WGQJIT3DEAVA Urban Village Mo Bill.com Inv 79,exclusion_reason,MEMBERSHIP_FEE,approved,owner annotation 2026-07-23
bdep_6d0605e4601c5addae465196,11/18/2025,666.67,Orchid Montessor Bill.com          016SOYNYI3X8KXG Orchid Montessori Bill.com 016SOYNYI3X8KXG Inv T,exclusion_reason,MEMBERSHIP_FEE,approved,owner annotation 2026-07-23
bdep_dc0932c53d7ffae4d31a6c4b,4/9/2026,210713.94,ONLINE TRANSFER MAR26 CSP OP EXP AND IC OCT TO MAR REF #BB0XLP294Y,inclusion_descriptor,CSP,approved,owner annotation 2026-07-23
bdep_07f45cec64e8f1b7eaba32bc,4/9/2018,1500,ATM CHECK DEPOSIT 04/09 4712 CHICAGO AVE S MINNEAPOLIS MN 5819T 7365,exclusion_reason,LOAN_PAYMENT,approved,owner annotation 2026-07-23
bdep_3d04c575d5f5c061ad6369d7,4/1/2019,200000,WALTON FAM FDN   GRANT PMT         64905           GRANT 2018-1008,inclusion_descriptor,DONATION,approved,owner annotation 2026-07-23
bdep_3f193f2d9075f4d5edf7dc64,12/15/2022,2650.84,BASIC            BASICCOBRA 221215                 The Wildflower Foundat,exclusion_reason,COBRA,approved,owner annotation 2026-07-23
bdep_fa0c11397882bb7f2060afaf,5/5/2026,50858.97,ONLINE TRANSFER JAN 26 CSP PAYROLL REF #BB0XY8BFFB,inclusion_descriptor,CSP,approved,owner annotation 2026-07-23
bdep_062380e7bd07bf4948b27dfb,2/12/2021,199960,WT SEQ#43597 WF RETURN WIRES IN PROC /ORG=                                            SRF#    2021021100200318 TRN#210212043597  RFB#,exclusion_reason,RETURN_WIRE,approved,owner annotation 2026-07-23
bdep_01a4d1e7827b08e4a1dde368,12/27/2019,195000,WT FED#07891 VANGUARD MARKETING    /ORG=SEPANDAR KAMVAR                               SRF#        7073309361FS TRN#191227083228  RFB#     SWF OF 19/12/27,inclusion_descriptor,DONATION,approved,owner annotation 2026-07-23
bdep_3865e8393adf7988d43deedc,6/3/2022,75000,WT FED#06148 JPMORGAN CHASE BAN    /ORG=CITYBRIDGE FOUNDATION                         SRF#        3559382154ES TRN#220603165263  RFB#     PVB OF 22/06/03,inclusion_descriptor,DONATION,approved,owner annotation 2026-07-23
bdep_50f840ab9fc3361401179763,3/5/2026,175000,WT FED#02L02 NATIONAL FINANCIAL    /ORG=FIDELITY FOUNDATION                           SRF#        XXXXXX3064JS TRN#XXXXXXXX7295  RFB#          WD88741132,inclusion_descriptor,DONATION,approved,owner annotation 2026-07-23
bdep_d778dbdf6ca604ae411bcebf,5/23/2023,7126.98,Urban Village Mo Bill.com          025COIVYPWIERXB Urban Village Montessori Inc DBA Marigold Montes,exclusion_reason,MEMBERSHIP_FEE,approved,owner annotation 2026-07-23
bdep_cdda8ccb20344e0da3e0e75b,7/17/2026,75000,"WT FED#01R01 BANK OF AMERICA, N    /ORG=Imaginable Futures Foundation                 SRF#    XXXXXXXXXXXX2186 TRN#XXXXXXXX2409  RFB#",inclusion_descriptor,DONATION,approved,owner annotation 2026-07-23
bdep_4044dd7fa9ff61f25607d96c,10/30/2024,3731.18,Minnesota Wildfl Receivable        016JGPNQK3J72KH 016JGPNQK3J72KH Minnesota Wildfl Bill.com Inv 79,exclusion_reason,MEMBERSHIP_FEE,approved,owner annotation 2026-07-23
bdep_29c2018ca5ed3c38259b7780,12/13/2021,150000,WT FED#05398 SIGNATURE BANK        /ORG=WILDFLOWER NEW YORK CHARTER SC                SRF#                2037 TRN#211213190069  RFB#,exclusion_reason,LOAN_PAYMENT,approved,owner annotation 2026-07-23
bdep_ca2c22d3db12c65464edf0d6,5/7/2025,1282.33,Urban Village Mo Receivable        016TBKTQS3Q4OW2 016TBKTQS3Q4OW2 Urban Village Mo Bill.com Inv 52,exclusion_reason,MEMBERSHIP_FEE,approved,owner annotation 2026-07-23
bdep_1b5274430c61a01d868f7e63,5/7/2018,237.5,INTUIT PYMT SOLN DEPOSIT 180506 524771997507722 THE WILDFLOWER FOUNDAT,exclusion_reason,LOAN_PAYMENT,approved,owner annotation 2026-07-23
bdep_ca7169ff6177a7fa23c5e48f,7/2/2025,545.45,Bill.com         Receivable        015BRUAYNDK0IPU Acacia Montessori (C) Bill.com 015BRUAYNDK0IPU I,exclusion_reason,MEMBERSHIP_FEE,approved,owner annotation 2026-07-23
bdep_d04fe8348a493f672ace6fb6,10/3/2019,1100,INTUIT PYMT SOLN DEPOSIT    191003 524771997507722 THE WILDFLOWER FOUNDAT,exclusion_reason,LOAN_PAYMENT,approved,owner annotation 2026-07-23
bdep_98d04ccbddb7121686c2683c,3/18/2025,1301.38,Sundrops Montess Receivable        016PBMLGB3O8SVA 016PBMLGB3O8SVA Sundrops Montess Bill.com Inv 79,exclusion_reason,MEMBERSHIP_FEE,approved,owner annotation 2026-07-23
bdep_99cb2a7fa88bd4f6bf672813,11/7/2025,42159.15,Bill.com         Receivable        015ZGLZAHUQDQPW Multiple Payments Bill.com Receivables 015ZGLZAH,needs_research,MULTIPLE_PAYMENT_RESEARCH,unresolved,owner annotation 2026-07-23
bdep_f9c8987274aa8331d8c8f556,3/7/2025,653.68,Sundrops Montess Receivable        016HHHFQB3NVK2K 016HHHFQB3NVK2K Sundrops Montess Bill.com Inv TC,exclusion_reason,MEMBERSHIP_FEE,approved,owner annotation 2026-07-23
bdep_263e75d6d7088399c581786b,9/30/2024,811.08,"Snowdrop Montess Bill.com          026MXUAVF13GARL Snowdrop Montessori School, Inc. Bill.com 026MXU",exclusion_reason,MEMBERSHIP_FEE,approved,owner annotation 2026-07-23
bdep_8622c5fcb1253958ba600599,11/3/2025,125000,FIDELITY INVESTM GrantPaymt Date   3223645         WILDFLOWER FOUNDATION,inclusion_descriptor,DONATION,approved,owner annotation 2026-07-23
bdep_0e49e3c6f0b8e0e429c7500e,1/7/2026,545.45,Desert Peach Mon Bill.com          026YEEEZI1R4ZH6 Desert Peach Montessori School Bill.com 026YEEEZ,exclusion_reason,MEMBERSHIP_FEE,approved,owner annotation 2026-07-23
bdep_0f673ed9c2173e6b99ef91a4,1/22/2018,499,INTUIT PYMT SOLN DEPOSIT 180121 524771997507722 THE WILDFLOWER FOUNDAT,exclusion_reason,LOAN_PAYMENT,approved,owner annotation 2026-07-23
bdep_6de491045c62af808980b7b4,7/25/2025,120000,WT XXXXXX2206FS     VANGUARD MARKETI /ORG=UA 05-19-2016 HOWLEY FOUNDATION UA          SRF#        XXXXXX2206FS TRN#XXXXXXXX8421  RFB#        XXXXXX2206FS,inclusion_descriptor,DONATION,approved,owner annotation 2026-07-23
bdep_334c7e1a76918376c3506842,1/19/2018,120000,WALTON FAM FDN GRANT PMT 59589 GRANT 2017-430,inclusion_descriptor,DONATION,approved,owner annotation 2026-07-23
bdep_ffd30ead251c58f5ccb2e406,3/26/2019,1604.17,INTUIT PYMT SOLN DEPOSIT    190326 524771997507722 THE WILDFLOWER FOUNDAT,exclusion_reason,LOAN_PAYMENT,approved,owner annotation 2026-07-23
bdep_72330ae407442fbf9fd0c869,5/20/2020,117000,WALTON FAM FDN   GRANTS            69715           SMSGRANT 00102589,inclusion_descriptor,DONATION,approved,owner annotation 2026-07-23
bdep_45ffbcea1b7340e828e06d67,3/13/2026,112125.06,ONLINE TRANSFER FEB 2026  NONPAYROLL EXPENSES REF #BB0X83ZL9F,inclusion_descriptor,CSP,approved,owner annotation 2026-07-23
bdep_a3d1db169f4c2b1871b128fe,11/10/2022,105000,"WT FED#02589 JPMC INTERNAL ACCO    /ORG=OVERDECK FAMILY FOUNDATION, INC               SRF#        1224900314ES TRN#221110122527  RFB#     OS1 OF 22/11/10",inclusion_descriptor,DONATION,approved,owner annotation 2026-07-23
bdep_a490e168593a44c573c46e3a,7/29/2024,653.68,Sundrops Montess Receivable        016HZXSQZ3FE28W 016HZXSQZ3FE28W Sundrops Montess Bill.com Inv 79,exclusion_reason,MEMBERSHIP_FEE,approved,owner annotation 2026-07-23
bdep_a7d46a6c3b53846e5f28d0c1,11/27/2024,811.08,"Snowdrop Montess Bill.com          026OFSFWI16DGES Snowdrop Montessori School, Inc. Bill.com 026OFS",exclusion_reason,MEMBERSHIP_FEE,approved,owner annotation 2026-07-23
bdep_f3af978bcffae5c418bd8d4c,11/5/2021,105000,"WT FED#05926 JPMC INTERNAL ACCO    /ORG=OVERDECK FAMILY FOUNDATION, INC               SRF#        1139800309ES TRN#211105102381  RFB#     OS1 OF 21/11/05",inclusion_descriptor,DONATION,approved,owner annotation 2026-07-23
bdep_b20525e86ffd54b3a5f656be,7/30/2018,1195,INTUIT PYMT SOLN DEPOSIT 180728 524771997507722 THE WILDFLOWER FOUNDAT,exclusion_reason,LOAN_PAYMENT,approved,owner annotation 2026-07-23
bdep_10df86244f9974adc1b83546,8/12/2019,868.27,COBRA TRUST ACCT BASICPacif                        COBRA REMIT,exclusion_reason,COBRA,approved,owner annotation 2026-07-23
bdep_f32576d99cd085550c515472,1/8/2025,454.55,Lilac Montessori Receivable        016GWJYRB3LQVXP 016GWJYRB3LQVXP Lilac Montessori Bill.com Inv #,exclusion_reason,MEMBERSHIP_FEE,approved,owner annotation 2026-07-23
bdep_e3753483a63cdb1540354da4,5/27/2025,454.55,The Girasol Scho Receivable        016MGQBUL3QSP0R 016MGQBUL3QSP0R The Girasol Scho Bill.com Inv #,exclusion_reason,MEMBERSHIP_FEE,approved,owner annotation 2026-07-23
bdep_3897da95e3d4432aded0df0a,9/10/2018,20600,INTUIT PYMT SOLN DEPOSIT 180908 524771997507722 THE WILDFLOWER FOUNDAT,exclusion_reason,LOAN_PAYMENT,approved,owner annotation 2026-07-23
bdep_627807b1545f00495676b48a,4/28/2025,545.45,Rain Lily Montes Receivable        016VERPDS3PQGXJ 016VERPDS3PQGXJ Rain Lily Montes Bill.com Inv 22,exclusion_reason,MEMBERSHIP_FEE,approved,owner annotation 2026-07-23
bdep_91ef03b96d853a32a56cb9cd,8/7/2024,100000,"WT FED#06513 GOLDMAN SACHS AND     /ORG=INDIRA FOUNDATION, INC. 939 COAST B           SRF#     GIXXXXXXXX11991 TRN#XXXXXXXX8867  RFB#     GTOS81G24E6K1ZJ",inclusion_descriptor,DONATION,approved,owner annotation 2026-07-23
bdep_add85d3e6050e050fe07ddfe,6/17/2025,100549.31,ONLINE TRANSFER MAY 25 CSP NONPAYROLL EXPENSES REF #BB0SSQ9MQ9,inclusion_descriptor,CSP,approved,owner annotation 2026-07-23
bdep_67f8c5b35bff63fee5ea69be,6/5/2023,100000,BLUE CROSS BS MN BLUE X DEP                        RMR*OI*FOUNDATIONGRANT**100000.00*100000.00*0.00,inclusion_descriptor,DONATION,approved,owner annotation 2026-07-23
bdep_9b17f4aa932aea4c931b4ad9,4/10/2017,100000,WT FED#03370 VANGUARD GRP INC R /ORG=SEPANDAR KAMVAR SRF# 100526140 TRN#170410111061 RFB# SD0217100P000009,inclusion_descriptor,DONATION,approved,owner annotation 2026-07-23
bdep_fba9a7bc6484acc327d88121,4/30/2025,100000,ATM CHECK DEPOSIT              ON              04/30 1505 W Lake St            Minneapolis   MN  0009100           ATM ID 6991J    CARD 0628,inclusion_descriptor,DONATION,approved,owner annotation 2026-07-23
bdep_8643c60b188d865d8a4caa1a,5/29/2018,100000,"WT FED#02077 CAPITAL ONE, NA /ORG=THE PITON FOUNDATION SRF# US180529916016 TRN#180529153978 RFB# 0003382507",inclusion_descriptor,DONATION,approved,owner annotation 2026-07-23
bdep_1a54d1c010b28492615ead5d,5/5/2017,100000,WF RETURN WIRES IN PROC WT SEQ173548 /ORG= SRF# 2017050500156036 TRN#170505173548 RFB#,exclusion_reason,RETURN_WIRE,approved,owner annotation 2026-07-23
bdep_8644bae5d08ad7ff42f2cd69,7/7/2023,6868.56,"Snowdrop Montess Bill.com          025LWLBBIGK186W Snowdrop Montessori School, Inc. Bill.com 025LWL",exclusion_reason,MEMBERSHIP_FEE,approved,owner annotation 2026-07-23
bdep_5cdf15ec44bc83387f711bfa,6/29/2022,100000,BLUE CROSS BS MN BLUE X DEP                        RMR*OI*FOUNDATIONGRANT**100000.00*100000.00*0.00,inclusion_descriptor,DONATION,approved,owner annotation 2026-07-23
bdep_509294c6aa0a124e41346de1,9/1/2022,100000,"WT FED#06472 BANK OF AMERICA, N    /ORG=IMAGINABLE FUTURES FOUNDATION                 SRF#    2022090100480941 TRN#220901184826  RFB#    228VH23540FG0W15",inclusion_descriptor,DONATION,approved,owner annotation 2026-07-23
bdep_ef091002e78e0e0e7e1a5045,9/22/2017,499,INTUIT PYMT SOLN DEPOSIT 170922 524771997507722 THE WILDFLOWER FOUNDAT,exclusion_reason,LOAN_PAYMENT,approved,owner annotation 2026-07-23
bdep_aa02e8e41ac4aba8e3e951ab,4/2/2019,100000,WT FED#01152 FIRST REPUBLIC BAN    /ORG=SILICON SCHOOLS FUND INC                      SRF#    19040111225995JA TRN#190402014733  RFB#,inclusion_descriptor,DONATION,approved,owner annotation 2026-07-23
bdep_47706a193f302d89ecec9c4f,1/31/2020,2500,ASTER MONTESSORI FEB2020                           Wildflower Foundation,exclusion_reason,LOAN_PAYMENT,approved,owner annotation 2026-07-23
bdep_475fd1346b57e508f8ef28d7,7/8/2021,95000,EDUCATION FORWAR ACH Pmt    210708 5294295931      Grant WF-2104 payment #1 of 4,inclusion_descriptor,DONATION,approved,owner annotation 2026-07-23
bdep_dc1a2b69b189ef9d6bc04eab,7/29/2024,2522.44,Wild Rose Montes Receivable        016XBSGZU3FE290 016XBSGZU3FE290 Wild Rose Montes Bill.com Inv 79,exclusion_reason,MEMBERSHIP_FEE,approved,owner annotation 2026-07-23
bdep_ce907a14ee7f1e082cf713a0,5/13/2026,90000,TRUIST BANK      TRUST DEPT 260512 7016140         WILDFLOWER FOUNDATION,inclusion_descriptor,DONATION,approved,owner annotation 2026-07-23
bdep_8cca4c8f6759a67e9bcf32b6,12/14/2020,681.3,COBRA TRUST ACCT BASICPacif                        COBRA REMIT,exclusion_reason,COBRA,approved,owner annotation 2026-07-23
bdep_b4d2a0e247dde54b2145b483,2/8/2024,88514.6,BUSINESS TO BUSINESS ACH DR REVERSAL,exclusion_reason,RETURN_WIRE,approved,owner annotation 2026-07-23
bdep_0e8e1789bf9d73d8ca456a9a,6/1/2020,86250,ACH RETURNS       - THE WILDFLOWER F - FILE 7878782339 COID 1812826681,exclusion_reason,RETURN_WIRE,approved,owner annotation 2026-07-23
bdep_e3eac4d222cb6716bfe0477e,3/5/2019,250,INTUIT PYMT SOLN DEPOSIT    190305 524771997507722 THE WILDFLOWER FOUNDAT,exclusion_reason,LOAN_PAYMENT,approved,owner annotation 2026-07-23
bdep_348db8b7523757d52bbab988,12/30/2025,80000,WT FED#02N02 NATIONAL FINANCIAL    /ORG=FIDELITY FOUNDATION                           SRF#        XXXXXX9364JS TRN#XXXXXXXX2389  RFB#          WD87023201,inclusion_descriptor,DONATION,approved,owner annotation 2026-07-23
bdep_6d78da9e3068b69c86604e06,1/6/2025,2522.44,Wild Rose Montes Receivable        016MZHXIY3LN6NH 016MZHXIY3LN6NH Wild Rose Montes Bill.com Inv G,exclusion_reason,MEMBERSHIP_FEE,approved,owner annotation 2026-07-23
bdep_14bd4ffd59ffed426d776c7b,12/7/2017,162.5,INTUIT PYMT SOLN DEPOSIT 171207 524771997507722 THE WILDFLOWER FOUNDAT,exclusion_reason,LOAN_PAYMENT,approved,owner annotation 2026-07-23
bdep_c38bd7f1bc13c7ed1f1735d5,9/13/2023,552.48,BASIC            BASICCOBRA 230913                 The Wildflower Foundat,exclusion_reason,COBRA,approved,owner annotation 2026-07-23
bdep_92e2b0d45863d812ff826d7d,3/10/2017,75000,NONPROFITS ASSISTANCE F WT SEQ143419 /ORG=NONPROFITS ASSISTANCE FUND SRF# GW00000002232393 TRN#170310143419 RFB# 378,inclusion_descriptor,LOAN_FUNDS,approved,owner annotation 2026-07-23
bdep_f5edee3b51cdba0b482bea08,11/28/2018,150,INTUIT PYMT SOLN DEPOSIT    181128 524771997507722 THE WILDFLOWER FOUNDAT 201811281,exclusion_reason,LOAN_PAYMENT,approved,owner annotation 2026-07-23
bdep_8cef5b03b5023a8a0d34c137,7/6/2026,25000,WT XXXXXX0187ES     JPMORGAN CHASE B /ORG=1/THE SCULLY PERETSMAN FOUNDATION           SRF#        XXXXXX0187ES TRN#XXXXXXXX1845  RFB#     OS1 OF 26/07/06,inclusion_descriptor,DONATION,approved,owner annotation 2026-07-23
bdep_df658f3d3624bcc7fabbc573,9/1/2020,250,Bill.com         VoidPaymnt        016LANTEL1INMSO NYS Office of the Attorney General Bill.com 016L,exclusion_reason,PAYMENT_REFUND,approved,owner annotation 2026-07-23
bdep_123b815bd591049ec84336bc,1/23/2026,79189.06,ONLINE TRANSFER JANUARY 26 CSP NONPAYROLL REF #BB0WL24PTY,inclusion_descriptor,CSP,approved,owner annotation 2026-07-23
bdep_5005099f4381cb745f6c5871,5/8/2019,212.5,INTUIT PYMT SOLN DEPOSIT    190508 524771997507722 THE WILDFLOWER FOUNDAT,exclusion_reason,LOAN_PAYMENT,approved,owner annotation 2026-07-23
bdep_665c2ee1985a093acedc5c13,4/26/2019,250,INTUIT PYMT SOLN DEPOSIT    190426 524771997507722 THE WILDFLOWER FOUNDAT,exclusion_reason,LOAN_PAYMENT,approved,owner annotation 2026-07-23
bdep_fd31fe0b9e87328c17bf393d,5/18/2023,14663.71,Wild Rose Montes Bill.com          025KBQODLGI9LB3 Wild Rose Montessori School Bill.com 025KBQODLGI,exclusion_reason,MEMBERSHIP_FEE,approved,owner annotation 2026-07-23
bdep_553f7ef70782fc50e3bc8b6a,10/31/2022,70000,"WT FED#07541 GOLDMAN SACHS AND     /ORG=INDIRA FOUNDATION, INC. 939 COAST B           SRF#     GI2230400025022 TRN#221031163465  RFB#     GTOS2PV0GJZL1Z9",inclusion_descriptor,DONATION,approved,owner annotation 2026-07-23
bdep_e2f7d2ccbbc7beae35042888,3/10/2021,70000,NEXUS COMMUNITY  BVC PYMT   210310                 TBLMF GRANT,inclusion_descriptor,DONATION,approved,owner annotation 2026-07-23
bdep_418b16f0ea1aafc47bbedbaf,10/24/2022,15220,Early Milestones Bill.com          025AJBHQQOBULN7 Early Milestones Colorado Circle Bill.com 025AJB,exclusion_reason,MEMBERSHIP_FEE,approved,owner annotation 2026-07-23
bdep_e0f7b55d1ad85b652bb538f3,10/9/2019,2000,INTUIT PYMT SOLN DEPOSIT    191009 524771997507722 THE WILDFLOWER FOUNDAT,exclusion_reason,LOAN_PAYMENT,approved,owner annotation 2026-07-23
bdep_9b2d3529c65b60caa90dfbff,8/27/2021,70000,BLUE CROSS BS MN BLUE X DEP                        RMR*OI*FOUNDATIONGRANT**70000.00*70000.00*0.00\,inclusion_descriptor,DONATION,approved,owner annotation 2026-07-23
bdep_e5c73d9adf06bbc636963e36,8/10/2020,1517.18,COBRA TRUST ACCT BASICPacif                        COBRA REMIT,exclusion_reason,COBRA,approved,owner annotation 2026-07-23
bdep_b4ca270571a7e9b9224eaa4d,7/13/2020,70000,BLUE CROSS BS MN BLUE X DEP                        RMR*OI*FOUNDATIONGRANT**70000.00*70000.00*0.00\,inclusion_descriptor,DONATION,approved,owner annotation 2026-07-23
bdep_b09b37396131eef422023189,2/26/2025,811.08,Snowdrop Montess Receivable        016QAEGSV3NH6NN 016QAEGSV3NH6NN Snowdrop Montess Bill.com Inv TC,exclusion_reason,MEMBERSHIP_FEE,approved,owner annotation 2026-07-23
bdep_656ee3ffc296012538129185,9/25/2024,2522.44,Wild Rose Montes Receivable        016JKDHHZ3HUHE8 016JKDHHZ3HUHE8 Wild Rose Montes Bill.com Inv #,exclusion_reason,MEMBERSHIP_FEE,approved,owner annotation 2026-07-23
bdep_d1d0a9c181c99976c9d05a44,8/30/2019,2500,ASTER MONTESSORI LOAN 0919                         Wildflower Foundation,exclusion_reason,LOAN_REPAYMENT,approved,owner annotation 2026-07-23
bdep_8b92cc891bf135aaa0bfc090,8/5/2025,60000,WT XXXXXX5217ES     JPMORGAN CHASE B /ORG=EXCELLENT SCHOOLS NEW MEXICO                SRF#        XXXXXX5217ES TRN#XXXXXXXX5880  RFB#        XXXXXX5217ES,inclusion_descriptor,DONATION,approved,owner annotation 2026-07-23
bdep_ebd0daf2f4eaebfb07daf2cf,4/13/2023,2222.2,BASIC            BASICCOBRA 230413                 The Wildflower Foundat,exclusion_reason,COBRA,approved,owner annotation 2026-07-23
bdep_1f3c6d36caea7871fd9a6344,11/10/2023,60000,"WT FED#07867 JPMC INTERNAL ACCO    /ORG=OVERDECK FAMILY FOUNDATION, INC               SRF#        1153800314ES TRN#231110081782  RFB#     OS1 OF 23/11/10",inclusion_descriptor,DONATION,approved,owner annotation 2026-07-23
bdep_73c4871bdeee70d13f3d5949,9/20/2022,20351,DC WILDFLOWER PU EFT PYMT   091922 Charter School  The Wildflower Foundat,exclusion_reason,SERVICE_AGREEMENT,approved,owner annotation 2026-07-23
bdep_eb87ba0e22965a0e117cad18,8/8/2022,20159.88,DC WILDFLOWER PU EFT PYMT   080522 Charter School  The Wildflower Foundat,exclusion_reason,SERVICE_AGREEMENT,approved,owner annotation 2026-07-23
bdep_dec810bcd9482d0fe24e1dc1,5/21/2020,52500,"WT FED#05573 JPMC INTERNAL ACCO    /ORG=OVERDECK FAMILY FOUNDATION, INC               SRF#        1155800142ES TRN#200521138964  RFB#     OS1 OF 20/05/21",inclusion_descriptor,DONATION,approved,owner annotation 2026-07-23
bdep_099ece4d790f43e87d428011,9/2/2021,52500,"WT FED#00412 JPMC INTERNAL ACCO    /ORG=OVERDECK FAMILY FOUNDATION, INC               SRF#        1160900245ES TRN#210902124353  RFB#     OS1 OF 21/09/02",inclusion_descriptor,DONATION,approved,owner annotation 2026-07-23
bdep_d8d37b7250f54cb451c45a63,1/13/2026,3750,The Sunlight Loa Receivable        016XJASFG3Z7D2M 016XJASFG3Z7D2M The Sunlight Loa Bill.com Inv TW,exclusion_reason,LOAN_PAYMENT,approved,owner annotation 2026-07-23
bdep_a926dd24d1d9e0fc22d97094,6/28/2019,1604.17,INTUIT PYMT SOLN DEPOSIT    190628 524771997507722 THE WILDFLOWER FOUNDAT,exclusion_reason,LOAN_PAYMENT,approved,owner annotation 2026-07-23
bdep_51c6c18c8485e34bce7d96c9,3/29/2023,50000,COMMUNITIESFDNTX VENDORPMT  230328 27785           WILDFLOWER FOUNDATION,inclusion_descriptor,DONATION,approved,owner annotation 2026-07-23
bdep_9461135c122f7c67155f1114,6/17/2022,50000,Tides Foundation EDI PYMNTS        F-29334         Wildflower Foundation,inclusion_descriptor,DONATION,approved,owner annotation 2026-07-23
bdep_0146265c94da82afb45d5c5d,2/14/2023,50000,Temple Hoyne Bue ACH29             Grantee         Grant 131 - Wildflower Foundation Colorado ECE e,inclusion_descriptor,DONATION,approved,owner annotation 2026-07-23
bdep_d3a3fb2dff804df14f4e5c11,9/30/2016,50000,ATM CHECK DEPOSIT 09/30 4712 CHICAGO AVE S MINNEAPOLIS MN 5819T 7887,inclusion_descriptor,DONATION,approved,owner annotation 2026-07-23
bdep_478c5947d55e4c409ac54c19,10/6/2025,1980.44,Bill.com         Receivable        015DGLECGSONQ4W Tiger Lily School Bill.com 015DGLECGSONQ4W Inv #,exclusion_reason,MEMBERSHIP_FEE,approved,owner annotation 2026-07-23
bdep_3202c0832ca13a3034028bfd,7/1/2022,12245.3,DC WILDFLOWER PU EFT PYMT   063022 Charter School  The Wildflower Foundat,exclusion_reason,SERVICE_AGREEMENT,approved,owner annotation 2026-07-23
bdep_a2d35f82df65a63f82d0b190,8/21/2023,11478,DC WILDFLOWER PU EFT PYMT   081823 Charter School  The Wildflower Foundat,exclusion_reason,SERVICE_AGREEMENT,approved,owner annotation 2026-07-23
bdep_699bbdb89ef05861ee2b0907,3/13/2024,45000,MN State-MMB     ACH               XXXXXX8856      TRN*1*XXXXXX8856*XXXXXX7162\,inclusion_descriptor,DONATION,approved,owner annotation 2026-07-23
bdep_47b1baf769c331fde2d46c93,3/3/2025,4523.02,Wildflower New Y Receivable        016HZJQQD3NNG26 016HZJQQD3NNG26 Wildflower New Y Bill.com Inv TC,exclusion_reason,MEMBERSHIP_FEE,approved,owner annotation 2026-07-23
bdep_39d0ed43c6b461cc04ca6332,1/13/2025,40000,TEMPLE HOYNE BUE GRANTS A   250113 8198            THE WILDFLOWER FOUNDAT,inclusion_descriptor,DONATION,approved,owner annotation 2026-07-23
bdep_f8a6a80aa442edc141a5506d,12/3/2018,237.5,INTUIT PYMT SOLN DEPOSIT    181202 524771997507722 THE WILDFLOWER FOUNDAT 201812031,exclusion_reason,LOAN_PAYMENT,approved,owner annotation 2026-07-23
bdep_c683d116ad4046fc26f2c224,6/20/2023,40000,WEND II INC      PAYMENT           140214          W016 2023-859 W016 2023-859,inclusion_descriptor,DONATION,approved,owner annotation 2026-07-23
bdep_24a1e7f472724416b900c669,11/18/2024,653.68,Sundrops Montess Receivable        016WEBDJO3JWCGL 016WEBDJO3JWCGL Sundrops Montess Bill.com Inv 79,exclusion_reason,MEMBERSHIP_FEE,approved,owner annotation 2026-07-23
bdep_a71801981b00269b9de8a4fe,12/4/2018,1794,ATM CHECK DEPOSIT              ON              12/04 3030 NICOLLET AVE         MINNEAPOLIS   MN  0007786           ATM ID 5813V    CARD 7365 201812041,exclusion_reason,LOAN_PAYMENT,approved,owner annotation 2026-07-23
bdep_662f4bca3fd7de37d4417bee,1/22/2026,40000,TEMPLE HOYNE BUE GRANTS A   260122 8670            THE WILDFLOWER FOUNDAT,inclusion_descriptor,DONATION,approved,owner annotation 2026-07-23
bdep_e622cd03c2873b9ee9e23e0f,4/12/2024,40000,WEND II INC      PAYMENT           181225          W016 GRANT 2024-1768 GRANT 2024-1768,inclusion_descriptor,DONATION,approved,owner annotation 2026-07-23
bdep_73f4b5b7ed2a969a5216a63e,3/19/2019,40000,WT SEQ106855 WF RETURN WIRES IN PROC /ORG=                                            SRF#    0009532067651860 TRN#190319106855  RFB#,exclusion_reason,RETURN_WIRE,approved,owner annotation 2026-07-23
bdep_3a53340fa9fbfd2d5ce261f9,6/26/2026,39648.42,ONLINE TRANSFER INDIRECT COSTS APRIL  REF #BB0YP2WMTC,inclusion_descriptor,CSP,approved,owner annotation 2026-07-23
bdep_23b179464d05e1a13a49cd26,8/28/2024,9790.41,Minnesota Wildfl Receivable        016FFAFCU3GOYRB 016FFAFCU3GOYRB Minnesota Wildfl Bill.com Multip,exclusion_reason,MEMBERSHIP_FEE,approved,owner annotation 2026-07-23
bdep_a1a2e5ea6d0e96b9655c81b5,4/10/2025,8413.12,Minnesota Wildfl Receivable        016UCVPQT3P4T09 016UCVPQT3P4T09 Minnesota Wildfl Bill.com Multip,needs_research,MULTIPLE_PAYMENT_RESEARCH,unresolved,owner annotation 2026-07-23
bdep_76e4d68621b0637392d89d77,4/27/2026,19500,ONLINE TRANSFER REPAY TWF FOR LOTUS LOAN ON 042626 REF #BB0XT997TH,exclusion_reason,INTERNAL_LOAN_TRANSFER,approved,owner annotation 2026-07-23
bdep_98da0d9067c6720a43ed9c79,9/20/2019,35625,WT SEQ126069 WF RETURN WIRES IN PROC /ORG=                                            SRF#    2019092000097723 TRN#190920126069  RFB#,exclusion_reason,RETURN_WIRE,approved,owner annotation 2026-07-23
bdep_cf1dae37b214d95eb02f2d45,1/24/2019,35000,ATM CHECK DEPOSIT              ON              01/24 3030 NICOLLET AVE         MINNEAPOLIS   MN  0002981           ATM ID 5813V    CARD 7365,inclusion_descriptor,DONATION,approved,owner annotation 2026-07-23
bdep_75696431c4e93097de4878ee,3/18/2025,653.68,Sundrops Montess Receivable        016IBFSYK3O8SV8 016IBFSYK3O8SV8 Sundrops Montess Bill.com Inv CS,exclusion_reason,MEMBERSHIP_FEE,approved,owner annotation 2026-07-23
bdep_f6b47d764b34969bc495926f,11/2/2017,2000,INTUIT PYMT SOLN DEPOSIT 171102 524771997507722 THE WILDFLOWER FOUNDAT,exclusion_reason,LOAN_PAYMENT,approved,owner annotation 2026-07-23
bdep_30514983ba5bed4ad12d26dd,1/4/2023,35000,"WT FED#06646 GOLDMAN SACHS AND     /ORG=INDIRA FOUNDATION, INC.                       SRF#      S063004230EF01 TRN#230104040148  RFB#",inclusion_descriptor,DONATION,approved,owner annotation 2026-07-23
bdep_64f961326527a354edac0381,6/17/2025,50588.13,ONLINE TRANSFER APRIL CSP PAYROLL REF #BB0SSQ9DNW,inclusion_descriptor,CSP,approved,owner annotation 2026-07-23
bdep_e80b3875d198bfc18f369951,1/11/2024,35000,TEMPLE HOYNE BUE ACH GRANTS 240111 7744            THE WILDFLOWER FOUNDAT,inclusion_descriptor,DONATION,approved,owner annotation 2026-07-23
bdep_b1f8507bed7d79f6f255a29a,12/24/2024,1454.55,Wildflower Monte Receivable        016NIMARP3LA8UM 016NIMARP3LA8UM Wildflower Monte Bill.com Inv G,exclusion_reason,MEMBERSHIP_FEE,approved,owner annotation 2026-07-23
bdep_e01647576e641b6e6d6ebc9c,6/21/2019,35000,WT SEQ185072 WF RETURN WIRES IN PROC /ORG=                                            SRF#    2019062100174136 TRN#190621185072  RFB#,exclusion_reason,RETURN_WIRE,approved,owner annotation 2026-07-23
bdep_0fc3af6b6cf734a77969ddfe,3/28/2025,545.45,Rain Lily Montes Receivable        016OAJAFW3ON2DS 016OAJAFW3ON2DS Rain Lily Montes Bill.com Inv 12,exclusion_reason,MEMBERSHIP_FEE,approved,owner annotation 2026-07-23
bdep_3892610a2aed98c0e10d3716,5/28/2025,545.45,Rain Lily Montes Receivable        016DMQOEG3QUT6R 016DMQOEG3QUT6R Rain Lily Montes Bill.com Inv TW,exclusion_reason,MEMBERSHIP_FEE,approved,owner annotation 2026-07-23
bdep_67e8947e1e1872642eb305bd,12/10/2021,34341.6,DC WILDFLOWER PU EFT PYMT   120921 Charter School  The Wildflower Foundat,exclusion_reason,SERVICE_AGREEMENT,approved,owner annotation 2026-07-23
bdep_fc87bf8cf359353c48908536,8/16/2019,237.5,INTUIT PYMT SOLN DEPOSIT    190816 524771997507722 THE WILDFLOWER FOUNDAT,exclusion_reason,LOAN_PAYMENT,approved,owner annotation 2026-07-23
bdep_8a3845eff16c7822e48ae4f9,4/1/2022,33458.7,DC WILDFLOWER PU EFT PYMT   033122 Charter School  The Wildflower Foundat,exclusion_reason,SERVICE_AGREEMENT,approved,owner annotation 2026-07-23
bdep_1824fde126459f43413ce717,11/26/2025,31702.02,ONLINE TRANSFER JULY 2025 PAYROLL REIMBURSEMENT REF #BB0VTQT7G5,inclusion_descriptor,CSP,approved,owner annotation 2026-07-23
bdep_e265ed82680cc3dfef6d429d,2/11/2019,1665.28,INTUIT PYMT SOLN DEPOSIT    190209 524771997507722 THE WILDFLOWER FOUNDAT,exclusion_reason,LOAN_PAYMENT,approved,owner annotation 2026-07-23
bdep_27b04b4a752a5165e13fa8f2,12/16/2025,30000,FUNDACION BPPR   CREDITS           THE WILDFLOWER  THE WILDFLOWER FOUNDAT,inclusion_descriptor,DONATION,approved,owner annotation 2026-07-23
bdep_0fce0d67c153930c1cb2a4e3,7/19/2022,1611.67,BASIC            BASICCOBRA 220719                 The Wildflower Foundat,exclusion_reason,COBRA,approved,owner annotation 2026-07-23
bdep_7ca1ac8053567985ddd1663d,3/16/2020,350.78,INTUIT PYMT SOLN DEPOSIT    200314 524771997507722 THE WILDFLOWER FOUNDAT,exclusion_reason,LOAN_PAYMENT,approved,owner annotation 2026-07-23
bdep_423a08d4925579e247c5a986,4/28/2025,4523.02,Wildflower New Y Receivable        016KQYBEC3PQGXO 016KQYBEC3PQGXO Wildflower New Y Bill.com Inv 48,exclusion_reason,MEMBERSHIP_FEE,approved,owner annotation 2026-07-23
bdep_c6ac3e118600e9b8bbbaea5e,1/3/2025,1282.33,Urban Village Mo Receivable        016WTYRSG3LL95Y 016WTYRSG3LL95Y Urban Village Mo Bill.com Inv G,exclusion_reason,MEMBERSHIP_FEE,approved,owner annotation 2026-07-23
bdep_7f2e44023d1c46f75a35e4f7,12/26/2025,1347.33,Roxbury Roots Mo Receivable        016KOWHTL3YNSHT 016KOWHTL3YNSHT Roxbury Roots Mo Bill.com Inv TW,exclusion_reason,MEMBERSHIP_FEE,approved,owner annotation 2026-07-23
bdep_dc18168dc89a43693dc2944c,12/15/2022,30000,FUNDACION BPPR   CREDITS           THE WILDFLOWER  THE WILDFLOWER FOUNDAT,inclusion_descriptor,DONATION,approved,owner annotation 2026-07-23
bdep_35e81f534ece214c686eeec2,11/22/2024,30000,FUNDACION BPPR   CREDITS           THE WILDFLOWER  THE WILDFLOWER FOUNDAT,inclusion_descriptor,DONATION,approved,owner annotation 2026-07-23
bdep_c607914a7055adc309367e91,7/24/2020,30000,CHARTER FUND INC RL7.24.20         WILDFLOWER FOUN WM-F3-ER-OC-2020-3Q (GRANT1OF1),inclusion_descriptor,DONATION,approved,owner annotation 2026-07-23
bdep_a2b05da3183d3580070e8f85,12/14/2023,30000,FUNDACION BPPR   CREDITS           THE WILDFLOWER  THE WILDFLOWER FOUNDAT,inclusion_descriptor,DONATION,approved,owner annotation 2026-07-23
bdep_6e84f3278d0748fa3b148284,5/22/2019,30000,ATM CHECK DEPOSIT              ON              05/22 1505 WEST LAKE ST         MINNEAPOLIS   MN  0000675           ATM ID 6993M    CARD 7365,inclusion_descriptor,DONATION,approved,owner annotation 2026-07-23
bdep_e67ce7f2efe79be3a1c90513,7/1/2019,2500,ASTER MONTESSORI LOAN 0719                         Wildflower Foundation,exclusion_reason,LOAN_REPAYMENT,approved,owner annotation 2026-07-23
bdep_88ccc2ba26df2ca18aa7d3bd,5/22/2023,5441.35,STRIPE           TRANSFER          ST-F4O9Z3C4J5E4 THE WILDFLOWER FOUNDAT,inclusion_descriptor,STRIPE_DONATION,approved,owner annotation 2026-07-23
bdep_056a8b380c0d5545ce60fdbf,12/10/2021,5291.08,STRIPE           TRANSFER          ST-J0U5W5T8Q0Y8 THE WILDFLOWER FOUNDAT,inclusion_descriptor,STRIPE_DONATION,approved,owner annotation 2026-07-23
bdep_75db1598fa2051406402646e,5/30/2019,250,INTUIT PYMT SOLN DEPOSIT    190530 524771997507722 THE WILDFLOWER FOUNDAT,exclusion_reason,LOAN_PAYMENT,approved,owner annotation 2026-07-23
bdep_f11a4948addc2537bc93ce42,6/13/2019,237.5,INTUIT PYMT SOLN DEPOSIT    190613 524771997507722 THE WILDFLOWER FOUNDAT,exclusion_reason,LOAN_PAYMENT,approved,owner annotation 2026-07-23
bdep_1147d02162a27b1bd75c7d0d,1/8/2021,25000,NEW SCHOOLS 1310 PAYMENTS          VEN000829       WILDFLOWER FOUNDATION,inclusion_descriptor,DONATION,approved,owner annotation 2026-07-23
bdep_0a6f21d9c6fe95880e0282f2,10/24/2024,2522.44,Wild Rose Montes Receivable        016SCDZHK3IZJZJ 016SCDZHK3IZJZJ Wild Rose Montes Bill.com Inv 79,exclusion_reason,MEMBERSHIP_FEE,approved,owner annotation 2026-07-23
bdep_39d907f60b5e7556dc6dffcb,12/16/2021,5203.21,STRIPE           TRANSFER          ST-L1F4N2N4I3N3 THE WILDFLOWER FOUNDAT,inclusion_descriptor,STRIPE_DONATION,approved,owner annotation 2026-07-23
bdep_58a3b3c22b962de97de34959,11/26/2024,2522.44,Wild Rose Montes Receivable        016NYNZQY3K7MOO 016NYNZQY3K7MOO Wild Rose Montes Bill.com Inv CS,exclusion_reason,MEMBERSHIP_FEE,approved,owner annotation 2026-07-23
bdep_37fc5700dce75fece85d0369,4/30/2024,25000,Common Future    BILL PAY                          Common Future PAYING BILL VIA RAMP,inclusion_descriptor,DONATION,approved,owner annotation 2026-07-23
bdep_12566bfd35646049ed90ff77,4/10/2020,1517.18,COBRA TRUST ACCT BASICPacif                        COBRA REMIT,exclusion_reason,COBRA,approved,owner annotation 2026-07-23
bdep_cc536a5e259f9ea74d48a5c1,2/17/2026,5154,STRIPE           TRANSFER          ST-T7G7X0P4G9A1 THE WILDFLOWER FOUNDAT,inclusion_descriptor,STRIPE_DONATION,approved,owner annotation 2026-07-23
bdep_bdb28ad92dcb95597fcfcefb,8/14/2024,25000,Common Future    BILL PAY                          Common Future PAYING BILL VIA RAMP,inclusion_descriptor,DONATION,approved,owner annotation 2026-07-23
bdep_4fd2070ede5b4fb016619ff0,8/1/2018,425,INTUIT PYMT SOLN DEPOSIT 180801 524771997507722 THE WILDFLOWER FOUNDAT,exclusion_reason,LOAN_PAYMENT,approved,owner annotation 2026-07-23
bdep_4ba9171dda86f0efefce69cb,3/2/2021,25000,"WT FED#07144 JPMORGAN CHASE BAN    /ORG=THE BURKE FOUNDATION, INC                     SRF#        3338441061ES TRN#210302116472  RFB#     PVB OF 21/03/02",inclusion_descriptor,DONATION,approved,owner annotation 2026-07-23
bdep_e956a549fa56abe01f789540,12/1/2021,25000,"Temple Hoyne Bue ACH17             Grantee         Grant 10797 - start-up costs, including cap impo",inclusion_descriptor,DONATION,approved,owner annotation 2026-07-23
bdep_3031a3acb86b75cf03797dd5,12/14/2016,25000,eDeposit in Branch/Store 12/14/16 09:29:43 AM 1505 W LAKE ST MINNEAPOLIS MN,inclusion_descriptor,DONATION,approved,owner annotation 2026-07-23
bdep_f7cc2456ed6280b426b145be,6/13/2023,552.48,BASIC            BASICCOBRA 230613                 The Wildflower Foundat,exclusion_reason,COBRA,approved,owner annotation 2026-07-23
bdep_7c34526e6dc8d30e05c629dd,10/10/2019,868.27,COBRA TRUST ACCT BASICPacif                        COBRA REMIT,exclusion_reason,COBRA,approved,owner annotation 2026-07-23
bdep_957ff8798eb06ad05080a4dd,11/22/2021,37500,Telluray Foundat Bill.com          016ZSXYAQ20S28B Telluray Foundation Bill.com 016ZSXYAQ20S28B Inv,inclusion_descriptor,DONATION,approved,owner annotation 2026-07-23
bdep_e9386079bfe9e5a954a59ff4,12/7/2022,5075.38,STRIPE           TRANSFER          ST-Q1Y7G7H6E0F6 THE WILDFLOWER FOUNDAT,inclusion_descriptor,STRIPE_DONATION,approved,owner annotation 2026-07-23
bdep_bab2d9a24d26d3fc66643156,7/27/2023,25000,The McKnight Fou McKnight          V01307          Wildflower Foundation,inclusion_descriptor,DONATION,approved,owner annotation 2026-07-23
bdep_f614ed3490e90b47130e064b,4/23/2020,5025.88,STRIPE           TRANSFER          ST-A2R1C4Q1W5P8 THE WILDFLOWER FOUNDAT,inclusion_descriptor,STRIPE_DONATION,approved,owner annotation 2026-07-23
bdep_5258cf0af11c5b94a4401ca5,2/12/2021,24990,WT SEQ166604 WF RETURN WIRES IN PROC /ORG=                                            SRF#    2021021200134410 TRN#210212166604  RFB#,exclusion_reason,RETURN_WIRE,approved,owner annotation 2026-07-23
bdep_ad26415d071ae56cf86b1490,1/3/2019,5015.5,STRIPE           TRANSFER                          X,inclusion_descriptor,STRIPE_DONATION,approved,owner annotation 2026-07-23
bdep_88bbb54d7e85ba1412fd5c3c,9/10/2025,24965,DC WILDFLOWER PU EFT PYMT   090925 Charter School  The Wildflower Foundat,exclusion_reason,SERVICE_AGREEMENT,approved,owner annotation 2026-07-23
bdep_02f636292f08a91a333008d5,5/1/2019,237.5,INTUIT PYMT SOLN DEPOSIT    190501 524771997507722 THE WILDFLOWER FOUNDAT,exclusion_reason,LOAN_PAYMENT,approved,owner annotation 2026-07-23
bdep_7c620a8172845a715bc49085,4/30/2019,3000,INTUIT PYMT SOLN DEPOSIT    190430 524771997507722 THE WILDFLOWER FOUNDAT,exclusion_reason,LOAN_PAYMENT,approved,owner annotation 2026-07-23
bdep_068b28cf9273d775be2446b1,5/15/2026,2616.66,Bill.com         Receivable        016LAMBJZ100MWC Multiple Payments Bill.com Receivables 016LAMBJZ,needs_research,MULTIPLE_PAYMENT_RESEARCH,unresolved,owner annotation 2026-07-23
bdep_13f9d4ac3dc42b8f8693d550,8/17/2021,4963.76,STRIPE           TRANSFER          ST-K2Q1H5N0U5Y7 THE WILDFLOWER FOUNDAT,inclusion_descriptor,STRIPE_DONATION,approved,owner annotation 2026-07-23
bdep_bef8dee88c901c3792cee623,11/22/2024,4767.2,STRIPE           TRANSFER          ST-A3N9O1Q6S2Z7 THE WILDFLOWER FOUNDAT,inclusion_descriptor,STRIPE_DONATION,approved,owner annotation 2026-07-23
bdep_768c12c141f5fc528d707eff,1/8/2026,39603.58,Bill.com         Receivable        015PYVGGQZTBE4W Multiple Payments Bill.com Receivables 015PYVGGQ,needs_research,MULTIPLE_PAYMENT_RESEARCH,unresolved,owner annotation 2026-07-23
bdep_d4aaf8081782e287a52799b4,1/20/2026,4623.66,Minnesota Wildfl Receivable        016AIOVZL3ZEDFH 016AIOVZL3ZEDFH Minnesota Wildfl Bill.com Inv TW,exclusion_reason,MEMBERSHIP_FEE,approved,owner annotation 2026-07-23
bdep_7735ce8fa95ebd4191b946d8,1/2/2026,20000,THE 20 22 ACT    PAYMENTS          WILDFLOWER SCHO WILDFLOWER SCHOOLS,inclusion_descriptor,DONATION,approved,owner annotation 2026-07-23
bdep_cea8df20f3476b4b5ad73d6c,1/9/2026,7766.33,Bill.com         Receivable        015UXQVPIPTE08Z Multiple Payments Bill.com Receivables 015UXQVPI,needs_research,MULTIPLE_PAYMENT_RESEARCH,unresolved,owner annotation 2026-07-23
bdep_c7c677ed772930ca3b0eb78f,1/21/2026,4623.66,Minnesota Wildfl Receivable        016XGEKOM3ZGIZW 016XGEKOM3ZGIZW Minnesota Wildfl Bill.com Inv TW,exclusion_reason,MEMBERSHIP_FEE,approved,owner annotation 2026-07-23
bdep_d72f5d674c42816acbdf3fa2,3/27/2020,20000,CHARTER FUND INC 3.27RLCOVC        V000513         WM-F3-ER-OC-2020-1Q(GRANT1OF1),inclusion_descriptor,DONATION,approved,owner annotation 2026-07-23
bdep_c512ac9d385734c66e03f933,12/10/2019,1767.42,COBRA TRUST ACCT BASICPacif                        COBRA REMIT,exclusion_reason,COBRA,approved,owner annotation 2026-07-23
bdep_7438a95c52513c21b8a87abd,9/2/2016,20000,CHARTER FUND INC TR9.2.16 WILDFLOWER FOUN WM-F2-NATL-BP-2016-2Q(GRANT1OF1),inclusion_descriptor,DONATION - INCORRECT CODING,approved,owner annotation 2026-07-23
bdep_89cdf3d883629b30102bc16d,7/27/2021,20000,ATM CHECK DEPOSIT              ON              07/27 1505 W LAKE ST            Minneapolis   MN  0007391           ATM ID 6991J    CARD 7365,inclusion_descriptor,DONATION,approved,owner annotation 2026-07-23
bdep_07d549de81eb3bc112d51f3c,10/20/2025,57.67,Wild Rose Montes Receivable        016CEXOCZ3W6MOO 016CEXOCZ3W6MOO Wild Rose Montes Bill.com Inv TW,exclusion_reason,MEMBERSHIP_FEE,approved,owner annotation 2026-07-23
bdep_78f2288fecce3a5b3906d229,3/10/2020,230.3,INTUIT PYMT SOLN DEPOSIT    200310 524771997507722 THE WILDFLOWER FOUNDAT,exclusion_reason,LOAN_PAYMENT,approved,owner annotation 2026-07-23
bdep_9286ced8103fad6383a04103,9/10/2019,868.27,COBRA TRUST ACCT BASICPacif                        COBRA REMIT,exclusion_reason,COBRA,approved,owner annotation 2026-07-23
bdep_170a34771e495a39044dcc6b,7/10/2023,4125,DC WILDFLOWER PU EFT PYMT   070723 Charter School  The Wildflower Foundat,exclusion_reason,SERVICE_AGREEMENT,approved,owner annotation 2026-07-23
bdep_d1ed34343cb6f830e84448c3,2/9/2021,4000,MELIO PAYMENTS   Snowdrop M 210209 t6404901        Snowdrop Montessori SchoolSnowdrop Montessori Ja,exclusion_reason,MEMBERSHIP_FEE,approved,owner annotation 2026-07-23
bdep_4efdd5ce1066351752e6aaf1,8/4/2025,3945.85,DC WILDFLOWER PU EFT PYMT   080125 Charter School  The Wildflower Foundat,exclusion_reason,SERVICE_AGREEMENT,approved,owner annotation 2026-07-23
bdep_9bc13e10e99348fbe43d43b3,10/3/2024,545.45,Sage Montessori  Bill.com          016BNRCBI3I5Q2G  Sage Montessori Bill.com 016BNRCBI3I5Q2G Inv 79,exclusion_reason,MEMBERSHIP_FEE,approved,owner annotation 2026-07-23
bdep_314d521035cc23e8402972d1,4/20/2021,18705,WT SEQ#74369 WF RETURN WIRES IN PROC /ORG=                                            SRF#    2021041500207162 TRN#210420074369  RFB#,exclusion_reason,RETURN_WIRE,approved,owner annotation 2026-07-23
bdep_4366b001262ad7d99994774e,4/30/2021,18705,WT SEQ241390 WF RETURN WIRES IN PROC /ORG=                                            SRF#    2021042900185027 TRN#210430241390  RFB#,exclusion_reason,RETURN_WIRE,approved,owner annotation 2026-07-23
bdep_5d777095e5f834e1893cee7d,4/26/2021,18705,WT SEQ129061 WF RETURN WIRES IN PROC /ORG=                                            SRF#    2021040600059105 TRN#210426129061  RFB#,exclusion_reason,RETURN_WIRE,approved,owner annotation 2026-07-23
bdep_fd0b218ebe44f1d95ac0f81e,5/3/2018,137.5,INTUIT PYMT SOLN DEPOSIT 180503 524771997507722 THE WILDFLOWER FOUNDAT,exclusion_reason,LOAN_PAYMENT,approved,owner annotation 2026-07-23
bdep_99ef81276f58c0ecddf164b1,9/6/2024,3945.85,DC WILDFLOWER PU EFT PYMT   090524 Charter School  The Wildflower Foundat,exclusion_reason,SERVICE_AGREEMENT,approved,owner annotation 2026-07-23
bdep_0619775a339242ae889953b1,12/1/2025,51644.11,ONLINE TRANSFER AUG 25 PAYROLL CSP REF #BB0VWJYG37,inclusion_descriptor,CSP,approved,owner annotation 2026-07-23
bdep_8981b2c4b8890ea71aea818d,8/27/2021,18500,WT SEQ214398 WF RETURN WIRES IN PROC /ORG=                                            SRF#    2021082700202597 TRN#210827214398  RFB#,exclusion_reason,RETURN_WIRE,approved,owner annotation 2026-07-23
bdep_a4a9bace4e09ffb88180313b,10/17/2018,18250,AP MANAGEMENT EFT PYMT 101618 Montessori PCS Embrace Equity,exclusion_reason,EMBRACING_EQUITY,approved,owner annotation 2026-07-23
bdep_b7dcebd30d29f6a2c3a8e221,3/10/2026,1557.48,Bill.com         Receivable        015JTZSPSHWCQPR Dahlia (San Francisco) Bill.com 015JTZSPSHWCQPR,exclusion_reason,MEMBERSHIP_FEE,approved,owner annotation 2026-07-23
bdep_8db030cf71f4162b43d70cfe,4/11/2024,17750,LISC             ACH PAYMEN 041124 569399          THE WILDFLOWER FOUNDAT,inclusion_descriptor,DONATION,approved,owner annotation 2026-07-23
bdep_340997e6817257bb3ef7634c,4/10/2019,868.27,COBRA TRUST ACCT BASICPacif                        COBRA REMIT,exclusion_reason,COBRA,approved,owner annotation 2026-07-23
bdep_3b0a9258e7f2ab1523d1a168,8/11/2025,3945.85,DC WILDFLOWER PU EFT PYMT   080825 Charter School  The Wildflower Foundat,exclusion_reason,SERVICE_AGREEMENT,approved,owner annotation 2026-07-23
bdep_8787a5b8d820e1c9fc3d78df,2/6/2020,2000,INTUIT PYMT SOLN DEPOSIT    200206 524771997507722 THE WILDFLOWER FOUNDAT,exclusion_reason,LOAN_PAYMENT,approved,owner annotation 2026-07-23
bdep_ab011e9f2efd119eb7b184ab,2/10/2020,889.06,COBRA TRUST ACCT BASICPacif                        COBRA REMIT,exclusion_reason,COBRA,approved,owner annotation 2026-07-23
bdep_08d4143be060a899c2bc4a54,11/14/2024,811.08,"Snowdrop Montess Bill.com          026XLHHFP15QKOD Snowdrop Montessori School, Inc. Bill.com 026XLH",exclusion_reason,MEMBERSHIP_FEE,approved,owner annotation 2026-07-23
bdep_b5f8c6910fa37069819be835,1/8/2018,15821.67,GUSTO CND 270439 180108 6semjmqrd3j The Wildflower Foundat,exclusion_reason,PAYROLL_REFUND,approved,owner annotation 2026-07-23
bdep_d37079fe5d02a1c0044ebaca,10/3/2024,3945.85,DC WILDFLOWER PU EFT PYMT   100224 Charter School  The Wildflower Foundat,exclusion_reason,SERVICE_AGREEMENT,approved,owner annotation 2026-07-23
bdep_4086fcfcbdb9cdf1c86271a4,7/13/2026,3750,The Sunlight Loa Receivable        996AOMSDH14CO82 996AOMSDH14CO82 The Sunlight Loa Bill.com Inv TW,exclusion_reason,MEMBERSHIP_FEE,approved,owner annotation 2026-07-23
bdep_67c2d02ffe34d5a1ea0709b4,6/10/2021,15000,WT FED#05134 JPMORGAN CHASE BAN    /ORG=BENJAMIN D STATZ OR KATHERINE L               SRF#        3172901161ES TRN#210610068859  RFB#     BMG OF 21/06/10,inclusion_descriptor,DONATION,approved,owner annotation 2026-07-23
bdep_38e11af400db4d6931fb0f62,9/11/2020,15000,ATM CHECK DEPOSIT              ON              09/11 1505 WEST LAKE ST         Minneapolis   MN  0002231           ATM ID 6991J    CARD 7365,inclusion_descriptor,DONATION,approved,owner annotation 2026-07-23
bdep_d0eef333d38bbebbc4c597d2,12/30/2022,15000,THE 20 22 ACT    PAYMENTS          WILDFLOWER SCHO WILDFLOWER SCHOOLS,inclusion_descriptor,DONATION,approved,owner annotation 2026-07-23
bdep_ebdd6fd63bf21434bda6bacd,12/28/2018,15000,WT FED#07131 JPMORGAN CHASE BAN    /ORG=BENJAMIN D STATZ OR KATHERINE L               SRF#        4587800362ES TRN#181228099445  RFB#     BMG OF 18/12/28,inclusion_descriptor,DONATION,approved,owner annotation 2026-07-23
bdep_b324de40c4ec24460ce12dd5,4/3/2023,15000,MDRC             CREDITS           ACH0330203      THE WILDFLOWER FOUNDAT,inclusion_descriptor,DONATION,approved,owner annotation 2026-07-23
bdep_27f94f74558e4b583a5c8986,12/31/2020,15000,WT FED#03377 JPMORGAN CHASE BAN    /ORG=BENJAMIN D STATZ OR KATHERINE L               SRF#        3374650366ES TRN#201231109271  RFB#     BMG OF 20/12/31,inclusion_descriptor,DONATION,approved,owner annotation 2026-07-23
bdep_5e42b92a77bab112328bc2ef,1/10/2024,13300,Wild Rose Montes Bill.com          025DYDMNVYR7Q3K Wild Rose Montessori School Bill.com 025DYDMNVYR,exclusion_reason,MEMBERSHIP_FEE,approved,owner annotation 2026-07-23
bdep_f76e0e8ee3355609624a85ef,12/30/2024,545.45,Desert Peach Mon Bill.com          026LGAQCD17TCN9 Desert Peach Montessori School Bill.com 026LGAQC,exclusion_reason,MEMBERSHIP_FEE,approved,owner annotation 2026-07-23
bdep_16814d9dfeea3ae13f8261ef,3/5/2021,15000,NEW SCHOOLS 1310 PAYMENTS          VEN000829       WILDFLOWER FOUNDATION,inclusion_descriptor,DONATION,approved,owner annotation 2026-07-23
bdep_b0d9dba5d42b10c019b87718,6/16/2025,15000,FIDELITY INVESTM GrantPaymt Date   2912594         WILDFLOWER FOUNDATION,inclusion_descriptor,DONATION,approved,owner annotation 2026-07-23
bdep_472b59ba93c4bb996d15a5c3,4/26/2018,475,INTUIT PYMT SOLN DEPOSIT 180426 524771997507722 THE WILDFLOWER FOUNDAT,exclusion_reason,LOAN_PAYMENT,approved,owner annotation 2026-07-23
bdep_269fbde415576c4fc740edeb,12/3/2020,3199.32,STRIPE           TRANSFER          ST-B2I6J5O6G0F1 THE WILDFLOWER FOUNDAT,inclusion_descriptor,STRIPE_DONATION,approved,owner annotation 2026-07-23
bdep_599dfc610e8990375720185c,11/20/2017,1500,ATM CHECK DEPOSIT 11/20 4712 CHICAGO AVE S MINNEAPOLIS MN 5819T 7365,exclusion_reason,LOAN_PAYMENT,approved,owner annotation 2026-07-23
bdep_7bd84bc14fef29059c66fb0f,5/12/2021,681.3,COBRA TRUST ACCT BASICPacif                        COBRA REMIT,exclusion_reason,COBRA,approved,owner annotation 2026-07-23
bdep_e0ca8d34938ba58a286f71c2,7/10/2019,237.5,INTUIT PYMT SOLN DEPOSIT    190710 524771997507722 THE WILDFLOWER FOUNDAT,exclusion_reason,LOAN_PAYMENT,approved,owner annotation 2026-07-23
bdep_72f9dabe7b36b548cb7600aa,6/27/2023,13194.05,ATM CHECK DEPOSIT              ON              06/27 4712 Chicago Ave          Minneapolis   MN  0008930           ATM ID 5819T    CARD 7365,exclusion_reason,MEMBERSHIP_FEE,approved,owner annotation 2026-07-23
bdep_1b29a398308111facc0ec7cb,12/26/2017,12500,GUSTO CND 236590 171226 6semjmqa43l The Wildflower Foundat,exclusion_reason,PAYROLL_REFUND,approved,owner annotation 2026-07-23
bdep_1b0d394fa05d8448760e6b3b,9/13/2021,12500,The McKnight Fou McKnight          V01307          THE WILDFLOWER FOUNDAT,inclusion_descriptor,DONATION,approved,owner annotation 2026-07-23
bdep_c574a7c9de0c14d7fb347181,1/18/2019,12416.52,WT FED#07015 JPMORGAN CHASE BAN    /ORG=THE SCULLY PERETSMAN                          SRF#        1366200018ES TRN#190118177871  RFB#     OS1 OF 19/01/18,inclusion_descriptor,DONATION,approved,owner annotation 2026-07-23
bdep_56c6461f0ae0a0d95d001d94,3/25/2025,1454.55,Wildflower Monte Receivable        016YNTLZK3OHPB3 016YNTLZK3OHPB3 Wildflower Monte Bill.com Inv 11,exclusion_reason,MEMBERSHIP_FEE,approved,owner annotation 2026-07-23
bdep_662fa77b5b341885e1cccb34,1/13/2023,12040,Wild Rose Montes Bill.com          025TIFBOVPE946M Wild Rose Montessori School Bill.com 025TIFBOVPE,exclusion_reason,MEMBERSHIP_FEE,approved,owner annotation 2026-07-23
bdep_aa6b9f96439dc481054876c8,7/3/2023,12000,Temple Hoyne Bue ACH48             Grantee         Grant 130 - Flame Lily Montessori School general,inclusion_descriptor,DONATION,approved,owner annotation 2026-07-23
bdep_1b5491c76b03c3b0224f2946,4/22/2026,4623.66,Minnesota Wildfl Receivable        016XIMBQO42YJ1T 016XIMBQO42YJ1T Minnesota Wildfl Bill.com For In,exclusion_reason,MEMBERSHIP_FEE,approved,owner annotation 2026-07-23
bdep_be4ec752ee352df9d37b23f3,5/7/2018,2000,INTUIT PYMT SOLN DEPOSIT 180505 524771997507722 THE WILDFLOWER FOUNDAT,exclusion_reason,LOAN_PAYMENT,approved,owner annotation 2026-07-23
bdep_909c86bfc51b7a5ce573bba2,4/5/2019,1665.28,INTUIT PYMT SOLN DEPOSIT    190405 524771997507722 THE WILDFLOWER FOUNDAT,exclusion_reason,LOAN_PAYMENT,approved,owner annotation 2026-07-23
bdep_9da6adee54308532a44c58c6,10/13/2020,628.12,COBRA TRUST ACCT BASICPacif                        COBRA REMIT,exclusion_reason,COBRA,approved,owner annotation 2026-07-23
bdep_2ee9d2559c604b1ccc936e0e,10/4/2024,2611.82,Minnesota Wildfl Receivable        016QOFFDC3I8V3E 016QOFFDC3I8V3E Minnesota Wildfl Bill.com Multip,needs_research,MULTIPLE_PAYMENT_RESEARCH,unresolved,owner annotation 2026-07-23
bdep_dbf05e890ba590d1d1885406,4/9/2019,11000,ATM CHECK DEPOSIT              ON              04/09 1505 WEST LAKE ST         MINNEAPOLIS   MN  0009753           ATM ID 6991J    CARD 7365,exclusion_reason,EMBRACING_EQUITY,approved,owner annotation 2026-07-23
bdep_d3108722bc82ad57c22edf2d,5/31/2022,2076.66,STRIPE           TRANSFER          ST-G7K5C0A9F7K4 THE WILDFLOWER FOUNDAT,inclusion_descriptor,STRIPE_DONATION,approved,owner annotation 2026-07-23
bdep_979a2ff0d99ee48190ba91d4,4/4/2019,212.5,INTUIT PYMT SOLN DEPOSIT    190404 524771997507722 THE WILDFLOWER FOUNDAT,exclusion_reason,LOAN_PAYMENT,approved,owner annotation 2026-07-23
bdep_ee9f97813c9d611f6b43dc66,11/12/2025,4988.42,Bill.com         Receivable        015USATMPJQJ03O Multiple Payments Bill.com Receivables 015USATMP,needs_research,MULTIPLE_PAYMENT_RESEARCH,unresolved,owner annotation 2026-07-23
bdep_d1cfe853446a701468c73d3e,8/15/2025,2062.55,STRIPE           TRANSFER          ST-W2X1C8G7R0O4 THE WILDFLOWER FOUNDAT,inclusion_descriptor,STRIPE_DONATION,approved,owner annotation 2026-07-23
bdep_61c3706fbae421e313606264,11/3/2022,10835.5,DC WILDFLOWER PU EFT PYMT   110222 Charter School  The Wildflower Foundat,exclusion_reason,SERVICE_AGREEMENT,approved,owner annotation 2026-07-23
bdep_9db1617a59b5526e8fe69f89,1/12/2026,13609.66,Bill.com         Receivable        015ZUXCLMZTGG7U Multiple Payments Bill.com Receivables 015ZUXCLM,needs_research,MULTIPLE_PAYMENT_RESEARCH,unresolved,owner annotation 2026-07-23
bdep_4f8ffb8dc5551188f09c9dc8,9/22/2025,1292.57,Excellent School Receivable        016AVEMUQ3V56QF 016AVEMUQ3V56QF Excellent School Bill.com Inv EX,exclusion_reason,MEMBERSHIP_FEE,approved,owner annotation 2026-07-23
bdep_a04fecc431cf9fe4866dd3ed,12/5/2025,41939.39,Bill.com         Receivable        015UJRLMEKRR9TU Multiple Payments Bill.com Receivables 015UJRLME,needs_research,MULTIPLE_PAYMENT_RESEARCH,unresolved,owner annotation 2026-07-23
bdep_f03c088bde189b29fa5ded72,12/6/2022,10550.5,DC WILDFLOWER PU EFT PYMT   120522 Charter School  The Wildflower Foundat,exclusion_reason,SERVICE_AGREEMENT,approved,owner annotation 2026-07-23
bdep_b0667ebb758f0ee4034cdb95,6/12/2025,1299.91,Bill.com         Receivable        015WZNKNILJ1XEL   Tiger Lily (C) Bill.com 015WZNKNILJ1XEL Inv #T,exclusion_reason,MEMBERSHIP_FEE,approved,owner annotation 2026-07-23
bdep_bab6648fb81a9781544194cc,1/17/2023,4943.19,BASIC            BASICCOBRA 230116                 The Wildflower Foundat,exclusion_reason,COBRA,approved,owner annotation 2026-07-23
bdep_ba32b97a0a900c6ed1eadc1e,11/30/2018,3000,INTUIT PYMT SOLN DEPOSIT    181130 524771997507722 THE WILDFLOWER FOUNDAT 201811301,exclusion_reason,LOAN_PAYMENT,approved,owner annotation 2026-07-23
bdep_087cc73a86af3ee8d56525cd,1/11/2019,212.5,INTUIT PYMT SOLN DEPOSIT    190111 524771997507722 THE WILDFLOWER FOUNDAT,exclusion_reason,LOAN_PAYMENT,approved,owner annotation 2026-07-23
bdep_4249f8cde78866f7dfc84588,2/5/2024,10160,DC WILDFLOWER PU EFT PYMT   020224 Charter School  The Wildflower Foundat,exclusion_reason,SERVICE_AGREEMENT,approved,owner annotation 2026-07-23
bdep_7490b0235227af17d08d2bea,5/8/2025,454.55,Lilac Montessori Receivable        016GNWXWN3Q6HJL 016GNWXWN3Q6HJL Lilac Montessori Bill.com Inv #,exclusion_reason,MEMBERSHIP_FEE,approved,owner annotation 2026-07-23
bdep_6d85ecc6f34d660b736fd75f,2/13/2026,1922.64,STRIPE           TRANSFER          ST-X7F8K2L9R8Y6 THE WILDFLOWER FOUNDAT,inclusion_descriptor,STRIPE_DONATION,approved,owner annotation 2026-07-23
bdep_4786d907c1892dc2bc5cb62c,3/15/2019,868.27,COBRA TRUST ACCT BASICPacif                        COBRA REMIT,exclusion_reason,COBRA,approved,owner annotation 2026-07-23
bdep_d79213c061b917877676fc66,4/24/2025,1901.7,STRIPE           TRANSFER          ST-P9N4T0D8L3L4 THE WILDFLOWER FOUNDAT,inclusion_descriptor,STRIPE_DONATION,approved,owner annotation 2026-07-23
bdep_29c5a93f23e91720232149d6,4/8/2019,2000,INTUIT PYMT SOLN DEPOSIT    190406 524771997507722 THE WILDFLOWER FOUNDAT,exclusion_reason,LOAN_PAYMENT,approved,owner annotation 2026-07-23
bdep_0718bedbddff30c5fd7fa8b3,12/23/2024,10000,"WT FED#00018 PERSHING LLC          /ORG=TIMBER CAPITAL, LLC 5835 E. 1200 S.           SRF#    F5SXXXXXXXX92500 TRN#XXXXXXXX6603  RFB#",inclusion_descriptor,DONATION,approved,owner annotation 2026-07-23
bdep_2d82e6c511b95a444bc95153,12/28/2023,10000,THE 20 22 ACT    PAYMENTS          WILDFLOWER SCHO WILDFLOWER SCHOOLS,inclusion_descriptor,DONATION,approved,owner annotation 2026-07-23
bdep_93ca7b5101867333ade3bad5,12/9/2022,10000,The McKnight Fou McKnight          V01307          The Wildflower Foundat,inclusion_descriptor,DONATION,approved,owner annotation 2026-07-23
bdep_48ae3d23ccd087b962653646,5/3/2019,1665.28,INTUIT PYMT SOLN DEPOSIT    190503 524771997507722 THE WILDFLOWER FOUNDAT,exclusion_reason,LOAN_PAYMENT,approved,owner annotation 2026-07-23
bdep_687dca060e89c7b3dedc2575,12/4/2017,499,INTUIT PYMT SOLN DEPOSIT 171203 524771997507722 THE WILDFLOWER FOUNDAT,exclusion_reason,LOAN_PAYMENT,approved,owner annotation 2026-07-23
bdep_e67045dc8a3616d95120c9cc,4/17/2025,10000,The McKnight Fou McKnight          V01307          Wildflower Foundation,inclusion_descriptor,DONATION,approved,owner annotation 2026-07-23
bdep_48a0a51ac2685835c24abc32,1/9/2020,2500,ASTER MONTESSORI JAN2020                           Wildflower Foundation,exclusion_reason,LOAN_PAYMENT,approved,owner annotation 2026-07-23
bdep_4003f65dc311b735a042c3e2,6/5/2019,1794,ATM CHECK DEPOSIT              ON              06/05 1505 WEST LAKE ST         MINNEAPOLIS   MN  0002450           ATM ID 6991J    CARD 7365,exclusion_reason,LOAN_PAYMENT,approved,owner annotation 2026-07-23
bdep_2f5a1080921a861a9f735c70,2/24/2021,1500,STRIPE           TRANSFER          ST-I8P3W7I9K9G4 THE WILDFLOWER FOUNDAT,inclusion_descriptor,STRIPE_DONATION,approved,owner annotation 2026-07-23
bdep_e2d6abe3e0c84ce6e30d7f2b,12/24/2025,1489.06,STRIPE           TRANSFER          ST-N3O6R5P6X7B2 THE WILDFLOWER FOUNDAT,inclusion_descriptor,STRIPE_DONATION,approved,owner annotation 2026-07-23
bdep_67ec101e0f478c216783147c,6/24/2019,1820,INTUIT PYMT SOLN DEPOSIT    190622 524771997507722 THE WILDFLOWER FOUNDAT,exclusion_reason,LOAN_PAYMENT,approved,owner annotation 2026-07-23
bdep_0fc2e6740a66c770585246de,8/1/2019,2500,ASTER MONTESSORI LOAN 0819                         Wildflower Foundation,exclusion_reason,LOAN_REPAYMENT,approved,owner annotation 2026-07-23
bdep_86cb7f7c46b4541bcc0fc588,10/12/2021,10000,eDeposit in Branch/Store 10/12/21 02:38:21 PM 1505 W LAKE ST MINNEAPOLIS MN 7365,inclusion_descriptor,DONATION,approved,owner annotation 2026-07-23
bdep_98506953e923d8688fdee260,2/15/2019,250,INTUIT PYMT SOLN DEPOSIT    190215 524771997507722 THE WILDFLOWER FOUNDAT,exclusion_reason,LOAN_PAYMENT,approved,owner annotation 2026-07-23
bdep_9d1fd782589933da3b36a94f,9/26/2022,1449.22,STRIPE           TRANSFER          ST-B1Z4V0D8P4F9 THE WILDFLOWER FOUNDAT,inclusion_descriptor,STRIPE_DONATION,approved,owner annotation 2026-07-23
bdep_5240672e3141a5793c3602b2,3/21/2024,10000,The McKnight Fou McKnight          V01307          Wildflower Foundation,inclusion_descriptor,DONATION,approved,owner annotation 2026-07-23
bdep_c3c6fdd8c57883dbcfe1b31e,8/10/2023,10000,CityBridge Found ACH Pmt    230810 11026993941     Black WildFlowers Fund,inclusion_descriptor,DONATION,approved,owner annotation 2026-07-23
bdep_9408ea13fc7fd77935054007,12/27/2024,10000,"WT FED#07557 BANK OF AMERICA, N    /ORG=1/D B SERVICES DIANA C BARRIENTOS A           SRF#    XXXXXXXXXXXX6553 TRN#XXXXXXXX4449  RFB#           528023126",inclusion_descriptor,DONATION,approved,owner annotation 2026-07-23
bdep_43e3b0298368d293ad7b778f,12/30/2024,10000,THE 20 22 ACT    PAYMENTS          WILDFLOWER SCHO WILDFLOWER SCHOOLS,inclusion_descriptor,DONATION,approved,owner annotation 2026-07-23
bdep_32b07b09fba751013b5b3fd8,12/29/2025,10000,WT XXXXXXXXXXXX0004 D & B SERVICES   /ORG=1/D  B SERVICES DIANA C BARRIENTOS          SRF#    XXXXXXXXXXXX0004 TRN#XXXXXXXX3752  RFB#,inclusion_descriptor,DONATION,approved,owner annotation 2026-07-23
bdep_278464f8d6a169267553d0ca,11/20/2025,9745,AMER ONLINE GIV1 EDI PAYMNT NOV 17 1PY7WDKRDA      REF*TN*1PY7WDKRDA*Donation from AOGFcauses.benev,inclusion_descriptor,DONATION,approved,owner annotation 2026-07-23
bdep_f3b53d72a9d2a81e4f27085a,12/14/2023,8578.61,LISC             ACH PAYMEN 121423 564273          THE WILDFLOWER FOUNDAT,inclusion_descriptor,DONATION,approved,owner annotation 2026-07-23
bdep_eb594ece9b01b20a3acdf2e0,12/19/2025,1447.06,STRIPE           TRANSFER          ST-T4P8O8U5Z4H5 THE WILDFLOWER FOUNDAT,inclusion_descriptor,STRIPE_DONATION,approved,owner annotation 2026-07-23
bdep_9a86ee893d05a620e3fb115f,6/8/2026,8469.3,ONLINE TRANSFER IC MARCH PAYROLL REF #BB0YFTJ88V,inclusion_descriptor,CSP,approved,owner annotation 2026-07-23
bdep_44b436f379da23e10e61002e,11/6/2023,7712.5,LISC             ACH PAYMEN 110623 562464          THE WILDFLOWER FOUNDAT,inclusion_descriptor,DONATION,approved,owner annotation 2026-07-23
bdep_ddf388c91970b284b44847e9,1/29/2025,545.45,Rain Lily Montes Receivable        016TZPQSC3MGIS5 016TZPQSC3MGIS5 Rain Lily Montes Bill.com Inv 17,exclusion_reason,MEMBERSHIP_FEE,approved,owner annotation 2026-07-23
bdep_6617c7a715114c2f59ffb9fa,4/7/2026,666.67,Desert Peach Mon Bill.com          026LPIPXF1VYQLT Desert Peach Montessori School Bill.com 026LPIPX,exclusion_reason,MEMBERSHIP_FEE,approved,owner annotation 2026-07-23
bdep_1435c3bacb7d0dc3f3aa9f0f,9/28/2022,1422.52,STRIPE           TRANSFER          ST-V6P8R6L9B4G6 THE WILDFLOWER FOUNDAT,inclusion_descriptor,STRIPE_DONATION,approved,owner annotation 2026-07-23
bdep_ec0271ad6099fe81dbfdfd86,6/17/2019,1412,ASTER MONTESSORI LOAN                              Wildflower Foundation,exclusion_reason,LOAN_REPAYMENT,approved,owner annotation 2026-07-23
bdep_ae327cbf8e434eddd531227f,7/11/2023,1250,DC WILDFLOWER PU EFT PYMT   071023 Charter School  The Wildflower Foundat,exclusion_reason,SERVICE_AGREEMENT,approved,owner annotation 2026-07-23
bdep_a0dea6857387ecf842687396,11/13/2020,7500,NEW SCHOOLS 1310 PAYMENTS          VEN000829       WILDFLOWER FOUNDATION,exclusion_reason,EMBRACING_EQUITY,approved,owner annotation 2026-07-23 (folded from NON_WF_FLAG)
bdep_26470942cf8fa4d496b14a85,12/6/2024,1102.1,STRIPE           TRANSFER          ST-P0H2C7W7L6N8 THE WILDFLOWER FOUNDAT,inclusion_descriptor,STRIPE_DONATION,approved,owner annotation 2026-07-23
bdep_2b6cb927274e578715f2e1ea,12/5/2024,1004.56,STRIPE           TRANSFER          ST-R8Q7I9Y2I5D5 THE WILDFLOWER FOUNDAT,inclusion_descriptor,STRIPE_DONATION,approved,owner annotation 2026-07-23
bdep_3ab1572f56f269a0475a7e8b,10/9/2020,7000,NEW SCHOOLS 1310 PAYMENTS          VEN000829       WILDFLOWER FOUNDATION,exclusion_reason,EMBRACING_EQUITY,approved,owner annotation 2026-07-23 (folded from NON_WF_FLAG)
bdep_9b952c9a113d943e9d09f9e6,12/6/2018,6806.69,GUSTO            CND 811913 181206 6semjnaapp7     The Wildflower Foundat 201812061,exclusion_reason,PAYROLL_REFUND,approved,owner annotation 2026-07-23
bdep_b2ba67b9f5f50175b2ea077f,12/22/2025,1000.01,STRIPE           TRANSFER          ST-Q5E2Y9H7Z5V8 THE WILDFLOWER FOUNDAT,inclusion_descriptor,STRIPE_DONATION,approved,owner annotation 2026-07-23
bdep_89a315f57ba0313a211fee5d,1/8/2025,6780,"WT FED#08174 PERSHING LLC          /ORG=TIMBER CAPITAL, LLC 5835 E. 1200 S.           SRF#    F3SXXXXXXXX11700 TRN#XXXXXXXX4092  RFB#",inclusion_descriptor,DONATION,approved,owner annotation 2026-07-23
bdep_69a2f573c32fec9c03b29c10,2/21/2018,1500,ATM CHECK DEPOSIT 02/21 3030 NICOLLET AVE MINNEAPOLIS MN 5813V 7365,exclusion_reason,LOAN_PAYMENT,approved,owner annotation 2026-07-23
bdep_38b48fd991de562e7920d829,12/3/2025,3960.88,Bill.com         Receivable        015MOIORDARLXWA Tiger Lily School Bill.com 015MOIORDARLXWA multi,exclusion_reason,MEMBERSHIP_FEE,approved,owner annotation 2026-07-23
bdep_56980db288a08e0b59639265,2/12/2019,600,Sunny Hollow Mon Bill.com          015PUKJZTRZA4D5 Sunny Hollow Montessori Bill.com 015PUKJZTRZA4D5,exclusion_reason,EMBRACING_EQUITY,approved,owner annotation 2026-07-23
bdep_09bb31a360f636d5ca47e957,9/18/2024,992.71,STRIPE           TRANSFER          ST-D5P8F6Z9G8E7 THE WILDFLOWER FOUNDAT,inclusion_descriptor,STRIPE_DONATION,approved,owner annotation 2026-07-23
bdep_40ba9369e83b8560c816d154,4/10/2026,937.22,Bill.com         Receivable        015OTUAQFXY095M Echinacea Montessori School Bill.com 015OTUAQFXY,exclusion_reason,MEMBERSHIP_FEE,approved,owner annotation 2026-07-23
bdep_3e0858074bb5cfed40959ae8,11/8/2024,992.71,STRIPE           TRANSFER          ST-U8L6K2H6G1S3 THE WILDFLOWER FOUNDAT,inclusion_descriptor,STRIPE_DONATION,approved,owner annotation 2026-07-23
bdep_4a2bb7bc934445683717a7d2,12/24/2024,4523.02,Wildflower New Y Receivable        016VGTUFK3LA8UO 016VGTUFK3LA8UO Wildflower New Y Bill.com Inv G,exclusion_reason,MEMBERSHIP_FEE,approved,owner annotation 2026-07-23
bdep_b996089fce44175f5837f81e,6/29/2022,983,STRIPE           TRANSFER          ST-G4V7Y1E4S3A5 THE WILDFLOWER FOUNDAT,inclusion_descriptor,STRIPE_DONATION,approved,owner annotation 2026-07-23
bdep_f495d0fd5bc14af72ac6d8c6,4/21/2022,6520,ATM CHECK DEPOSIT              ON              04/21 1505 W Lake St            Minneapolis   MN  0007056           ATM ID 6991J    CARD 7365,inclusion_descriptor,DONATION,approved,owner annotation 2026-07-23
bdep_7a2e8d1007a9331fbfece64d,1/2/2020,970.7,STRIPE           TRANSFER          ST-N9X5N7O7V1D8 THE WILDFLOWER FOUNDAT,inclusion_descriptor,STRIPE_DONATION,approved,owner annotation 2026-07-23
bdep_8eea860e0cfb2cf905531f24,4/1/2024,6317,DC WILDFLOWER PU EFT PYMT   032924 Charter School  The Wildflower Foundat,exclusion_reason,SERVICE_AGREEMENT,approved,owner annotation 2026-07-23
bdep_22dd49cabef05651dfd70b49,12/26/2024,953.2,STRIPE           TRANSFER          ST-D2N8O6Z3J2W0 THE WILDFLOWER FOUNDAT,inclusion_descriptor,STRIPE_DONATION,approved,owner annotation 2026-07-23
bdep_d1d0730a1c258bbbc2349fcd,12/12/2025,6179.08,DC WILDFLOWER PU EFT PYMT   121125 Charter School  The Wildflower Foundat,exclusion_reason,SERVICE_AGREEMENT,approved,owner annotation 2026-07-23
bdep_db7169082997d714050d90e9,2/18/2026,950.7,STRIPE           TRANSFER          ST-Q1N9R5Y2V0N3 THE WILDFLOWER FOUNDAT,inclusion_descriptor,STRIPE_DONATION,approved,owner annotation 2026-07-23
bdep_d14000c2ab287f79a5956988,3/27/2026,950.7,STRIPE           TRANSFER          ST-X9M0G9F4G7A9 THE WILDFLOWER FOUNDAT,inclusion_descriptor,STRIPE_DONATION,approved,owner annotation 2026-07-23
bdep_8d51c07a4462832e3371a889,4/9/2024,5544,DC WILDFLOWER PU EFT PYMT   040824 Charter School  The Wildflower Foundat,exclusion_reason,SERVICE_AGREEMENT,approved,owner annotation 2026-07-23
bdep_6aa880e43bf5bb418028e0ca,12/4/2020,940.06,STRIPE           TRANSFER          ST-T4J9M2I4R9F8 THE WILDFLOWER FOUNDAT,inclusion_descriptor,STRIPE_DONATION,approved,owner annotation 2026-07-23
bdep_ed0f15c30dfda1fcd49c4fde,11/21/2024,4523.02,Wildflower New Y Receivable        016XCUNHZ3K1QMC 016XCUNHZ3K1QMC Wildflower New Y Bill.com Inv CS,exclusion_reason,MEMBERSHIP_FEE,approved,owner annotation 2026-07-23
bdep_8eb2194a4b5082c45a5a695e,2/19/2026,893.41,STRIPE           TRANSFER          ST-Q8N1T8Q3R9P0 THE WILDFLOWER FOUNDAT,inclusion_descriptor,STRIPE_DONATION,approved,owner annotation 2026-07-23
bdep_0b8c4f8d4b4ba73e72d7b15e,2/10/2025,714.83,STRIPE           TRANSFER          ST-Z9Z0C8K9N5J6 THE WILDFLOWER FOUNDAT,inclusion_descriptor,STRIPE_DONATION,approved,owner annotation 2026-07-23
bdep_100bc08058cf6e71369848f6,6/10/2020,1517.18,COBRA TRUST ACCT BASICPacif                        COBRA REMIT,exclusion_reason,COBRA,approved,owner annotation 2026-07-23
bdep_d5f8f132c53150ea14add392,7/27/2022,694.93,STRIPE           TRANSFER          ST-U6U6G8Z2X0L4 THE WILDFLOWER FOUNDAT,inclusion_descriptor,STRIPE_DONATION,approved,owner annotation 2026-07-23
bdep_1dae5ac2a4f9478aeceb2894,3/8/2023,694.91,STRIPE           TRANSFER          ST-X3D5D1N1V5E5 THE WILDFLOWER FOUNDAT,inclusion_descriptor,STRIPE_DONATION,approved,owner annotation 2026-07-23
bdep_51beefa297d24e0811b7ec4e,1/2/2025,625.35,STRIPE           TRANSFER          ST-I6S8E0Q3U4P7 THE WILDFLOWER FOUNDAT,inclusion_descriptor,STRIPE_DONATION,approved,owner annotation 2026-07-23
bdep_5a40b2dff80db46d65fab6f1,12/4/2025,593.23,STRIPE           TRANSFER          ST-Q8U4V2U5N5C8 THE WILDFLOWER FOUNDAT,inclusion_descriptor,STRIPE_DONATION,approved,owner annotation 2026-07-23
bdep_514d6e81eeea55d7f316beb9,3/13/2026,4623.55,Minnesota Wildfl Receivable        016ZODLZG41DWX4 016ZODLZG41DWX4 Minnesota Wildfl Bill.com Inv TW,exclusion_reason,MEMBERSHIP_FEE,approved,owner annotation 2026-07-23
bdep_db7fa98cee1414a89e7f64dc,10/27/2023,584.7,STRIPE           TRANSFER          ST-H0R0D5P5M6N7 THE WILDFLOWER FOUNDAT,inclusion_descriptor,STRIPE_DONATION,approved,owner annotation 2026-07-23
bdep_6ccaa9f7f91a1911294a0100,11/17/2025,4864.55,Bill.com         Receivable        015UWJZQAPQSGJE Multiple Payments Bill.com Receivables 015UWJZQA,needs_research,MULTIPLE_PAYMENT_RESEARCH,unresolved,owner annotation 2026-07-23
bdep_b52a7a4a933b4334f0fb98ce,9/30/2024,545.45,Desert Peach Mon Bill.com          026KPMWYQ13G9SX Desert Peach Montessori School Bill.com 026KPMWY,exclusion_reason,MEMBERSHIP_FEE,approved,owner annotation 2026-07-23
bdep_0c0766161e1eea729e3d5b62,2/27/2020,240,INTUIT PYMT SOLN DEPOSIT    200227 524771997507722 THE WILDFLOWER FOUNDAT,exclusion_reason,LOAN_PAYMENT,approved,owner annotation 2026-07-23
bdep_da70f9d3607e30f1d4784f93,10/17/2025,4623.66,Minnesota Wildfl Receivable        016BOAYFC3W4QM1 016BOAYFC3W4QM1 Minnesota Wildfl Bill.com For In,exclusion_reason,MEMBERSHIP_FEE,approved,owner annotation 2026-07-23
bdep_49c8c39a0c8284219ba384cf,12/22/2022,5000,TD AMERITRADE IN ACH OUT           aXG0ZSKCM8      KRISHNAN SAMPATH,inclusion_descriptor,DONATION,approved,owner annotation 2026-07-23
bdep_a7b28e4f785085ce0da73eb4,11/1/2023,5000,"WT FED#02183 PNC BANK, N.A.        /ORG=SPRING POINT PARTNERS LLC                     SRF#    23B1H3007C1X0P40 TRN#231101150589  RFB#                 SPP",inclusion_descriptor,DONATION,approved,owner annotation 2026-07-23
bdep_23a72ed89a444f7f85da3142,6/6/2025,454.55,Lilac Montessori Receivable        016JPQLNH3R9HA4 016JPQLNH3R9HA4 Lilac Montessori Bill.com Inv TW,exclusion_reason,MEMBERSHIP_FEE,approved,owner annotation 2026-07-23
bdep_1c8ad89166baff6607b9a82d,1/17/2023,5000,MDRC             CREDITS           ACH1112202      THE WILDFLOWER FOUNDAT,inclusion_descriptor,DONATION,approved,owner annotation 2026-07-23
bdep_f1f55dbae834c25368d16e9b,2/13/2019,237.5,INTUIT PYMT SOLN DEPOSIT    190213 524771997507722 THE WILDFLOWER FOUNDAT,exclusion_reason,LOAN_PAYMENT,approved,owner annotation 2026-07-23
bdep_a7d5b1ab1e3496eef19d054e,9/24/2024,545.45,Wildflower Monte Receivable        016MDNHIJ3HST5J 016MDNHIJ3HST5J Wildflower Monte Bill.com Inv 79,exclusion_reason,MEMBERSHIP_FEE,approved,owner annotation 2026-07-23
bdep_4f0fa91363c77f4b9afa8ce2,1/27/2025,2522.44,Wild Rose Montes Receivable        016AUHZCI3MD1TF 016AUHZCI3MD1TF Wild Rose Montes Bill.com Inv 17,exclusion_reason,MEMBERSHIP_FEE,approved,owner annotation 2026-07-23
bdep_2ef8dfddcce119831b353c60,12/19/2024,75000,Bainum Family Fo Receivable        016KPZTMI3L3MJ0 016KPZTMI3L3MJ0 Bainum Family Fo Bill.com Inv G,inclusion_descriptor,DONATION,approved,owner annotation 2026-07-23
bdep_a33014ee5183a98a12d82dc2,2/13/2020,237.5,INTUIT PYMT SOLN DEPOSIT    200213 524771997507722 THE WILDFLOWER FOUNDAT,exclusion_reason,LOAN_PAYMENT,approved,owner annotation 2026-07-23
bdep_f2990d3346a6a2c3ba6bcf92,5/23/2025,4523.02,Wildflower New Y Receivable        016TPFBUH3QQV36 016TPFBUH3QQV36 Wildflower New Y Bill.com Inv TW,exclusion_reason,MEMBERSHIP_FEE,approved,owner annotation 2026-07-23
bdep_cabc103072e5c9e5baf1608c,9/26/2024,545.45,Rain Lily Montes Receivable        016INNJHG3HW7AK 016INNJHG3HW7AK Rain Lily Montes Bill.com Inv 79,exclusion_reason,MEMBERSHIP_FEE,approved,owner annotation 2026-07-23
bdep_7efda554fcac52ac30d1d524,8/28/2024,545.45,Rain Lily Montes Receivable        016LUDNUP3GOYR8 016LUDNUP3GOYR8 Rain Lily Montes Bill.com Inv 79,exclusion_reason,MEMBERSHIP_FEE,approved,owner annotation 2026-07-23
bdep_742abec24050100941337f90,3/16/2018,5000,THE MIND TRUST BILL PMT 031518 5510788945 WELLS FARGO BANK,inclusion_descriptor,DONATION,approved,owner annotation 2026-07-23
bdep_c1d2b6288ffcc8d527f825b7,8/28/2024,1282.33,Urban Village Mo Receivable        016QOCEWP3GOYR9 016QOCEWP3GOYR9 Urban Village Mo Bill.com Inv 79,exclusion_reason,MEMBERSHIP_FEE,approved,owner annotation 2026-07-23
bdep_5471f2e4180ef10f57e0455d,10/5/2020,5000,ACH RETURNS       - THE WILDFLOWER F - FILE 7878782339 COID 1812826681,exclusion_reason,RETURN_WIRE,approved,owner annotation 2026-07-23
bdep_feb9f5ed7ef0a43be5ece56e,10/31/2024,5000,WT FED#08440 JPMORGAN CHASE BAN    /ORG=ROBERT KINSMAN REVOCABLE TRUST                SRF#        XXXXXX0305ES TRN#XXXXXXXX9389  RFB#     OS1 OF 24/10/31,inclusion_descriptor,DONATION,approved,owner annotation 2026-07-23
bdep_b5679363ed7d22a5d604dc9a,12/31/2024,5000,WT FED#03979 JPMORGAN CHASE BAN    /ORG=MELANIE SUE SPIEGEL                           SRF#        XXXXXX0366ES TRN#XXXXXXXX7008  RFB#     OS1 OF 24/12/31,inclusion_descriptor,DONATION,approved,owner annotation 2026-07-23
bdep_37ba5a13f28d5f191cf26ee5,11/7/2024,5000,WT FED#07619 JPMORGAN CHASE BAN    /ORG=ROBERT KINSMAN REVOCABLE TRUST                SRF#        XXXXXX0312ES TRN#XXXXXXXX0189  RFB#     OS1 OF 24/11/07,inclusion_descriptor,DONATION,approved,owner annotation 2026-07-23
bdep_33055963661b328fec6f24d0,6/12/2026,4990.56,Wildflower New Y Receivable        016XOFLGR454VYW 016XOFLGR454VYW Wildflower New Y Bill.com Inv TW,exclusion_reason,MEMBERSHIP_FEE,approved,owner annotation 2026-07-23
bdep_0250b6a42129c140aeff3fa7,11/29/2019,2500,ASTER MONTESSORI DEC19                             Wildflower Foundation,exclusion_reason,LOAN_PAYMENT,approved,owner annotation 2026-07-23
bdep_c4488f6069988d32e3c2c480,12/23/2024,5000,WT ATSXXXXXXXX98728 CHARLES SCHWAB & /ORG=SAMPATH KRISHNAN                            SRF#    ATSXXXXXXXX98728 TRN#XXXXXXXX8103  RFB#,inclusion_descriptor,DONATION,approved,owner annotation 2026-07-23
bdep_6cd4704872c87179f8aecc87,12/30/2024,5000,WT FED#01312 JPMORGAN CHASE BAN    /ORG=MICAH WINKELSPECHT                            SRF#        XXXXXX0365ES TRN#XXXXXXXX1358  RFB#     OS1 OF 24/12/30,inclusion_descriptor,DONATION,approved,owner annotation 2026-07-23
bdep_5aa58d333c2620a917c996f6,1/29/2026,5000,ATM CHECK DEPOSIT              ON              01/29 1505 W Lake St            Minneapolis   MN  0003759           ATM ID 6991L    CARD 0628,inclusion_descriptor,DONATION,approved,owner annotation 2026-07-23
bdep_c0d3d6eaa73202e9ea6a13c1,7/10/2020,5000,NEW SCHOOLS 1310 PAYMENTS          VEN000829       WILDFLOWER FOUNDATION,exclusion_reason,EMBRACING_EQUITY,approved,owner annotation 2026-07-23 (folded from NON_WF_FLAG)
bdep_e8573af9a8f5515fc4fd4d79,1/31/2025,5000,FIDELITY INVESTM GrantPaymt Date   2648220         WILDFLOWER FOUNDATION,inclusion_descriptor,DONATION,approved,owner annotation 2026-07-23
bdep_88b2e3e7755b45c680ff59b0,12/29/2023,5000,WT ATSXXXXXXXX88772 CHARLES SCHWAB & /ORG=SAMPATH KRISHNAN                            SRF#    ATSXXXXXXXX88772 TRN#XXXXXXXX6452  RFB#,inclusion_descriptor,DONATION,approved,owner annotation 2026-07-23
bdep_4273449a9d44ebe75ee6cf58,8/26/2024,545.45,Wildflower Monte Receivable        016QWTZSD3GL1FF 016QWTZSD3GL1FF Wildflower Monte Bill.com Inv 79,exclusion_reason,MEMBERSHIP_FEE,approved,owner annotation 2026-07-23
bdep_b045cc113b95db03511eb5a7,6/11/2020,502.59,STRIPE           TRANSFER          ST-I8U8F0P3V7Z8 THE WILDFLOWER FOUNDAT,inclusion_descriptor,STRIPE_DONATION,approved,owner annotation 2026-07-23
bdep_10b2a5e15f47e8cabb78783f,12/6/2022,500,STRIPE           TRANSFER          ST-E9E0Q3I2T8W5 THE WILDFLOWER FOUNDAT,inclusion_descriptor,STRIPE_DONATION,approved,owner annotation 2026-07-23
bdep_68dbba68a64cd81103ec1adf,1/24/2022,1611.67,BasicBenef4347   BASICCOBRA                        The Wildflower Foundat,exclusion_reason,COBRA,approved,owner annotation 2026-07-23
bdep_b954843e6217256f84cea423,1/23/2019,1604.17,INTUIT PYMT SOLN DEPOSIT    190123 524771997507722 THE WILDFLOWER FOUNDAT,exclusion_reason,LOAN_PAYMENT,approved,owner annotation 2026-07-23
bdep_117a92ab70504a5698351946,1/26/2026,103599.75,ONLINE TRANSFER OCT 2025 PAYROLL CSP REF #BB0WLW8DPR,inclusion_descriptor,CSP,approved,owner annotation 2026-07-23
bdep_26d0e079e6302024110ec9ef,3/10/2020,1517.18,COBRA TRUST ACCT BASICPacif                        COBRA REMIT,exclusion_reason,COBRA,approved,owner annotation 2026-07-23
bdep_a9c4ce23b4a725ed5fdb9475,11/1/2018,1820,INTUIT PYMT SOLN DEPOSIT    181101 524771997507722 THE WILDFLOWER FOUNDAT 201811011,exclusion_reason,LOAN_PAYMENT,approved,owner annotation 2026-07-23
bdep_fadce4f6bf5c00bf6fad8ac1,12/20/2019,4673.98,WT FED#03244 JPMORGAN CHASE BAN    /ORG=THE SCULLY PERETSMAN                          SRF#        1032400354ES TRN#191220045218  RFB#     OS1 OF 19/12/20,inclusion_descriptor,DONATION,approved,owner annotation 2026-07-23
bdep_c29cb2facce1cec196593fae,11/20/2020,4616,ALLIANT INSURANC HIST RTN   201120 9MWPCF          WILDFLOWER INVOICES,exclusion_reason,PAYMENT_REFUND,approved,owner annotation 2026-07-23
bdep_d86c1bbbb660bb3bb506c9bc,11/30/2020,4616,ALLIANT INSURANC HIST RTN   201130 56CNDF          JENNIE HOUGHTON,exclusion_reason,PAYMENT_REFUND,approved,owner annotation 2026-07-23
bdep_57be570b56e6aadb9b51dd4c,11/24/2017,1604.17,INTUIT PYMT SOLN DEPOSIT 171123 524771997507722 THE WILDFLOWER FOUNDAT,exclusion_reason,LOAN_PAYMENT,approved,owner annotation 2026-07-23
bdep_872b3c06e7db9b59fbbcda2f,10/16/2025,1347.33,Roxbury Roots Mo Receivable        016TGHERD3W2PQT 016TGHERD3W2PQT Roxbury Roots Mo Bill.com Inv TW,exclusion_reason,MEMBERSHIP_FEE,approved,owner annotation 2026-07-23
bdep_8fa6ad6193cee9f570dd0e45,2/17/2026,500,STRIPE           TRANSFER          ST-H0E0A5U4X8L1 THE WILDFLOWER FOUNDAT,inclusion_descriptor,STRIPE_DONATION,approved,owner annotation 2026-07-23
bdep_48b7da708a63f189f95232cb,6/21/2023,433.27,Bill.com         Receivable        016QPVRXT2ORRBX         Hyacinth Bill.com 016QPVRXT2ORRBX Inv #7,exclusion_reason,MEMBERSHIP_FEE,approved,owner annotation 2026-07-23
bdep_6ce36cad804a9d5856e72d14,6/16/2026,666.67,Orchid Montessor Bill.com          016QXQAYN4588PE Orchid Montessori Bill.com 016QXQAYN4588PE Inv T,exclusion_reason,MEMBERSHIP_FEE,approved,owner annotation 2026-07-23
bdep_6a4df53a42deeb856428bd0c,7/26/2024,4237.5,Local Initiative EDI PYMNTS        XXXXXXXX2250278 The Wildflower Foundat,inclusion_descriptor,DONATION,approved,owner annotation 2026-07-23
bdep_1585438062b7fc3698591384,2/5/2021,496.38,STRIPE           TRANSFER          ST-O0R4D5A6L6K1 THE WILDFLOWER FOUNDAT,inclusion_descriptor,STRIPE_DONATION,approved,owner annotation 2026-07-23
bdep_0642e15c387f34259bdb4c2d,1/9/2026,666.67,Desert Peach Mon Bill.com          026MRUGVN1RAB0T Desert Peach Montessori School Bill.com 026MRUGV,exclusion_reason,MEMBERSHIP_FEE,approved,owner annotation 2026-07-23
bdep_cabe7742ee31f6ecdee5fba0,12/23/2020,496.38,STRIPE           TRANSFER          ST-S4T9J4M5A1C7 THE WILDFLOWER FOUNDAT,inclusion_descriptor,STRIPE_DONATION,approved,owner annotation 2026-07-23
bdep_071ab55cffecf3a5d8d009b9,2/28/2025,1282.33,Urban Village Mo Receivable        016RCWXWE3NL5XB 016RCWXWE3NL5XB Urban Village Mo Bill.com Inv TC,exclusion_reason,MEMBERSHIP_FEE,approved,owner annotation 2026-07-23
bdep_898d36f128cee33bc9038a34,1/2/2026,496.36,STRIPE           TRANSFER          ST-X6U9H3B6E4V4 THE WILDFLOWER FOUNDAT,inclusion_descriptor,STRIPE_DONATION,approved,owner annotation 2026-07-23
bdep_c3a64076b330b147bdcb94b2,11/13/2019,2626.07,COBRA TRUST ACCT BASICPacif                        COBRA REMIT,exclusion_reason,COBRA,approved,owner annotation 2026-07-23
bdep_fb257c6f495c06b38f700413,12/8/2022,496.36,STRIPE           TRANSFER          ST-W7C8A0M4P9W6 THE WILDFLOWER FOUNDAT,inclusion_descriptor,STRIPE_DONATION,approved,owner annotation 2026-07-23
bdep_3a68ea4d9e7e7371071a127c,12/24/2024,496,STRIPE           TRANSFER          ST-M6Y3Y1C5Q2U3 THE WILDFLOWER FOUNDAT,inclusion_descriptor,STRIPE_DONATION,approved,owner annotation 2026-07-23
bdep_40397995a48718f28237de53,7/10/2020,1517.18,COBRA TRUST ACCT BASICPacif                        COBRA REMIT,exclusion_reason,COBRA,approved,owner annotation 2026-07-23
bdep_0a22ec805e9680733650ccb1,4/22/2020,485.2,STRIPE           TRANSFER          ST-P7I4Y2X0V8Y0 THE WILDFLOWER FOUNDAT,inclusion_descriptor,STRIPE_DONATION,approved,owner annotation 2026-07-23
bdep_90456f0be030a385bbb1def4,6/18/2020,485.2,STRIPE           TRANSFER          ST-Z3W8Y6V5O8W1 THE WILDFLOWER FOUNDAT,inclusion_descriptor,STRIPE_DONATION,approved,owner annotation 2026-07-23
bdep_acad9dfb684c94b9184cb066,10/22/2025,3708.66,Bill.com         Receivable        015OJPQHILPHGPE Multiple Payments Bill.com Receivables 015OJPQHI,needs_research,MULTIPLE_PAYMENT_RESEARCH,unresolved,owner annotation 2026-07-23
bdep_44025274156b01d27ae4707b,12/24/2020,479.2,STRIPE           TRANSFER          ST-I4L0K2K0K1H8 THE WILDFLOWER FOUNDAT,inclusion_descriptor,STRIPE_DONATION,approved,owner annotation 2026-07-23
bdep_aae9eb2322fc091e33b4ab53,4/28/2025,2522.44,Wild Rose Montes Receivable        016BTZOXG3PQGXL 016BTZOXG3PQGXL Wild Rose Montes Bill.com Inv 50,exclusion_reason,MEMBERSHIP_FEE,approved,owner annotation 2026-07-23
bdep_6d4ebb7d82ae4d6a196c3beb,12/12/2022,3710,DC WILDFLOWER PU EFT PYMT   120922 Charter School  The Wildflower Foundat,exclusion_reason,SERVICE_AGREEMENT,approved,owner annotation 2026-07-23
bdep_0a6d29268046dff9c7e017eb,11/13/2025,1347.33,Roxbury Roots Mo Receivable        016UELKII3X33YK 016UELKII3X33YK Roxbury Roots Mo Bill.com Inv TW,exclusion_reason,MEMBERSHIP_FEE,approved,owner annotation 2026-07-23
bdep_9507690ff9f60c04e0ee9aa9,6/8/2018,3690,GUSTO CND 829444 180608 6semjn1b4pt The Wildflower Foundat,exclusion_reason,PAYROLL_REFUND,approved,owner annotation 2026-07-23
bdep_e398ada990f6f2471b8cce60,5/24/2024,3549,DC WILDFLOWER PU EFT PYMT   052324 Charter School  The Wildflower Foundat,exclusion_reason,SERVICE_AGREEMENT,approved,owner annotation 2026-07-23
bdep_20bcbf3c2697f1f596efd763,2/26/2025,545.45,Rain Lily Montes Receivable        016VFVKFN3NH6NM 016VFVKFN3NH6NM Rain Lily Montes Bill.com Inv TC,exclusion_reason,MEMBERSHIP_FEE,approved,owner annotation 2026-07-23
bdep_447866a62e959a1985de56bf,5/7/2026,1212.12,Desert Peach Mon Bill.com          026ENZYGC1XL2IT Desert Peach Montessori School Bill.com 026ENZYG,exclusion_reason,MEMBERSHIP_FEE,approved,owner annotation 2026-07-23
bdep_2950ee48554e3ccb45f1a1e2,1/9/2019,2000,INTUIT PYMT SOLN DEPOSIT    190109 524771997507722 THE WILDFLOWER FOUNDAT,exclusion_reason,LOAN_PAYMENT,approved,owner annotation 2026-07-23
bdep_87e65392151f05d9a8d949ae,4/3/2024,3511,DC WILDFLOWER PU EFT PYMT   040224 Charter School  The Wildflower Foundat,exclusion_reason,SERVICE_AGREEMENT,approved,owner annotation 2026-07-23
bdep_a3a71fac297bc5e8d0a9f140,1/31/2025,3500,AMER ONLINE GIV1 EDI PAYMNT JAN 28 F8G4LTF2BD      REF*TN*F8G4LTF2BD*Donation from AOGFcauses.benev,inclusion_descriptor,DONATION,approved,owner annotation 2026-07-23
bdep_56d2e56005a332c68fe97675,8/22/2024,3491.3,DC WILDFLOWER PU EFT PYMT   082124 Charter School  The Wildflower Foundat,exclusion_reason,SERVICE_AGREEMENT,approved,owner annotation 2026-07-23
bdep_1f3df60cd31a314302adf00e,7/31/2025,45172.76,ONLINE TRANSFER CSP TRANSFER REF #BB0TC9WJ32,inclusion_descriptor,CSP,approved,owner annotation 2026-07-23
bdep_7d991dac4337091d51be89d1,8/6/2024,1282.33,Urban Village Mo Receivable        016DOVEDP3FRLYW 016DOVEDP3FRLYW Urban Village Mo Bill.com Inv 79,exclusion_reason,MEMBERSHIP_FEE,approved,owner annotation 2026-07-23
bdep_9ad2c2b45923e179be27f878,10/7/2025,666.67,Desert Peach Mon Bill.com          026DIITGZ1M5MV8 Desert Peach Montessori School Bill.com 026DIITG,exclusion_reason,MEMBERSHIP_FEE,approved,owner annotation 2026-07-23
bdep_f5f142b24b01132430d39646,7/10/2024,3182,DC WILDFLOWER PU EFT PYMT   070924 Charter School  The Wildflower Foundat,exclusion_reason,SERVICE_AGREEMENT,approved,owner annotation 2026-07-23
bdep_a90739e44dca4774ba6e231d,11/18/2020,479.2,STRIPE           TRANSFER          ST-D4F4B3W9Q7I9 THE WILDFLOWER FOUNDAT,inclusion_descriptor,STRIPE_DONATION,approved,owner annotation 2026-07-23
bdep_2747d983d1eb067bbfb0a896,8/26/2024,454.55,Wildflower Monte Receivable        016CQOINU3GL1F9 016CQOINU3GL1F9 Wildflower Monte Bill.com Inv 79,exclusion_reason,MEMBERSHIP_FEE,approved,owner annotation 2026-07-23
bdep_754cd0515c69ad852399014b,3/27/2026,1854.33,Bill.com         Receivable        015HMKBMNEX98RN Aster Montessori School Inc Bill.com 015HMKBMNEX,exclusion_reason,MEMBERSHIP_FEE,approved,owner annotation 2026-07-23
bdep_d6e97bdb40193900c37ec518,8/28/2024,454.55,Wildflower Monte Receivable        016JYMXLV3GOYR7 016JYMXLV3GOYR7 Wildflower Monte Bill.com Inv 79,exclusion_reason,MEMBERSHIP_FEE,approved,owner annotation 2026-07-23
bdep_eb773f829009297e67c88789,7/14/2025,3000,ATM CHECK DEPOSIT              ON              07/13 4712 Chicago Ave          Minneapolis   MN  0006253           ATM ID 5819T    CARD 0628,inclusion_descriptor,DONATION,approved,owner annotation 2026-07-23
bdep_6054923893ff01f1b9aa3825,10/12/2022,514.17,BASIC            BASICCOBRA 221011                 The Wildflower Foundat,exclusion_reason,COBRA,approved,owner annotation 2026-07-23
bdep_8c2e6564cdc37b4e21a02286,8/26/2024,454.55,Wildflower Monte Receivable        016NYWMFG3GL1FC 016NYWMFG3GL1FC Wildflower Monte Bill.com Inv 79,exclusion_reason,MEMBERSHIP_FEE,approved,owner annotation 2026-07-23
bdep_5c7434f889861043a88db07e,7/19/2017,2955,WF RETURN WIRES IN PROC WT SEQ#50806 /ORG= SRF# 2017071900034161 TRN#170719050806 RFB#,exclusion_reason,RETURN_WIRE,approved,owner annotation 2026-07-23
bdep_fde18a885bbbccc66c30bc3e,1/28/2020,250,INTUIT PYMT SOLN DEPOSIT    200128 524771997507722 THE WILDFLOWER FOUNDAT,exclusion_reason,LOAN_PAYMENT,approved,owner annotation 2026-07-23
bdep_53c7e822382e77aef4f700d3,9/5/2024,454.55,DC WILDFLOWER PU EFT PYMT   090424 Charter School  The Wildflower Foundat,exclusion_reason,SERVICE_AGREEMENT,approved,owner annotation 2026-07-23
bdep_71f4884f13fcf90268c24717,7/1/2025,400,REVERSAL OF CHECK POSTED  7-01-25          REFER TO MAKER                             OUR REF:  7-01-25 00000000,exclusion_reason,RETURN_WIRE,approved,owner annotation 2026-07-23
bdep_2fded38f010ede190861731d,3/6/2026,1090.9,Desert Peach Mon Bill.com          026TVMYSP1UBQOP Desert Peach Montessori School Bill.com 026TVMYS,exclusion_reason,MEMBERSHIP_FEE,approved,owner annotation 2026-07-23
bdep_228b819516621dca715d3fed,9/30/2022,378.32,STRIPE           TRANSFER          ST-N9N2D0Z2U6B0 THE WILDFLOWER FOUNDAT,inclusion_descriptor,STRIPE_DONATION,approved,owner annotation 2026-07-23
bdep_3cdf520ff6b65f72f39e547c,11/15/2024,290.41,STRIPE           TRANSFER          ST-M5L2S2I7D4G9 THE WILDFLOWER FOUNDAT,inclusion_descriptor,STRIPE_DONATION,approved,owner annotation 2026-07-23
bdep_190d44ffe6287c67ae48b690,7/15/2024,3750,The Sunlight Loa Receivable        016BUHQFN3ET4BC 016BUHQFN3ET4BC The Sunlight Loa Bill.com Inv 79,exclusion_reason,MEMBERSHIP_FEE,approved,owner annotation 2026-07-23
bdep_c5c962d917a23ea453490f69,12/17/2021,2500,WT FED#02674 JPMORGAN CHASE BAN    /ORG=INCANDESCENT LLC                              SRF#        3116071351ES TRN#211217017827  RFB#     BMG OF 21/12/17,inclusion_descriptor,DONATION,approved,owner annotation 2026-07-23
bdep_537bfa941b885745b5b93be1,1/6/2025,289.36,STRIPE           TRANSFER          ST-N1M3S7A7J0Y5 THE WILDFLOWER FOUNDAT,inclusion_descriptor,STRIPE_DONATION,approved,owner annotation 2026-07-23
bdep_242e89da84ab3826df1d13eb,6/29/2020,2500,ASTER MONTESSORI JULY 2020                         Wildflower Foundation,exclusion_reason,MEMBERSHIP_FEE,approved,owner annotation 2026-07-23
bdep_af35f9b7ab55fac9bc3d8138,5/29/2020,2500,ASTER MONTESSORI JUNE 2020                         Wildflower Foundation,exclusion_reason,LOAN_PAYMENT,approved,owner annotation 2026-07-23
bdep_1ddd7c8430a70870973d4cd2,12/10/2020,271.86,STRIPE           TRANSFER          ST-O5D2M5A9S3P7 THE WILDFLOWER FOUNDAT,inclusion_descriptor,STRIPE_DONATION,approved,owner annotation 2026-07-23
bdep_506828560588c20233a8984d,9/24/2024,454.55,Wildflower Monte Receivable        016YZKCMQ3HST5I 016YZKCMQ3HST5I Wildflower Monte Bill.com Inv 79,exclusion_reason,MEMBERSHIP_FEE,approved,owner annotation 2026-07-23
bdep_600745f4915aef0c1420d0b3,7/30/2020,2500,ASTER MONTESSORI AUGUST2020                        Wildflower Foundation,exclusion_reason,LOAN_PAYMENT,approved,owner annotation 2026-07-23
bdep_b9e22562c640a006a6aa2392,8/28/2020,2500,ASTER MONTESSORI SEPT2020                          Wildflower Foundation,exclusion_reason,LOAN_PAYMENT,approved,owner annotation 2026-07-23
bdep_1c7a2113b68f1e1205ee16a9,10/3/2022,248.19,STRIPE           TRANSFER          ST-G4K4I3H5J2N8 THE WILDFLOWER FOUNDAT,inclusion_descriptor,STRIPE_DONATION,approved,owner annotation 2026-07-23
bdep_cb0e5156124f1f533aed863f,12/9/2020,248.19,STRIPE           TRANSFER          ST-B9S8A5M7G1H4 THE WILDFLOWER FOUNDAT,inclusion_descriptor,STRIPE_DONATION,approved,owner annotation 2026-07-23
bdep_21e666fef38decde56f58a99,2/26/2019,75,INTUIT PYMT SOLN DEPOSIT    190226 524771997507722 THE WILDFLOWER FOUNDAT,exclusion_reason,LOAN_PAYMENT,approved,owner annotation 2026-07-23
bdep_4a45577f6e884f46095c35dc,1/10/2020,1767.42,COBRA TRUST ACCT BASICPacif                        COBRA REMIT,exclusion_reason,COBRA,approved,owner annotation 2026-07-23
bdep_456b38bc93fe4e260702ab9d,5/21/2025,454.55,The Girasol Scho Receivable        016AGXKZE3QN4J2 016AGXKZE3QN4J2 The Girasol Scho Bill.com Inv 13,exclusion_reason,MEMBERSHIP_FEE,approved,owner annotation 2026-07-23
bdep_de4a58a56d789e47a25bec9e,3/2/2021,27000,Telluray Foundat Bill.com          016YHVGDG1PNVNJ Telluray Foundation Bill.com 016YHVGDG1PNVNJ Inv,inclusion_descriptor,DONATION,approved,owner annotation 2026-07-23
bdep_4b8cd9e30e301b2092a0960c,5/23/2024,2184,DC WILDFLOWER PU EFT PYMT   052224 Charter School  The Wildflower Foundat,exclusion_reason,SERVICE_AGREEMENT,approved,owner annotation 2026-07-23
bdep_f7c0167c3fa55b63a1df50a4,9/30/2021,2135.24,TIGER LILY MONTE SENDER     210930       XXXXX7822 0000WILDFLOWER FOUND,exclusion_reason,LOAN_PAYMENT,approved,owner annotation 2026-07-23
bdep_a6e7cfda51410e6419f18d9a,11/8/2018,1665.28,INTUIT PYMT SOLN DEPOSIT    181108 524771997507722 THE WILDFLOWER FOUNDAT 201811081,exclusion_reason,LOAN_PAYMENT,approved,owner annotation 2026-07-23
bdep_0897b8f1a1c30c9b9af2eb70,1/4/2022,248.19,STRIPE           TRANSFER          ST-G5P2R9C9E6C7 THE WILDFLOWER FOUNDAT,inclusion_descriptor,STRIPE_DONATION,approved,owner annotation 2026-07-23
bdep_76b8b4a24f4bf6c4a57bbe32,12/22/2025,24255.47,ONLINE TRANSFER CSP INDIRECT COSTS THROUGH SEPT 2025 REF #BB0W6P7Q25,inclusion_descriptor,CSP,approved,owner annotation 2026-07-23
bdep_e96e677dfaae13bc6463a614,4/2/2021,2025,ACH RETURNS       - THE WILDFLOWER F - FILE 7878782339 COID 1812826681,exclusion_reason,RETURN_WIRE,approved,owner annotation 2026-07-23
bdep_b7f6f0dcd4526ae018267444,3/27/2019,75,INTUIT PYMT SOLN DEPOSIT    190327 524771997507722 THE WILDFLOWER FOUNDAT,exclusion_reason,LOAN_PAYMENT,approved,owner annotation 2026-07-23
bdep_d8010ba79a4546a835bf2750,3/6/2026,3280,ONLINE TRANSFER CSP JM CONTRACT NOV 25  REF #BB0X5FGS5C,inclusion_descriptor,CSP,approved,owner annotation 2026-07-23
bdep_5bc481d9560d942bffd59cfc,2/2/2022,248.19,STRIPE           TRANSFER          ST-Z5L0F3P6P5E7 THE WILDFLOWER FOUNDAT,inclusion_descriptor,STRIPE_DONATION,approved,owner annotation 2026-07-23
bdep_201ee6a1c195b1a8df48e7de,12/18/2025,2000,WT 25DecXXXXXXX5669 CHARLES SCHWAB A /ORG=1/SAMPATH KRISHNAN CHARLES SCHWAB           SRF#    25DecXXXXXXX5669 TRN#XXXXXXXX9174  RFB#,inclusion_descriptor,DONATION,approved,owner annotation 2026-07-23
bdep_b2c7c0676553b52e3c49a93e,6/1/2023,248.18,STRIPE           TRANSFER          ST-Q9E1Q8W2F6J5 THE WILDFLOWER FOUNDAT,inclusion_descriptor,STRIPE_DONATION,approved,owner annotation 2026-07-23
bdep_13b2c18459eb174d92b04e23,12/9/2025,666.67,Desert Peach Mon Bill.com          026NAJZEI1PMEV5 Desert Peach Montessori School Bill.com 026NAJZE,exclusion_reason,MEMBERSHIP_FEE,approved,owner annotation 2026-07-23
bdep_df36daf1b6ce344108445e18,1/30/2026,248.17,STRIPE           TRANSFER          ST-Y8B9K1Z4S1Q1 THE WILDFLOWER FOUNDAT,inclusion_descriptor,STRIPE_DONATION,approved,owner annotation 2026-07-23
bdep_a164682baa0b66a5f19c9108,10/22/2024,858.18,Minnesota Wildfl Receivable        016PUIMEB3IVR5S 016PUIMEB3IVR5S Minnesota Wildfl Bill.com Inv 79,exclusion_reason,MEMBERSHIP_FEE,approved,owner annotation 2026-07-23
bdep_9334eab19acb634c443bc246,9/15/2022,3223.34,BASIC            BASICCOBRA 220909                 The Wildflower Foundat,exclusion_reason,COBRA,approved,owner annotation 2026-07-23
bdep_8296d2026bd8f7fbf48134e0,6/23/2022,247.05,STRIPE           TRANSFER          ST-B6O3A6E7S2I8 THE WILDFLOWER FOUNDAT,inclusion_descriptor,STRIPE_DONATION,approved,owner annotation 2026-07-23
bdep_e9d22e2ec827808d043ca80e,1/24/2019,1745,INTUIT PYMT SOLN DEPOSIT    190124 524771997507722 THE WILDFLOWER FOUNDAT,exclusion_reason,LOAN_PAYMENT,approved,owner annotation 2026-07-23
bdep_11e71082c46227b8255402a2,2/27/2019,2000,INTUIT PYMT SOLN DEPOSIT    190227 524771997507722 THE WILDFLOWER FOUNDAT,exclusion_reason,LOAN_PAYMENT,approved,owner annotation 2026-07-23
bdep_76c3e36b669c34fd209dece2,12/17/2021,239.45,STRIPE           TRANSFER          ST-J0J9N4B6S7E5 THE WILDFLOWER FOUNDAT,inclusion_descriptor,STRIPE_DONATION,approved,owner annotation 2026-07-23
bdep_c0000b74ed8a027729a6bde8,12/29/2022,238.7,STRIPE           TRANSFER          ST-H7G1N9L5C2D3 THE WILDFLOWER FOUNDAT,inclusion_descriptor,STRIPE_DONATION,approved,owner annotation 2026-07-23
bdep_d4db601ca2137a2e25b3e915,2/28/2025,454.55,Lilac Montessori Receivable        016SBMSSE3NL5XA 016SBMSSE3NL5XA Lilac Montessori Bill.com Inv #,exclusion_reason,MEMBERSHIP_FEE,approved,owner annotation 2026-07-23
bdep_4a597252f752a140a4d5dcc9,4/6/2022,1611.67,BASIC            BASICCOBRA 220406                 The Wildflower Foundat,exclusion_reason,COBRA,approved,owner annotation 2026-07-23
bdep_d2fc7a36b3fcaacf6454ede0,11/9/2017,1822.08,BUSINESS CHECKIN Expensify 5FD7D2 Report 23058386 BUSINESS CHECKING,exclusion_reason,EXPENSIFY_REFUND,approved,owner annotation 2026-07-23
bdep_526a4c6a5ce146916deb47cf,1/4/2024,238.07,STRIPE           TRANSFER          ST-R8S1Z1R7Z6T2 THE WILDFLOWER FOUNDAT,inclusion_descriptor,STRIPE_DONATION,approved,owner annotation 2026-07-23
bdep_d287c7c988f8002d4faa2ce0,11/19/2024,238.07,STRIPE           TRANSFER          ST-Q8V9N5L7P8K6 THE WILDFLOWER FOUNDAT,inclusion_descriptor,STRIPE_DONATION,approved,owner annotation 2026-07-23
bdep_aa6808efb936b6304f6e1c07,12/5/2025,227.79,STRIPE           TRANSFER          ST-E8U0F9X9M0Z5 THE WILDFLOWER FOUNDAT,inclusion_descriptor,STRIPE_DONATION,approved,owner annotation 2026-07-23
bdep_52661bde297de1e13df67ff7,7/7/2023,4451.44,"Snowdrop Montess Bill.com          025ZDPBBQHK186V Snowdrop Montessori School, Inc. Bill.com 025ZDP",exclusion_reason,MEMBERSHIP_FEE,approved,owner annotation 2026-07-23
bdep_07a575f91ccb02d4db2dfab9,10/5/2018,2000,INTUIT PYMT SOLN DEPOSIT 181005 524771997507722 THE WILDFLOWER FOUNDAT,exclusion_reason,LOAN_PAYMENT,approved,owner annotation 2026-07-23
bdep_3aab0c758d3df08aae5dbef8,9/10/2020,628.12,COBRA TRUST ACCT BASICPacif                        COBRA REMIT,exclusion_reason,COBRA,approved,owner annotation 2026-07-23
bdep_d451f715b352072fba94bf5d,3/27/2025,1282.33,Urban Village Mo Receivable        016HYNRUN3OL2KU 016HYNRUN3OL2KU Urban Village Mo Bill.com Inv 12,exclusion_reason,MEMBERSHIP_FEE,approved,owner annotation 2026-07-23
bdep_a9daab3cb7a41a759f463c98,2/7/2020,450,INTUIT PYMT SOLN DEPOSIT    200207 524771997507722 THE WILDFLOWER FOUNDAT,exclusion_reason,LOAN_PAYMENT,approved,owner annotation 2026-07-23
bdep_6dbf80d993aa5b6ddf9a063a,9/27/2022,219.69,STRIPE           TRANSFER          ST-G1Q4P3X6E8H0 THE WILDFLOWER FOUNDAT,inclusion_descriptor,STRIPE_DONATION,approved,owner annotation 2026-07-23
bdep_ed25c12ae223f1a65262f162,6/8/2026,292165.52,ONLINE TRANSFER CSP MAY NON PAYROLL REF #BB0YFTHQLB,inclusion_descriptor,CSP,approved,owner annotation 2026-07-23
bdep_d9755e5c17d9525dfc98670c,4/23/2018,1045,INTUIT PYMT SOLN DEPOSIT 180422 524771997507722 THE WILDFLOWER FOUNDAT,exclusion_reason,LOAN_PAYMENT,approved,owner annotation 2026-07-23
bdep_927c5aaa68037ff1fc1d8294,2/10/2026,4859.96,Bill.com         Receivable        015RVSVYQJUWU2T Multiple Payments Bill.com Receivables 015RVSVYQ,needs_research,MULTIPLE_PAYMENT_RESEARCH,unresolved,owner annotation 2026-07-23
bdep_77e06d31b867e423a2d424e0,2/10/2025,7462.36,Minnesota Wildfl Receivable        016JCNQDC3MW3MB 016JCNQDC3MW3MB Minnesota Wildfl Bill.com Multip,needs_research,MULTIPLE_PAYMENT_RESEARCH,unresolved,owner annotation 2026-07-23
bdep_f8de2667d731574be89ab9ae,1/18/2018,187.5,INTUIT PYMT SOLN DEPOSIT 180118 524771997507722 THE WILDFLOWER FOUNDAT,exclusion_reason,LOAN_PAYMENT,approved,owner annotation 2026-07-23
bdep_4b8e395fc5b7e660dd6a49f2,5/9/2023,65000,Peter Alfond Fou Bill.com          025MXBIXHAHXH9G Peter Alfond Foundation Bill.com 025MXBIXHAHXH9G,inclusion_descriptor,DONATION,approved,owner annotation 2026-07-23
bdep_ed23522fe3c2edb6de2f9e43,11/3/2017,499,INTUIT PYMT SOLN DEPOSIT 171103 524771997507722 THE WILDFLOWER FOUNDAT,exclusion_reason,LOAN_PAYMENT,approved,owner annotation 2026-07-23
bdep_1d85ed076b81067956988f9c,3/10/2020,2500,ASTER MONTESSORI MARCH 2020                        Wildflower Foundation,exclusion_reason,LOAN_PAYMENT,approved,owner annotation 2026-07-23
bdep_5173f0fceba71a8363fc7695,8/9/2019,2000,INTUIT PYMT SOLN DEPOSIT    190809 524771997507722 THE WILDFLOWER FOUNDAT,exclusion_reason,LOAN_PAYMENT,approved,owner annotation 2026-07-23
bdep_0bb529bd24fe9c81939477ad,10/27/2017,1604.17,INTUIT PYMT SOLN DEPOSIT 171027 524771997507722 THE WILDFLOWER FOUNDAT,exclusion_reason,LOAN_PAYMENT,approved,owner annotation 2026-07-23
bdep_188700e0845fb67d20507532,1/27/2026,1347.33,Roxbury Roots Mo Receivable        016EJQHSU3ZNMOI 016EJQHSU3ZNMOI Roxbury Roots Mo Bill.com Inv TW,exclusion_reason,MEMBERSHIP_FEE,approved,owner annotation 2026-07-23
bdep_09b2eea83f02932ce1ba9bbf,6/5/2026,3960.88,Bill.com         Receivable        016UVWJOM115BMY Multiple Payments Bill.com Receivables 016UVWJOM,needs_research,MULTIPLE_PAYMENT_RESEARCH,unresolved,owner annotation 2026-07-23
bdep_93ad3aae0c9b87c0b26bec51,4/28/2025,454.55,Bergamot Montess Bill.com          026EWLNVR1DFX8W Bergamot Montessori Bill.com 026EWLNVR1DFX8W Inv,exclusion_reason,MEMBERSHIP_FEE,approved,owner annotation 2026-07-23
bdep_af241a50e4069ca137935606,1/29/2025,653.68,Sundrops Montess Receivable        016ZHQUDB3MGIS6 016ZHQUDB3MGIS6 Sundrops Montess Bill.com Inv 17,exclusion_reason,MEMBERSHIP_FEE,approved,owner annotation 2026-07-23
bdep_766b636b7bb6eb88bb22ac51,6/8/2026,23168.51,ONLINE TRANSFER CSP GROVE DEC 25 AND JAN 26 GRANT REF #BB0YFTKWTB,inclusion_descriptor,CSP,approved,owner annotation 2026-07-23
bdep_81f0ef2bc29f80214802d5f8,12/15/2025,3708.66,Bill.com         Receivable        015QAOIHNMS7ND7 Multiple Payments Bill.com Receivables 015QAOIHN,needs_research,MULTIPLE_PAYMENT_RESEARCH,unresolved,owner annotation 2026-07-23
bdep_ae805c62b718913eb9c3f3ec,7/31/2025,107587.12,ONLINE TRANSFER CSP TRANSFER  REF #BB0TC9W7PF,inclusion_descriptor,CSP,approved,owner annotation 2026-07-23
bdep_078887ef1257be17d18f1722,9/17/2019,1451,"1330 Lagoon Aven PAYMENTS   190916 EFT-00787987    NTE*ZZZ*POQZ4BC5G39WFQA24U,POP963H26Z3X3TGFD5,PO",exclusion_reason,RENT_REFUND,approved,owner annotation 2026-07-23
bdep_9d5e05ff64b503728479ce07,12/14/2022,198.55,STRIPE           TRANSFER          ST-K0L0J6V0O9R6 THE WILDFLOWER FOUNDAT,inclusion_descriptor,STRIPE_DONATION,approved,owner annotation 2026-07-23
bdep_3938f2af7857928afe26f3b2,5/18/2026,4623.55,Minnesota Wildfl Receivable        016XANTZJ440Z31 016XANTZJ440Z31 Minnesota Wildfl Bill.com Inv TW,exclusion_reason,MEMBERSHIP_FEE,approved,owner annotation 2026-07-23
bdep_4c36e121b63c3d0ec01b590c,9/8/2025,666.67,Desert Peach Mon Bill.com          026UUENVY1KIUI8 Desert Peach Montessori School Bill.com 026UUENV,exclusion_reason,MEMBERSHIP_FEE,approved,owner annotation 2026-07-23
bdep_5e8859f81f1d6113a3073b77,10/5/2022,198.54,STRIPE           TRANSFER          ST-X3O6J0Z9H6P9 THE WILDFLOWER FOUNDAT,inclusion_descriptor,STRIPE_DONATION,approved,owner annotation 2026-07-23
bdep_b07ce46145573acc523f093a,7/7/2023,1210.8,WEWORK           WEWORK     230706 4741049         JENNIE *HOUGHTON,exclusion_reason,RENT_REFUND,approved,owner annotation 2026-07-23
bdep_1e28a585ef42085de13fc32b,3/11/2019,237.5,INTUIT PYMT SOLN DEPOSIT    190309 524771997507722 THE WILDFLOWER FOUNDAT,exclusion_reason,LOAN_PAYMENT,approved,owner annotation 2026-07-23
bdep_46d4933b62099803d405a0a6,7/10/2019,868.27,COBRA TRUST ACCT BASICPacif                        COBRA REMIT,exclusion_reason,COBRA,approved,owner annotation 2026-07-23
bdep_1c6ebea3e0f7d3b86faa893c,8/11/2023,552.48,BASIC            BASICCOBRA 230811                 The Wildflower Foundat,exclusion_reason,COBRA,approved,owner annotation 2026-07-23
bdep_0024f734bc285a8b0a7edbf8,1/7/2025,194.9,STRIPE           TRANSFER          ST-Y4Z8C4D9B6I1 THE WILDFLOWER FOUNDAT,inclusion_descriptor,STRIPE_DONATION,approved,owner annotation 2026-07-23
bdep_28735fac8f5e1d35ca64adf3,6/6/2025,1622.16,Snowdrop Montess Receivable        016FYFGJI3R9HA5 016FYFGJI3R9HA5 Snowdrop Montess Bill.com Multip,needs_research,MULTIPLE_PAYMENT_RESEARCH,unresolved,owner annotation 2026-07-23
bdep_75cb64ca917ea625bf5bb630,12/13/2021,194.87,STRIPE           TRANSFER          ST-L7D9M6T8N5R4 THE WILDFLOWER FOUNDAT,inclusion_descriptor,STRIPE_DONATION,approved,owner annotation 2026-07-23
bdep_0d3207e650978cd618d9131a,8/23/2018,1604.17,INTUIT PYMT SOLN DEPOSIT 180823 524771997507722 THE WILDFLOWER FOUNDAT,exclusion_reason,LOAN_PAYMENT,approved,owner annotation 2026-07-23
bdep_ad015efd7ebf40b0b342c57b,3/11/2026,191.99,STRIPE           TRANSFER          ST-N5X7Q1T6S0B3 THE WILDFLOWER FOUNDAT,inclusion_descriptor,STRIPE_DONATION,approved,owner annotation 2026-07-23
bdep_be2eb9808d1b10c96eeaa527,9/23/2020,191.5,STRIPE           TRANSFER          ST-X9E9G4P2M6D8 THE WILDFLOWER FOUNDAT,inclusion_descriptor,STRIPE_DONATION,approved,owner annotation 2026-07-23
bdep_2c71fb79a20d2c299072fba6,1/18/2022,1024.13,TIGER LILY MONTE SENDER     220118       XXXXX1088 0000WILDFLOWER FOUND,exclusion_reason,LOAN_PAYMENT,approved,owner annotation 2026-07-23
bdep_a06d0a90700b06d8023a9220,11/18/2024,190.4,STRIPE           TRANSFER          ST-O2R1O5T4F6C1 THE WILDFLOWER FOUNDAT,inclusion_descriptor,STRIPE_DONATION,approved,owner annotation 2026-07-23
bdep_a7222b573f568f3d355fd0f9,7/31/2024,1000,ANGELA SCHIAVONI SENDER     240731 733822648,inclusion_descriptor,DONATION,approved,owner annotation 2026-07-23
bdep_90b99962fb8b5e827055a463,8/22/2024,1002.7,Bill.com         Receivable        015BBFZUVI57XWH Inv #79252461-93,exclusion_reason,MEMBERSHIP_FEE,approved,owner annotation 2026-07-23
bdep_87ad374555e6c8bdd39eadf3,8/12/2025,6000,Bill.com         VoidPaymnt        015JZQHXBALYR7T Center for Guided Montessori Studies Bill.com 01,exclusion_reason,PAYMENT_REFUND,approved,owner annotation 2026-07-23
bdep_4ac4f91a212c3a7da859015a,2/28/2025,190.4,STRIPE           TRANSFER          ST-X4D3M7G1Z8Z1 THE WILDFLOWER FOUNDAT,inclusion_descriptor,STRIPE_DONATION,approved,owner annotation 2026-07-23
bdep_ca40df926c98167bf3cb10c5,7/18/2025,189.9,STRIPE           TRANSFER          ST-T0Q2Q6T9H6O0 THE WILDFLOWER FOUNDAT,inclusion_descriptor,STRIPE_DONATION,approved,owner annotation 2026-07-23
bdep_ac0072a6da757dd3856c33cc,12/30/2024,148.9,STRIPE           TRANSFER          ST-V5K0D5G7Q9W5 THE WILDFLOWER FOUNDAT,inclusion_descriptor,STRIPE_DONATION,approved,owner annotation 2026-07-23
bdep_1f48f30490aee3778ebfe919,12/27/2024,148.9,STRIPE           TRANSFER          ST-I1F2H3F1C8B2 THE WILDFLOWER FOUNDAT,inclusion_descriptor,STRIPE_DONATION,approved,owner annotation 2026-07-23
bdep_5924e4e1b2321e08917514dc,5/14/2025,653.68,Sundrops Montess Receivable        016MQDOOK3QDZIZ 016MQDOOK3QDZIZ Sundrops Montess Bill.com Inv 16,exclusion_reason,MEMBERSHIP_FEE,approved,owner annotation 2026-07-23
bdep_8efb1ac1587efcc0d5202626,9/2/2020,416.67,INTUIT PYMT SOLN DEPOSIT    200902 524771997507722 THE WILDFLOWER FOUNDAT,exclusion_reason,LOAN_PAYMENT,approved,owner annotation 2026-07-23
bdep_2f810c8f91f874d1ee26f5f3,12/8/2025,146.55,STRIPE           TRANSFER          ST-F8R6J5O3U5B1 THE WILDFLOWER FOUNDAT,inclusion_descriptor,STRIPE_DONATION,approved,owner annotation 2026-07-23
bdep_486c310d286530ed61200e76,12/18/2019,954.6,"1330 Lagoon Aven PAYMENTS   191218 EFT-00955027    NTE*ZZZ*POV5ESWG7JRSQXG8C5,PO69RHWSZ2QXKN9XJ5,91",exclusion_reason,RENT_REFUND,approved,owner annotation 2026-07-23
bdep_6d335181f0331772dab0db36,5/12/2026,142.35,STRIPE           TRANSFER          ST-V6J7K6J9K9S7 THE WILDFLOWER FOUNDAT,inclusion_descriptor,STRIPE_DONATION,approved,owner annotation 2026-07-23
bdep_9046319d9b8f463c35fe9dc3,8/30/2019,250,INTUIT PYMT SOLN DEPOSIT    190830 524771997507722 THE WILDFLOWER FOUNDAT,exclusion_reason,LOAN_PAYMENT,approved,owner annotation 2026-07-23
bdep_d365451cbe0e1d37c61dddb7,12/2/2021,943.07,TIGER LILY MONTE SENDER     211202       XXXXX5506 0000WILDFLOWER FOUND,exclusion_reason,LOAN_PAYMENT,approved,owner annotation 2026-07-23
bdep_05d6da43e03a28bba5cb593b,9/14/2022,937.66,BUSINESS CHECKIN Expensify         E16644059       BUSINESS CHECKING,exclusion_reason,EXPENSIFY_REFUND,approved,owner annotation 2026-07-23
bdep_35e83eb4c83992613c786c11,8/7/2019,884.4,"1330 Lagoon Aven PAYMENTS   190805 EFT-00728487    NTE*ZZZ*POFV6338FZTD5NU5VG,POU2PGXA6S6UFVEW9K,PO",exclusion_reason,RENT_REFUND,approved,owner annotation 2026-07-23
bdep_08c6893fb35afe0bff0aaccf,7/1/2019,884.4,"1330 Lagoon Aven PAYMENTS   190701 EFT-00662162    NTE*ZZZ*POBJHSZ62N3W4EU6R8,PO5SHFNZGAAR64QV2A,PO",exclusion_reason,RENT_REFUND,approved,owner annotation 2026-07-23
bdep_fbb441999dc7b7f9ad7048a5,4/10/2026,142.35,STRIPE           TRANSFER          ST-H2P7Q8Z1Y0U2 THE WILDFLOWER FOUNDAT,inclusion_descriptor,STRIPE_DONATION,approved,owner annotation 2026-07-23
bdep_6900094941c5fd5ab42b9a8f,2/11/2021,681.3,COBRA TRUST ACCT BASICPacif                        COBRA REMIT,exclusion_reason,COBRA,approved,owner annotation 2026-07-23
bdep_331c523316b86f4d3defce1e,2/15/2023,498.79,BASIC            BASICCOBRA 230215                 The Wildflower Foundat,exclusion_reason,COBRA,approved,owner annotation 2026-07-23
bdep_a334a1a7ca102c6dcb52f2f6,7/3/2025,454.55,The Girasol Scho Receivable        016UBPEOX3S94CE 016UBPEOX3S94CE The Girasol Scho Bill.com Inv 12,exclusion_reason,MEMBERSHIP_FEE,approved,owner annotation 2026-07-23
bdep_529b15c1bac28f2ed9a78755,4/4/2025,811.08,Snowdrop Montess Receivable        016ZYPMQJ3OX8UZ 016ZYPMQJ3OX8UZ Snowdrop Montess Bill.com Inv 14,exclusion_reason,MEMBERSHIP_FEE,approved,owner annotation 2026-07-23
bdep_328c6714fe8a0b3b69f74c32,2/6/2026,1212.12,Desert Peach Mon Bill.com          026HIITKI1SSETV Desert Peach Montessori School Bill.com 026HIITK,exclusion_reason,MEMBERSHIP_FEE,approved,owner annotation 2026-07-23
bdep_0631a3734a9d945fd32bb2d7,7/29/2025,850,6164Promise Ven  AB-AXQ7QDB 250729 5123473         BLACK WILDFLOWERS FUND,inclusion_descriptor,DONATION,approved,owner annotation 2026-07-23
bdep_5cf776407242cafb0661bb82,7/10/2026,142.35,STRIPE           TRANSFER          ST-Y7W2H9Z8Y5U4 THE WILDFLOWER FOUNDAT,inclusion_descriptor,STRIPE_DONATION,approved,owner annotation 2026-07-23
bdep_c93dad1f72f32bba02e56856,1/29/2025,1282.33,Urban Village Mo Receivable        016YNWDNX3MGIS8 016YNWDNX3MGIS8 Urban Village Mo Bill.com Inv 17,exclusion_reason,MEMBERSHIP_FEE,approved,owner annotation 2026-07-23
bdep_d5aa63708f6f7a5b61eaa277,4/14/2025,773.47,ATM CHECK DEPOSIT              ON              04/13 7900 Xerxes Ave S Ste 201 Bloomington   MN  0008237           ATM ID 9961Z    CARD 0628,inclusion_descriptor,DONATION,approved,owner annotation 2026-07-23
bdep_440c3ef8f29a8f48432d8543,4/23/2019,759,"1330 Lagoon Aven PAYMENTS   190422 EFT-00561915    NTE*ZZZ*POGZH495ZMGD5YMSSA,PO8AF5ZDKYVKBM6X6W,PO",exclusion_reason,RENT_REFUND,approved,owner annotation 2026-07-23
bdep_87050ed62510b92031d114ee,6/10/2026,142.35,STRIPE           TRANSFER          ST-B6O5Z5P4M0R7 THE WILDFLOWER FOUNDAT,inclusion_descriptor,STRIPE_DONATION,approved,owner annotation 2026-07-23
bdep_6e002b67d817954d51321443,1/28/2026,142.35,STRIPE           TRANSFER          ST-P3T2A6X9Q5J4 THE WILDFLOWER FOUNDAT,inclusion_descriptor,STRIPE_DONATION,approved,owner annotation 2026-07-23
bdep_9f4e2ed6e94ec90252f256f3,5/8/2026,192414.68,ONLINE TRANSFER CSP NONPAYROLL APRIL 2026 REF #BB0XZH34DQ,inclusion_descriptor,CSP,approved,owner annotation 2026-07-23
bdep_f3122ab1395b6adb8f328e38,4/17/2026,1854.33,Bill.com         Receivable        015OREXNEOYD9CN Aster Montessori School Inc Bill.com 015OREXNEOY,exclusion_reason,MEMBERSHIP_FEE,approved,owner annotation 2026-07-23
bdep_1873e581e2c8ae90be73148d,12/9/2020,125,STRIPE           TRANSFER          ST-G9N4H0M5N7Q1 THE WILDFLOWER FOUNDAT,inclusion_descriptor,STRIPE_DONATION,approved,owner annotation 2026-07-23
bdep_e985f95087414e5b193d49d2,12/15/2022,10800,Early Milestones Bill.com          025YNAUKPRDFLVT Early Milestones Colorado Circle Bill.com 025YNA,inclusion_descriptor,DONATION,approved,owner annotation 2026-07-23
bdep_531dec06c792e728f9a2042b,9/14/2020,124.09,STRIPE           TRANSFER          ST-E5V9I6C0Z9I7 THE WILDFLOWER FOUNDAT,inclusion_descriptor,STRIPE_DONATION,approved,owner annotation 2026-07-23
bdep_e33dc5d8572352897646633e,12/21/2022,722.75,AMER ONLINE GIV1 EDI PAYMNT DEC 19 97UMK45GDZ      REF*TN*97UMK45GDZ*Donation from AOGFcauses.benev,inclusion_descriptor,DONATION,approved,owner annotation 2026-07-23
bdep_eaf45e40eac1cfcfab9d7e63,12/23/2024,120.84,STRIPE           TRANSFER          ST-J6F2W0L4R8B3 THE WILDFLOWER FOUNDAT,inclusion_descriptor,STRIPE_DONATION,approved,owner annotation 2026-07-23
bdep_5370d00364455c9d91d37114,6/27/2019,3000,INTUIT PYMT SOLN DEPOSIT    190627 524771997507722 THE WILDFLOWER FOUNDAT,exclusion_reason,LOAN_PAYMENT,approved,owner annotation 2026-07-23
bdep_e12dbd62f23fc0200bff3f52,12/2/2020,120.42,STRIPE           TRANSFER          ST-B9Z5K1J8F9G1 THE WILDFLOWER FOUNDAT,inclusion_descriptor,STRIPE_DONATION,approved,owner annotation 2026-07-23
bdep_367d0db9c71ffbce2458a84a,3/27/2019,670.8,"MSP02 - 1330 Lag PAYMENTS   190326 EFT-00522004    NTE*ZZZ*POVWRVXPQNCVBYHRCW,PO3AVSX569J9EWVAH2,91",exclusion_reason,RENT_REFUND,approved,owner annotation 2026-07-23
bdep_6a096e75489f7d9854451ca8,8/3/2020,119.13,STRIPE           TRANSFER          ST-C1E2B3G8T0C5 THE WILDFLOWER FOUNDAT,inclusion_descriptor,STRIPE_DONATION,approved,owner annotation 2026-07-23
bdep_717b787886a5fc2ceae00ff3,6/18/2018,1604.17,INTUIT PYMT SOLN DEPOSIT 180617 524771997507722 THE WILDFLOWER FOUNDAT,exclusion_reason,LOAN_PAYMENT,approved,owner annotation 2026-07-23
bdep_6587f7eb165949741a1640e9,10/4/2022,99.27,STRIPE           TRANSFER          ST-P9H0R2Y6T3K2 THE WILDFLOWER FOUNDAT,inclusion_descriptor,STRIPE_DONATION,approved,owner annotation 2026-07-23
bdep_79b1e52606e71bbddd8be66b,1/28/2025,811.08,Snowdrop Montess Receivable        016MZHKHY3MEUIJ 016MZHKHY3MEUIJ Snowdrop Montess Bill.com Inv G,exclusion_reason,MEMBERSHIP_FEE,approved,owner annotation 2026-07-23
bdep_6308c167980fd7dd5cd2f723,1/25/2021,650,ACH RETURNS       - THE WILDFLOWER F - FILE 7878782339 COID 1812826681,exclusion_reason,RETURN_WIRE,approved,owner annotation 2026-07-23
bdep_25735b02a2ec9209c9a5513a,4/9/2021,650,ACH RETURNS       - THE WILDFLOWER F - FILE 7878782339 COID 1812826681,exclusion_reason,RETURN_WIRE,approved,owner annotation 2026-07-23
bdep_d9d5cdb7c9b67966600f5516,2/9/2026,8964.89,Bill.com         Receivable        015RBDZKYBUU8O9 Multiple Payments Bill.com Receivables 015RBDZKY,needs_research,MULTIPLE_PAYMENT_RESEARCH,unresolved,owner annotation 2026-07-23
bdep_1ab5c1107974350d7dc77e91,11/4/2025,25000,Flor de Loto Mon Receivable        016QGXSUM3WR3KP 016QGXSUM3WR3KP Flor de Loto Mon Bill.com Inv TW,exclusion_reason,MEMBERSHIP_FEE,approved,owner annotation 2026-07-23
bdep_1a2af154421d78a31357dd5d,7/22/2024,637.83,We Are Rally     Vendor PMT        XXXXXXXX8090203 WILDFLOWER SCHOOLS,inclusion_descriptor,DONATION,approved,owner annotation 2026-07-23
bdep_144c90ed90f3ade9897be0ff,8/29/2019,1404,INTUIT PYMT SOLN DEPOSIT    190829 524771997507722 THE WILDFLOWER FOUNDAT,exclusion_reason,LOAN_PAYMENT,approved,owner annotation 2026-07-23
bdep_8676394f25780081e1185c27,2/26/2020,200,INTUIT PYMT SOLN DEPOSIT    200226 524771997507722 THE WILDFLOWER FOUNDAT,exclusion_reason,LOAN_PAYMENT,approved,owner annotation 2026-07-23
bdep_4f4757402e040708db17d65e,4/24/2019,629.25,"1330 Lagoon Aven PAYMENTS   190423 EFT-00563305    NTE*ZZZ*91ZJ1JMSP02-Feb19-Apr19,I699UTMSP02.Apr1",exclusion_reason,RENT_REFUND,approved,owner annotation 2026-07-23
bdep_abefc6a860e7ec1a1d67022e,9/28/2018,620,WF RETURN WIRES IN PROC WT SEQ101550 /ORG= SRF# 2018092800089341 TRN#180928101550 RFB#,exclusion_reason,RETURN_WIRE,approved,owner annotation 2026-07-23
bdep_a7192886e42f98cbdff1d4b2,9/28/2017,162.5,INTUIT PYMT SOLN DEPOSIT 170928 524771997507722 THE WILDFLOWER FOUNDAT,exclusion_reason,LOAN_PAYMENT,approved,owner annotation 2026-07-23
bdep_a8e3cf9f6fa5dde9c7b5b860,11/3/2020,99.27,STRIPE           TRANSFER          ST-U9Z4C3Q6O3C0 THE WILDFLOWER FOUNDAT,inclusion_descriptor,STRIPE_DONATION,approved,owner annotation 2026-07-23
bdep_2f786ba20d8337fe1a3519e9,4/17/2020,608.4,"1330 Lagoon Aven PAYMENTS   200417 EFT-01137879    NTE*ZZZ*91ZJ1JMSP02-Apr20,\",exclusion_reason,RENT_REFUND,approved,owner annotation 2026-07-23
bdep_facdeb14cf832e251cde1f4b,12/28/2018,250,INTUIT PYMT SOLN DEPOSIT    181228 524771997507722 THE WILDFLOWER FOUNDAT,exclusion_reason,LOAN_PAYMENT,approved,owner annotation 2026-07-23
bdep_81af792c146f6ed12b48ed36,4/7/2026,1212.12,Desert Peach Mon Bill.com          026TEZRQW1VYQLU Desert Peach Montessori School Bill.com 026TEZRQ,exclusion_reason,MEMBERSHIP_FEE,approved,owner annotation 2026-07-23
bdep_9021670bed5f6f41618183b2,8/29/2024,4523.02,Wildflower New Y Receivable        016TKEGDS3GR3X7 016TKEGDS3GR3X7 Wildflower New Y Bill.com Inv 79,exclusion_reason,MEMBERSHIP_FEE,approved,owner annotation 2026-07-23
bdep_b8070035a055d7769cf13980,2/26/2020,608.4,"1330 Lagoon Aven PAYMENTS   200226 EFT-01057764    NTE*ZZZ*POGYHEUPTQD8DP54N9,\",exclusion_reason,RENT_REFUND,approved,owner annotation 2026-07-23
bdep_b4321c4d732928ac70a42acd,4/8/2026,57925.52,ONLINE TRANSFER FEB 26 PAYROLL CSP  REF #BB0XLBTP49,inclusion_descriptor,CSP,approved,owner annotation 2026-07-23
bdep_1c0bb8f5a7a9667c95ba88b6,8/20/2018,237.5,INTUIT PYMT SOLN DEPOSIT 180819 524771997507722 THE WILDFLOWER FOUNDAT,exclusion_reason,LOAN_PAYMENT,approved,owner annotation 2026-07-23
bdep_3aa64e74d52d34fb4259e242,3/19/2020,608.4,"1330 Lagoon Aven PAYMENTS   200319 EFT-01095881    NTE*ZZZ*POTPC4HJDR8ZA285VC,\",exclusion_reason,RENT_REFUND,approved,owner annotation 2026-07-23
bdep_99c0e0943931c586cac4ffda,3/21/2019,604.47,"MSP02 - 1330 Lag PAYMENTS   190320 EFT-00517692    NTE*ZZZ*I699UTMSP02-Jan19-Feb19,\",exclusion_reason,RENT_REFUND,approved,owner annotation 2026-07-23
bdep_eb995d8d6ff6833caff4dea3,10/9/2018,600,WF RETURN WIRES IN PROC WT SEQ223062 /ORG= SRF# 2018100900205220 TRN#181009223062 RFB#,exclusion_reason,RETURN_WIRE,approved,owner annotation 2026-07-23
bdep_75d54f0399690f71dc5b19fe,10/3/2025,4990.56,Wildflower New Y Receivable        016OIGOKJ3VM94G 016OIGOKJ3VM94G Wildflower New Y Bill.com Inv TW,exclusion_reason,MEMBERSHIP_FEE,approved,owner annotation 2026-07-23
bdep_a56a07a978e5645bf33bfc21,7/22/2019,1665.28,INTUIT PYMT SOLN DEPOSIT    190720 524771997507722 THE WILDFLOWER FOUNDAT,exclusion_reason,LOAN_PAYMENT,approved,owner annotation 2026-07-23
bdep_80df09f53b5d483fe1b1004b,1/6/2026,99.27,STRIPE           TRANSFER          ST-S2X4L6N9T0F5 THE WILDFLOWER FOUNDAT,inclusion_descriptor,STRIPE_DONATION,approved,owner annotation 2026-07-23
bdep_475726c1865682fd00c5c9a3,10/15/2021,550,Varde Management Wells Farg 211014 0000000566      RMR*IV*Contribution 202**550\,inclusion_descriptor,DONATION,approved,owner annotation 2026-07-23
bdep_f9d764f20d1b947e8836892f,11/5/2020,99.27,STRIPE           TRANSFER          ST-G6V4I2H2R5Y5 THE WILDFLOWER FOUNDAT,inclusion_descriptor,STRIPE_DONATION,approved,owner annotation 2026-07-23
bdep_b99a41843e4f9e27b1db155b,8/15/2019,549,"1330 Lagoon Aven PAYMENTS   190814 EFT-00738423    NTE*ZZZ*POAD82UDXRPS5Z5Y7Y,PO8PKSFZJXP7QHG8BA,\",exclusion_reason,RENT_REFUND,approved,owner annotation 2026-07-23
bdep_f8e0aa5b65b2524e04aed156,2/28/2019,549,"MSP02 - 1330 Lag PAYMENTS   190227 EFT-00484394    NTE*ZZZ*I699UTMSP02-Feb19,POXPC4MHNWJ8RR8AAT,\",exclusion_reason,RENT_REFUND,approved,owner annotation 2026-07-23
bdep_a34ef9128e93c2344376d5bf,12/31/2020,99.27,STRIPE           TRANSFER          ST-M2V3F1I2G3M5 THE WILDFLOWER FOUNDAT,inclusion_descriptor,STRIPE_DONATION,approved,owner annotation 2026-07-23
bdep_b7c2e1f074283e80c191818f,6/24/2026,99.27,STRIPE           TRANSFER          ST-E3A5C3Z3T6E4 THE WILDFLOWER FOUNDAT,inclusion_descriptor,STRIPE_DONATION,approved,owner annotation 2026-07-23
bdep_c26dcd46ed943bd0162443c5,4/8/2026,5166,Bill.com         Receivable        015TAWMUDRXUMHL Multiple Payments Bill.com Receivables 015TAWMUD,needs_research,MULTIPLE_PAYMENT_RESEARCH,unresolved,owner annotation 2026-07-23
bdep_35ede3947c2589a9c3a038cb,10/31/2024,1282.33,Urban Village Mo Receivable        016SIRSZO3J8OJZ 016SIRSZO3J8OJZ Urban Village Mo Bill.com Inv 79,exclusion_reason,MEMBERSHIP_FEE,approved,owner annotation 2026-07-23
bdep_dc63f8424b48e7bb75cd9089,12/18/2020,6000,INTUIT PYMT SOLN DEPOSIT    201218 524771990592861 THE WILDFLOWER FOUNDAT,exclusion_reason,LOAN_PAYMENT,approved,owner annotation 2026-07-23
bdep_8a94809350ad1e7cc7e7cfa1,4/13/2026,1251.44,Bill.com         Receivable        015NBXENKBY2S7G Trout Lily Montessori Bill.com 015NBXENKBY2S7G I,exclusion_reason,MEMBERSHIP_FEE,approved,owner annotation 2026-07-23
bdep_f5a3f741ec66345060f6f951,12/5/2019,96.8,STRIPE           TRANSFER          ST-O0D6Q4Q8B8W0 THE WILDFLOWER FOUNDAT,inclusion_descriptor,STRIPE_DONATION,approved,owner annotation 2026-07-23
bdep_ddba7824e454aeb153840267,12/10/2025,937.22,Bill.com         Receivable        015HJDNFUARZBSA Echinacea Montessori School Bill.com 015HJDNFUAR,exclusion_reason,MEMBERSHIP_FEE,approved,owner annotation 2026-07-23
bdep_13a6360b69979ada0a234475,12/9/2024,95.05,STRIPE           TRANSFER          ST-R6L3H4A5X4W8 THE WILDFLOWER FOUNDAT,inclusion_descriptor,STRIPE_DONATION,approved,owner annotation 2026-07-23
bdep_f45b287ac5dc59bd422f6ac9,3/7/2022,500,BLUE CROSS BS MN BLUE X DEP                        RMR*OI*HONORARIUM**500.00*500.00*0.00\,inclusion_descriptor,DONATION,approved,owner annotation 2026-07-23
bdep_f42a14ebfa26d9cb487a65ed,9/12/2024,500,ATM CHECK DEPOSIT              ON              09/12 3030 Nicollet Ave         Minneapolis   MN  0001305           ATM ID 5813V    CARD 0628,exclusion_reason,MEMBERSHIP_FEE,approved,owner annotation 2026-07-23
bdep_c651e50a2ad60580a4ebbad6,7/24/2020,500,INTUIT PYMT SOLN DEPOSIT    200724 524771997507722 THE WILDFLOWER FOUNDAT,inclusion_descriptor,DONATION,approved,owner annotation 2026-07-23
bdep_032d5b446b4da6a1c3e0bebf,12/2/2021,500,eDeposit in Branch/Store 12/02/21 12:16:27 PM 4712 CHICAGO AVE MINNEAPOLIS MN 7365,inclusion_descriptor,DONATION,approved,owner annotation 2026-07-23
bdep_4f79f692adc69f700bf157c6,9/22/2023,500,ATM CHECK DEPOSIT              ON              09/22 6445 Nicollet Ave         Richfield     MN  0001950           ATM ID 5822O    CARD 7365,inclusion_descriptor,DONATION,approved,owner annotation 2026-07-23
bdep_11b464ae094b6c967431062a,3/2/2026,47.25,STRIPE           TRANSFER          ST-G6W1P1F5E9P2 THE WILDFLOWER FOUNDAT,inclusion_descriptor,STRIPE_DONATION,approved,owner annotation 2026-07-23
bdep_c264f3e843e5692388cf45cf,4/21/2026,3960.88,Bill.com         Receivable        015SBDLRCMYNL6Y Multiple Payments Bill.com Receivables 015SBDLRC,needs_research,MULTIPLE_PAYMENT_RESEARCH,unresolved,owner annotation 2026-07-23
bdep_db112d6f2819a5171d48b537,12/23/2025,94.8,STRIPE           TRANSFER          ST-V5T0A2X4T0G8 THE WILDFLOWER FOUNDAT,inclusion_descriptor,STRIPE_DONATION,approved,owner annotation 2026-07-23
bdep_b098f08c0bd354bde86a5c44,11/28/2023,100000,Center for Educa Bill.com          025TGKNUXLPG21Q Center for Education Reform dba Yass Foundation,inclusion_descriptor,DONATION,approved,owner annotation 2026-07-23
bdep_ac999f61c383d5af51f9b57c,9/13/2024,858.18,Minnesota Wildfl Receivable        016TLZCCX3HF4N1 016TLZCCX3HF4N1 Minnesota Wildfl Bill.com Inv 79,exclusion_reason,MEMBERSHIP_FEE,approved,owner annotation 2026-07-23
bdep_12841c68448fcb492c65ec6f,9/18/2025,94.8,STRIPE           TRANSFER          ST-Z8E2C2P5J5A2 THE WILDFLOWER FOUNDAT,inclusion_descriptor,STRIPE_DONATION,approved,owner annotation 2026-07-23
bdep_401e28e79684d7fef1bdb78c,10/12/2018,1665.28,INTUIT PYMT SOLN DEPOSIT 181012 524771997507722 THE WILDFLOWER FOUNDAT,exclusion_reason,LOAN_PAYMENT,approved,owner annotation 2026-07-23
bdep_af067bba5d54a1622ba78d34,11/26/2019,75,INTUIT PYMT SOLN DEPOSIT    191126 524771997507722 THE WILDFLOWER FOUNDAT,exclusion_reason,LOAN_PAYMENT,approved,owner annotation 2026-07-23
bdep_6caff26618f93a512ac9822a,11/22/2024,3731.18,Minnesota Wildfl Receivable        016NQPJLC3K3PO3 016NQPJLC3K3PO3 Minnesota Wildfl Bill.com Inv CS,exclusion_reason,MEMBERSHIP_FEE,approved,owner annotation 2026-07-23
bdep_546bf167f864680f13660d81,5/15/2023,2222.2,BASIC            BASICCOBRA 230515                 The Wildflower Foundat,exclusion_reason,COBRA,approved,owner annotation 2026-07-23
bdep_53b4ce0c40ca07569d7cabf4,10/14/2025,1251.44,Bill.com         Receivable        015GYZEWZBP0VC0 Trout Lily Montessori Bill.com 015GYZEWZBP0VC0 I,exclusion_reason,MEMBERSHIP_FEE,approved,owner annotation 2026-07-23
bdep_de3f5784cf3aeda76079797e,2/24/2026,58653.43,ONLINE TRANSFER CSP DECEMBER 25 PAYROLL REF #BB0WYZ5SBS,inclusion_descriptor,CSP,approved,owner annotation 2026-07-23
bdep_1816115f45ccbf890a68db7f,5/14/2026,1854.33,Bill.com         Receivable        015VOHQGMGZXOEQ Aster Montessori School Inc Bill.com 015VOHQGMGZ,exclusion_reason,MEMBERSHIP_FEE,approved,owner annotation 2026-07-23
bdep_2dcbed350a0e0e92f340bb4b,9/28/2018,237.5,INTUIT PYMT SOLN DEPOSIT 180928 524771997507722 THE WILDFLOWER FOUNDAT,exclusion_reason,LOAN_PAYMENT,approved,owner annotation 2026-07-23
bdep_8feffa65a84f67de5fb10a01,10/24/2024,1454.55,Wildflower Monte Receivable        016NVCLHW3IZJZI 016NVCLHW3IZJZI Wildflower Monte Bill.com Inv 79,exclusion_reason,MEMBERSHIP_FEE,approved,owner annotation 2026-07-23
bdep_e2316dbd33b2a42e9efd5d89,4/30/2018,1604.17,INTUIT PYMT SOLN DEPOSIT 180429 524771997507722 THE WILDFLOWER FOUNDAT,exclusion_reason,LOAN_PAYMENT,approved,owner annotation 2026-07-23
bdep_ab6a359cd313b1f6e81bc5d5,6/2/2025,653.68,Sundrops Montess Receivable        016GRELIN3R1CHZ 016GRELIN3R1CHZ Sundrops Montess Bill.com Inv TW,exclusion_reason,MEMBERSHIP_FEE,approved,owner annotation 2026-07-23
bdep_b27454f8a965e0372b6e5dc4,12/31/2025,94.8,STRIPE           TRANSFER          ST-B6J3C3X8R6K4 THE WILDFLOWER FOUNDAT,inclusion_descriptor,STRIPE_DONATION,approved,owner annotation 2026-07-23
bdep_f6e3872e0d5bbaf8c739ced5,4/3/2026,3750,The Sunlight Loa Receivable        016AMBEKT4284WP 016AMBEKT4284WP The Sunlight Loa Bill.com Inv TW,exclusion_reason,LOAN_PAYMENT,approved,owner annotation 2026-07-23
bdep_162d05c67ff653cd31aa1f50,4/9/2026,743.78,Bill.com         Receivable        015ZKYFLHHXX4DW Dahlia Montessori Inc. Bill.com 015ZKYFLHHXX4DW,exclusion_reason,MEMBERSHIP_FEE,approved,owner annotation 2026-07-23
bdep_791eb1fa96e83f76497afbff,12/2/2022,74.46,STRIPE           TRANSFER          ST-P0S4A8Y0J2W8 THE WILDFLOWER FOUNDAT,inclusion_descriptor,STRIPE_DONATION,approved,owner annotation 2026-07-23
bdep_a5a157e4f221d73df9bcb2dd,8/21/2024,811.08,"Snowdrop Montess Bill.com          026BDNHON11G8P2 Snowdrop Montessori School, Inc. Bill.com 026BDN",exclusion_reason,MEMBERSHIP_FEE,approved,owner annotation 2026-07-23
bdep_0a05da3da157ae3e9cfce90c,10/30/2019,72.52,STRIPE           TRANSFER          ST-B0G8E8P1Y5X3 THE WILDFLOWER FOUNDAT,inclusion_descriptor,STRIPE_DONATION,approved,owner annotation 2026-07-23
bdep_6ed6d2667230d19d9735bc80,3/9/2026,666.67,Bill.com         Receivable        015TGETOHDWA3DD Pinyon Montessori Bill.com 015TGETOHDWA3DD Inv #,exclusion_reason,MEMBERSHIP_FEE,approved,owner annotation 2026-07-23
bdep_ca613db72b87c91fb9aa6473,3/2/2026,167897.19,ONLINE TRANSFER JAN 26 CSP NONPAYROLL REF #BB0X3Q6824,inclusion_descriptor,CSP,approved,owner annotation 2026-07-23
bdep_0fc9f9dd9c91de203d32bcc3,9/22/2023,468.9,BUSINESS CHECKIN Expensify         R00d7NqAPlSp    BUSINESS CHECKING,exclusion_reason,EXPENSIFY_REFUND,approved,owner annotation 2026-07-23
bdep_7e7b79c8ebd86d04d4d5ffdf,4/2/2026,2694.66,Roxbury Roots Mo Receivable        016NRTJSD425QX1 016NRTJSD425QX1 Roxbury Roots Mo Bill.com Multip,needs_research,MULTIPLE_PAYMENT_RESEARCH,unresolved,owner annotation 2026-07-23
bdep_09520f73568c566d47b63825,6/8/2026,48739.6,ONLINE TRANSFER CSP APRIL 26 PAYROLL REF #BB0YFTJP3R,inclusion_descriptor,CSP,approved,owner annotation 2026-07-23
bdep_0a5acc83ece9471c05070a59,7/7/2026,65.62,GUSTO PAYROLL    TAX 832906 260707 6seml615btc     The Wildflower Foundat,exclusion_reason,PAYROLL_TAX_REFUND,approved,owner annotation 2026-07-23
bdep_685574cb775051468fffa3f0,5/28/2025,545.45,Sage Montessori  Receivable        016BFBSFU3QUT6T 016BFBSFU3QUT6T Sage Montessori Bill.com Inv TWF,exclusion_reason,MEMBERSHIP_FEE,approved,owner annotation 2026-07-23
bdep_ea6028f35648700c6a3faad0,6/7/2019,423.3,ATM CHECK DEPOSIT              ON              06/07 1505 WEST LAKE ST         MINNEAPOLIS   MN  0003625           ATM ID 6991L    CARD 7365,exclusion_reason,EMBRACING_EQUITY,approved,owner annotation 2026-07-23 (folded from NON_WF_FLAG)
bdep_419847e279715767542e63c0,6/11/2019,419.25,"1330 Lagoon Aven PAYMENTS   190610 EFT-00631996    NTE*ZZZ*PO986MN34NGDDAEE2N,\",exclusion_reason,RENT_REFUND,approved,owner annotation 2026-07-23
bdep_475a01f01e5ea2d5e4df421c,10/7/2021,410.2,BUSINESS CHECKIN Expensify  000000 R30863672       BUSINESS CHECKING,exclusion_reason,EXPENSIFY_REFUND,approved,owner annotation 2026-07-23
bdep_4c8bccf8f21511435253a211,2/24/2025,454.55,Lilac Montessori Receivable        016HWQNVG3NDNXB 016HWQNVG3NDNXB Lilac Montessori Bill.com Inv #,exclusion_reason,MEMBERSHIP_FEE,approved,owner annotation 2026-07-23
bdep_07d293dea86a3c3ef6f869f7,1/22/2020,405.6,"1330 Lagoon Aven PAYMENTS   200122 EFT-01013136    NTE*ZZZ*POQE8MVWARA2HFZW5K,\",exclusion_reason,RENT_REFUND,approved,owner annotation 2026-07-23
bdep_71d795172dfc764f2a529437,4/7/2020,60.31,STRIPE           TRANSFER          ST-Z9X9U7J3J7B9 THE WILDFLOWER FOUNDAT,inclusion_descriptor,STRIPE_DONATION,approved,owner annotation 2026-07-23
bdep_4796b525d7df470c44e0e9aa,3/6/2025,2522.44,Wild Rose Montes Receivable        016WFONFX3NTHPJ 016WFONFX3NTHPJ Wild Rose Montes Bill.com Wild R,exclusion_reason,MEMBERSHIP_FEE,approved,owner annotation 2026-07-23
bdep_3575e3c02e48c3f9ba2369b2,4/9/2021,681.3,COBRA TRUST ACCT BASICPacif                        COBRA REMIT,exclusion_reason,COBRA,approved,owner annotation 2026-07-23
bdep_d54950364585d7dfb1540ace,11/23/2022,53.95,STRIPE           TRANSFER          ST-M6Y8K2N2I0E8 THE WILDFLOWER FOUNDAT,inclusion_descriptor,STRIPE_DONATION,approved,owner annotation 2026-07-23
bdep_7d3c41124d03eaa3a254b222,12/12/2025,2990.35,Bill.com         Receivable        015ZKNJEXYS4Y36 Multiple Payments Bill.com Receivables 015ZKNJEX,needs_research,MULTIPLE_PAYMENT_RESEARCH,unresolved,owner annotation 2026-07-23
bdep_51ed2514d8242b30368f4f05,4/2/2020,50.26,STRIPE           TRANSFER          ST-Z5Q4J7P9G1U8 THE WILDFLOWER FOUNDAT,inclusion_descriptor,STRIPE_DONATION,approved,owner annotation 2026-07-23
bdep_81848504d3b9a1ac08da0f4d,12/2/2020,351.63,MIGHTYCAUSE FDN  GRANTDEP   201201       XXXXX6681 WILDFLOWER FOUNDATION,inclusion_descriptor,DONATION,approved,owner annotation 2026-07-23
bdep_fad32a35325f2135b3925c9a,9/24/2019,5000,INTUIT PYMT SOLN DEPOSIT    190924 524771997507722 THE WILDFLOWER FOUNDAT,exclusion_reason,LOAN_PAYMENT,approved,owner annotation 2026-07-23
bdep_2912f67dddf8f3db925586f1,8/16/2019,335.39,"1330 Lagoon Aven PAYMENTS   190815 EFT-00740619    NTE*ZZZ*POAHFHSNKYP9XMKJND,\",exclusion_reason,RENT_REFUND,approved,owner annotation 2026-07-23
bdep_81da606b043dea0c7374dd4f,5/18/2026,5351.78,Bill.com         Receivable        016RXYDPT103TX2 Multiple Payments Bill.com Receivables 016RXYDPT,needs_research,MULTIPLE_PAYMENT_RESEARCH,unresolved,owner annotation 2026-07-23
bdep_1eaffcf4b6f867735cd82766,5/2/2022,290.77,BENEVITY FUND    DONATION   220331 7ZNZZ99HHD      WILDFLOWER FOUNDATION,inclusion_descriptor,DONATION,approved,owner annotation 2026-07-23
bdep_8df6536955806037835c0d5a,8/24/2022,49.64,STRIPE           TRANSFER          ST-Z2E9D8U6X0A3 THE WILDFLOWER FOUNDAT,inclusion_descriptor,STRIPE_DONATION,approved,owner annotation 2026-07-23
bdep_dc4e13d2b4d550c327b434d4,12/27/2019,1404,INTUIT PYMT SOLN DEPOSIT    191227 524771997507722 THE WILDFLOWER FOUNDAT,exclusion_reason,LOAN_PAYMENT,approved,owner annotation 2026-07-23
bdep_a703666976f245307e180bfe,1/23/2025,4523.02,Wildflower New Y Receivable        016IPDKKV3M9K0S 016IPDKKV3M9K0S Wildflower New Y Bill.com Inv 17,exclusion_reason,MEMBERSHIP_FEE,approved,owner annotation 2026-07-23
bdep_bd96bf76caacc7e8ea377092,1/16/2019,1604.17,INTUIT PYMT SOLN DEPOSIT    190116 524771997507722 THE WILDFLOWER FOUNDAT,exclusion_reason,LOAN_PAYMENT,approved,owner annotation 2026-07-23
bdep_92db5c9e33c1168941ad2a39,9/27/2018,1695,INTUIT PYMT SOLN DEPOSIT 180927 524771997507722 THE WILDFLOWER FOUNDAT,exclusion_reason,LOAN_PAYMENT,approved,owner annotation 2026-07-23
bdep_cdcfc980f65ffe662f87db06,4/24/2019,1604.17,INTUIT PYMT SOLN DEPOSIT    190424 524771997507722 THE WILDFLOWER FOUNDAT,exclusion_reason,LOAN_PAYMENT,approved,owner annotation 2026-07-23
bdep_9d3fcb1ec086e80138921620,11/26/2021,250,MIGHTYCAUSE FDN  GRANTDEP   211124       XXXXX6681 WILDFLOWER FOUNDATION,inclusion_descriptor,DONATION,approved,owner annotation 2026-07-23
bdep_0781ed02a01651fb98739643,11/7/2019,1677.5,INTUIT PYMT SOLN DEPOSIT    191107 524771997507722 THE WILDFLOWER FOUNDAT,exclusion_reason,LOAN_PAYMENT,approved,owner annotation 2026-07-23
bdep_a3eb8d1d39d0a281776d2b24,1/10/2019,250,Varde Management Wells Farg 190109 0000000566      RMR*IV*Contribution 201**250\,inclusion_descriptor,DONATION,approved,owner annotation 2026-07-23
bdep_ee092f6cb7bfebf60226e03f,9/22/2022,49.64,STRIPE           TRANSFER          ST-V7X6O1U7M9S7 THE WILDFLOWER FOUNDAT,inclusion_descriptor,STRIPE_DONATION,approved,owner annotation 2026-07-23
bdep_c478362a2d13e2adc9e2e624,5/19/2023,40000,Education Forwar Bill.com          016CZJEMZ2NJR4X Education Forward DC Bill.com 016CZJEMZ2NJR4X In,inclusion_descriptor,DONATION,approved,owner annotation 2026-07-23
bdep_dd2ed363dc8760b7dddbbed2,10/7/2025,34506.38,Bill.com         Receivable        015ZTOPTVFOQFTY Multiple Payments Bill.com Receivables 015ZTOPTV,needs_research,MULTIPLE_PAYMENT_RESEARCH,unresolved,owner annotation 2026-07-23
bdep_75594fff3d4899631eb5f9f4,2/9/2024,250,Common Future    BILL PAY                          Common Future PAYING BILL VIA RAMP,inclusion_descriptor,DONATION,approved,owner annotation 2026-07-23
bdep_8e1716ab115ee93b87641ab4,7/22/2022,49.64,STRIPE           TRANSFER          ST-V4S1F6A3C8U1 THE WILDFLOWER FOUNDAT,inclusion_descriptor,STRIPE_DONATION,approved,owner annotation 2026-07-23
bdep_3752ba0db4d3073e6c6a3a5b,1/15/2026,150,Bill.com         VoidPaymnt        015DZMIGNMTMDGX Banco Popular de Puerto Rico Bill.com 015DZMIGNM,exclusion_reason,PAYMENT_REFUND,approved,owner annotation 2026-07-23
bdep_8dd7fb2e9baced6c896e0f0f,6/10/2019,868.27,COBRA TRUST ACCT BASICPacif                        COBRA REMIT,exclusion_reason,COBRA,approved,owner annotation 2026-07-23
bdep_3089740442278fa269e24dfa,10/20/2023,10000,Education Forwar Bill.com          016ZYLBSB316QNA Education Forward DC Bill.com 016ZYLBSB316QNA In,inclusion_descriptor,DONATION,approved,owner annotation 2026-07-23
bdep_07f1244f4eee1a3bf843032e,5/21/2025,133923.82,ONLINE TRANSFER CSP APRIL NONPAYROLL REF #BB0SH2XSN3,inclusion_descriptor,CSP,approved,owner annotation 2026-07-23
bdep_48cc43f485dd9ea5b7f2c039,3/1/2018,1500,ATM CHECK DEPOSIT 03/01 3030 NICOLLET AVE MINNEAPOLIS MN 5813V 7365,exclusion_reason,LOAN_PAYMENT,approved,owner annotation 2026-07-23
bdep_96ccb912d9c9227ef9529557,5/23/2018,1045,INTUIT PYMT SOLN DEPOSIT 180523 524771997507722 THE WILDFLOWER FOUNDAT,exclusion_reason,LOAN_PAYMENT,approved,owner annotation 2026-07-23
bdep_8290ca8c2878685ba48244a0,2/26/2026,49.64,STRIPE           TRANSFER          ST-T6M0L2F2L4V2 THE WILDFLOWER FOUNDAT,inclusion_descriptor,STRIPE_DONATION,approved,owner annotation 2026-07-23
bdep_e6964e5fd6d27e3b65ff85e9,1/27/2025,49.63,STRIPE           TRANSFER          ST-O6D0L2L9Y6F5 THE WILDFLOWER FOUNDAT,inclusion_descriptor,STRIPE_DONATION,approved,owner annotation 2026-07-23
bdep_e61d883382eed1bcd3d820d1,1/24/2023,49.48,STRIPE           TRANSFER          ST-W8Z7Z0O9T2G1 THE WILDFLOWER FOUNDAT,inclusion_descriptor,STRIPE_DONATION,approved,owner annotation 2026-07-23
bdep_f6d7474c729816d10ad4e856,3/22/2023,49.48,STRIPE           TRANSFER          ST-F1L2V7B8O0I4 THE WILDFLOWER FOUNDAT,inclusion_descriptor,STRIPE_DONATION,approved,owner annotation 2026-07-23
bdep_e024e02b1a7b20330a60740e,1/29/2020,75,INTUIT PYMT SOLN DEPOSIT    200129 524771997507722 THE WILDFLOWER FOUNDAT,exclusion_reason,LOAN_PAYMENT,approved,owner annotation 2026-07-23
bdep_a1898e020374391240d2727d,10/24/2022,49.48,STRIPE           TRANSFER          ST-K3I8Q9E6V9Z8 THE WILDFLOWER FOUNDAT,inclusion_descriptor,STRIPE_DONATION,approved,owner annotation 2026-07-23
bdep_ff6e7065797af9704fe88421,1/7/2019,237.5,INTUIT PYMT SOLN DEPOSIT    190106 524771997507722 THE WILDFLOWER FOUNDAT,exclusion_reason,LOAN_PAYMENT,approved,owner annotation 2026-07-23
bdep_21a0ea3125d1404c2f3e65a1,12/22/2022,49.48,STRIPE           TRANSFER          ST-M4H4W9M6M7J9 THE WILDFLOWER FOUNDAT,inclusion_descriptor,STRIPE_DONATION,approved,owner annotation 2026-07-23
bdep_7891bb0ff14051e1befc3420,10/27/2025,3651.78,Bill.com         Receivable        015ZFWOXQSPP3OV Urban Village Montessori Bill.com 015ZFWOXQSPP3O,exclusion_reason,MEMBERSHIP_FEE,approved,owner annotation 2026-07-23
bdep_7f7abae6748300a90150c828,1/12/2021,681.3,COBRA TRUST ACCT BASICPacif                        COBRA REMIT,exclusion_reason,COBRA,approved,owner annotation 2026-07-23
bdep_743888d7025754a917b4987a,2/23/2023,49.48,STRIPE           TRANSFER          ST-S4L6R5B1A2P9 THE WILDFLOWER FOUNDAT,inclusion_descriptor,STRIPE_DONATION,approved,owner annotation 2026-07-23
bdep_e3b8984705cd2ff5ad7694ef,4/15/2020,48.25,STRIPE           TRANSFER          ST-B0S3Y8K4E1H7 THE WILDFLOWER FOUNDAT,inclusion_descriptor,STRIPE_DONATION,approved,owner annotation 2026-07-23
bdep_160e8ec2ed4c594b26ff2e8a,12/20/2021,47.65,STRIPE           TRANSFER          ST-T1Y9R9B6Z7T3 THE WILDFLOWER FOUNDAT,inclusion_descriptor,STRIPE_DONATION,approved,owner annotation 2026-07-23
bdep_9e36b859eda40b42a4a0e1c7,12/21/2021,47.65,STRIPE           TRANSFER          ST-I9I6U0B1U7O7 THE WILDFLOWER FOUNDAT,inclusion_descriptor,STRIPE_DONATION,approved,owner annotation 2026-07-23
bdep_9a7a7697d438b0ab932f4750,3/8/2018,187.5,INTUIT PYMT SOLN DEPOSIT 180308 524771997507722 THE WILDFLOWER FOUNDAT,exclusion_reason,LOAN_PAYMENT,approved,owner annotation 2026-07-23
bdep_815f4747e95204deeae198eb,9/4/2025,4990.56,Wildflower New Y Receivable        016ZJTJFC3UIS8I 016ZJTJFC3UIS8I Wildflower New Y Bill.com Inv FY,exclusion_reason,MEMBERSHIP_FEE,approved,owner annotation 2026-07-23
bdep_831e9a7061543faaaf2b36a7,7/29/2024,545.45,Rain Lily Montes Bill.com          026LCKWHG10608H Rain Lily Montessori Bill.com 026LCKWHG10608H In,exclusion_reason,MEMBERSHIP_FEE,approved,owner annotation 2026-07-23
bdep_e523d32894a54593f17511c6,10/26/2017,500,INTUIT PYMT SOLN DEPOSIT 171026 524771997507722 THE WILDFLOWER FOUNDAT,exclusion_reason,LOAN_PAYMENT,approved,owner annotation 2026-07-23
bdep_d61721dea6fc7c9226a84b69,12/10/2024,47.37,STRIPE           TRANSFER          ST-Y9S5P4B0J6Y6 THE WILDFLOWER FOUNDAT,inclusion_descriptor,STRIPE_DONATION,approved,owner annotation 2026-07-23
bdep_d57e765331dedbdbf26454dd,6/13/2022,1611.67,BASIC            BASICCOBRA 220613                 The Wildflower Foundat,exclusion_reason,COBRA,approved,owner annotation 2026-07-23
bdep_9c6709ce571496404ac198be,8/15/2024,75000,Bainum Family Fo Receivable        016HSGIPU3G6EAY 016HSGIPU3G6EAY Bainum Family Fo Bill.com Inv G,exclusion_reason,MEMBERSHIP_FEE,approved,owner annotation 2026-07-23
bdep_ab56a568f98e0e055987eb59,1/29/2025,545.45,Desert Peach Mon Bill.com          026TYCBOR193LZY Desert Peach Montessori School Bill.com 026TYCBO,exclusion_reason,MEMBERSHIP_FEE,approved,owner annotation 2026-07-23
bdep_3fa44f3e6e3996ecba31bc16,10/9/2025,1474.11,Bill.com         Receivable        015MFIZRTAOVDJM Multiple Payments Bill.com Receivables 015MFIZRT,needs_research,MULTIPLE_PAYMENT_RESEARCH,unresolved,owner annotation 2026-07-23
bdep_ba31f6567d362fe10b5569a7,5/14/2025,69833.29,ONLINE TRANSFER CSP MARCH PAYROLL REF #BB0SDM78S3,inclusion_descriptor,CSP,approved,owner annotation 2026-07-23
bdep_c9686a81b7d08e4d34265495,3/25/2026,47.25,STRIPE           TRANSFER          ST-D5H5Q6R7R7S8 THE WILDFLOWER FOUNDAT,inclusion_descriptor,STRIPE_DONATION,approved,owner annotation 2026-07-23
bdep_9624069355457b80e28f44a1,10/8/2025,666.67,Orchid Montessor Bill.com          016IEZUWD3VRBRP Orchid Montessori Bill.com 016IEZUWD3VRBRP Inv T,exclusion_reason,MEMBERSHIP_FEE,approved,owner annotation 2026-07-23
bdep_2ab1788777eee350d394110b,12/8/2017,137.5,INTUIT PYMT SOLN DEPOSIT 171208 524771997507722 THE WILDFLOWER FOUNDAT,exclusion_reason,LOAN_PAYMENT,approved,owner annotation 2026-07-23
bdep_3118a06d2e8381c3371b348f,3/6/2026,47.25,STRIPE           TRANSFER          ST-D3M8R3E0C6I3 THE WILDFLOWER FOUNDAT,inclusion_descriptor,STRIPE_DONATION,approved,owner annotation 2026-07-23
bdep_529693d6835ee4bb2271dea6,3/23/2023,150,ATM CHECK DEPOSIT              ON              03/23 3030 Nicollet Ave         Minneapolis   MN  0005432           ATM ID 5813V    CARD 7365,inclusion_descriptor,DONATION,approved,owner annotation 2026-07-23
bdep_a4a1bb56d87df3ad4d734b2c,3/9/2020,2000,INTUIT PYMT SOLN DEPOSIT    200307 524771997507722 THE WILDFLOWER FOUNDAT,exclusion_reason,LOAN_PAYMENT,approved,owner annotation 2026-07-23
bdep_e49dda140679e33bcf5ecfb1,2/25/2026,47.25,STRIPE           TRANSFER          ST-E3W5P2I6E7Z9 THE WILDFLOWER FOUNDAT,inclusion_descriptor,STRIPE_DONATION,approved,owner annotation 2026-07-23
bdep_e173ce5ef28750af15217074,6/22/2023,11600,Bill.com         Receivable        016SPVLRJ2OTW33        Aster (c) Bill.com 016SPVLRJ2OTW33 Inv #7,exclusion_reason,MEMBERSHIP_FEE,approved,owner annotation 2026-07-23
bdep_a2f5d9821436187b5bd3043d,11/19/2025,47.25,STRIPE           TRANSFER          ST-S9F6C6B1K4E2 THE WILDFLOWER FOUNDAT,inclusion_descriptor,STRIPE_DONATION,approved,owner annotation 2026-07-23
bdep_2d07465544ffbb7aab62e9a1,4/28/2025,3731.18,Minnesota Wildfl Receivable        016EAZMYM3PQGXM 016EAZMYM3PQGXM Minnesota Wildfl Bill.com Inv 15,exclusion_reason,MEMBERSHIP_FEE,approved,owner annotation 2026-07-23
bdep_cefc3b59cbc934b5baf2c2c7,6/12/2019,129.75,"1330 Lagoon Aven PAYMENTS   190612 EFT-00642079    NTE*ZZZ*POYA3MDFABBECZ4HE5,\",exclusion_reason,RENT_REFUND,approved,owner annotation 2026-07-23
bdep_93ea5773b91967d579ea829d,11/14/2025,47.25,STRIPE           TRANSFER          ST-V7L0F4C5E7T3 THE WILDFLOWER FOUNDAT,inclusion_descriptor,STRIPE_DONATION,approved,owner annotation 2026-07-23
bdep_9a4aab5175edfd5f21779617,10/16/2019,1677.5,INTUIT PYMT SOLN DEPOSIT    191016 524771997507722 THE WILDFLOWER FOUNDAT,exclusion_reason,LOAN_PAYMENT,approved,owner annotation 2026-07-23
bdep_47435a6f6b9418f214dcbeb0,12/14/2018,129.75,"MSP02 - 1330 Lag PAYMENTS   181213 EFT-00400797    NTE*ZZZ*PO36HR5JQDXSJNEWAH,\ 201812141",exclusion_reason,RENT_REFUND,approved,owner annotation 2026-07-23
bdep_4d6a31afe32e1808fdfb0e83,10/18/2019,129.75,"1330 Lagoon Aven PAYMENTS   191017 EFT-00852231    NTE*ZZZ*POD28YPBJ8H4GT4W32,\",exclusion_reason,RENT_REFUND,approved,owner annotation 2026-07-23
bdep_ee6f214845d5a3a41142c555,11/7/2025,605.48,Bill.com         VoidPaymnt        015CNEPQOTQCD5E Center for Guided Montessori Studies Bill.com 01,exclusion_reason,MEMBERSHIP_FEE,approved,owner annotation 2026-07-23
bdep_69fcb092bb3bde775c3b8cec,5/10/2019,868.27,COBRA TRUST ACCT BASICPacif                        COBRA REMIT,exclusion_reason,COBRA,approved,owner annotation 2026-07-23
bdep_7ade116210f2ebd8f8810470,1/31/2019,129.75,"MSP02 - 1330 Lag PAYMENTS   190130 EFT-00449884    NTE*ZZZ*PO9GSP9FE7KVVN7Y5N,\",exclusion_reason,RENT_REFUND,approved,owner annotation 2026-07-23
bdep_9e4619144c9978ef4a4222a6,7/24/2025,6508,Bill.com         VoidPaymnt        015GLUUCECL29XU Center for Guided Montessori Studies Bill.com 01,exclusion_reason,MEMBERSHIP_FEE,approved,owner annotation 2026-07-23
bdep_f95b7adb662cd419adee93b6,2/14/2019,121.8,"MSP02 - 1330 Lag PAYMENTS   190213 EFT-00465656    NTE*ZZZ*91ZJ1JMSP02-Jan19,\",exclusion_reason,RENT_REFUND,approved,owner annotation 2026-07-23
bdep_b04da5c277bf357806e0168a,2/5/2018,2000,INTUIT PYMT SOLN DEPOSIT 180204 524771997507722 THE WILDFLOWER FOUNDAT,exclusion_reason,LOAN_PAYMENT,approved,owner annotation 2026-07-23
bdep_08467bcc3ff100d2ff8334bd,10/3/2025,24750,ONLINE TRANSFER REPAY TWF FOR LOAN TO FLOR DE LOTO 091725 REF #BB0V5TGNF7,exclusion_reason,INTERNAL_LOAN_TRANSFER,approved,owner annotation 2026-07-23
bdep_67e0ea68985b878cce24444c,6/29/2022,39.71,STRIPE           TRANSFER          ST-Z8J9N0M8J8X5 THE WILDFLOWER FOUNDAT,inclusion_descriptor,STRIPE_DONATION,approved,owner annotation 2026-07-23
bdep_284bcc74128f4bcf28bbf5ff,7/14/2023,552.48,BASIC            BASICCOBRA 230714                 The Wildflower Foundat,exclusion_reason,COBRA,approved,owner annotation 2026-07-23
bdep_1f12b400cfbb351518d1b815,2/4/2026,4990.56,Wildflower New Y Receivable        016CSMHVA3ZYINJ 016CSMHVA3ZYINJ Wildflower New Y Bill.com Inv TW,exclusion_reason,MEMBERSHIP_FEE,approved,owner annotation 2026-07-23
bdep_b398893a6bb00c8ad323d715,4/1/2020,35.18,STRIPE           TRANSFER          ST-H4R2M2A0E1N3 THE WILDFLOWER FOUNDAT,inclusion_descriptor,STRIPE_DONATION,approved,owner annotation 2026-07-23
bdep_3f84758ac23262b42cd15fa5,1/26/2026,51781.56,ONLINE TRANSFER NOV 2025 PAYROLL CSP REF #BB0WLW8LTD,inclusion_descriptor,CSP,approved,owner annotation 2026-07-23
bdep_6f7ed6d4ea3cbd566de8bde0,10/27/2022,97.1,BENEVITY FUND    DONATION   220930 8WVRF0MRLF      WILDFLOWER FOUNDATION,inclusion_descriptor,DONATION,approved,owner annotation 2026-07-23
bdep_bf80636ed8fe195b7fba7635,2/19/2020,25.13,STRIPE           TRANSFER          ST-H6D1T3G8O7W8 THE WILDFLOWER FOUNDAT,inclusion_descriptor,STRIPE_DONATION,approved,owner annotation 2026-07-23
bdep_168117889655feef2b70c303,11/21/2018,25.08,STRIPE           TRANSFER                          X 201811211,inclusion_descriptor,STRIPE_DONATION,approved,owner annotation 2026-07-23
bdep_5700b32f32946374dc23a385,11/7/2025,4990.56,Wildflower New Y Receivable        016FUJNHO3WWU7K 016FUJNHO3WWU7K Wildflower New Y Bill.com Inv TW,exclusion_reason,MEMBERSHIP_FEE,approved,owner annotation 2026-07-23
bdep_0ac75a943e6564ae3df831c9,11/25/2024,24.82,STRIPE           TRANSFER          ST-R5D6J5Y9K2L9 THE WILDFLOWER FOUNDAT,inclusion_descriptor,STRIPE_DONATION,approved,owner annotation 2026-07-23
bdep_0bd322dc20497ba2b9e1106a,12/10/2021,93.1,MIGHTYCAUSE FDN  GRANTDEP   211209       XXXXX6681 WILDFLOWER FOUNDATION,inclusion_descriptor,DONATION,approved,owner annotation 2026-07-23
bdep_66035db77ae3180947edd947,11/26/2019,93.1,MIGHTYCAUSE CHAR GrantDep                XXXXX6681 PERIOD: NOVEMBER 2019 - DISB# 407237,inclusion_descriptor,DONATION,approved,owner annotation 2026-07-23
bdep_1b7b794c3e126ed91922001b,6/12/2026,189876.47,ONLINE TRANSFER DAHLIA LOAN REF #BB0YHJ6ZJJ,exclusion_reason,LOAN_REPAYMENT,approved,owner annotation 2026-07-23
bdep_7b1a04cdfad83aed42d4bb62,10/23/2025,2675.89,"Bill.com         Receivable        015ZHQBGTWPK38C Jun Zi Lan Montessori School, Inc. Bill.com 015Z",exclusion_reason,MEMBERSHIP_FEE,approved,owner annotation 2026-07-23
bdep_4d3a202ae2d425cad8a9ab83,4/29/2025,5278.94,Minnesota Wildfl Receivable        016SYVJII3PSEKS 016SYVJII3PSEKS Minnesota Wildfl Bill.com Inv #,exclusion_reason,MEMBERSHIP_FEE,approved,owner annotation 2026-07-23
bdep_6e287b2654de5274a8d6d205,11/6/2020,150000,CHARTER FUND INC RL 11.6 A         V000513         WM-F3-NATL-OC-2020-2Q (LOAN1OF1),inclusion_descriptor,LOAN_FUNDS,approved,owner annotation 2026-07-23
bdep_cd35f6766b2ef82b00238eb3,11/18/2020,681.3,COBRA TRUST ACCT BASICPacif                        COBRA REMIT,exclusion_reason,COBRA,approved,owner annotation 2026-07-23
bdep_97332f28f6faf359999f8c10,1/6/2021,24.82,STRIPE           TRANSFER          ST-P8F5G0M6C5J5 THE WILDFLOWER FOUNDAT,inclusion_descriptor,STRIPE_DONATION,approved,owner annotation 2026-07-23
bdep_608c90c70a3b3bffa57a8e83,8/4/2022,24.82,STRIPE           TRANSFER          ST-T9E8G3H2D7N6 THE WILDFLOWER FOUNDAT,inclusion_descriptor,STRIPE_DONATION,approved,owner annotation 2026-07-23
bdep_837a576bd26a41892e5decc7,5/4/2018,1500,ATM CHECK DEPOSIT 05/04 3030 NICOLLET AVE MINNEAPOLIS MN 5813V 7365,exclusion_reason,LOAN_PAYMENT,approved,owner annotation 2026-07-23
bdep_57f3a9394e964cd551b7e7b1,10/6/2021,24.56,STRIPE           TRANSFER          ST-Q7Y9Q5F0O1R5 THE WILDFLOWER FOUNDAT,inclusion_descriptor,STRIPE_DONATION,approved,owner annotation 2026-07-23
bdep_d28ea2aa5ff9ca4a9746268d,1/29/2025,811.08,Snowdrop Montess Receivable        016CNPISJ3MGIS7 016CNPISJ3MGIS7 Snowdrop Montess Bill.com Inv 17,exclusion_reason,MEMBERSHIP_FEE,approved,owner annotation 2026-07-23
bdep_c406ba18a86e4ea4c733fded,2/10/2021,23.67,STRIPE           TRANSFER          ST-B6H5S2B7U3M7 THE WILDFLOWER FOUNDAT,inclusion_descriptor,STRIPE_DONATION,approved,owner annotation 2026-07-23
bdep_7871da90df169cbce5ce9a5d,1/12/2021,23.67,STRIPE           TRANSFER          ST-Z3Q5T1Q6L7G8 THE WILDFLOWER FOUNDAT,inclusion_descriptor,STRIPE_DONATION,approved,owner annotation 2026-07-23
bdep_906262ae29169b56cd6a1983,3/15/2023,2222.2,BASIC            BASICCOBRA 230315                 The Wildflower Foundat,exclusion_reason,COBRA,approved,owner annotation 2026-07-23
bdep_c19b06a6793c05dea9b73a5f,4/12/2022,60.62,GUSTO            TAX 077877 220412 6semjrhfelf     The Wildflower Foundat,exclusion_reason,PAYROLL_TAX_REFUND,approved,owner annotation 2026-07-23
bdep_11e084c14d48916f0be581bb,5/10/2022,1611.67,BASIC            BASICCOBRA 220510                 The Wildflower Foundat,exclusion_reason,COBRA,approved,owner annotation 2026-07-23
bdep_f5f90462a11f31be8d7855f5,11/5/2018,2000,INTUIT PYMT SOLN DEPOSIT    181104 524771997507722 THE WILDFLOWER FOUNDAT 201811052,exclusion_reason,LOAN_PAYMENT,approved,owner annotation 2026-07-23
bdep_cdfbdcb3c9060b74421bbfc6,12/6/2023,50000,Bainum Family Fo Bill.com          016NFSIYQ369XSN Bainum Family Foundation Bill.com 016NFSIYQ369XS,inclusion_descriptor,DONATION,approved,owner annotation 2026-07-23
bdep_5b0d33ce1c3d246e8a84c252,2/14/2018,137.5,INTUIT PYMT SOLN DEPOSIT 180214 524771997507722 THE WILDFLOWER FOUNDAT,exclusion_reason,LOAN_PAYMENT,approved,owner annotation 2026-07-23
bdep_ec876b48bda9816978576342,6/10/2021,23.67,STRIPE           TRANSFER          ST-J7Y3Z0G7S0B0 THE WILDFLOWER FOUNDAT,inclusion_descriptor,STRIPE_DONATION,approved,owner annotation 2026-07-23
bdep_65e679d547e91a7e1690d814,8/26/2024,2522.44,Wild Rose Montes Receivable        016OXLKME3GL1FI 016OXLKME3GL1FI Wild Rose Montes Bill.com Inv 79,exclusion_reason,MEMBERSHIP_FEE,approved,owner annotation 2026-07-23
bdep_817db2d5e92a967d2fde74ee,11/10/2021,23.67,STRIPE           TRANSFER          ST-H1Z4B0C2H7Z4 THE WILDFLOWER FOUNDAT,inclusion_descriptor,STRIPE_DONATION,approved,owner annotation 2026-07-23
bdep_c13ea9c27afceccf984462b9,9/10/2021,23.67,STRIPE           TRANSFER          ST-T1M5V4H0K6Q5 THE WILDFLOWER FOUNDAT,inclusion_descriptor,STRIPE_DONATION,approved,owner annotation 2026-07-23
bdep_6f2447e5e6966b994fc6604f,9/4/2020,2000,INTUIT PYMT SOLN DEPOSIT    200904 524771997507722 THE WILDFLOWER FOUNDAT,exclusion_reason,LOAN_PAYMENT,approved,owner annotation 2026-07-23
bdep_152fd942efb118d2799840d6,8/12/2022,1611.67,BASIC            BASICCOBRA 220811                 The Wildflower Foundat,exclusion_reason,COBRA,approved,owner annotation 2026-07-23
bdep_f1aec8ed14f5d8b79399e9a1,6/29/2026,2675.89,"Bill.com         Receivable        996YUEWXF12FJWN Jun Zi Lan Montessori School, Inc. Bill.com 996Y",exclusion_reason,MEMBERSHIP_FEE,approved,owner annotation 2026-07-23
bdep_1729e1f0f5b5f22e6bb27666,7/23/2025,1363.65,Orchid Montessor Bill.com          016PITAOC3SWRLU Orchid Montessori Bill.com 016PITAOC3SWRLU Multi,exclusion_reason,MEMBERSHIP_FEE,approved,owner annotation 2026-07-23
bdep_84652e5a393079c871d72872,9/19/2024,811.08,"Snowdrop Montess Bill.com          026NOHNLJ12YEJZ Snowdrop Montessori School, Inc. Bill.com 026NOH",exclusion_reason,MEMBERSHIP_FEE,approved,owner annotation 2026-07-23
bdep_beb87fdebb748aba6bd15f2c,1/15/2026,4990.56,Wildflower New Y Receivable        016DIWVSS3ZATNZ 016DIWVSS3ZATNZ Wildflower New Y Bill.com Inv TW,exclusion_reason,MEMBERSHIP_FEE,approved,owner annotation 2026-07-23
bdep_d19d4c32b0e8ca29f189aa81,9/17/2025,9247.32,Minnesota Wildfl Receivable        016QNELPI3UZZA3 016QNELPI3UZZA3 Minnesota Wildfl Bill.com Multip,needs_research,MULTIPLE_PAYMENT_RESEARCH,unresolved,owner annotation 2026-07-23
bdep_5392964f787e7176da6644d4,4/7/2026,35169.5,Bill.com         Receivable        015ZRLSHBSXS5J2 Multiple Payments Bill.com Receivables 015ZRLSHB,needs_research,MULTIPLE_PAYMENT_RESEARCH,unresolved,owner annotation 2026-07-23
bdep_91f1d7a03d0991a17de00bcf,8/11/2021,23.67,STRIPE           TRANSFER          ST-H7A9O5E5Q2W3 THE WILDFLOWER FOUNDAT,inclusion_descriptor,STRIPE_DONATION,approved,owner annotation 2026-07-23
bdep_25c72f7208af44dc9f224289,1/9/2017,48.88,GUSTO TAX 786957 170109 6semjmf7vfv The Wildflower Foundat,exclusion_reason,PAYROLL_TAX_REFUND,approved,owner annotation 2026-07-23
bdep_be552e24c05354ca51b49e47,1/10/2024,540,National Black C Bill.com          016OZFCYX37K8GG National Black Child Development Institute Bill.,inclusion_descriptor,DONATION,approved,owner annotation 2026-07-23
bdep_a0040b2b2a9bcf9067d659f2,10/13/2021,23.67,STRIPE           TRANSFER          ST-V4K6Z7R6S0Z2 THE WILDFLOWER FOUNDAT,inclusion_descriptor,STRIPE_DONATION,approved,owner annotation 2026-07-23
bdep_14323790bff961933245587b,3/10/2021,23.67,STRIPE           TRANSFER          ST-A4I4H5K2P4L2 THE WILDFLOWER FOUNDAT,inclusion_descriptor,STRIPE_DONATION,approved,owner annotation 2026-07-23
bdep_84397441517b91a298dc18cd,4/22/2019,75,INTUIT PYMT SOLN DEPOSIT    190420 524771997507722 THE WILDFLOWER FOUNDAT,exclusion_reason,LOAN_PAYMENT,approved,owner annotation 2026-07-23
bdep_07fcc485918cbdc330d573b6,7/6/2023,95000,Gates Family Fou Bill.com          016YUCBOD2PC0RI Gates Family Foundation Bill.com 016YUCBOD2PC0RI,inclusion_descriptor,DONATION,approved,owner annotation 2026-07-23
bdep_2bc5ea322af26696c6082ab8,4/2/2025,653.68,Sundrops Montess Receivable        016WXSLSQ3OT8VM 016WXSLSQ3OT8VM Sundrops Montess Bill.com Inv 14,exclusion_reason,MEMBERSHIP_FEE,approved,owner annotation 2026-07-23
bdep_cf1240c36362044ac0310657,1/9/2025,44.99,REVERSAL OF CHECK POSTED  1-09-25          REFER TO MAKER                             OUR REF:  1-09-25 00000000,exclusion_reason,RETURN_WIRE,approved,owner annotation 2026-07-23
bdep_8817d611b274be777019ecb3,2/5/2025,44.99,REVERSAL OF CHECK POSTED  2-05-25          REFER TO MAKER                             OUR REF:  2-05-25 00000000,exclusion_reason,RETURN_WIRE,approved,owner annotation 2026-07-23
bdep_24ba5f8d2fa95f3205f045b0,5/12/2021,23.67,STRIPE           TRANSFER          ST-M9T1H9Z4D3Q9 THE WILDFLOWER FOUNDAT,inclusion_descriptor,STRIPE_DONATION,approved,owner annotation 2026-07-23
bdep_1c6e823ebb7bb6d10140af5c,9/24/2024,4523.02,Wildflower New Y Receivable        016RALFTS3HST5K 016RALFTS3HST5K Wildflower New Y Bill.com Inv 79,exclusion_reason,MEMBERSHIP_FEE,approved,owner annotation 2026-07-23
bdep_1989222fddef264a176b122b,4/12/2021,23.67,STRIPE           TRANSFER          ST-A6M1F7Q8Y5U6 THE WILDFLOWER FOUNDAT,inclusion_descriptor,STRIPE_DONATION,approved,owner annotation 2026-07-23
bdep_0dacc1f00e3889bf69fe664d,4/12/2019,237.5,INTUIT PYMT SOLN DEPOSIT    190412 524771997507722 THE WILDFLOWER FOUNDAT,exclusion_reason,LOAN_PAYMENT,approved,owner annotation 2026-07-23
bdep_4f00a38ab61f681199974988,9/18/2017,18331.95,INTUIT PYMT SOLN DEPOSIT 170917 524771997507722 THE WILDFLOWER FOUNDAT,exclusion_reason,LOAN_PAYMENT,approved,owner annotation 2026-07-23
bdep_ec9e01e54be38073b17e726f,2/22/2021,40.54,AMZNDC603YDK     AmazonSmil 210222 6AIUDA2Q87IHXTN payments.amazon.com ID#6AIUDA2Q87IHXTN,inclusion_descriptor,DONATION,approved,owner annotation 2026-07-23
bdep_dcc7280c5e7558fa7c12bd1d,7/12/2021,23.67,STRIPE           TRANSFER          ST-N1V6A5D0H8S2 THE WILDFLOWER FOUNDAT,inclusion_descriptor,STRIPE_DONATION,approved,owner annotation 2026-07-23
bdep_026a22e1f4084f6ee6242896,1/6/2025,1090.9,Sage Montessori  Bill.com          016ZTAUTK3LM5P0  Sage Montessori Bill.com 016ZTAUTK3LM5P0 Multip,needs_research,MULTIPLE_PAYMENT_RESEARCH,unresolved,owner annotation 2026-07-23
bdep_8908a628ef3d9f5f9d14224c,5/23/2025,1454.55,Wildflower Monte Receivable        016AQXAXL3QQV35 016AQXAXL3QQV35 Wildflower Monte Bill.com Inv TW,exclusion_reason,MEMBERSHIP_FEE,approved,owner annotation 2026-07-23
bdep_2e617625a540423ebdfc820f,9/17/2025,200000,Bainum Family Fo Receivable        016YMRPZX3UZZA4 016YMRPZX3UZZA4 Bainum Family Fo Bill.com Inv G,inclusion_descriptor,DONATION,approved,owner annotation 2026-07-23
bdep_e859e3dd498c09cb7f24e5d2,10/17/2025,975,Bill.com         Receivable        015UBDZXPCPACKM Miramelinda Montessori School Bill.com 015UBDZXP,exclusion_reason,MEMBERSHIP_FEE,approved,owner annotation 2026-07-23
bdep_35d57872e891f040541deefe,12/17/2024,23.53,STRIPE           TRANSFER          ST-C1O4I7T5B0M3 THE WILDFLOWER FOUNDAT,inclusion_descriptor,STRIPE_DONATION,approved,owner annotation 2026-07-23
bdep_188f76776642059264386441,12/20/2019,75,INTUIT PYMT SOLN DEPOSIT    191220 524771997507722 THE WILDFLOWER FOUNDAT,exclusion_reason,LOAN_PAYMENT,approved,owner annotation 2026-07-23
bdep_62af59214402757eb061161e,4/6/2026,4990.56,Wildflower New Y Receivable        016GUOZAH42A8AZ 016GUOZAH42A8AZ Wildflower New Y Bill.com Inv TW,exclusion_reason,MEMBERSHIP_FEE,approved,owner annotation 2026-07-23
bdep_28ff1b72ea76be41a8facf56,12/22/2025,52686.81,ONLINE TRANSFER SEPT 2025 PAYROLL CSP REF #BB0W6P7B3X,inclusion_descriptor,CSP,approved,owner annotation 2026-07-23
bdep_b41e310f35445e2d1b6bad3b,7/3/2025,3731.18,Minnesota Wildfl Receivable        016JEZTDM3S94CF 016JEZTDM3S94CF Minnesota Wildfl Bill.com Inv TW,exclusion_reason,MEMBERSHIP_FEE,approved,owner annotation 2026-07-23
bdep_cfba730d244b314ecbab33da,1/27/2023,30.34,AMER ONLINE GIV1 EDI PAYMNT JAN 24 9JJUZ6CKJX      REF*TN*9JJUZ6CKJX*Donation from AOGFcauses.benev,inclusion_descriptor,DONATION,approved,owner annotation 2026-07-23
bdep_a20040efff5c6e039646217d,7/23/2018,1665.28,INTUIT PYMT SOLN DEPOSIT 180722 524771997507722 THE WILDFLOWER FOUNDAT,exclusion_reason,LOAN_PAYMENT,approved,owner annotation 2026-07-23
bdep_7d084ed342a8819e55bd3455,11/17/2025,17.8,STRIPE           TRANSFER          ST-F8I3G4K5B3U1 THE WILDFLOWER FOUNDAT,inclusion_descriptor,STRIPE_DONATION,approved,owner annotation 2026-07-23
bdep_0f27397bb6700da2af96fd52,2/7/2017,30,WIRE TRANS SVC CHARGE REVERSAL,exclusion_reason,RETURN_WIRE,approved,owner annotation 2026-07-23
bdep_49f528bcdd3142762e54ef45,3/12/2021,14.89,STRIPE           TRANSFER          ST-Q5B5H7Y9A0H8 THE WILDFLOWER FOUNDAT,inclusion_descriptor,STRIPE_DONATION,approved,owner annotation 2026-07-23
bdep_0c7e907e71e7010606c64248,9/21/2017,1604.17,INTUIT PYMT SOLN DEPOSIT 170921 524771997507722 THE WILDFLOWER FOUNDAT,exclusion_reason,LOAN_PAYMENT,approved,owner annotation 2026-07-23
bdep_c345022652cd4e14d68847b6,3/3/2020,1404,INTUIT PYMT SOLN DEPOSIT    200303 524771997507722 THE WILDFLOWER FOUNDAT,exclusion_reason,LOAN_PAYMENT,approved,owner annotation 2026-07-23
bdep_1d9a436b23f813e2ed458aa6,11/7/2024,9.92,STRIPE           TRANSFER          ST-X6X5P3V9I5C9 THE WILDFLOWER FOUNDAT,inclusion_descriptor,STRIPE_DONATION,approved,owner annotation 2026-07-23
bdep_7d0756659651e5b9032a34fe,5/28/2025,1282.33,Urban Village Mo Receivable        016BDBPAR3QUT6U 016BDBPAR3QUT6U Urban Village Mo Bill.com Inv TW,exclusion_reason,MEMBERSHIP_FEE,approved,owner annotation 2026-07-23
bdep_f4bb6933c39dbf96b401c530,12/11/2025,1251.44,Bill.com         Receivable        015WBECLPXS27FV Trout Lily Montessori Bill.com 015WBECLPXS27FV I,exclusion_reason,MEMBERSHIP_FEE,approved,owner annotation 2026-07-23
bdep_f66d5c0faee07189f1f0d260,4/23/2019,1745,INTUIT PYMT SOLN DEPOSIT    190423 524771997507722 THE WILDFLOWER FOUNDAT,exclusion_reason,LOAN_PAYMENT,approved,owner annotation 2026-07-23
bdep_7b30b719f3eba60bca684ee4,11/26/2024,545.45,Rain Lily Montes Receivable        016RYAICK3K7MOL 016RYAICK3K7MOL Rain Lily Montes Bill.com Inv CS,exclusion_reason,MEMBERSHIP_FEE,approved,owner annotation 2026-07-23
bdep_08d6533922c8c22ba4da84bb,4/4/2025,454.55,Bergamot Montess Bill.com          026UHPZJV1CBXKR Bergamot Montessori Bill.com 026UHPZJV1CBXKR Inv,exclusion_reason,MEMBERSHIP_FEE,approved,owner annotation 2026-07-23
bdep_b5bac8dce7a7d357486d5f30,5/16/2024,13300,Wild Rose Montes Bill.com          015HVMGFEU1SSZU Wild Rose Montessori School Bill.com 015HVMGFEU1,exclusion_reason,MEMBERSHIP_FEE,approved,owner annotation 2026-07-23
bdep_4c457d9780afb9c1524a08c9,5/7/2026,37986.28,Bill.com         Receivable        015ACWLRNFZJTG0 Multiple Payments Bill.com Receivables 015ACWLRN,needs_research,MULTIPLE_PAYMENT_RESEARCH,unresolved,owner annotation 2026-07-23
bdep_2c3e4b55acdc03dc91b39d33,5/22/2020,23.47,AMZNN0JU5ZS2     AmazonSmil 200522 4MOBXIQHMQ7IRLI payments.amazon.com ID#4MOBXIQHMQ7IRLI,inclusion_descriptor,DONATION,approved,owner annotation 2026-07-23
bdep_909d6b9e9122e415346663ec,7/7/2023,23.46,GUSTO            TAX 257344 230707 6semjukqncv     The Wildflower Foundat,exclusion_reason,PAYROLL_TAX_REFUND,approved,owner annotation 2026-07-23
bdep_669916cc73e319d6724d2c85,10/29/2024,545.45,Rain Lily Montes Receivable        016OMOKHX3J5AN1 016OMOKHX3J5AN1 Rain Lily Montes Bill.com Inv 79,exclusion_reason,MEMBERSHIP_FEE,approved,owner annotation 2026-07-23
bdep_c01a7bc52139cec3560b0562,3/27/2025,3731.18,Minnesota Wildfl Receivable        016ZSMUFR3OL2KW 016ZSMUFR3OL2KW Minnesota Wildfl Bill.com Inv 14,exclusion_reason,MEMBERSHIP_FEE,approved,owner annotation 2026-07-23
bdep_2d56c76ba2ae250a9ac4b98e,3/3/2022,21.88,AMZNB7ESGBKH     AmazonSmil 220303 5HILF8QPSS7FMWX payments.amazon.com ID#5HILF8QPSS7FMWX,inclusion_descriptor,DONATION,approved,owner annotation 2026-07-23
bdep_cd41868121a7ed30d1719d7d,4/16/2018,137.5,INTUIT PYMT SOLN DEPOSIT 180414 524771997507722 THE WILDFLOWER FOUNDAT,exclusion_reason,LOAN_PAYMENT,approved,owner annotation 2026-07-23
bdep_642d26820a9e81cc0ab77c94,12/1/2022,8.94,STRIPE           TRANSFER          ST-O6J5J1K9S0F0 THE WILDFLOWER FOUNDAT,inclusion_descriptor,STRIPE_DONATION,approved,owner annotation 2026-07-23
bdep_38988475c1b211fda16fbe5f,4/28/2025,4523.02,Wildflower New Y Receivable        016UTTGQJ3PQGXN 016UTTGQJ3PQGXN Wildflower New Y Bill.com Inv 11,exclusion_reason,MEMBERSHIP_FEE,approved,owner annotation 2026-07-23
bdep_56f61d30a7e5bd9b6667af90,5/14/2024,1,Wild Rose Montes Bill.com          015QQYSVKR1PI7P Wild Rose Montessori School Bill.com 015QQYSVKR1,exclusion_reason,TOO_SMALL,approved,owner annotation 2026-07-23
bdep_d29caf6cda6cbc1453167b4c,5/22/2023,17.58,AMZNB8TGK6YC     AmazonSmil 230522 46K7IT2S1K4IXUZ payments.amazon.com ID#46K7IT2S1K4IXUZ,inclusion_descriptor,DONATION,approved,owner annotation 2026-07-23
bdep_1938597dfb89defeecab8ce5,3/24/2020,5.03,STRIPE           TRANSFER          ST-F0J3M1I7B3W9 THE WILDFLOWER FOUNDAT,inclusion_descriptor,STRIPE_DONATION,approved,owner annotation 2026-07-23
bdep_abfb923749e01829167bd053,6/6/2019,212.5,INTUIT PYMT SOLN DEPOSIT    190606 524771997507722 THE WILDFLOWER FOUNDAT,exclusion_reason,LOAN_PAYMENT,approved,owner annotation 2026-07-23
bdep_aa9a2cb474a25e6963fd5894,12/13/2018,4.97,STRIPE           TRANSFER                          X 201812132,inclusion_descriptor,STRIPE_DONATION,approved,owner annotation 2026-07-23
bdep_36b12191e0f7081ed774638b,10/23/2024,4523.02,Wildflower New Y Receivable        016IGPWZF3IXW5P 016IGPWZF3IXW5P Wildflower New Y Bill.com Inv 79,exclusion_reason,MEMBERSHIP_FEE,approved,owner annotation 2026-07-23
bdep_0dc520054b5e7392b5ed494d,10/8/2024,15.59,GUSTO            TAX 521153 241008 6semk2eq237     The Wildflower Foundat,exclusion_reason,PAYROLL_TAX_REFUND,approved,owner annotation 2026-07-23
bdep_6ef2bbcbfc34ba362824392e,2/13/2023,14.65,AMZNGNVV36HM     AmazonSmil 230213 4LO12RKG9TATVB9 payments.amazon.com ID#4LO12RKG9TATVB9,inclusion_descriptor,DONATION,approved,owner annotation 2026-07-23
bdep_6df950c4e0315f24f7b1dac2,3/14/2025,454.55,Bergamot Montess Bill.com          026WWMJQI1BA4P3 Bergamot Montessori Bill.com 026WWMJQI1BA4P3 Inv,exclusion_reason,MEMBERSHIP_FEE,approved,owner annotation 2026-07-23
bdep_69c934fac1391ffa828d62c9,8/16/2021,13.91,AMZNRXVI6QI7     AmazonSmil 210816 6XGUHSD4FZ5SQQG payments.amazon.com ID#6XGUHSD4FZ5SQQG,inclusion_descriptor,DONATION,approved,owner annotation 2026-07-23
bdep_1e6796f405f95f3e650187f1,6/6/2025,454.55,Bergamot Montess Bill.com          026KRXFIM1FLV91 Bergamot Montessori Bill.com 026KRXFIM1FLV91 Inv,exclusion_reason,MEMBERSHIP_FEE,approved,owner annotation 2026-07-23
bdep_eca83d6bd873e38f14d0860c,5/25/2021,13.72,AMZNE98AW7RJ     AmazonSmil 210525 3OLB1UZYFB54IYT payments.amazon.com ID#3OLB1UZYFB54IYT,inclusion_descriptor,DONATION,approved,owner annotation 2026-07-23
bdep_e5756986a5aa94e1a6f74aeb,1/28/2026,24750,ONLINE TRANSFER REPAY TWF FOR HONEYPOT LOAN PAYMENT REF #BB0WMNRR7D,exclusion_reason,INTERNAL_LOAN_TRANSFER,approved,owner annotation 2026-07-23
bdep_8a06ced0a5c9b40cb18af38f,11/10/2025,4.97,STRIPE           TRANSFER          ST-B5Q6L5A7Z3U3 THE WILDFLOWER FOUNDAT,inclusion_descriptor,STRIPE_DONATION,approved,owner annotation 2026-07-23
bdep_636393e254eb7513995ddcec,4/1/2025,454.55,Lilac Montessori Receivable        016QZGUKR3OR9OZ 016QZGUKR3OR9OZ Lilac Montessori Bill.com Inv #,exclusion_reason,MEMBERSHIP_FEE,approved,owner annotation 2026-07-23
bdep_3d95c42a2344757909d42d88,9/23/2022,4.96,STRIPE           TRANSFER          ST-G4F0T0V6Z0O0 THE WILDFLOWER FOUNDAT,inclusion_descriptor,STRIPE_DONATION,approved,owner annotation 2026-07-23
bdep_1531ca67d22d50c36c4a7b0a,11/22/2021,13.29,AMZNMEXAV1RN     AmazonSmil 211122 1SSJPF1BVF6R5UF payments.amazon.com ID#1SSJPF1BVF6R5UF,inclusion_descriptor,DONATION,approved,owner annotation 2026-07-23
bdep_b675177d88bd0338805c8901,11/12/2020,12.88,AMZNZLY10QYR     AmazonSmil 201112 TRKIKP1F3G5NGZS payments.amazon.com ID#TRKIKP1F3G5NGZS,inclusion_descriptor,DONATION,approved,owner annotation 2026-07-23
bdep_0f69717cc62b41743f92c0e3,9/2/2022,11.36,AMZNVVM8E995     AmazonSmil 220902 5RO1OKZBX5BWDFM payments.amazon.com ID#5RO1OKZBX5BWDFM,inclusion_descriptor,DONATION,approved,owner annotation 2026-07-23
bdep_5d4a63c106616e233f47d551,11/21/2022,10.04,AMZN0OSUHO4M     AmazonSmil 221121 2Q0BG10H0NR9SHN payments.amazon.com ID#2Q0BG10H0NR9SHN,inclusion_descriptor,DONATION,approved,owner annotation 2026-07-23
bdep_21bca766449f643b183511c5,4/11/2022,100000,Latino Community Bill.com          016GKEGUT26NI9I Latino Community Foundation Bill.com 016GKEGUT26,inclusion_descriptor,DONATION,approved,owner annotation 2026-07-23
bdep_f39c66cfb313ac3ce96c75b8,8/16/2024,10,REVERSAL OF CHECK POSTED  8-16-24          REFER TO MAKER                             OUR REF:  8-16-24 00000000,exclusion_reason,RETURN_WIRE,approved,owner annotation 2026-07-23
bdep_0d88f547d529fbcbba2d9ae4,3/11/2022,1611.67,BASIC            BASICCOBRA 220310                 The Wildflower Foundat,exclusion_reason,COBRA,approved,owner annotation 2026-07-23
bdep_ad37549e630f6b857434ea2c,8/22/2022,4.96,STRIPE           TRANSFER          ST-X4P0M0Q2H7T0 THE WILDFLOWER FOUNDAT,inclusion_descriptor,STRIPE_DONATION,approved,owner annotation 2026-07-23
bdep_6f39739226c7df80dfc040bc,3/20/2023,4.96,STRIPE           TRANSFER          ST-V9K1Y6U9V1X8 THE WILDFLOWER FOUNDAT,inclusion_descriptor,STRIPE_DONATION,approved,owner annotation 2026-07-23
bdep_88b36bfdd68579c91ce4e321,8/8/2025,59786.7,ONLINE TRANSFER JUNE 25 PAYROLL CSP REF #BB0TGCB8YQ,inclusion_descriptor,CSP,approved,owner annotation 2026-07-23
bdep_2e987e8c02d51b1f2dd214e0,4/14/2025,53679.53,ONLINE TRANSFER CSP MARCH 25 EXPENSES NO PAYROLL REF #BB0RZ8D8TD,inclusion_descriptor,CSP,approved,owner annotation 2026-07-23
bdep_45c805e0cfa1d50efbdfdc3f,8/30/2022,10000,Early Milestones Bill.com          025SPXZONAACVEC Early Milestones Colorado Circle Bill.com 025SPX,inclusion_descriptor,DONATION,approved,owner annotation 2026-07-23
bdep_a13a6647ae5e4e9e4cdbfad5,6/10/2022,4.49,STRIPE           TRANSFER          ST-C3X5H9Y7G6V7 THE WILDFLOWER FOUNDAT,inclusion_descriptor,STRIPE_DONATION,approved,owner annotation 2026-07-23
bdep_c7c5f21ed2a3a3347212c81e,5/31/2022,8.75,AMZNXFX9EGHK     AmazonSmil 220530 2OI3B1XIBN4X1N6 payments.amazon.com ID#2OI3B1XIBN4X1N6,inclusion_descriptor,DONATION,approved,owner annotation 2026-07-23
bdep_a305fb6234b756ada8337e78,7/5/2019,400,INTUIT PYMT SOLN DEPOSIT    190704 524771997507722 THE WILDFLOWER FOUNDAT,exclusion_reason,LOAN_PAYMENT,approved,owner annotation 2026-07-23
bdep_3015d2982c695f84850b3f2f,5/4/2023,7.57,AMZNII0K4WBE     AmazonSmil 230504 4C3D492MTCV37LE payments.amazon.com ID#4C3D492MTCV37LE,inclusion_descriptor,DONATION,approved,owner annotation 2026-07-23
bdep_02d4dbd58f375e7f620bae15,3/10/2021,681.3,COBRA TRUST ACCT BASICPacif                        COBRA REMIT,exclusion_reason,COBRA,approved,owner annotation 2026-07-23
bdep_97caf51c35119f3a052bf513,3/6/2026,43072.13,Bill.com         Receivable        015IXQSSZIW72JN Multiple Payments Bill.com Receivables 015IXQSSZ,needs_research,MULTIPLE_PAYMENT_RESEARCH,unresolved,owner annotation 2026-07-23
bdep_bcb0afdc8be2ec732aa87fea,8/13/2020,6.36,AMZN3G96BA5Y     AmazonSmil 200813 4ONT7YVPOP5MQJQ payments.amazon.com ID#4ONT7YVPOP5MQJQ,inclusion_descriptor,DONATION,approved,owner annotation 2026-07-23
bdep_70334c436b2a586ce7bf6611,3/8/2022,5.39,PURCHASE RETURN                         AUTHORIZED ON   03/08 TARGET T- 1300 W Lake     Minneapolis   MN  P000000275208494   CARD 7365,exclusion_reason,PURCHASE_REFUND,approved,owner annotation 2026-07-23
bdep_7b8119b30f2f5f51975f9b28,11/1/2024,4.46,STRIPE           TRANSFER          ST-V0Z6N3P9L1Q7 THE WILDFLOWER FOUNDAT,inclusion_descriptor,STRIPE_DONATION,approved,owner annotation 2026-07-23
bdep_df1595eaf82bb29fb84cd035,11/8/2018,2.61,STRIPE           TRANSFER                          X 201811082,inclusion_descriptor,STRIPE_DONATION,approved,owner annotation 2026-07-23
bdep_4ee67c06dadee00d3012b71a,7/26/2019,200,INTUIT PYMT SOLN DEPOSIT    190726 524771997507722 THE WILDFLOWER FOUNDAT,exclusion_reason,LOAN_PAYMENT,approved,owner annotation 2026-07-23
bdep_2a08bb97ec8885410edad44c,12/9/2024,4,GUSTO            TAX 398153 241209 6semk3177h8     The Wildflower Foundat,exclusion_reason,PAYROLL_TAX_REFUND,approved,owner annotation 2026-07-23
bdep_f85a91eb28c9731ea0f4f188,11/30/2020,2.57,STRIPE           TRANSFER          ST-N4O7V3S3R3E8 THE WILDFLOWER FOUNDAT,inclusion_descriptor,STRIPE_DONATION,approved,owner annotation 2026-07-23
bdep_d68869e34d4a56023d9b16a0,12/23/2022,2.97,GUSTO            TLR 115541 221223 6semjt72vh9     The Wildflower Foundat,exclusion_reason,TOO_SMALL,approved,owner annotation 2026-07-23
bdep_0f86e8fbb837fd13291a36b0,2/8/2024,2.94,MBI              SETL       240207 MED-I-BANK      MED-I-BANK,exclusion_reason,TOO_SMALL,approved,owner annotation 2026-07-23
bdep_957fab3c40be6e44f4f165fd,1/8/2020,200,INTUIT PYMT SOLN DEPOSIT    200108 524771997507722 THE WILDFLOWER FOUNDAT,exclusion_reason,LOAN_PAYMENT,approved,owner annotation 2026-07-23
bdep_aab045391e4ec038a5e1f968,11/7/2016,0.03,Bill.com Verify 015IHFALACIPR89 Wildflower Foundation,exclusion_reason,TOO_SMALL,approved,owner annotation 2026-07-23
bdep_18d0c40cf379dcf3cd0cbfc8,6/15/2017,2.74,FROM BRK ****9888 TRANSFER REF 202366177,exclusion_reason,TOO_SMALL,approved,owner annotation 2026-07-23
bdep_9af0dabb445d966311854176,2/11/2026,1980.44,Bill.com         Receivable        015XAEKUFAUZ669 Tiger Lily School Bill.com 015XAEKUFAUZ669 Inv #,exclusion_reason,MEMBERSHIP_FEE,approved,owner annotation 2026-07-23
bdep_79554f1a2bb3ab2210a3507c,8/6/2024,4523.02,Wildflower New Y Receivable        016HCNFFH3FRLYX 016HCNFFH3FRLYX Wildflower New Y Bill.com Inv 79,exclusion_reason,MEMBERSHIP_FEE,approved,owner annotation 2026-07-23
bdep_8aa3a7a40e2d2c7bde6d7a55,9/16/2021,2.06,GUSTO            TLR 341786 210916 6semjqci5bs     The Wildflower Foundat,exclusion_reason,TOO_SMALL,approved,owner annotation 2026-07-23
bdep_b1a9115b79febc01863b65ee,2/6/2023,1.99,"The Sunlight Loa Bill.com          025SNAQRNIEWJNF The Sunlight Loan Fund, LLC Bill.com 025SNAQRNIE",exclusion_reason,TOO_SMALL,approved,owner annotation 2026-07-23
bdep_26d6bc43abd7b89e470ae2af,11/13/2017,162.5,INTUIT PYMT SOLN DEPOSIT 171111 524771997507722 THE WILDFLOWER FOUNDAT,exclusion_reason,LOAN_PAYMENT,approved,owner annotation 2026-07-23
bdep_3cadd4b4e1c28f52157b5797,9/7/2018,1.64,STRIPE TRANSFER X,exclusion_reason,TOO_SMALL,approved,owner annotation 2026-07-23
bdep_0bb0a5d1a7d34eff201c0e98,1/26/2022,1.33,GUSTO            TLR 195268 220125 6semjr33rfg     The Wildflower Foundat,exclusion_reason,TOO_SMALL,approved,owner annotation 2026-07-23
bdep_7e5a56056531476fece7306d,4/7/2021,1.24,GUSTO            TLR 731226 210407 6semjpkh31q     The Wildflower Foundat,exclusion_reason,TOO_SMALL,approved,owner annotation 2026-07-23
bdep_1889840a711e54c9548b58ec,3/21/2025,1.19,GUSTO            TLR 827383 250321 6semk41t50o     The Wildflower Foundat,exclusion_reason,TOO_SMALL,approved,owner annotation 2026-07-23
bdep_4c0b0fedaecab006d0d778ac,12/27/2023,25000,Gates Family Fou Bill.com          016RZLEYE371R3W Gates Family Foundation Bill.com 016RZLEYE371R3W,inclusion_descriptor,DONATION,approved,owner annotation 2026-07-23
bdep_9a3ce59392a4ace8257c390e,5/26/2017,1,INTUIT PYMT SOLN DEPOSIT 170526 524771997507722 THE WILDFLOWER FOUNDAT,exclusion_reason,TOO_SMALL,approved,owner annotation 2026-07-23
bdep_8335d74cef0e14e5de065e05,10/31/2017,0.85,"Expensify, Inc. Validation XXXXXX8945 The Wildflower Foundat",exclusion_reason,TOO_SMALL,approved,owner annotation 2026-07-23
bdep_be42c5949718843b0e5bc839,4/9/2026,0.7,GUSTO PAYROLL    TAX 930477 260409 6semk88580r     The Wildflower Foundat,exclusion_reason,TOO_SMALL,approved,owner annotation 2026-07-23
bdep_4edcfd92ec32898fcfc8b7a0,4/8/2026,0.11,Minnesota Wildfl Receivable        016JLLIQH42EBAI 016JLLIQH42EBAI Minnesota Wildfl Bill.com Inv TW,exclusion_reason,TOO_SMALL,approved,owner annotation 2026-07-23
bdep_eac7c8b1adea15ecbbf67827,5/31/2023,75000,Flor de Loto Mon Bill.com          025KNKRYXHINC78 Flor de Loto Montessori Bill.com 025KNKRYXHINC78,exclusion_reason,MEMBERSHIP_FEE,approved,owner annotation 2026-07-23
bdep_864544138cd46dc3e436f76a,4/1/2021,0.51,"Expensify, Inc.  Validation        1180971         BUSINESS CHECKING",exclusion_reason,TOO_SMALL,approved,owner annotation 2026-07-23
bdep_f0359360b11492126775997b,12/4/2019,2000,INTUIT PYMT SOLN DEPOSIT    191204 524771997507722 THE WILDFLOWER FOUNDAT,exclusion_reason,LOAN_PAYMENT,approved,owner annotation 2026-07-23
bdep_035910dfd4074cbd9214fdb5,10/31/2017,0.48,"Expensify, Inc. Validation XXXXXX8945 The Wildflower Foundat",exclusion_reason,TOO_SMALL,approved,owner annotation 2026-07-23
bdep_f43cc48d3df19af728843227,9/22/2022,0.46,Morgan Stanley   ACCTVERIFY 220921 99006439013osy0 Lindsey Barnes,exclusion_reason,TOO_SMALL,approved,owner annotation 2026-07-23
bdep_042ebc50951c850b55860057,11/18/2016,0.23,"guideline 401(k) TRANSFER AMNTS:16,23 X",exclusion_reason,TOO_SMALL,approved,owner annotation 2026-07-23
bdep_4c5c77cc47019f5f72b215b5,9/27/2017,0.2,PAYPAL VERIFYBANK 170927 2042D2222MRHM7Q THE WILDFLOWER FOUNDAT,exclusion_reason,TOO_SMALL,approved,owner annotation 2026-07-23
bdep_cdd9d86b8b1a88ab5d5a66ea,11/18/2016,0.16,"guideline 401(k) TRANSFER AMNTS:16,23 X",exclusion_reason,TOO_SMALL,approved,owner annotation 2026-07-23
bdep_d29a93b7abda0e93a133061d,7/27/2016,0.13,GUSTO BVC 761041 160727 6SEMJMB7BBD THE WILDFLOWER FOUNDAT,exclusion_reason,TOO_SMALL,approved,owner annotation 2026-07-23
bdep_8283e73764c5a6e75cec5317,2/8/2021,2.57,STRIPE           TRANSFER          ST-L4B7R8O5O5I2 THE WILDFLOWER FOUNDAT,inclusion_descriptor,STRIPE_DONATION,approved,owner annotation 2026-07-23
bdep_4c66975000f7061d01f27ab1,9/27/2017,0.11,PAYPAL VERIFYBANK 170927 1042D2222MRHM7Q THE WILDFLOWER FOUNDAT,exclusion_reason,TOO_SMALL,approved,owner annotation 2026-07-23
bdep_25664b88c1d834f9f4bad980,9/7/2022,2.57,STRIPE           TRANSFER          ST-X4I0U6B9Q3U0 THE WILDFLOWER FOUNDAT,inclusion_descriptor,STRIPE_DONATION,approved,owner annotation 2026-07-23
bdep_152ddc7055a597227917a153,5/1/2025,646.61,Bill.com         Receivable        015XDBMKEWH12U9    Goldenrod (C) Bill.com 015XDBMKEWH12U9 Inv #1,exclusion_reason,MEMBERSHIP_FEE,approved,owner annotation 2026-07-23
bdep_72616b665d83e3f31e25f6f4,1/2/2020,0.09,GUSTO            TAX 118681 200102 6semjo5hjtn     The Wildflower Foundat,exclusion_reason,TOO_SMALL,approved,owner annotation 2026-07-23
bdep_5dd8f7074caffdf03f2b3d41,9/22/2022,0.05,Morgan Stanley   ACCTVERIFY 220921 99006439013osy1 Lindsey Barnes,exclusion_reason,TOO_SMALL,approved,owner annotation 2026-07-23
bdep_4321c5ff7e73d9e403119883,9/30/2019,2500,ASTER MONTESSORI PLEDGE1363                        Wildflower Foundation,exclusion_reason,LOAN_PAYMENT,approved,owner annotation 2026-07-23
bdep_f1f5ee54a35cd739e806ac30,3/31/2023,0.01,Lawyers' Committ ACCTVERIFY        016FZIDOZ2LK1U5 THE WILDFLOWER FOUNDAT,exclusion_reason,TOO_SMALL,approved,owner annotation 2026-07-23
